plotVals: 1975.484599589322443 -12411.000000000000000 37.065759714692831
plotVals: 1975.511978097193605 -12401.000000000000000 36.219358831644058
plotVals: 1975.539356605064995 -12391.000000000000000 35.369978591799736
plotVals: 1975.566735112936385 -12381.000000000000000 34.518619000911713
plotVals: 1975.594113620807775 -12371.000000000000000 33.663280062377453
plotVals: 1975.621492128678938 -12361.000000000000000 32.803961757570505
plotVals: 1975.648870636550328 -12351.000000000000000 31.941664103418589
plotVals: 1975.676249144421718 -12341.000000000000000 31.075387097895145
plotVals: 1975.703627652292880 -12331.000000000000000 30.204130742698908
plotVals: 1975.731006160164270 -12321.000000000000000 29.327895019203424
plotVals: 1975.758384668035660 -12311.000000000000000 28.447679948061705
plotVals: 1975.785763175906823 -12301.000000000000000 27.561485525220633
plotVals: 1975.813141683778213 -12291.000000000000000 26.669311743229628
plotVals: 1975.840520191649603 -12281.000000000000000 25.764158613979816
plotVals: 1975.867898699520765 -12271.000000000000000 24.855026125907898
plotVals: 1975.895277207392155 -12261.000000000000000 23.940914284437895
plotVals: 1975.922655715263545 -12251.000000000000000 23.023823082447052
plotVals: 1975.950034223134935 -12241.000000000000000 22.104752536863089
plotVals: 1975.977412731006098 -12231.000000000000000 21.183702629059553
plotVals: 1976.005475701574369 -12221.000000000000000 20.261673368513584
plotVals: 1976.032854209445532 -12211.000000000000000 19.339664757251740
plotVals: 1976.060232717316921 -12201.000000000000000 18.419676788151264
plotVals: 1976.087611225188311 -12191.000000000000000 17.503709468990564
plotVals: 1976.114989733059474 -12181.000000000000000 16.590762790292501
plotVals: 1976.142368240930864 -12171.000000000000000 15.683836758136749
plotVals: 1976.169746748802254 -12161.000000000000000 14.787931371480227
plotVals: 1976.197125256673417 -12151.000000000000000 13.899046637117863
plotVals: 1976.224503764544806 -12141.000000000000000 13.017182540148497
plotVals: 1976.251882272416196 -12131.000000000000000 12.143339093774557
plotVals: 1976.279260780287586 -12121.000000000000000 11.279516287147999
plotVals: 1976.306639288158749 -12111.000000000000000 10.423714131116867
plotVals: 1976.334017796030139 -12101.000000000000000 9.585932619869709
plotVals: 1976.361396303901529 -12091.000000000000000 8.761171750724316
plotVals: 1976.388774811772691 -12081.000000000000000 7.943431537598372
plotVals: 1976.416153319644081 -12071.000000000000000 7.132711958140135
plotVals: 1976.443531827515471 -12061.000000000000000 6.328013032674789
plotVals: 1976.470910335386634 -12051.000000000000000 5.527334745973349
plotVals: 1976.498288843258024 -12041.000000000000000 4.730677112936974
plotVals: 1976.525667351129414 -12031.000000000000000 3.937040120363235
plotVals: 1976.553045859000576 -12021.000000000000000 3.144423771649599
plotVals: 1976.580424366871966 -12011.000000000000000 2.350828077644110
plotVals: 1976.607802874743356 -12001.000000000000000 1.555253017693758
plotVals: 1976.635181382614746 -11991.000000000000000 0.756698608398438
plotVals: 1976.662559890485909 -11981.000000000000000 -0.046835146844387
plotVals: 1976.689938398357299 -11971.000000000000000 -0.863348267972469
plotVals: 1976.717316906228689 -11961.000000000000000 -1.686840739101171
plotVals: 1976.744695414099851 -11951.000000000000000 -2.516312565654516
plotVals: 1976.772073921971241 -11941.000000000000000 -3.350763745605946
plotVals: 1976.799452429842631 -11931.000000000000000 -4.192194283008575
plotVals: 1976.826830937713794 -11921.000000000000000 -5.038604166358709
plotVals: 1976.854209445585184 -11911.000000000000000 -5.900993414223194
plotVals: 1976.881587953456574 -11901.000000000000000 -6.767362009733915
plotVals: 1976.908966461327964 -11891.000000000000000 -7.637709960341454
plotVals: 1976.936344969199126 -11881.000000000000000 -8.509037267416716
plotVals: 1976.963723477070516 -11871.000000000000000 -9.379343930631876
plotVals: 1976.991101984941906 -11861.000000000000000 -10.248629942536354
plotVals: 1977.016427104722879 -11851.000000000000000 -10.682895313948393
plotVals: 1977.043805612594042 -11841.000000000000000 -10.680140037089586
plotVals: 1977.071184120465432 -11831.000000000000000 -10.671364117413759
plotVals: 1977.098562628336822 -11821.000000000000000 -10.654567543417215
plotVals: 1977.125941136207985 -11811.000000000000000 -10.627750333398581
plotVals: 1977.153319644079374 -11801.000000000000000 -10.590912472456694
plotVals: 1977.180698151950764 -11791.000000000000000 -10.532053962349892
plotVals: 1977.208076659821927 -11781.000000000000000 -10.460174817591906
plotVals: 1977.235455167693317 -11771.000000000000000 -10.377275016158819
plotVals: 1977.262833675564707 -11761.000000000000000 -10.282354574650526
plotVals: 1977.290212183436097 -11751.000000000000000 -10.176413487643003
plotVals: 1977.317590691307259 -11741.000000000000000 -10.059451755136251
plotVals: 1977.344969199178649 -11731.000000000000000 -9.943469379097223
plotVals: 1977.372347707050039 -11721.000000000000000 -9.818466346710920
plotVals: 1977.399726214921202 -11711.000000000000000 -9.685442678630352
plotVals: 1977.427104722792592 -11701.000000000000000 -9.544398363679647
plotVals: 1977.454483230663982 -11691.000000000000000 -9.397333398461342
plotVals: 1977.481861738535144 -11681.000000000000000 -9.246247790753841
plotVals: 1977.509240246406534 -11671.000000000000000 -9.108141545206308
plotVals: 1977.536618754277924 -11661.000000000000000 -8.968014642596245
plotVals: 1977.563997262149314 -11651.000000000000000 -8.825867094099522
plotVals: 1977.591375770020477 -11641.000000000000000 -8.684698905795813
plotVals: 1977.618754277891867 -11631.000000000000000 -8.543510068207979
plotVals: 1977.646132785763257 -11621.000000000000000 -8.404300589114428
plotVals: 1977.673511293634419 -11611.000000000000000 -8.290070459246635
plotVals: 1977.700889801505809 -11601.000000000000000 -8.178819689899683
plotVals: 1977.728268309377199 -11591.000000000000000 -8.072548270225525
plotVals: 1977.755646817248362 -11581.000000000000000 -7.969256203621626
plotVals: 1977.783025325119752 -11571.000000000000000 -7.870943490415812
plotVals: 1977.810403832991142 -11561.000000000000000 -7.776610136032104
plotVals: 1977.837782340862532 -11551.000000000000000 -7.708256136626005
plotVals: 1977.865160848733694 -11541.000000000000000 -7.643881488591433
plotVals: 1977.892539356605084 -11531.000000000000000 -7.584486201405525
plotVals: 1977.919917864476474 -11521.000000000000000 -7.530070252716541
plotVals: 1977.947296372347637 -11511.000000000000000 -7.479633670300245
plotVals: 1977.974674880219027 -11501.000000000000000 -7.434176445007324
plotVals: 1978.002737850787071 -11491.000000000000000 -7.395698562264442
plotVals: 1978.030116358658461 -11481.000000000000000 -7.361200045794249
plotVals: 1978.057494866529851 -11471.000000000000000 -7.329680874943733
plotVals: 1978.084873374401013 -11461.000000000000000 -7.300141062587500
plotVals: 1978.112251882272403 -11451.000000000000000 -7.271580606698990
plotVals: 1978.139630390143793 -11441.000000000000000 -7.243999499827623
plotVals: 1978.167008898014956 -11431.000000000000000 -7.218397751450539
plotVals: 1978.194387405886346 -11421.000000000000000 -7.190775353461504
plotVals: 1978.221765913757736 -11411.000000000000000 -7.161132317036390
plotVals: 1978.249144421629126 -11401.000000000000000 -7.128468628972769
plotVals: 1978.276522929500288 -11391.000000000000000 -7.090784296393394
plotVals: 1978.303901437371678 -11381.000000000000000 -7.048079315572977
plotVals: 1978.331279945243068 -11371.000000000000000 -6.994353696703911
plotVals: 1978.358658453114231 -11361.000000000000000 -6.931607428938150
plotVals: 1978.386036960985621 -11351.000000000000000 -6.861840505152941
plotVals: 1978.413415468857011 -11341.000000000000000 -6.786052949726582
plotVals: 1978.440793976728173 -11331.000000000000000 -6.702244743704796
plotVals: 1978.468172484599563 -11321.000000000000000 -6.611415889114141
plotVals: 1978.495550992470953 -11311.000000000000000 -6.511566389352083
plotVals: 1978.522929500342343 -11301.000000000000000 -6.399696249514818
plotVals: 1978.550308008213506 -11291.000000000000000 -6.280805457383394
plotVals: 1978.577686516084896 -11281.000000000000000 -6.157894030213356
plotVals: 1978.605065023956286 -11271.000000000000000 -6.030961941927671
plotVals: 1978.632443531827448 -11261.000000000000000 -5.900009218603373
plotVals: 1978.659822039698838 -11251.000000000000000 -5.767035841941833
plotVals: 1978.687200547570228 -11241.000000000000000 -5.632041830569506
plotVals: 1978.714579055441391 -11231.000000000000000 -5.496027160435915
plotVals: 1978.741957563312781 -11221.000000000000000 -5.361991856247187
plotVals: 1978.769336071184171 -11211.000000000000000 -5.229935899376869
plotVals: 1978.796714579055333 -11201.000000000000000 -5.101859301328659
plotVals: 1978.824093086926723 -11191.000000000000000 -4.978762052953243
plotVals: 1978.851471594798113 -11181.000000000000000 -4.886644165962934
plotVals: 1978.878850102669503 -11171.000000000000000 -4.799505621194839
plotVals: 1978.906228610540666 -11161.000000000000000 -4.719346445053816
plotVals: 1978.933607118412056 -11151.000000000000000 -4.645166605710983
plotVals: 1978.960985626283446 -11141.000000000000000 -4.577966131269932
plotVals: 1978.988364134154608 -11131.000000000000000 -4.515745013952255
plotVals: 1979.016427104722879 -11121.000000000000000 -4.465503245592117
plotVals: 1979.043805612594042 -11111.000000000000000 -4.421240836381912
plotVals: 1979.071184120465432 -11101.000000000000000 -4.381957776844501
plotVals: 1979.098562628336822 -11091.000000000000000 -4.345654077827930
plotVals: 1979.125941136207985 -11081.000000000000000 -4.314329728484154
plotVals: 1979.153319644079374 -11071.000000000000000 -4.283984728157520
plotVals: 1979.180698151950764 -11061.000000000000000 -4.258619092404842
plotVals: 1979.208076659821927 -11051.000000000000000 -4.233232807368040
plotVals: 1979.235455167693317 -11041.000000000000000 -4.206825878471136
plotVals: 1979.262833675564707 -11031.000000000000000 -4.180398296564817
plotVals: 1979.290212183436097 -11021.000000000000000 -4.151950076222420
plotVals: 1979.317590691307259 -11011.000000000000000 -4.119481205940247
plotVals: 1979.344969199178649 -11001.000000000000000 -4.079991694539785
plotVals: 1979.372347707050039 -10991.000000000000000 -4.035481531172991
plotVals: 1979.399726214921202 -10981.000000000000000 -3.986950721591711
plotVals: 1979.427104722792592 -10971.000000000000000 -3.931399270892143
plotVals: 1979.454483230663982 -10961.000000000000000 -3.869827173650265
plotVals: 1979.481861738535144 -10951.000000000000000 -3.802234429866076
plotVals: 1979.509240246406534 -10941.000000000000000 -3.736621048301458
plotVals: 1979.536618754277924 -10931.000000000000000 -3.665987011045218
plotVals: 1979.563997262149314 -10921.000000000000000 -3.588332332670689
plotVals: 1979.591375770020477 -10911.000000000000000 -3.504657007753849
plotVals: 1979.618754277891867 -10901.000000000000000 -3.416961036622524
plotVals: 1979.646132785763257 -10891.000000000000000 -3.325244415551424
plotVals: 1979.673511293634419 -10881.000000000000000 -3.242507155984640
plotVals: 1979.700889801505809 -10871.000000000000000 -3.157749246805906
plotVals: 1979.728268309377199 -10861.000000000000000 -3.070970699191093
plotVals: 1979.755646817248362 -10851.000000000000000 -2.986171491444111
plotVals: 1979.783025325119752 -10841.000000000000000 -2.902351651340723
plotVals: 1979.810403832991142 -10831.000000000000000 -2.821511156857014
plotVals: 1979.837782340862532 -10821.000000000000000 -2.763650018721819
plotVals: 1979.865160848733694 -10811.000000000000000 -2.711768236011267
plotVals: 1979.892539356605084 -10801.000000000000000 -2.666865807026625
plotVals: 1979.919917864476474 -10791.000000000000000 -2.628942735493183
plotVals: 1979.947296372347637 -10781.000000000000000 -2.598999019712210
plotVals: 1979.974674880219027 -10771.000000000000000 -2.579034648835659
plotVals: 1980.002737850787071 -10761.000000000000000 -2.580049641430378
plotVals: 1980.030116358658461 -10751.000000000000000 -2.591043986380100
plotVals: 1980.057494866529851 -10741.000000000000000 -2.611017685383558
plotVals: 1980.084873374401013 -10731.000000000000000 -2.640970736742020
plotVals: 1980.112251882272403 -10721.000000000000000 -2.678903143852949
plotVals: 1980.139630390143793 -10711.000000000000000 -2.725814905017614
plotVals: 1980.167008898014956 -10701.000000000000000 -2.784706018865108
plotVals: 1980.194387405886346 -10691.000000000000000 -2.852576479315758
plotVals: 1980.221765913757736 -10681.000000000000000 -2.925426308065653
plotVals: 1980.249144421629126 -10671.000000000000000 -3.000255484133959
plotVals: 1980.276522929500288 -10661.000000000000000 -3.077064022421837
plotVals: 1980.303901437371678 -10651.000000000000000 -3.152851901948452
plotVals: 1980.331279945243068 -10641.000000000000000 -3.224619150161743
plotVals: 1980.358658453114231 -10631.000000000000000 -3.289365742355585
plotVals: 1980.386036960985621 -10621.000000000000000 -3.349091690033674
plotVals: 1980.413415468857011 -10611.000000000000000 -3.403797000646591
plotVals: 1980.440793976728173 -10601.000000000000000 -3.451481651514769
plotVals: 1980.468172484599563 -10591.000000000000000 -3.493145670741796
plotVals: 1980.495550992470953 -10581.000000000000000 -3.525789037346840
plotVals: 1980.522929500342343 -10571.000000000000000 -3.540411759167910
plotVals: 1980.550308008213506 -10561.000000000000000 -3.547013830393553
plotVals: 1980.577686516084896 -10551.000000000000000 -3.545595262199640
plotVals: 1980.605065023956286 -10541.000000000000000 -3.538156043738127
plotVals: 1980.632443531827448 -10531.000000000000000 -3.523696184158325
plotVals: 1980.659822039698838 -10521.000000000000000 -3.503215670585632
plotVals: 1980.687200547570228 -10511.000000000000000 -3.471714526414871
plotVals: 1980.714579055441391 -10501.000000000000000 -3.437192723155022
plotVals: 1980.741957563312781 -10491.000000000000000 -3.399650279432535
plotVals: 1980.769336071184171 -10481.000000000000000 -3.362087193876505
plotVals: 1980.796714579055333 -10471.000000000000000 -3.325503453612328
plotVals: 1980.824093086926723 -10461.000000000000000 -3.290899071842432
plotVals: 1980.851471594798113 -10451.000000000000000 -3.265274047851562
plotVals: 1980.878850102669503 -10441.000000000000000 -3.244628373533487
plotVals: 1980.906228610540666 -10431.000000000000000 -3.228962060064077
plotVals: 1980.933607118412056 -10421.000000000000000 -3.219275087118149
plotVals: 1980.960985626283446 -10411.000000000000000 -3.216567486524582
plotVals: 1980.988364134154608 -10401.000000000000000 -3.221839223057032
plotVals: 1981.013689253935581 -10391.000000000000000 -3.244090322405100
plotVals: 1981.041067761806971 -10381.000000000000000 -3.274320777505636
plotVals: 1981.068446269678361 -10371.000000000000000 -3.310530584305525
plotVals: 1981.095824777549524 -10361.000000000000000 -3.352719746530056
plotVals: 1981.123203285420914 -10351.000000000000000 -3.399888262152672
plotVals: 1981.150581793292304 -10341.000000000000000 -3.451036132872105
plotVals: 1981.177960301163694 -10331.000000000000000 -3.509163357317448
plotVals: 1981.205338809034856 -10321.000000000000000 -3.569269936531782
plotVals: 1981.232717316906246 -10311.000000000000000 -3.628355871886015
plotVals: 1981.260095824777636 -10301.000000000000000 -3.686421159654856
plotVals: 1981.287474332648799 -10291.000000000000000 -3.742465797811747
plotVals: 1981.314852840520189 -10281.000000000000000 -3.792489793151617
plotVals: 1981.342231348391579 -10271.000000000000000 -3.831493146717548
plotVals: 1981.369609856262741 -10261.000000000000000 -3.863475844264030
plotVals: 1981.396988364134131 -10251.000000000000000 -3.887437913566828
plotVals: 1981.424366872005521 -10241.000000000000000 -3.904379323124886
plotVals: 1981.451745379876684 -10231.000000000000000 -3.913300089538097
plotVals: 1981.479123887748074 -10221.000000000000000 -3.913200214505196
plotVals: 1981.506502395619464 -10211.000000000000000 -3.895079694688320
plotVals: 1981.533880903490854 -10201.000000000000000 -3.867938518524170
plotVals: 1981.561259411362016 -10191.000000000000000 -3.833776701241732
plotVals: 1981.588637919233406 -10181.000000000000000 -3.794594243168831
plotVals: 1981.616016427104796 -10171.000000000000000 -3.750391136854887
plotVals: 1981.643394934975959 -10161.000000000000000 -3.702167384326458
plotVals: 1981.670773442847349 -10151.000000000000000 -3.650922991335392
plotVals: 1981.698151950718739 -10141.000000000000000 -3.598657943308353
plotVals: 1981.725530458589901 -10131.000000000000000 -3.547372259199619
plotVals: 1981.752908966461291 -10121.000000000000000 -3.497065920382738
plotVals: 1981.780287474332681 -10111.000000000000000 -3.449738942086697
plotVals: 1981.807665982204071 -10101.000000000000000 -3.407391309738159
plotVals: 1981.835044490075234 -10091.000000000000000 -3.376023042947054
plotVals: 1981.862422997946624 -10081.000000000000000 -3.353634122759104
plotVals: 1981.889801505818014 -10071.000000000000000 -3.337224565446377
plotVals: 1981.917180013689176 -10061.000000000000000 -3.327794346958399
plotVals: 1981.944558521560566 -10051.000000000000000 -3.323343496769667
plotVals: 1981.971937029431956 -10041.000000000000000 -3.324871998280287
plotVals: 1981.999315537303119 -10031.000000000000000 -3.337379854172468
plotVals: 1982.027378507871390 -10021.000000000000000 -3.358867056667805
plotVals: 1982.054757015742553 -10011.000000000000000 -3.384333625435829
plotVals: 1982.082135523613942 -10001.000000000000000 -3.412779539823532
plotVals: 1982.109514031485332 -9991.000000000000000 -3.443204812705517
plotVals: 1982.136892539356495 -9981.000000000000000 -3.474609434604645
plotVals: 1982.164271047227885 -9971.000000000000000 -3.503993421792984
plotVals: 1982.191649555099275 -9961.000000000000000 -3.531356748193502
plotVals: 1982.219028062970665 -9951.000000000000000 -3.555699437856674
plotVals: 1982.246406570841827 -9941.000000000000000 -3.576021481305361
plotVals: 1982.273785078713217 -9931.000000000000000 -3.591322883963585
plotVals: 1982.301163586584607 -9921.000000000000000 -3.600603628903627
plotVals: 1982.328542094455770 -9911.000000000000000 -3.599863737821579
plotVals: 1982.355920602327160 -9901.000000000000000 -3.602103192359209
plotVals: 1982.383299110198550 -9891.000000000000000 -3.596322014927864
plotVals: 1982.410677618069712 -9881.000000000000000 -3.582520179450512
plotVals: 1982.438056125941102 -9871.000000000000000 -3.562697708606720
plotVals: 1982.465434633812492 -9861.000000000000000 -3.536854580044746
plotVals: 1982.492813141683882 -9851.000000000000000 -3.503990810364485
plotVals: 1982.520191649555045 -9841.000000000000000 -3.480106402188540
plotVals: 1982.547570157426435 -9831.000000000000000 -3.450201336294413
plotVals: 1982.574948665297825 -9821.000000000000000 -3.418275635689497
plotVals: 1982.602327173168987 -9811.000000000000000 -3.383329283446074
plotVals: 1982.629705681040377 -9801.000000000000000 -3.347362291067839
plotVals: 1982.657084188911767 -9791.000000000000000 -3.311374645680189
plotVals: 1982.684462696782930 -9781.000000000000000 -3.295366358011961
plotVals: 1982.711841204654320 -9771.000000000000000 -3.280337423086166
plotVals: 1982.739219712525710 -9761.000000000000000 -3.267287842929363
plotVals: 1982.766598220397100 -9751.000000000000000 -3.258217621594667
plotVals: 1982.793976728268262 -9741.000000000000000 -3.253126747906208
plotVals: 1982.821355236139652 -9731.000000000000000 -3.253015231341124
plotVals: 1982.848733744011042 -9721.000000000000000 -3.263883069157600
plotVals: 1982.876112251882205 -9711.000000000000000 -3.280730258673429
plotVals: 1982.903490759753595 -9701.000000000000000 -3.303556807339191
plotVals: 1982.930869267624985 -9691.000000000000000 -3.330362707376480
plotVals: 1982.958247775496147 -9681.000000000000000 -3.361147962510586
plotVals: 1982.985626283367537 -9671.000000000000000 -3.396912571042776
plotVals: 1983.013689253935581 -9661.000000000000000 -3.438656538724899
plotVals: 1983.041067761806971 -9651.000000000000000 -3.484379854053259
plotVals: 1983.068446269678361 -9641.000000000000000 -3.532082524150610
plotVals: 1983.095824777549524 -9631.000000000000000 -3.580764550715685
plotVals: 1983.123203285420914 -9621.000000000000000 -3.630425933748484
plotVals: 1983.150581793292304 -9611.000000000000000 -3.681066665798426
plotVals: 1983.177960301163694 -9601.000000000000000 -3.728686761111021
plotVals: 1983.205338809034856 -9591.000000000000000 -3.775286201387644
plotVals: 1983.232717316906246 -9581.000000000000000 -3.819864999502897
plotVals: 1983.260095824777636 -9571.000000000000000 -3.861423149704933
plotVals: 1983.287474332648799 -9561.000000000000000 -3.898960661143064
plotVals: 1983.314852840520189 -9551.000000000000000 -3.933477517217398
plotVals: 1983.342231348391579 -9541.000000000000000 -3.958973735570908
plotVals: 1983.369609856262741 -9531.000000000000000 -3.979449309408665
plotVals: 1983.396988364134131 -9521.000000000000000 -3.995904229581356
plotVals: 1983.424366872005521 -9511.000000000000000 -4.006338506937027
plotVals: 1983.451745379876684 -9501.000000000000000 -4.013752140104771
plotVals: 1983.479123887748074 -9491.000000000000000 -4.015145126730204
plotVals: 1983.506502395619464 -9481.000000000000000 -4.008517473936081
plotVals: 1983.533880903490854 -9471.000000000000000 -3.996869165450335
plotVals: 1983.561259411362016 -9461.000000000000000 -3.982200216501951
plotVals: 1983.588637919233406 -9451.000000000000000 -3.965510614216328
plotVals: 1983.616016427104796 -9441.000000000000000 -3.946800380945206
plotVals: 1983.643394934975959 -9431.000000000000000 -3.927069488912821
plotVals: 1983.670773442847349 -9421.000000000000000 -3.908317957073450
plotVals: 1983.698151950718739 -9411.000000000000000 -3.888545773923397
plotVals: 1983.725530458589901 -9401.000000000000000 -3.870752956718206
plotVals: 1983.752908966461291 -9391.000000000000000 -3.852939482778311
plotVals: 1983.780287474332681 -9381.000000000000000 -3.838105373084545
plotVals: 1983.807665982204071 -9371.000000000000000 -3.824250612407923
plotVals: 1983.835044490075234 -9361.000000000000000 -3.817375201731920
plotVals: 1983.862422997946624 -9351.000000000000000 -3.813479147851467
plotVals: 1983.889801505818014 -9341.000000000000000 -3.813562445342541
plotVals: 1983.917180013689176 -9331.000000000000000 -3.816625110805035
plotVals: 1983.944558521560566 -9321.000000000000000 -3.821667119860649
plotVals: 1983.971937029431956 -9311.000000000000000 -3.830688480287790
plotVals: 1983.999315537303119 -9301.000000000000000 -3.843689199537039
plotVals: 1984.027378507871390 -9291.000000000000000 -3.862669274210930
plotVals: 1984.054757015742553 -9281.000000000000000 -3.882628705352545
plotVals: 1984.082135523613942 -9271.000000000000000 -3.905567485839128
plotVals: 1984.109514031485332 -9261.000000000000000 -3.929485619068146
plotVals: 1984.136892539356495 -9251.000000000000000 -3.955383107066154
plotVals: 1984.164271047227885 -9241.000000000000000 -3.980259954929352
plotVals: 1984.191649555099275 -9231.000000000000000 -3.988116152584553
plotVals: 1984.219028062970665 -9221.000000000000000 -3.995951708406210
plotVals: 1984.246406570841827 -9211.000000000000000 -4.002766616642475
plotVals: 1984.273785078713217 -9201.000000000000000 -4.008560881018639
plotVals: 1984.301163586584607 -9191.000000000000000 -4.012334488332272
plotVals: 1984.328542094455770 -9181.000000000000000 -4.014087464660406
plotVals: 1984.355920602327160 -9171.000000000000000 -4.011819791048765
plotVals: 1984.383299110198550 -9161.000000000000000 -4.006531469523907
plotVals: 1984.410677618069712 -9151.000000000000000 -3.999222498387098
plotVals: 1984.438056125941102 -9141.000000000000000 -3.989892892539501
plotVals: 1984.465434633812492 -9131.000000000000000 -3.978542633354664
plotVals: 1984.492813141683882 -9121.000000000000000 -3.965171732008457
plotVals: 1984.520191649555045 -9111.000000000000000 -3.947780180722475
plotVals: 1984.547570157426435 -9101.000000000000000 -3.929367985576391
plotVals: 1984.574948665297825 -9091.000000000000000 -3.908935144543648
plotVals: 1984.602327173168987 -9081.000000000000000 -3.887481659650803
plotVals: 1984.629705681040377 -9071.000000000000000 -3.865007527172565
plotVals: 1984.657084188911767 -9061.000000000000000 -3.842512745410204
plotVals: 1984.684462696782930 -9051.000000000000000 -3.818997327238321
plotVals: 1984.711841204654320 -9041.000000000000000 -3.795461256057024
plotVals: 1984.739219712525710 -9031.000000000000000 -3.772904545068741
plotVals: 1984.766598220397100 -9021.000000000000000 -3.750327181071043
plotVals: 1984.793976728268262 -9011.000000000000000 -3.728729180991650
plotVals: 1984.821355236139652 -9001.000000000000000 -3.709110524505377
plotVals: 1984.848733744011042 -8991.000000000000000 -3.692471228539944
plotVals: 1984.876112251882205 -8981.000000000000000 -3.677811283618212
plotVals: 1984.903490759753595 -8971.000000000000000 -3.665130697190762
plotVals: 1984.930869267624985 -8961.000000000000000 -3.653429459780455
plotVals: 1984.958247775496147 -8951.000000000000000 -3.643707588315010
plotVals: 1984.985626283367537 -8941.000000000000000 -3.635965056717396
plotVals: 1985.010951403148511 -8931.000000000000000 -3.632201883941889
plotVals: 1985.038329911019900 -8921.000000000000000 -3.629418067634106
plotVals: 1985.065708418891063 -8911.000000000000000 -3.627613604068756
plotVals: 1985.093086926762453 -8901.000000000000000 -3.627788498997688
plotVals: 1985.120465434633843 -8891.000000000000000 -3.627942744642496
plotVals: 1985.147843942505233 -8881.000000000000000 -3.629076346755028
plotVals: 1985.175222450376395 -8871.000000000000000 -3.630189295858145
plotVals: 1985.202600958247785 -8861.000000000000000 -3.631281606853008
plotVals: 1985.229979466119175 -8851.000000000000000 -3.632353268563747
plotVals: 1985.257357973990338 -8841.000000000000000 -3.632404286414385
plotVals: 1985.284736481861728 -8831.000000000000000 -3.632434654980898
plotVals: 1985.312114989733118 -8821.000000000000000 -3.632444381713867
plotVals: 1985.339493497604280 -8811.000000000000000 -3.629433464258909
plotVals: 1985.366872005475670 -8801.000000000000000 -3.625401902943850
plotVals: 1985.394250513347060 -8791.000000000000000 -3.621349692344666
plotVals: 1985.421629021218450 -8781.000000000000000 -3.615276828408241
plotVals: 1985.449007529089613 -8771.000000000000000 -3.609183326363564
plotVals: 1985.476386036961003 -8761.000000000000000 -3.602069180458784
plotVals: 1985.503764544832393 -8751.000000000000000 -3.592934388667345
plotVals: 1985.531143052703555 -8741.000000000000000 -3.583778947591782
plotVals: 1985.558521560574945 -8731.000000000000000 -3.573602862656116
plotVals: 1985.585900068446335 -8721.000000000000000 -3.564406130462885
plotVals: 1985.613278576317498 -8711.000000000000000 -3.554188750684261
plotVals: 1985.640657084188888 -8701.000000000000000 -3.545950733125210
plotVals: 1985.668035592060278 -8691.000000000000000 -3.537692066282034
plotVals: 1985.695414099931440 -8681.000000000000000 -3.531412746757269
plotVals: 1985.722792607802830 -8671.000000000000000 -3.526112791150808
plotVals: 1985.750171115674220 -8661.000000000000000 -3.521792184561491
plotVals: 1985.777549623545610 -8651.000000000000000 -3.519450940191746
plotVals: 1985.804928131416773 -8641.000000000000000 -3.519089039415121
plotVals: 1985.832306639288163 -8631.000000000000000 -3.520706497132778
plotVals: 1985.859685147159553 -8621.000000000000000 -3.527303311973810
plotVals: 1985.887063655030715 -8611.000000000000000 -3.534879479557276
plotVals: 1985.914442162902105 -8601.000000000000000 -3.544434994459152
plotVals: 1985.941820670773495 -8591.000000000000000 -3.555969871580601
plotVals: 1985.969199178644658 -8581.000000000000000 -3.569484099745750
plotVals: 1985.996577686516048 -8571.000000000000000 -3.584977682679892
plotVals: 1986.024640657084092 -8561.000000000000000 -3.602450620383024
plotVals: 1986.052019164955482 -8551.000000000000000 -3.621902912855148
plotVals: 1986.079397672826872 -8541.000000000000000 -3.642334565520287
plotVals: 1986.106776180698262 -8531.000000000000000 -3.662745561450720
plotVals: 1986.134154688569424 -8521.000000000000000 -3.684135917574167
plotVals: 1986.161533196440814 -8511.000000000000000 -3.705505628138781
plotVals: 1986.188911704312204 -8501.000000000000000 -3.726854689419270
plotVals: 1986.216290212183367 -8491.000000000000000 -3.747183118015528
plotVals: 1986.243668720054757 -8481.000000000000000 -3.767490882426500
plotVals: 1986.271047227926147 -8471.000000000000000 -3.785778015851974
plotVals: 1986.298425735797309 -8461.000000000000000 -3.803044494241476
plotVals: 1986.325804243668699 -8451.000000000000000 -3.818290330469608
plotVals: 1986.353182751540089 -8441.000000000000000 -3.830515518784523
plotVals: 1986.380561259411252 -8431.000000000000000 -3.840720064938068
plotVals: 1986.407939767282642 -8421.000000000000000 -3.848903965204954
plotVals: 1986.435318275154032 -8411.000000000000000 -3.854067217558622
plotVals: 1986.462696783025422 -8401.000000000000000 -3.858209818601608
plotVals: 1986.490075290896584 -8391.000000000000000 -3.859331786632538
plotVals: 1986.517453798767974 -8381.000000000000000 -3.857433095574379
plotVals: 1986.544832306639364 -8371.000000000000000 -3.852513771504164
plotVals: 1986.572210814510527 -8361.000000000000000 -3.845573790371418
plotVals: 1986.599589322381917 -8351.000000000000000 -3.838613171130419
plotVals: 1986.626967830253307 -8341.000000000000000 -3.829631906002760
plotVals: 1986.654346338124469 -8331.000000000000000 -3.820629995316267
plotVals: 1986.681724845995859 -8321.000000000000000 -3.809607435017824
plotVals: 1986.709103353867249 -8311.000000000000000 -3.799564231187105
plotVals: 1986.736481861738639 -8301.000000000000000 -3.789500385522842
plotVals: 1986.763860369609802 -8291.000000000000000 -3.779415886849165
plotVals: 1986.791238877481192 -8281.000000000000000 -3.770310748368502
plotVals: 1986.818617385352582 -8271.000000000000000 -3.763184953480959
plotVals: 1986.845995893223744 -8261.000000000000000 -3.759038526564837
plotVals: 1986.873374401095134 -8251.000000000000000 -3.756871446967125
plotVals: 1986.900752908966524 -8241.000000000000000 -3.756683729588985
plotVals: 1986.928131416837687 -8231.000000000000000 -3.757475353777409
plotVals: 1986.955509924709077 -8221.000000000000000 -3.761246345937252
plotVals: 1986.982888432580467 -8211.000000000000000 -3.764996677637100
plotVals: 1987.010951403148511 -8201.000000000000000 -3.773726370185614
plotVals: 1987.038329911019900 -8191.000000000000000 -3.783435419201851
plotVals: 1987.065708418891063 -8181.000000000000000 -3.795123826712370
plotVals: 1987.093086926762453 -8171.000000000000000 -3.805791582912207
plotVals: 1987.120465434633843 -8161.000000000000000 -3.818438693881035
plotVals: 1987.147843942505233 -8151.000000000000000 -3.830065149813890
plotVals: 1987.175222450376395 -8141.000000000000000 -3.841670975089073
plotVals: 1987.202600958247785 -8131.000000000000000 -3.853256143629551
plotVals: 1987.229979466119175 -8121.000000000000000 -3.863820679485798
plotVals: 1987.257357973990338 -8111.000000000000000 -3.872364558279514
plotVals: 1987.284736481861728 -8101.000000000000000 -3.879887793213129
plotVals: 1987.312114989733118 -8091.000000000000000 -3.886390380561352
plotVals: 1987.339493497604280 -8081.000000000000000 -3.886872332543135
plotVals: 1987.366872005475670 -8071.000000000000000 -3.885333631187677
plotVals: 1987.394250513347060 -8061.000000000000000 -3.881774283945560
plotVals: 1987.421629021218450 -8051.000000000000000 -3.876194290816784
plotVals: 1987.449007529089613 -8041.000000000000000 -3.868593655526638
plotVals: 1987.476386036961003 -8031.000000000000000 -3.859972365200520
plotVals: 1987.503764544832393 -8021.000000000000000 -3.848330445587635
plotVals: 1987.531143052703555 -8011.000000000000000 -3.835667867213488
plotVals: 1987.558521560574945 -8001.000000000000000 -3.820984650403261
plotVals: 1987.585900068446335 -7991.000000000000000 -3.805280782282352
plotVals: 1987.613278576317498 -7981.000000000000000 -3.789556268602610
plotVals: 1987.640657084188888 -7971.000000000000000 -3.772811111062765
plotVals: 1987.668035592060278 -7961.000000000000000 -3.757045313715935
plotVals: 1987.695414099931440 -7951.000000000000000 -3.741258859634399
plotVals: 1987.722792607802830 -7941.000000000000000 -3.725451763719320
plotVals: 1987.750171115674220 -7931.000000000000000 -3.709624025970697
plotVals: 1987.777549623545610 -7921.000000000000000 -3.694775644689798
plotVals: 1987.804928131416773 -7911.000000000000000 -3.680906608700752
plotVals: 1987.832306639288163 -7901.000000000000000 -3.668016932904720
plotVals: 1987.859685147159553 -7891.000000000000000 -3.657106608152390
plotVals: 1987.887063655030715 -7881.000000000000000 -3.648175645619631
plotVals: 1987.914442162902105 -7871.000000000000000 -3.639224022626877
plotVals: 1987.941820670773495 -7861.000000000000000 -3.631251771003008
plotVals: 1987.969199178644658 -7851.000000000000000 -3.624258864670992
plotVals: 1987.996577686516048 -7841.000000000000000 -3.618245311081409
plotVals: 1988.024640657084092 -7831.000000000000000 -3.614211112260818
plotVals: 1988.052019164955482 -7821.000000000000000 -3.610156267881393
plotVals: 1988.079397672826872 -7811.000000000000000 -3.607080779969692
plotVals: 1988.106776180698262 -7801.000000000000000 -3.604984644800425
plotVals: 1988.134154688569424 -7791.000000000000000 -3.601867865771055
plotVals: 1988.161533196440814 -7781.000000000000000 -3.598730444908142
plotVals: 1988.188911704312204 -7771.000000000000000 -3.595572374761105
plotVals: 1988.216290212183367 -7761.000000000000000 -3.592393651604652
plotVals: 1988.243668720054757 -7751.000000000000000 -3.587194290012121
plotVals: 1988.271047227926147 -7741.000000000000000 -3.581974286586046
plotVals: 1988.298425735797309 -7731.000000000000000 -3.576733633875847
plotVals: 1988.325804243668699 -7721.000000000000000 -3.568472333252430
plotVals: 1988.353182751540089 -7711.000000000000000 -3.559190388768911
plotVals: 1988.380561259411252 -7701.000000000000000 -3.548887792974710
plotVals: 1988.407939767282642 -7691.000000000000000 -3.536564555019140
plotVals: 1988.435318275154032 -7681.000000000000000 -3.522220678627491
plotVals: 1988.462696783025422 -7671.000000000000000 -3.506856150925159
plotVals: 1988.490075290896584 -7661.000000000000000 -3.489470977336168
plotVals: 1988.517453798767974 -7651.000000000000000 -3.470065150409937
plotVals: 1988.544832306639364 -7641.000000000000000 -3.448638685047626
plotVals: 1988.572210814510527 -7631.000000000000000 -3.426191579550505
plotVals: 1988.599589322381917 -7621.000000000000000 -3.401723820716143
plotVals: 1988.626967830253307 -7611.000000000000000 -3.377235420048237
plotVals: 1988.654346338124469 -7601.000000000000000 -3.352726370096207
plotVals: 1988.681724845995859 -7591.000000000000000 -3.326196681708097
plotVals: 1988.709103353867249 -7581.000000000000000 -3.300646342337132
plotVals: 1988.736481861738639 -7571.000000000000000 -3.274075351655483
plotVals: 1988.763860369609802 -7561.000000000000000 -3.248483721166849
plotVals: 1988.791238877481192 -7551.000000000000000 -3.222871448844671
plotVals: 1988.818617385352582 -7541.000000000000000 -3.199238523840904
plotVals: 1988.845995893223744 -7531.000000000000000 -3.176584962755442
plotVals: 1988.873374401095134 -7521.000000000000000 -3.155910745263100
plotVals: 1988.900752908966524 -7511.000000000000000 -3.136215887963772
plotVals: 1988.928131416837687 -7501.000000000000000 -3.117500387132168
plotVals: 1988.955509924709077 -7491.000000000000000 -3.099764239042997
plotVals: 1988.982888432580467 -7481.000000000000000 -3.083007439970970
plotVals: 1989.008213552361440 -7471.000000000000000 -3.070229995995760
plotVals: 1989.035592060232830 -7461.000000000000000 -3.057431910187006
plotVals: 1989.062970568103992 -7451.000000000000000 -3.045613173395395
plotVals: 1989.090349075975382 -7441.000000000000000 -3.034773800522089
plotVals: 1989.117727583846772 -7431.000000000000000 -3.022913776338100
plotVals: 1989.145106091717935 -7421.000000000000000 -3.011033099144697
plotVals: 1989.172484599589325 -7411.000000000000000 -2.998131789267063
plotVals: 1989.199863107460715 -7401.000000000000000 -2.984209828078747
plotVals: 1989.227241615331877 -7391.000000000000000 -2.969267219305038
plotVals: 1989.254620123203267 -7381.000000000000000 -2.952303960919380
plotVals: 1989.281998631074657 -7371.000000000000000 -2.934320066124201
plotVals: 1989.309377138945820 -7361.000000000000000 -2.914315521717072
plotVals: 1989.336755646817210 -7351.000000000000000 -2.890290331095457
plotVals: 1989.364134154688600 -7341.000000000000000 -2.864244494587183
plotVals: 1989.391512662559990 -7331.000000000000000 -2.836178015917540
plotVals: 1989.418891170431152 -7321.000000000000000 -2.807090889662504
plotVals: 1989.446269678302542 -7311.000000000000000 -2.774983119219542
plotVals: 1989.473648186173932 -7301.000000000000000 -2.741854693740606
plotVals: 1989.501026694045095 -7291.000000000000000 -2.710705634206533
plotVals: 1989.528405201916485 -7281.000000000000000 -2.677535925060511
plotVals: 1989.555783709787875 -7271.000000000000000 -2.644345566630363
plotVals: 1989.583162217659037 -7261.000000000000000 -2.609134566038847
plotVals: 1989.610540725530427 -7251.000000000000000 -2.573902916163206
plotVals: 1989.637919233401817 -7241.000000000000000 -2.539650630205870
plotVals: 1989.665297741273207 -7231.000000000000000 -2.504377689212561
plotVals: 1989.692676249144370 -7221.000000000000000 -2.472084105014801
plotVals: 1989.720054757015760 -7211.000000000000000 -2.439769875258207
plotVals: 1989.747433264887150 -7201.000000000000000 -2.408435001969337
plotVals: 1989.774811772758312 -7191.000000000000000 -2.377079479396343
plotVals: 1989.802190280629702 -7181.000000000000000 -2.346703313291073
plotVals: 1989.829568788501092 -7171.000000000000000 -2.316306501626968
plotVals: 1989.856947296372255 -7161.000000000000000 -2.288889043033123
plotVals: 1989.884325804243645 -7151.000000000000000 -2.261450938880444
plotVals: 1989.911704312115035 -7141.000000000000000 -2.234992187470198
plotVals: 1989.939082819986197 -7131.000000000000000 -2.208512794226408
plotVals: 1989.966461327857587 -7121.000000000000000 -2.182012751698494
plotVals: 1989.993839835728977 -7111.000000000000000 -2.156492073088884
plotVals: 1990.021902806297021 -7101.000000000000000 -2.133950736373663
plotVals: 1990.049281314168411 -7091.000000000000000 -2.110388759523630
plotVals: 1990.076659822039801 -7081.000000000000000 -2.087806131690741
plotVals: 1990.104038329910964 -7071.000000000000000 -2.064202867448330
plotVals: 1990.131416837782353 -7061.000000000000000 -2.039578951895237
plotVals: 1990.158795345653743 -7051.000000000000000 -2.014934394508600
plotVals: 1990.186173853524906 -7041.000000000000000 -1.992269188165665
plotVals: 1990.213552361396296 -7031.000000000000000 -1.969583336263895
plotVals: 1990.240930869267686 -7021.000000000000000 -1.946876838803291
plotVals: 1990.268309377138849 -7011.000000000000000 -1.922149695456028
plotVals: 1990.295687885010238 -7001.000000000000000 -1.898401901125908
plotVals: 1990.323066392881628 -6991.000000000000000 -1.873633470386267
plotVals: 1990.350444900753018 -6981.000000000000000 -1.853844385594130
plotVals: 1990.377823408624181 -6971.000000000000000 -1.833034660667181
plotVals: 1990.405201916495571 -6961.000000000000000 -1.812204290181398
plotVals: 1990.432580424366961 -6951.000000000000000 -1.791353274136782
plotVals: 1990.459958932238123 -6941.000000000000000 -1.770481608808041
plotVals: 1990.487337440109513 -6931.000000000000000 -1.749589301645756
plotVals: 1990.514715947980903 -6921.000000000000000 -1.733676351606846
plotVals: 1990.542094455852066 -6911.000000000000000 -1.717742752283812
plotVals: 1990.569472963723456 -6901.000000000000000 -1.700788505375385
plotVals: 1990.596851471594846 -6891.000000000000000 -1.684813611209393
plotVals: 1990.624229979466008 -6881.000000000000000 -1.668818075209856
plotVals: 1990.651608487337398 -6871.000000000000000 -1.651801887899637
plotVals: 1990.678986995208788 -6861.000000000000000 -1.639765065163374
plotVals: 1990.706365503080178 -6851.000000000000000 -1.626707591116428
plotVals: 1990.733744010951341 -6841.000000000000000 -1.612629469484091
plotVals: 1990.761122518822731 -6831.000000000000000 -1.599530704319477
plotVals: 1990.788501026694121 -6821.000000000000000 -1.584411293268204
plotVals: 1990.815879534565283 -6811.000000000000000 -1.569271232932806
plotVals: 1990.843258042436673 -6801.000000000000000 -1.553110532462597
plotVals: 1990.870636550308063 -6791.000000000000000 -1.535929188132286
plotVals: 1990.898015058179226 -6781.000000000000000 -1.518727194517851
plotVals: 1990.925393566050616 -6771.000000000000000 -1.499504551291466
plotVals: 1990.952772073922006 -6761.000000000000000 -1.480261266231537
plotVals: 1990.980150581793396 -6751.000000000000000 -1.459997333586216
plotVals: 1991.008213552361440 -6741.000000000000000 -1.437712755054235
plotVals: 1991.035592060232830 -6731.000000000000000 -1.415407538414001
plotVals: 1991.062970568103992 -6721.000000000000000 -1.391081668436527
plotVals: 1991.090349075975382 -6711.000000000000000 -1.366735152900219
plotVals: 1991.117727583846772 -6701.000000000000000 -1.341367997229099
plotVals: 1991.145106091717935 -6691.000000000000000 -1.314980186522007
plotVals: 1991.172484599589325 -6681.000000000000000 -1.294571738690138
plotVals: 1991.199863107460715 -6671.000000000000000 -1.273142639547586
plotVals: 1991.227241615331877 -6661.000000000000000 -1.251692898571491
plotVals: 1991.254620123203267 -6651.000000000000000 -1.229222513735294
plotVals: 1991.281998631074657 -6641.000000000000000 -1.205731481313705
plotVals: 1991.309377138945820 -6631.000000000000000 -1.182219795882702
plotVals: 1991.336755646817210 -6621.000000000000000 -1.163687471300364
plotVals: 1991.364134154688600 -6611.000000000000000 -1.145134504884481
plotVals: 1991.391512662559990 -6601.000000000000000 -1.125560883432627
plotVals: 1991.418891170431152 -6591.000000000000000 -1.104966625571251
plotVals: 1991.446269678302542 -6581.000000000000000 -1.085351720452309
plotVals: 1991.473648186173932 -6571.000000000000000 -1.064716160297394
plotVals: 1991.501026694045095 -6561.000000000000000 -1.043059963732958
plotVals: 1991.528405201916485 -6551.000000000000000 -1.021383117884398
plotVals: 1991.555783709787875 -6541.000000000000000 -0.999685630202293
plotVals: 1991.583162217659037 -6531.000000000000000 -0.978967487812042
plotVals: 1991.610540725530427 -6521.000000000000000 -0.957228709012270
plotVals: 1991.637919233401817 -6511.000000000000000 -0.935469280928373
plotVals: 1991.665297741273207 -6501.000000000000000 -0.913689207285643
plotVals: 1991.692676249144370 -6491.000000000000000 -0.897888489067554
plotVals: 1991.720054757015760 -6481.000000000000000 -0.881067123264074
plotVals: 1991.747433264887150 -6471.000000000000000 -0.865225113928318
plotVals: 1991.774811772758312 -6461.000000000000000 -0.850362464785576
plotVals: 1991.802190280629702 -6451.000000000000000 -0.835479155182838
plotVals: 1991.829568788501092 -6441.000000000000000 -0.821575209498405
plotVals: 1991.856947296372255 -6431.000000000000000 -0.812650617212057
plotVals: 1991.884325804243645 -6421.000000000000000 -0.805705375969410
plotVals: 1991.911704312115035 -6411.000000000000000 -0.798739496618509
plotVals: 1991.939082819986197 -6401.000000000000000 -0.791752964258194
plotVals: 1991.966461327857587 -6391.000000000000000 -0.786745786666870
plotVals: 1991.993839835728977 -6381.000000000000000 -0.781717963516712
plotVals: 1992.021902806297021 -6371.000000000000000 -0.777669496834278
plotVals: 1992.049281314168411 -6361.000000000000000 -0.773600388318300
plotVals: 1992.076659822039801 -6351.000000000000000 -0.770510625094175
plotVals: 1992.104038329910964 -6341.000000000000000 -0.767400223761797
plotVals: 1992.131416837782353 -6331.000000000000000 -0.763269174844027
plotVals: 1992.158795345653743 -6321.000000000000000 -0.759117480367422
plotVals: 1992.186173853524906 -6311.000000000000000 -0.753945138305426
plotVals: 1992.213552361396296 -6301.000000000000000 -0.747752156108618
plotVals: 1992.240930869267686 -6291.000000000000000 -0.741538513451815
plotVals: 1992.268309377138849 -6281.000000000000000 -0.733304239809513
plotVals: 1992.295687885010238 -6271.000000000000000 -0.724049311131239
plotVals: 1992.323066392881628 -6261.000000000000000 -0.713773746043444
plotVals: 1992.350444900753018 -6251.000000000000000 -0.705477528274059
plotVals: 1992.377823408624181 -6241.000000000000000 -0.696160670369864
plotVals: 1992.405201916495571 -6231.000000000000000 -0.685823161154985
plotVals: 1992.432580424366961 -6221.000000000000000 -0.674465008080006
plotVals: 1992.459958932238123 -6211.000000000000000 -0.663086213171482
plotVals: 1992.487337440109513 -6201.000000000000000 -0.649686768651009
plotVals: 1992.514715947980903 -6191.000000000000000 -0.640266675502062
plotVals: 1992.542094455852066 -6181.000000000000000 -0.629825945943594
plotVals: 1992.569472963723456 -6171.000000000000000 -0.619364563375711
plotVals: 1992.596851471594846 -6161.000000000000000 -0.607882533222437
plotVals: 1992.624229979466008 -6151.000000000000000 -0.597379863262177
plotVals: 1992.651608487337398 -6141.000000000000000 -0.587856546044350
plotVals: 1992.678986995208788 -6131.000000000000000 -0.578312583267689
plotVals: 1992.706365503080178 -6121.000000000000000 -0.569747969508171
plotVals: 1992.733744010951341 -6111.000000000000000 -0.562162719666958
plotVals: 1992.761122518822731 -6101.000000000000000 -0.555556815117598
plotVals: 1992.788501026694121 -6091.000000000000000 -0.548930268734694
plotVals: 1992.815879534565283 -6081.000000000000000 -0.543283078819513
plotVals: 1992.843258042436673 -6071.000000000000000 -0.538615241646767
plotVals: 1992.870636550308063 -6061.000000000000000 -0.535926759243011
plotVals: 1992.898015058179226 -6051.000000000000000 -0.533217623829842
plotVals: 1992.925393566050616 -6041.000000000000000 -0.531487856060266
plotVals: 1992.952772073922006 -6031.000000000000000 -0.529737435281277
plotVals: 1992.980150581793396 -6021.000000000000000 -0.528966363519430
plotVals: 1993.005475701574369 -6011.000000000000000 -0.529174659401178
plotVals: 1993.032854209445532 -6001.000000000000000 -0.528362296521664
plotVals: 1993.060232717316921 -5991.000000000000000 -0.527529295533895
plotVals: 1993.087611225188311 -5981.000000000000000 -0.526675648987293
plotVals: 1993.114989733059474 -5971.000000000000000 -0.526801355183125
plotVals: 1993.142368240930864 -5961.000000000000000 -0.525906406342983
plotVals: 1993.169746748802254 -5951.000000000000000 -0.525990828871727
plotVals: 1993.197125256673417 -5941.000000000000000 -0.525054588913918
plotVals: 1993.224503764544806 -5931.000000000000000 -0.525097712874413
plotVals: 1993.251882272416196 -5921.000000000000000 -0.525120195001364
plotVals: 1993.279260780287586 -5911.000000000000000 -0.524122025817633
plotVals: 1993.306639288158749 -5901.000000000000000 -0.523103207349777
plotVals: 1993.334017796030139 -5891.000000000000000 -0.521063752472401
plotVals: 1993.361396303901529 -5881.000000000000000 -0.517003640532494
plotVals: 1993.388774811772691 -5871.000000000000000 -0.512922894209623
plotVals: 1993.416153319644081 -5861.000000000000000 -0.508821498602629
plotVals: 1993.443531827515471 -5851.000000000000000 -0.504699453711510
plotVals: 1993.470910335386634 -5841.000000000000000 -0.500556763261557
plotVals: 1993.498288843258024 -5831.000000000000000 -0.497393429279327
plotVals: 1993.525667351129414 -5821.000000000000000 -0.493209451436996
plotVals: 1993.553045859000576 -5811.000000000000000 -0.490004830062389
plotVals: 1993.580424366871966 -5801.000000000000000 -0.485779553651810
plotVals: 1993.607802874743356 -5791.000000000000000 -0.482533641159534
plotVals: 1993.635181382614746 -5781.000000000000000 -0.479267071932554
plotVals: 1993.662559890485909 -5771.000000000000000 -0.474979870021343
plotVals: 1993.689938398357299 -5761.000000000000000 -0.471672009676695
plotVals: 1993.717316906228689 -5751.000000000000000 -0.468343514949083
plotVals: 1993.744695414099851 -5741.000000000000000 -0.465994361788034
plotVals: 1993.772073921971241 -5731.000000000000000 -0.462624575942755
plotVals: 1993.799452429842631 -5721.000000000000000 -0.459234140813351
plotVals: 1993.826830937713794 -5711.000000000000000 -0.456823058426380
plotVals: 1993.854209445585184 -5701.000000000000000 -0.453391324728727
plotVals: 1993.881587953456574 -5691.000000000000000 -0.450938954949379
plotVals: 1993.908966461327964 -5681.000000000000000 -0.447465930134058
plotVals: 1993.936344969199126 -5671.000000000000000 -0.444972272962332
plotVals: 1993.963723477070516 -5661.000000000000000 -0.442457959055901
plotVals: 1993.991101984941906 -5651.000000000000000 -0.439923003315926
plotVals: 1994.019164955509950 -5641.000000000000000 -0.437367394566536
plotVals: 1994.046543463381340 -5631.000000000000000 -0.433791153132915
plotVals: 1994.073921971252503 -5621.000000000000000 -0.431194256991148
plotVals: 1994.101300479123893 -5611.000000000000000 -0.428576719015837
plotVals: 1994.128678986995283 -5601.000000000000000 -0.425938528031111
plotVals: 1994.156057494866445 -5591.000000000000000 -0.422279704362154
plotVals: 1994.183436002737835 -5581.000000000000000 -0.418600227683783
plotVals: 1994.210814510609225 -5571.000000000000000 -0.415900103747845
plotVals: 1994.238193018480388 -5561.000000000000000 -0.412179335951805
plotVals: 1994.265571526351778 -5551.000000000000000 -0.408437922596931
plotVals: 1994.292950034223168 -5541.000000000000000 -0.404675863683224
plotVals: 1994.320328542094558 -5531.000000000000000 -0.399893157184124
plotVals: 1994.347707049965720 -5521.000000000000000 -0.396089807152748
plotVals: 1994.375085557837110 -5511.000000000000000 -0.391265813261271
plotVals: 1994.402464065708500 -5501.000000000000000 -0.386421166360378
plotVals: 1994.429842573579663 -5491.000000000000000 -0.381555885076523
plotVals: 1994.457221081451053 -5481.000000000000000 -0.376669950783253
plotVals: 1994.484599589322443 -5471.000000000000000 -0.371763370931149
plotVals: 1994.511978097193605 -5461.000000000000000 -0.366836141794920
plotVals: 1994.539356605064995 -5451.000000000000000 -0.360888276249170
plotVals: 1994.566735112936385 -5441.000000000000000 -0.355919759720564
plotVals: 1994.594113620807775 -5431.000000000000000 -0.349930603057146
plotVals: 1994.621492128678938 -5421.000000000000000 -0.343920789659023
plotVals: 1994.648870636550328 -5411.000000000000000 -0.337890334427357
plotVals: 1994.676249144421718 -5401.000000000000000 -0.331839237362146
plotVals: 1994.703627652292880 -5391.000000000000000 -0.325767498463392
plotVals: 1994.731006160164270 -5381.000000000000000 -0.319675099104643
plotVals: 1994.758384668035660 -5371.000000000000000 -0.313562069088221
plotVals: 1994.785763175906823 -5361.000000000000000 -0.307428386062384
plotVals: 1994.813141683778213 -5351.000000000000000 -0.301274064928293
plotVals: 1994.840520191649603 -5341.000000000000000 -0.295099083334208
plotVals: 1994.867898699520765 -5331.000000000000000 -0.287903472781181
plotVals: 1994.895277207392155 -5321.000000000000000 -0.281687200069427
plotVals: 1994.922655715263545 -5311.000000000000000 -0.274450298398733
plotVals: 1994.950034223134935 -5301.000000000000000 -0.268192734569311
plotVals: 1994.977412731006098 -5291.000000000000000 -0.260914534330368
plotVals: 1995.005475701574369 -5281.000000000000000 -0.253615692257881
plotVals: 1995.032854209445532 -5271.000000000000000 -0.246296197175980
plotVals: 1995.060232717316921 -5261.000000000000000 -0.237956061959267
plotVals: 1995.087611225188311 -5251.000000000000000 -0.230595275759697
plotVals: 1995.114989733059474 -5241.000000000000000 -0.222213853150606
plotVals: 1995.142368240930864 -5231.000000000000000 -0.214811772108078
plotVals: 1995.169746748802254 -5221.000000000000000 -0.206389054656029
plotVals: 1995.197125256673417 -5211.000000000000000 -0.198945682495832
plotVals: 1995.224503764544806 -5201.000000000000000 -0.191481672227383
plotVals: 1995.251882272416196 -5191.000000000000000 -0.182997014373541
plotVals: 1995.279260780287586 -5181.000000000000000 -0.174491714686155
plotVals: 1995.306639288158749 -5171.000000000000000 -0.166965760290623
plotVals: 1995.334017796030139 -5161.000000000000000 -0.158419169485569
plotVals: 1995.361396303901529 -5151.000000000000000 -0.150851927697659
plotVals: 1995.388774811772691 -5141.000000000000000 -0.143264036625624
plotVals: 1995.416153319644081 -5131.000000000000000 -0.134655505418777
plotVals: 1995.443531827515471 -5121.000000000000000 -0.127026326954365
plotVals: 1995.470910335386634 -5111.000000000000000 -0.119376502931118
plotVals: 1995.498288843258024 -5101.000000000000000 -0.111706029623747
plotVals: 1995.525667351129414 -5091.000000000000000 -0.104014921933413
plotVals: 1995.553045859000576 -5081.000000000000000 -0.096303161233664
plotVals: 1995.580424366871966 -5071.000000000000000 -0.088570747524500
plotVals: 1995.607802874743356 -5061.000000000000000 -0.081817701458931
plotVals: 1995.635181382614746 -5051.000000000000000 -0.074044000357389
plotVals: 1995.662559890485909 -5041.000000000000000 -0.066249657422304
plotVals: 1995.689938398357299 -5031.000000000000000 -0.060434669256210
plotVals: 1995.717316906228689 -5021.000000000000000 -0.053599033504725
plotVals: 1995.744695414099851 -5011.000000000000000 -0.046742752194405
plotVals: 1995.772073921971241 -5001.000000000000000 -0.039865829050541
plotVals: 1995.799452429842631 -4991.000000000000000 -0.033968258649111
plotVals: 1995.826830937713794 -4981.000000000000000 -0.027050040662289
plotVals: 1995.854209445585184 -4971.000000000000000 -0.021111175417900
plotVals: 1995.881587953456574 -4961.000000000000000 -0.015151664614677
plotVals: 1995.908966461327964 -4951.000000000000000 -0.008171509951353
plotVals: 1995.936344969199126 -4941.000000000000000 -0.002170711755753
plotVals: 1995.963723477070516 -4931.000000000000000 0.004850734025240
plotVals: 1995.991101984941906 -4921.000000000000000 0.010892823338509
plotVals: 1996.019164955509950 -4911.000000000000000 0.016955565661192
plotVals: 1996.046543463381340 -4901.000000000000000 0.024038944393396
plotVals: 1996.073921971252503 -4891.000000000000000 0.030142977833748
plotVals: 1996.101300479123893 -4881.000000000000000 0.037267647683620
plotVals: 1996.128678986995283 -4871.000000000000000 0.044412966817617
plotVals: 1996.156057494866445 -4861.000000000000000 0.051578938961029
plotVals: 1996.183436002737835 -4851.000000000000000 0.058765549212694
plotVals: 1996.210814510609225 -4841.000000000000000 0.065972801297903
plotVals: 1996.238193018480388 -4831.000000000000000 0.073200710117817
plotVals: 1996.265571526351778 -4821.000000000000000 0.081449251621962
plotVals: 1996.292950034223168 -4811.000000000000000 0.088718455284834
plotVals: 1996.320328542094558 -4801.000000000000000 0.098008289933205
plotVals: 1996.347707049965720 -4791.000000000000000 0.105318773537874
plotVals: 1996.375085557837110 -4781.000000000000000 0.113649908453226
plotVals: 1996.402464065708500 -4771.000000000000000 0.122001685202122
plotVals: 1996.429842573579663 -4761.000000000000000 0.131374105811119
plotVals: 1996.457221081451053 -4751.000000000000000 0.140767171978951
plotVals: 1996.484599589322443 -4741.000000000000000 0.150180887430906
plotVals: 1996.511978097193605 -4731.000000000000000 0.159615252166986
plotVals: 1996.539356605064995 -4721.000000000000000 0.169070255011320
plotVals: 1996.566735112936385 -4711.000000000000000 0.178545907139778
plotVals: 1996.594113620807775 -4701.000000000000000 0.188042197376490
plotVals: 1996.621492128678938 -4691.000000000000000 0.198559142649174
plotVals: 1996.648870636550328 -4681.000000000000000 0.209096733480692
plotVals: 1996.676249144421718 -4671.000000000000000 0.219654969871044
plotVals: 1996.703627652292880 -4661.000000000000000 0.229233842343092
plotVals: 1996.731006160164270 -4651.000000000000000 0.238833371549845
plotVals: 1996.758384668035660 -4641.000000000000000 0.248453538864851
plotVals: 1996.785763175906823 -4631.000000000000000 0.259094357490540
plotVals: 1996.813141683778213 -4621.000000000000000 0.269755821675062
plotVals: 1996.840520191649603 -4611.000000000000000 0.279437929391861
plotVals: 1996.867898699520765 -4601.000000000000000 0.289140678942204
plotVals: 1996.895277207392155 -4591.000000000000000 0.298864085227251
plotVals: 1996.922655715263545 -4581.000000000000000 0.308608125895262
plotVals: 1996.950034223134935 -4571.000000000000000 0.319372817873955
plotVals: 1996.977412731006098 -4561.000000000000000 0.329158157110214
plotVals: 1997.002737850787071 -4551.000000000000000 0.338964138180017
plotVals: 1997.030116358658461 -4541.000000000000000 0.348790761083364
plotVals: 1997.057494866529851 -4531.000000000000000 0.357638034969568
plotVals: 1997.084873374401013 -4521.000000000000000 0.367505960166454
plotVals: 1997.112251882272403 -4511.000000000000000 0.377394523471594
plotVals: 1997.139630390143793 -4501.000000000000000 0.387303732335567
plotVals: 1997.167008898014956 -4491.000000000000000 0.396233588457108
plotVals: 1997.194387405886346 -4481.000000000000000 0.405184093862772
plotVals: 1997.221765913757736 -4471.000000000000000 0.414155233651400
plotVals: 1997.249144421629126 -4461.000000000000000 0.422147031873465
plotVals: 1997.276522929500288 -4451.000000000000000 0.431159466505051
plotVals: 1997.303901437371678 -4441.000000000000000 0.440192554146051
plotVals: 1997.331279945243068 -4431.000000000000000 0.448246281594038
plotVals: 1997.358658453114231 -4421.000000000000000 0.455320656299591
plotVals: 1997.386036960985621 -4411.000000000000000 0.462415680289268
plotVals: 1997.413415468857011 -4401.000000000000000 0.469531353563070
plotVals: 1997.440793976728173 -4391.000000000000000 0.476667664945126
plotVals: 1997.468172484599563 -4381.000000000000000 0.483824618160725
plotVals: 1997.495550992470953 -4371.000000000000000 0.490002226084471
plotVals: 1997.522929500342343 -4361.000000000000000 0.495200473815203
plotVals: 1997.550308008213506 -4351.000000000000000 0.500419367104769
plotVals: 1997.577686516084896 -4341.000000000000000 0.504658915102482
plotVals: 1997.605065023956286 -4331.000000000000000 0.508919101208448
plotVals: 1997.632443531827448 -4321.000000000000000 0.513199932873249
plotVals: 1997.659822039698838 -4311.000000000000000 0.517501413822174
plotVals: 1997.687200547570228 -4301.000000000000000 0.519823536276817
plotVals: 1997.714579055441391 -4291.000000000000000 0.521166305989027
plotVals: 1997.741957563312781 -4281.000000000000000 0.522529724985361
plotVals: 1997.769336071184171 -4271.000000000000000 0.523913782089949
plotVals: 1997.796714579055333 -4261.000000000000000 0.525318484753370
plotVals: 1997.824093086926723 -4251.000000000000000 0.526743840426207
plotVals: 1997.851471594798113 -4241.000000000000000 0.525189843028784
plotVals: 1997.878850102669503 -4231.000000000000000 0.523656483739614
plotVals: 1997.906228610540666 -4221.000000000000000 0.522143773734570
plotVals: 1997.933607118412056 -4211.000000000000000 0.520651709288359
plotVals: 1997.960985626283446 -4201.000000000000000 0.518180292099714
plotVals: 1997.988364134154608 -4191.000000000000000 0.515729520469904
plotVals: 1998.016427104722879 -4181.000000000000000 0.512299388647079
plotVals: 1998.043805612594042 -4171.000000000000000 0.508889906108379
plotVals: 1998.071184120465432 -4161.000000000000000 0.505501072853804
plotVals: 1998.098562628336822 -4151.000000000000000 0.501132883131504
plotVals: 1998.125941136207985 -4141.000000000000000 0.495785333216190
plotVals: 1998.153319644079374 -4131.000000000000000 0.490458440035582
plotVals: 1998.180698151950764 -4121.000000000000000 0.484152190387249
plotVals: 1998.208076659821927 -4111.000000000000000 0.476866573095322
plotVals: 1998.235455167693317 -4101.000000000000000 0.470601614564657
plotVals: 1998.262833675564707 -4091.000000000000000 0.463357299566269
plotVals: 1998.290212183436097 -4081.000000000000000 0.455133631825447
plotVals: 1998.317590691307259 -4071.000000000000000 0.446930605918169
plotVals: 1998.344969199178649 -4061.000000000000000 0.438748218119144
plotVals: 1998.372347707050039 -4051.000000000000000 0.430586483329535
plotVals: 1998.399726214921202 -4041.000000000000000 0.421445403248072
plotVals: 1998.427104722792592 -4031.000000000000000 0.413324959576130
plotVals: 1998.454483230663982 -4021.000000000000000 0.404225159436464
plotVals: 1998.481861738535144 -4011.000000000000000 0.395146012306213
plotVals: 1998.509240246406534 -4001.000000000000000 0.386087503284216
plotVals: 1998.536618754277924 -3991.000000000000000 0.377049650996923
plotVals: 1998.563997262149314 -3981.000000000000000 0.368032433092594
plotVals: 1998.591375770020477 -3971.000000000000000 0.359035868197680
plotVals: 1998.618754277891867 -3961.000000000000000 0.349059946835041
plotVals: 1998.646132785763257 -3951.000000000000000 0.340104661881924
plotVals: 1998.673511293634419 -3941.000000000000000 0.331170037388802
plotVals: 1998.700889801505809 -3931.000000000000000 0.321256048977375
plotVals: 1998.728268309377199 -3921.000000000000000 0.312362708151340
plotVals: 1998.755646817248362 -3911.000000000000000 0.303490016609430
plotVals: 1998.783025325119752 -3901.000000000000000 0.293637968599796
plotVals: 1998.810403832991142 -3891.000000000000000 0.284806564450264
plotVals: 1998.837782340862532 -3881.000000000000000 0.275995809584856
plotVals: 1998.865160848733694 -3871.000000000000000 0.267205696552992
plotVals: 1998.892539356605084 -3861.000000000000000 0.258436232805252
plotVals: 1998.919917864476474 -3851.000000000000000 0.249687410891056
plotVals: 1998.947296372347637 -3841.000000000000000 0.240959238260984
plotVals: 1998.974674880219027 -3831.000000000000000 0.232251707464457
plotVals: 1999.002737850787071 -3821.000000000000000 0.223564829677343
plotVals: 1999.030116358658461 -3811.000000000000000 0.215898592025042
plotVals: 1999.057494866529851 -3801.000000000000000 0.207252997905016
plotVals: 1999.084873374401013 -3791.000000000000000 0.199628051370382
plotVals: 1999.112251882272403 -3781.000000000000000 0.192023754119873
plotVals: 1999.139630390143793 -3771.000000000000000 0.184440098702908
plotVals: 1999.167008898014956 -3761.000000000000000 0.176877092570066
plotVals: 1999.194387405886346 -3751.000000000000000 0.170334730297327
plotVals: 1999.221765913757736 -3741.000000000000000 0.163813006132841
plotVals: 1999.249144421629126 -3731.000000000000000 0.157311934977770
plotVals: 1999.276522929500288 -3721.000000000000000 0.150831509381533
plotVals: 1999.303901437371678 -3711.000000000000000 0.145371731370687
plotVals: 1999.331279945243068 -3701.000000000000000 0.138932593166828
plotVals: 1999.358658453114231 -3691.000000000000000 0.133514106273651
plotVals: 1999.386036960985621 -3681.000000000000000 0.127116262912750
plotVals: 1999.413415468857011 -3671.000000000000000 0.121739067137241
plotVals: 1999.440793976728173 -3661.000000000000000 0.116382516920567
plotVals: 1999.468172484599563 -3651.000000000000000 0.111046612262726
plotVals: 1999.495550992470953 -3641.000000000000000 0.105731349438429
plotVals: 1999.522929500342343 -3631.000000000000000 0.100436739623547
plotVals: 1999.550308008213506 -3621.000000000000000 0.095162764191628
plotVals: 1999.577686516084896 -3611.000000000000000 0.090909440070391
plotVals: 1999.605065023956286 -3601.000000000000000 0.085676763206720
plotVals: 1999.632443531827448 -3591.000000000000000 0.080464731901884
plotVals: 1999.659822039698838 -3581.000000000000000 0.076273340731859
plotVals: 1999.687200547570228 -3571.000000000000000 0.071102600544691
plotVals: 1999.714579055441391 -3561.000000000000000 0.065952505916357
plotVals: 1999.741957563312781 -3551.000000000000000 0.061823062598705
plotVals: 1999.769336071184171 -3541.000000000000000 0.056714255362749
plotVals: 1999.796714579055333 -3531.000000000000000 0.052626099437475
plotVals: 1999.824093086926723 -3521.000000000000000 0.047558587044477
plotVals: 1999.851471594798113 -3511.000000000000000 0.043511714786291
plotVals: 1999.878850102669503 -3501.000000000000000 0.038485493510962
plotVals: 1999.906228610540666 -3491.000000000000000 0.034479923546314
plotVals: 1999.933607118412056 -3481.000000000000000 0.029494993388653
plotVals: 1999.960985626283446 -3471.000000000000000 0.025530710816383
plotVals: 1999.988364134154608 -3461.000000000000000 0.020587071776390
plotVals: 2000.016427104722879 -3451.000000000000000 0.015664078295231
plotVals: 2000.043805612594042 -3441.000000000000000 0.010761730372906
plotVals: 2000.071184120465432 -3431.000000000000000 0.005880031734705
plotVals: 2000.098562628336822 -3421.000000000000000 0.001018974930048
plotVals: 2000.125941136207985 -3411.000000000000000 -0.003821432590485
plotVals: 2000.153319644079374 -3401.000000000000000 -0.007641199976206
plotVals: 2000.180698151950764 -3391.000000000000000 -0.012440320104361
plotVals: 2000.208076659821927 -3381.000000000000000 -0.016218788921833
plotVals: 2000.235455167693317 -3371.000000000000000 -0.019976615905762
plotVals: 2000.262833675564707 -3361.000000000000000 -0.023713793605566
plotVals: 2000.290212183436097 -3351.000000000000000 -0.027430333197117
plotVals: 2000.317590691307259 -3341.000000000000000 -0.031126219779253
plotVals: 2000.344969199178649 -3331.000000000000000 -0.033801469951868
plotVals: 2000.372347707050039 -3321.000000000000000 -0.036456070840359
plotVals: 2000.399726214921202 -3311.000000000000000 -0.039090018719435
plotVals: 2000.427104722792592 -3301.000000000000000 -0.042703326791525
plotVals: 2000.454483230663982 -3291.000000000000000 -0.045295983552933
plotVals: 2000.481861738535144 -3281.000000000000000 -0.048868004232645
plotVals: 2000.509240246406534 -3271.000000000000000 -0.051419369876385
plotVals: 2000.536618754277924 -3261.000000000000000 -0.054950091987848
plotVals: 2000.563997262149314 -3251.000000000000000 -0.057460177689791
plotVals: 2000.591375770020477 -3241.000000000000000 -0.059949610382318
plotVals: 2000.618754277891867 -3231.000000000000000 -0.061418391764164
plotVals: 2000.646132785763257 -3221.000000000000000 -0.063866537064314
plotVals: 2000.673511293634419 -3211.000000000000000 -0.066294029355049
plotVals: 2000.700889801505809 -3201.000000000000000 -0.067700885236263
plotVals: 2000.728268309377199 -3191.000000000000000 -0.070087086409330
plotVals: 2000.755646817248362 -3181.000000000000000 -0.072452645748854
plotVals: 2000.783025325119752 -3171.000000000000000 -0.074797555804253
plotVals: 2000.810403832991142 -3161.000000000000000 -0.077121824026108
plotVals: 2000.837782340862532 -3151.000000000000000 -0.079425442963839
plotVals: 2000.865160848733694 -3141.000000000000000 -0.081708423793316
plotVals: 2000.892539356605084 -3131.000000000000000 -0.084970753639936
plotVals: 2000.919917864476474 -3121.000000000000000 -0.087212439626455
plotVals: 2000.947296372347637 -3111.000000000000000 -0.090433482080698
plotVals: 2000.974674880219027 -3101.000000000000000 -0.093633871525526
plotVals: 2001.002053388090417 -3091.000000000000000 -0.095813620835543
plotVals: 2001.027378507871390 -3081.000000000000000 -0.098972722887993
plotVals: 2001.054757015742553 -3071.000000000000000 -0.101111177355051
plotVals: 2001.082135523613942 -3061.000000000000000 -0.104228988289833
plotVals: 2001.109514031485332 -3051.000000000000000 -0.107326157391071
plotVals: 2001.136892539356495 -3041.000000000000000 -0.110402669757605
plotVals: 2001.164271047227885 -3031.000000000000000 -0.113458547741175
plotVals: 2001.191649555099275 -3021.000000000000000 -0.116493776440620
plotVals: 2001.219028062970665 -3011.000000000000000 -0.118508357554674
plotVals: 2001.246406570841827 -3001.000000000000000 -0.120502296835184
plotVals: 2001.273785078713217 -2991.000000000000000 -0.122475586831570
plotVals: 2001.301163586584607 -2981.000000000000000 -0.124428231269121
plotVals: 2001.328542094455770 -2971.000000000000000 -0.126360233873129
plotVals: 2001.355920602327160 -2961.000000000000000 -0.128271583467722
plotVals: 2001.383299110198550 -2951.000000000000000 -0.130162291228771
plotVals: 2001.410677618069712 -2941.000000000000000 -0.132032353430986
plotVals: 2001.438056125941102 -2931.000000000000000 -0.132881775498390
plotVals: 2001.465434633812492 -2921.000000000000000 -0.133710540831089
plotVals: 2001.492813141683882 -2911.000000000000000 -0.134518668055534
plotVals: 2001.520191649555045 -2901.000000000000000 -0.135306142270565
plotVals: 2001.547570157426435 -2891.000000000000000 -0.135072987526655
plotVals: 2001.574948665297825 -2881.000000000000000 -0.134819172322750
plotVals: 2001.602327173168987 -2871.000000000000000 -0.135544713586569
plotVals: 2001.629705681040377 -2861.000000000000000 -0.136249613016844
plotVals: 2001.657084188911767 -2851.000000000000000 -0.135933864861727
plotVals: 2001.684462696782930 -2841.000000000000000 -0.135597467422485
plotVals: 2001.711841204654320 -2831.000000000000000 -0.135240424424410
plotVals: 2001.739219712525710 -2821.000000000000000 -0.134862735867500
plotVals: 2001.766598220397100 -2811.000000000000000 -0.134464405477047
plotVals: 2001.793976728268262 -2801.000000000000000 -0.134045429527760
plotVals: 2001.821355236139652 -2791.000000000000000 -0.133605808019638
plotVals: 2001.848733744011042 -2781.000000000000000 -0.133145544677973
plotVals: 2001.876112251882205 -2771.000000000000000 -0.131664626300335
plotVals: 2001.903490759753595 -2761.000000000000000 -0.130163066089153
plotVals: 2001.930869267624985 -2751.000000000000000 -0.129640862345695
plotVals: 2001.958247775496147 -2741.000000000000000 -0.129098009318113
plotVals: 2001.985626283367537 -2731.000000000000000 -0.128534514456987
plotVals: 2002.013689253935581 -2721.000000000000000 -0.126950368285179
plotVals: 2002.041067761806971 -2711.000000000000000 -0.125345580279827
plotVals: 2002.068446269678361 -2701.000000000000000 -0.123720146715641
plotVals: 2002.095824777549524 -2691.000000000000000 -0.122074067592621
plotVals: 2002.123203285420914 -2681.000000000000000 -0.121407344937325
plotVals: 2002.150581793292304 -2671.000000000000000 -0.119719967246056
plotVals: 2002.177960301163694 -2661.000000000000000 -0.119011953473091
plotVals: 2002.205338809034856 -2651.000000000000000 -0.117283292114735
plotVals: 2002.232717316906246 -2641.000000000000000 -0.114533979445696
plotVals: 2002.260095824777636 -2631.000000000000000 -0.113764032721519
plotVals: 2002.287474332648799 -2621.000000000000000 -0.111973430961370
plotVals: 2002.314852840520189 -2611.000000000000000 -0.111162185668945
plotVals: 2002.342231348391579 -2601.000000000000000 -0.109330289065838
plotVals: 2002.369609856262741 -2591.000000000000000 -0.107477758079767
plotVals: 2002.396988364134131 -2581.000000000000000 -0.105604574084282
plotVals: 2002.424366872005521 -2571.000000000000000 -0.103710744529963
plotVals: 2002.451745379876684 -2561.000000000000000 -0.102796267718077
plotVals: 2002.479123887748074 -2551.000000000000000 -0.100861154496670
plotVals: 2002.506502395619464 -2541.000000000000000 -0.099905386567116
plotVals: 2002.533880903490854 -2531.000000000000000 -0.097928982228041
plotVals: 2002.561259411362016 -2521.000000000000000 -0.095931921154261
plotVals: 2002.588637919233406 -2511.000000000000000 -0.094914220273495
plotVals: 2002.616016427104796 -2501.000000000000000 -0.093875866383314
plotVals: 2002.643394934975959 -2491.000000000000000 -0.091816879808903
plotVals: 2002.670773442847349 -2481.000000000000000 -0.090737238526344
plotVals: 2002.698151950718739 -2471.000000000000000 -0.088636953383684
plotVals: 2002.725530458589901 -2461.000000000000000 -0.087516024708748
plotVals: 2002.752908966461291 -2451.000000000000000 -0.085374444723129
plotVals: 2002.780287474332681 -2441.000000000000000 -0.084212217479944
plotVals: 2002.807665982204071 -2431.000000000000000 -0.083029363304377
plotVals: 2002.835044490075234 -2421.000000000000000 -0.081825844943523
plotVals: 2002.862422997946624 -2411.000000000000000 -0.079601682722569
plotVals: 2002.889801505818014 -2401.000000000000000 -0.077356878668070
plotVals: 2002.917180013689176 -2391.000000000000000 -0.076091431081295
plotVals: 2002.944558521560566 -2381.000000000000000 -0.074805330485106
plotVals: 2002.971937029431956 -2371.000000000000000 -0.073498591780663
plotVals: 2002.999315537303119 -2361.000000000000000 -0.071171205490828
plotVals: 2003.027378507871390 -2351.000000000000000 -0.069823171943426
plotVals: 2003.054757015742553 -2341.000000000000000 -0.067454487085342
plotVals: 2003.082135523613942 -2331.000000000000000 -0.066065169870853
plotVals: 2003.109514031485332 -2321.000000000000000 -0.064655199646950
plotVals: 2003.136892539356495 -2311.000000000000000 -0.063224587589502
plotVals: 2003.164271047227885 -2301.000000000000000 -0.062773317098618
plotVals: 2003.191649555099275 -2291.000000000000000 -0.061301413923502
plotVals: 2003.219028062970665 -2281.000000000000000 -0.059808857738972
plotVals: 2003.246406570841827 -2271.000000000000000 -0.058395661413670
plotVals: 2003.273785078713217 -2261.000000000000000 -0.057761814445257
plotVals: 2003.301163586584607 -2251.000000000000000 -0.057107329368591
plotVals: 2003.328542094455770 -2241.000000000000000 -0.056432195007801
plotVals: 2003.355920602327160 -2231.000000000000000 -0.055536411702633
plotVals: 2003.383299110198550 -2221.000000000000000 -0.054619979113340
plotVals: 2003.410677618069712 -2211.000000000000000 -0.053582910448313
plotVals: 2003.438056125941102 -2201.000000000000000 -0.053325198590755
plotVals: 2003.465434633812492 -2191.000000000000000 -0.052746832370758
plotVals: 2003.492813141683882 -2181.000000000000000 -0.052147816866636
plotVals: 2003.520191649555045 -2171.000000000000000 -0.051228161901236
plotVals: 2003.547570157426435 -2161.000000000000000 -0.050087865442038
plotVals: 2003.574948665297825 -2151.000000000000000 -0.048726916313171
plotVals: 2003.602327173168987 -2141.000000000000000 -0.047145329415798
plotVals: 2003.629705681040377 -2131.000000000000000 -0.045343086123466
plotVals: 2003.657084188911767 -2121.000000000000000 -0.043220207095146
plotVals: 2003.684462696782930 -2111.000000000000000 -0.040976673364639
plotVals: 2003.711841204654320 -2101.000000000000000 -0.038412503898144
plotVals: 2003.739219712525710 -2091.000000000000000 -0.035727679729462
plotVals: 2003.766598220397100 -2081.000000000000000 -0.033722210675478
plotVals: 2003.793976728268262 -2071.000000000000000 -0.031596101820469
plotVals: 2003.821355236139652 -2061.000000000000000 -0.029349338263273
plotVals: 2003.848733744011042 -2051.000000000000000 -0.026981938630342
plotVals: 2003.876112251882205 -2041.000000000000000 -0.024593889713287
plotVals: 2003.903490759753595 -2031.000000000000000 -0.022185191512108
plotVals: 2003.930869267624985 -2021.000000000000000 -0.020555853843689
plotVals: 2003.958247775496147 -2011.000000000000000 -0.019005868583918
plotVals: 2003.985626283367537 -2001.000000000000000 -0.017535232007504
plotVals: 2004.013689253935581 -1991.000000000000000 -0.016043957322836
plotVals: 2004.041067761806971 -1981.000000000000000 -0.014732033014297
plotVals: 2004.068446269678361 -1971.000000000000000 -0.013499464839697
plotVals: 2004.095824777549524 -1961.000000000000000 -0.012846250087023
plotVals: 2004.123203285420914 -1951.000000000000000 -0.012672387063503
plotVals: 2004.150581793292304 -1941.000000000000000 -0.012577880173922
plotVals: 2004.177960301163694 -1931.000000000000000 -0.012662723660469
plotVals: 2004.205338809034856 -1921.000000000000000 -0.012826927006245
plotVals: 2004.232717316906246 -1911.000000000000000 -0.012970484793186
plotVals: 2004.260095824777636 -1901.000000000000000 -0.013693399727345
plotVals: 2004.287474332648799 -1891.000000000000000 -0.014795664697886
plotVals: 2004.314852840520189 -1881.000000000000000 -0.015977285802364
plotVals: 2004.342231348391579 -1871.000000000000000 -0.017138257622719
plotVals: 2004.369609856262741 -1861.000000000000000 -0.018278583884239
plotVals: 2004.396988364134131 -1851.000000000000000 -0.019398272037506
plotVals: 2004.424366872005521 -1841.000000000000000 -0.020897306501865
plotVals: 2004.451745379876684 -1831.000000000000000 -0.022775694727898
plotVals: 2004.479123887748074 -1821.000000000000000 -0.024633444845676
plotVals: 2004.506502395619464 -1811.000000000000000 -0.026670537889004
plotVals: 2004.533880903490854 -1801.000000000000000 -0.028986994177103
plotVals: 2004.561259411362016 -1791.000000000000000 -0.031182803213596
plotVals: 2004.588637919233406 -1781.000000000000000 -0.033557973802090
plotVals: 2004.616016427104796 -1771.000000000000000 -0.036112483590841
plotVals: 2004.643394934975959 -1761.000000000000000 -0.038646355271339
plotVals: 2004.670773442847349 -1751.000000000000000 -0.041059579700232
plotVals: 2004.698151950718739 -1741.000000000000000 -0.043452162295580
plotVals: 2004.725530458589901 -1731.000000000000000 -0.045824099332094
plotVals: 2004.752908966461291 -1721.000000000000000 -0.048075381666422
plotVals: 2004.780287474332681 -1711.000000000000000 -0.050206031650305
plotVals: 2004.807665982204071 -1701.000000000000000 -0.052216026932001
plotVals: 2004.835044490075234 -1691.000000000000000 -0.054205372929573
plotVals: 2004.862422997946624 -1681.000000000000000 -0.056074086576700
plotVals: 2004.889801505818014 -1671.000000000000000 -0.057722143828869
plotVals: 2004.917180013689176 -1661.000000000000000 -0.059349559247494
plotVals: 2004.944558521560566 -1651.000000000000000 -0.060756325721741
plotVals: 2004.971937029431956 -1641.000000000000000 -0.062042448669672
plotVals: 2004.999315537303119 -1631.000000000000000 -0.063107922673225
plotVals: 2005.024640657084092 -1621.000000000000000 -0.064352758228779
plotVals: 2005.052019164955482 -1611.000000000000000 -0.065376941114664
plotVals: 2005.079397672826872 -1601.000000000000000 -0.066280484199524
plotVals: 2005.106776180698262 -1591.000000000000000 -0.066963378340006
plotVals: 2005.134154688569424 -1581.000000000000000 -0.067425634711981
plotVals: 2005.161533196440814 -1571.000000000000000 -0.067667230963707
plotVals: 2005.188911704312204 -1561.000000000000000 -0.068088188767433
plotVals: 2005.216290212183367 -1551.000000000000000 -0.068388499319553
plotVals: 2005.243668720054757 -1541.000000000000000 -0.068468164652586
plotVals: 2005.271047227926147 -1531.000000000000000 -0.068627182394266
plotVals: 2005.298425735797309 -1521.000000000000000 -0.068565566092730
plotVals: 2005.325804243668699 -1511.000000000000000 -0.068383291363716
plotVals: 2005.353182751540089 -1501.000000000000000 -0.068180382251740
plotVals: 2005.380561259411252 -1491.000000000000000 -0.067856814712286
plotVals: 2005.407939767282642 -1481.000000000000000 -0.067412607371807
plotVals: 2005.435318275154032 -1471.000000000000000 -0.067047748714685
plotVals: 2005.462696783025422 -1461.000000000000000 -0.066562253981829
plotVals: 2005.490075290896584 -1451.000000000000000 -0.065856110304594
plotVals: 2005.517453798767974 -1441.000000000000000 -0.065729316323996
plotVals: 2005.544832306639364 -1431.000000000000000 -0.065381880849600
plotVals: 2005.572210814510527 -1421.000000000000000 -0.065013799816370
plotVals: 2005.599589322381917 -1411.000000000000000 -0.064825072884560
plotVals: 2005.626967830253307 -1401.000000000000000 -0.064515698701143
plotVals: 2005.654346338124469 -1391.000000000000000 -0.064185678958893
plotVals: 2005.681724845995859 -1381.000000000000000 -0.064335018396378
plotVals: 2005.709103353867249 -1371.000000000000000 -0.064363703131676
plotVals: 2005.736481861738639 -1361.000000000000000 -0.064471751451492
plotVals: 2005.763860369609802 -1351.000000000000000 -0.064659152179956
plotVals: 2005.791238877481192 -1341.000000000000000 -0.064825903624296
plotVals: 2005.818617385352582 -1331.000000000000000 -0.064972009509802
plotVals: 2005.845995893223744 -1321.000000000000000 -0.065397467464209
plotVals: 2005.873374401095134 -1311.000000000000000 -0.066002286970615
plotVals: 2005.900752908966524 -1301.000000000000000 -0.066486451774836
plotVals: 2005.928131416837687 -1291.000000000000000 -0.067349977791309
plotVals: 2005.955509924709077 -1281.000000000000000 -0.068292859941721
plotVals: 2005.982888432580467 -1271.000000000000000 -0.069215092808008
plotVals: 2006.010951403148511 -1261.000000000000000 -0.070416681468487
plotVals: 2006.038329911019900 -1251.000000000000000 -0.071697615087032
plotVals: 2006.065708418891063 -1241.000000000000000 -0.072957914322615
plotVals: 2006.093086926762453 -1231.000000000000000 -0.074397560209036
plotVals: 2006.120465434633843 -1221.000000000000000 -0.076016567647457
plotVals: 2006.147843942505233 -1211.000000000000000 -0.077514927834272
plotVals: 2006.175222450376395 -1201.000000000000000 -0.079092636704445
plotVals: 2006.202600958247785 -1191.000000000000000 -0.080849707126617
plotVals: 2006.229979466119175 -1181.000000000000000 -0.082486130297184
plotVals: 2006.257357973990338 -1171.000000000000000 -0.084201905876398
plotVals: 2006.284736481861728 -1161.000000000000000 -0.086097035557032
plotVals: 2006.312114989733118 -1151.000000000000000 -0.087771516293287
plotVals: 2006.339493497604280 -1141.000000000000000 -0.089625358581543
plotVals: 2006.366872005475670 -1131.000000000000000 -0.091558549553156
plotVals: 2006.394250513347060 -1121.000000000000000 -0.093271102756262
plotVals: 2006.421629021218450 -1111.000000000000000 -0.095063000917435
plotVals: 2006.449007529089613 -1101.000000000000000 -0.096934258937836
plotVals: 2006.476386036961003 -1091.000000000000000 -0.098584871739149
plotVals: 2006.503764544832393 -1081.000000000000000 -0.100214835256338
plotVals: 2006.531143052703555 -1071.000000000000000 -0.101624149829149
plotVals: 2006.558521560574945 -1061.000000000000000 -0.103112824261189
plotVals: 2006.585900068446335 -1051.000000000000000 -0.104580853134394
plotVals: 2006.613278576317498 -1041.000000000000000 -0.106228236109018
plotVals: 2006.640657084188888 -1031.000000000000000 -0.107754975557327
plotVals: 2006.668035592060278 -1021.000000000000000 -0.109361063688993
plotVals: 2006.695414099931440 -1011.000000000000000 -0.110846508294344
plotVals: 2006.722792607802830 -1001.000000000000000 -0.112411301583052
plotVals: 2006.750171115674220 -991.000000000000000 -0.114155460149050
plotVals: 2006.777549623545610 -981.000000000000000 -0.115978967398405
plotVals: 2006.804928131416773 -971.000000000000000 -0.117781829088926
plotVals: 2006.832306639288163 -961.000000000000000 -0.119664043188095
plotVals: 2006.859685147159553 -951.000000000000000 -0.121525615453720
plotVals: 2006.887063655030715 -941.000000000000000 -0.123366542160511
plotVals: 2006.914442162902105 -931.000000000000000 -0.125186823308468
plotVals: 2006.941820670773495 -921.000000000000000 -0.127486452460289
plotVals: 2006.969199178644658 -911.000000000000000 -0.129665441811085
plotVals: 2006.996577686516048 -901.000000000000000 -0.131823785603046
plotVals: 2007.024640657084092 -891.000000000000000 -0.134361486881971
plotVals: 2007.052019164955482 -881.000000000000000 -0.136878531426191
plotVals: 2007.079397672826872 -871.000000000000000 -0.139174941927195
plotVals: 2007.106776180698262 -861.000000000000000 -0.141750697046518
plotVals: 2007.134154688569424 -851.000000000000000 -0.144205812364817
plotVals: 2007.161533196440814 -841.000000000000000 -0.146540276706219
plotVals: 2007.188911704312204 -831.000000000000000 -0.148654099553823
plotVals: 2007.216290212183367 -821.000000000000000 -0.150547273457050
plotVals: 2007.243668720054757 -811.000000000000000 -0.152319811284542
plotVals: 2007.271047227926147 -801.000000000000000 -0.153971690684557
plotVals: 2007.298425735797309 -791.000000000000000 -0.155402932316065
plotVals: 2007.325804243668699 -781.000000000000000 -0.156613528728485
plotVals: 2007.353182751540089 -771.000000000000000 -0.157703481614590
plotVals: 2007.380561259411252 -761.000000000000000 -0.158672783523798
plotVals: 2007.407939767282642 -751.000000000000000 -0.159421440213919
plotVals: 2007.435318275154032 -741.000000000000000 -0.160249445587397
plotVals: 2007.462696783025422 -731.000000000000000 -0.160956814885139
plotVals: 2007.490075290896584 -721.000000000000000 -0.161443535238504
plotVals: 2007.517453798767974 -711.000000000000000 -0.162109609693289
plotVals: 2007.544832306639364 -701.000000000000000 -0.162555031478405
plotVals: 2007.572210814510527 -691.000000000000000 -0.162879824638367
plotVals: 2007.599589322381917 -681.000000000000000 -0.163283962756395
plotVals: 2007.626967830253307 -671.000000000000000 -0.163567449897528
plotVals: 2007.654346338124469 -661.000000000000000 -0.163730300962925
plotVals: 2007.681724845995859 -651.000000000000000 -0.163972496986389
plotVals: 2007.709103353867249 -641.000000000000000 -0.164094049483538
plotVals: 2007.736481861738639 -631.000000000000000 -0.164094962179661
plotVals: 2007.763860369609802 -621.000000000000000 -0.164275228977203
plotVals: 2007.791238877481192 -611.000000000000000 -0.164234839379787
plotVals: 2007.818617385352582 -601.000000000000000 -0.164173811674118
plotVals: 2007.845995893223744 -591.000000000000000 -0.164092142134905
plotVals: 2007.873374401095134 -581.000000000000000 -0.163989823311567
plotVals: 2007.900752908966524 -571.000000000000000 -0.163866851478815
plotVals: 2007.928131416837687 -561.000000000000000 -0.163723241537809
plotVals: 2007.955509924709077 -551.000000000000000 -0.163758989423513
plotVals: 2007.982888432580467 -541.000000000000000 -0.163674082607031
plotVals: 2008.010951403148511 -531.000000000000000 -0.163568537682295
plotVals: 2008.038329911019900 -521.000000000000000 -0.163442343473434
plotVals: 2008.065708418891063 -511.000000000000000 -0.163195502012968
plotVals: 2008.093086926762453 -501.000000000000000 -0.163028016686440
plotVals: 2008.120465434633843 -491.000000000000000 -0.162839885801077
plotVals: 2008.147843942505233 -481.000000000000000 -0.162531115114689
plotVals: 2008.175222450376395 -471.000000000000000 -0.162301685661077
plotVals: 2008.202600958247785 -461.000000000000000 -0.161951623857021
plotVals: 2008.229979466119175 -451.000000000000000 -0.161480903625488
plotVals: 2008.257357973990338 -441.000000000000000 -0.160989549010992
plotVals: 2008.284736481861728 -431.000000000000000 -0.160577543079853
plotVals: 2008.312114989733118 -421.000000000000000 -0.159944895654917
plotVals: 2008.339493497604280 -411.000000000000000 -0.159291598945856
plotVals: 2008.366872005475670 -401.000000000000000 -0.158617656677961
plotVals: 2008.394250513347060 -391.000000000000000 -0.157923065125942
plotVals: 2008.421629021218450 -381.000000000000000 -0.157207831740379
plotVals: 2008.449007529089613 -371.000000000000000 -0.156571950763464
plotVals: 2008.476386036961003 -361.000000000000000 -0.155915427953005
plotVals: 2008.503764544832393 -351.000000000000000 -0.155238255858421
plotVals: 2008.531143052703555 -341.000000000000000 -0.154740445315838
plotVals: 2008.558521560574945 -331.000000000000000 -0.154021982103586
plotVals: 2008.585900068446335 -321.000000000000000 -0.153382875025272
plotVals: 2008.613278576317498 -311.000000000000000 -0.152623124420643
plotVals: 2008.640657084188888 -301.000000000000000 -0.151742722839117
plotVals: 2008.668035592060278 -291.000000000000000 -0.150741677731276
plotVals: 2008.695414099931440 -281.000000000000000 -0.149919990450144
plotVals: 2008.722792607802830 -271.000000000000000 -0.148777652531862
plotVals: 2008.750171115674220 -261.000000000000000 -0.147514674812555
plotVals: 2008.777549623545610 -251.000000000000000 -0.146531045436859
plotVals: 2008.804928131416773 -241.000000000000000 -0.145226772874594
plotVals: 2008.832306639288163 -231.000000000000000 -0.143801849335432
plotVals: 2008.859685147159553 -221.000000000000000 -0.142456289380789
plotVals: 2008.887063655030715 -211.000000000000000 -0.140790075063705
plotVals: 2008.914442162902105 -201.000000000000000 -0.139003220945597
plotVals: 2008.941820670773495 -191.000000000000000 -0.137195717543364
plotVals: 2008.969199178644658 -181.000000000000000 -0.135167576372623
plotVals: 2008.996577686516048 -171.000000000000000 -0.132918782532215
plotVals: 2009.021902806297021 -161.000000000000000 -0.130949344485998
plotVals: 2009.049281314168411 -151.000000000000000 -0.128759257495403
plotVals: 2009.076659822039801 -141.000000000000000 -0.126348529011011
plotVals: 2009.104038329910964 -131.000000000000000 -0.124117154628038
plotVals: 2009.131416837782353 -121.000000000000000 -0.121765132993460
plotVals: 2009.158795345653743 -111.000000000000000 -0.119192466139793
plotVals: 2009.186173853524906 -101.000000000000000 -0.116899151355028
plotVals: 2009.213552361396296 -91.000000000000000 -0.114385195076466
plotVals: 2009.240930869267686 -81.000000000000000 -0.111650589853525
plotVals: 2009.268309377138849 -71.000000000000000 -0.109195344150066
plotVals: 2009.295687885010238 -61.000000000000000 -0.106619447469711
plotVals: 2009.323066392881628 -51.000000000000000 -0.103722903877497
plotVals: 2009.350444900753018 -41.000000000000000 -0.101205717772245
plotVals: 2009.377823408624181 -31.000000000000000 -0.098467882722616
plotVals: 2009.405201916495571 -21.000000000000000 -0.095509413629770
plotVals: 2009.432580424366961 -11.000000000000000 -0.092930287122726
plotVals: 2009.459958932238123 -1.000000000000000 -0.090130511671305
plotVals: 2009.487337440109513 9.000000000000000 -0.087110094726086
plotVals: 2009.514715947980903 19.000000000000000 -0.084469038993120
plotVals: 2009.542094455852066 29.000000000000000 -0.081707336008549
plotVals: 2009.569472963723456 39.000000000000000 -0.078824982047081
plotVals: 2009.596851471594846 49.000000000000000 -0.076221983879805
plotVals: 2009.624229979466008 59.000000000000000 -0.073598340153694
plotVals: 2009.651608487337398 69.000000000000000 -0.070854049175978
plotVals: 2009.678986995208788 79.000000000000000 -0.068289112299681
plotVals: 2009.706365503080178 89.000000000000000 -0.065903533250093
plotVals: 2009.733744010951341 99.000000000000000 -0.063397310674191
plotVals: 2009.761122518822731 109.000000000000000 -0.061070434749126
plotVals: 2009.788501026694121 119.000000000000000 -0.058822918683290
plotVals: 2009.815879534565283 129.000000000000000 -0.056454759091139
plotVals: 2009.843258042436673 139.000000000000000 -0.054265946149826
plotVals: 2009.870636550308063 149.000000000000000 -0.052256491035223
plotVals: 2009.898015058179226 159.000000000000000 -0.050026390701532
plotVals: 2009.925393566050616 169.000000000000000 -0.047775644809008
plotVals: 2009.952772073922006 179.000000000000000 -0.045704249292612
plotVals: 2009.980150581793396 189.000000000000000 -0.043412219733000
plotVals: 2010.008213552361440 199.000000000000000 -0.041099537163973
plotVals: 2010.035592060232830 209.000000000000000 -0.038866207003593
plotVals: 2010.062970568103992 219.000000000000000 -0.036312229931355
plotVals: 2010.090349075975382 229.000000000000000 -0.033837608993053
plotVals: 2010.117727583846772 239.000000000000000 -0.031342342495918
plotVals: 2010.145106091717935 249.000000000000000 -0.028526436537504
plotVals: 2010.172484599589325 259.000000000000000 -0.025689873844385
plotVals: 2010.199863107460715 269.000000000000000 -0.022832676768303
plotVals: 2010.227241615331877 279.000000000000000 -0.019654825329781
plotVals: 2010.254620123203267 289.000000000000000 -0.016456332057714
plotVals: 2010.281998631074657 299.000000000000000 -0.013237189501524
plotVals: 2010.309377138945820 309.000000000000000 -0.009697407484055
plotVals: 2010.336755646817210 319.000000000000000 -0.006136968731880
plotVals: 2010.364134154688600 329.000000000000000 -0.002555895596743
plotVals: 2010.391512662559990 339.000000000000000 0.001345828175545
plotVals: 2010.418891170431152 349.000000000000000 0.005168195813894
plotVals: 2010.446269678302542 359.000000000000000 0.009011216461658
plotVals: 2010.473648186173932 369.000000000000000 0.013174872845411
plotVals: 2010.501026694045095 379.000000000000000 0.017259180545807
plotVals: 2010.528405201916485 389.000000000000000 0.021364126354456
plotVals: 2010.555783709787875 399.000000000000000 0.025689724832773
plotVals: 2010.583162217659037 409.000000000000000 0.030035961419344
plotVals: 2010.610540725530427 419.000000000000000 0.034302853047848
plotVals: 2010.637919233401817 429.000000000000000 0.038790389895439
plotVals: 2010.665297741273207 439.000000000000000 0.043598566204309
plotVals: 2010.692676249144370 449.000000000000000 0.048027388751507
plotVals: 2010.720054757015760 459.000000000000000 0.052676863968372
plotVals: 2010.747433264887150 469.000000000000000 0.057546980679035
plotVals: 2010.774811772758312 479.000000000000000 0.062037743628025
plotVals: 2010.802190280629702 489.000000000000000 0.066749151796103
plotVals: 2010.829568788501092 499.000000000000000 0.071781203150749
plotVals: 2010.856947296372255 509.000000000000000 0.076333902776241
plotVals: 2010.884325804243645 519.000000000000000 0.081107247620821
plotVals: 2010.911704312115035 529.000000000000000 0.086101241409779
plotVals: 2010.939082819986197 539.000000000000000 0.090815875679255
plotVals: 2010.966461327857587 549.000000000000000 0.095651153475046
plotVals: 2010.993839835728977 559.000000000000000 0.100607085973024
plotVals: 2011.021902806297021 569.000000000000000 0.105583656579256
plotVals: 2011.049281314168411 579.000000000000000 0.110580880194902
plotVals: 2011.076659822039801 589.000000000000000 0.115798745304346
plotVals: 2011.104038329910964 599.000000000000000 0.120437256991863
plotVals: 2011.131416837782353 609.000000000000000 0.125296410173178
plotVals: 2011.158795345653743 619.000000000000000 0.130176208913326
plotVals: 2011.186173853524906 629.000000000000000 0.134676661342382
plotVals: 2011.213552361396296 639.000000000000000 0.139297753572464
plotVals: 2011.240930869267686 649.000000000000000 0.144139494746923
plotVals: 2011.268309377138849 659.000000000000000 0.148501880466938
plotVals: 2011.295687885010238 669.000000000000000 0.153184905648232
plotVals: 2011.323066392881628 679.000000000000000 0.158088587224483
plotVals: 2011.350444900753018 689.000000000000000 0.162512905895710
plotVals: 2011.377823408624181 699.000000000000000 0.167257875204086
plotVals: 2011.405201916495571 709.000000000000000 0.172323483973742
plotVals: 2011.432580424366961 719.000000000000000 0.177009750157595
plotVals: 2011.459958932238123 729.000000000000000 0.181916650384665
plotVals: 2011.487337440109513 739.000000000000000 0.187044199556112
plotVals: 2011.514715947980903 749.000000000000000 0.191692396998405
plotVals: 2011.542094455852066 759.000000000000000 0.196561239659786
plotVals: 2011.569472963723456 769.000000000000000 0.201450724154711
plotVals: 2011.596851471594846 779.000000000000000 0.205960854887962
plotVals: 2011.624229979466008 789.000000000000000 0.210591632872820
plotVals: 2011.651608487337398 799.000000000000000 0.215143058449030
plotVals: 2011.678986995208788 809.000000000000000 0.219615131616592
plotVals: 2011.706365503080178 819.000000000000000 0.223907846957445
plotVals: 2011.733744010951341 829.000000000000000 0.228221207857132
plotVals: 2011.761122518822731 839.000000000000000 0.232255209237337
plotVals: 2011.788501026694121 849.000000000000000 0.236109867691994
plotVals: 2011.815879534565283 859.000000000000000 0.239985164254904
plotVals: 2011.843258042436673 869.000000000000000 0.243681114166975
plotVals: 2011.870636550308063 879.000000000000000 0.246997691690922
plotVals: 2011.898015058179226 889.000000000000000 0.250334933400154
plotVals: 2011.925393566050616 899.000000000000000 0.253392808139324
plotVals: 2011.952772073922006 909.000000000000000 0.256271339952946
plotVals: 2011.980150581793396 919.000000000000000 0.259270511567593
plotVals: 2012.008213552361440 929.000000000000000 0.262190330773592
plotVals: 2012.035592060232830 939.000000000000000 0.265230797231197
plotVals: 2012.062970568103992 949.000000000000000 0.268391903489828
plotVals: 2012.090349075975382 959.000000000000000 0.271473661065102
plotVals: 2012.117727583846772 969.000000000000000 0.274576064199209
plotVals: 2012.145106091717935 979.000000000000000 0.277899108827114
plotVals: 2012.172484599589325 989.000000000000000 0.281142797321081
plotVals: 2012.199863107460715 999.000000000000000 0.284307137131691
plotVals: 2012.227241615331877 1009.000000000000000 0.287592127919197
plotVals: 2012.254620123203267 1019.000000000000000 0.290697753429413
plotVals: 2012.281998631074657 1029.000000000000000 0.293524023145437
plotVals: 2012.309377138945820 1039.000000000000000 0.296470951288939
plotVals: 2012.336755646817210 1049.000000000000000 0.299138516187668
plotVals: 2012.364134154688600 1059.000000000000000 0.301726724952459
plotVals: 2012.391512662559990 1069.000000000000000 0.304435588419437
plotVals: 2012.418891170431152 1079.000000000000000 0.306965082883835
plotVals: 2012.446269678302542 1089.000000000000000 0.309415236115456
plotVals: 2012.473648186173932 1099.000000000000000 0.311886031180620
plotVals: 2012.501026694045095 1109.000000000000000 0.314077474176884
plotVals: 2012.528405201916485 1119.000000000000000 0.315989561378956
plotVals: 2012.555783709787875 1129.000000000000000 0.317922290414572
plotVals: 2012.583162217659037 1139.000000000000000 0.319675669074059
plotVals: 2012.610540725530427 1149.000000000000000 0.321049693971872
plotVals: 2012.637919233401817 1159.000000000000000 0.322344355285168
plotVals: 2012.665297741273207 1169.000000000000000 0.323559679090977
plotVals: 2012.692676249144370 1179.000000000000000 0.324395634233952
plotVals: 2012.720054757015760 1189.000000000000000 0.325252246111631
plotVals: 2012.747433264887150 1199.000000000000000 0.326029498130083
plotVals: 2012.774811772758312 1209.000000000000000 0.326627396047115
plotVals: 2012.802190280629702 1219.000000000000000 0.327145934104919
plotVals: 2012.829568788501092 1229.000000000000000 0.327685128897429
plotVals: 2012.856947296372255 1239.000000000000000 0.328244954347610
plotVals: 2012.884325804243645 1249.000000000000000 0.328725438565016
plotVals: 2012.911704312115035 1259.000000000000000 0.329226564615965
plotVals: 2012.939082819986197 1269.000000000000000 0.329848334193230
plotVals: 2012.966461327857587 1279.000000000000000 0.330390751361847
plotVals: 2012.993839835728977 1289.000000000000000 0.331053819507360
plotVals: 2013.019164955509950 1299.000000000000000 0.331837527453899
plotVals: 2013.046543463381340 1309.000000000000000 0.332741882652044
plotVals: 2013.073921971252503 1319.000000000000000 0.333666879683733
plotVals: 2013.101300479123893 1329.000000000000000 0.334712531417608
plotVals: 2013.128678986995283 1339.000000000000000 0.335878815501928
plotVals: 2013.156057494866445 1349.000000000000000 0.337065756320953
plotVals: 2013.183436002737835 1359.000000000000000 0.338373336941004
plotVals: 2013.210814510609225 1369.000000000000000 0.339701563119888
plotVals: 2013.238193018480388 1379.000000000000000 0.341050434857607
plotVals: 2013.265571526351778 1389.000000000000000 0.342219956219196
plotVals: 2013.292950034223168 1399.000000000000000 0.343410126864910
plotVals: 2013.320328542094558 1409.000000000000000 0.344420932233334
plotVals: 2013.347707049965720 1419.000000000000000 0.345452386885881
plotVals: 2013.375085557837110 1429.000000000000000 0.346504498273134
plotVals: 2013.402464065708500 1439.000000000000000 0.347577240318060
plotVals: 2013.429842573579663 1449.000000000000000 0.348570633679628
plotVals: 2013.457221081451053 1459.000000000000000 0.349684678018093
plotVals: 2013.484599589322443 1469.000000000000000 0.350719362497330
plotVals: 2013.511978097193605 1479.000000000000000 0.351774696260691
plotVals: 2013.539356605064995 1489.000000000000000 0.352750670164824
plotVals: 2013.566735112936385 1499.000000000000000 0.353647287935019
plotVals: 2013.594113620807775 1509.000000000000000 0.354664560407400
plotVals: 2013.621492128678938 1519.000000000000000 0.355602469295263
plotVals: 2013.648870636550328 1529.000000000000000 0.356761034578085
plotVals: 2013.676249144421718 1539.000000000000000 0.357940234243870
plotVals: 2013.703627652292880 1549.000000000000000 0.359440091997385
plotVals: 2013.731006160164270 1559.000000000000000 0.360960587859154
plotVals: 2013.758384668035660 1569.000000000000000 0.362701728940010
plotVals: 2013.785763175906823 1579.000000000000000 0.364363513886929
plotVals: 2013.813141683778213 1589.000000000000000 0.366145953536034
plotVals: 2013.840520191649603 1599.000000000000000 0.367949027568102
plotVals: 2013.867898699520765 1609.000000000000000 0.369672749191523
plotVals: 2013.895277207392155 1619.000000000000000 0.371417123824358
plotVals: 2013.922655715263545 1629.000000000000000 0.373082138597965
plotVals: 2013.950034223134935 1639.000000000000000 0.374667804688215
plotVals: 2013.977412731006098 1649.000000000000000 0.376274108886719
plotVals: 2014.005475701574369 1659.000000000000000 0.377901066094637
plotVals: 2014.032854209445532 1669.000000000000000 0.379548661410809
plotVals: 2014.060232717316921 1679.000000000000000 0.381216909736395
plotVals: 2014.087611225188311 1689.000000000000000 0.382805794477463
plotVals: 2014.114989733059474 1699.000000000000000 0.384415332227945
plotVals: 2014.142368240930864 1709.000000000000000 0.385845515877008
plotVals: 2014.169746748802254 1719.000000000000000 0.387296345084906
plotVals: 2014.197125256673417 1729.000000000000000 0.388667814433575
plotVals: 2014.224503764544806 1739.000000000000000 0.389959935098886
plotVals: 2014.251882272416196 1749.000000000000000 0.391272693872452
plotVals: 2014.279260780287586 1759.000000000000000 0.392606105655432
plotVals: 2014.306639288158749 1769.000000000000000 0.393860161304474
plotVals: 2014.334017796030139 1779.000000000000000 0.395134862512350
plotVals: 2014.361396303901529 1789.000000000000000 0.396430213004351
plotVals: 2014.388774811772691 1799.000000000000000 0.397646207362413
plotVals: 2014.416153319644081 1809.000000000000000 0.398882839828730
plotVals: 2014.443531827515471 1819.000000000000000 0.400240130722523
plotVals: 2014.470910335386634 1829.000000000000000 0.401618055999279
plotVals: 2014.498288843258024 1839.000000000000000 0.403116635978222
plotVals: 2014.525667351129414 1849.000000000000000 0.404835850000381
plotVals: 2014.553045859000576 1859.000000000000000 0.406675722450018
plotVals: 2014.580424366871966 1869.000000000000000 0.408736232668161
plotVals: 2014.607802874743356 1879.000000000000000 0.410917397588491
plotVals: 2014.635181382614746 1889.000000000000000 0.413219194859266
plotVals: 2014.662559890485909 1899.000000000000000 0.415541648864746
plotVals: 2014.689938398357299 1909.000000000000000 0.417984738945961
plotVals: 2014.717316906228689 1919.000000000000000 0.420448485761881
plotVals: 2014.744695414099851 1929.000000000000000 0.422932866960764
plotVals: 2014.772073921971241 1939.000000000000000 0.425537902861834
plotVals: 2014.799452429842631 1949.000000000000000 0.428163576871157
plotVals: 2014.826830937713794 1959.000000000000000 0.430909905582666
plotVals: 2014.854209445585184 1969.000000000000000 0.433676876127720
plotVals: 2014.881587953456574 1979.000000000000000 0.436464495956898
plotVals: 2014.908966461327964 1989.000000000000000 0.439372748136520
plotVals: 2014.936344969199126 1999.000000000000000 0.442201659083366
plotVals: 2014.963723477070516 2009.000000000000000 0.444951213896275
plotVals: 2014.991101984941906 2019.000000000000000 0.447621408849955
plotVals: 2015.019164955509950 2029.000000000000000 0.450212255120277
plotVals: 2015.046543463381340 2039.000000000000000 0.452723741531372
plotVals: 2015.073921971252503 2049.000000000000000 0.455155875533819
plotVals: 2015.101300479123893 2059.000000000000000 0.457408659160137
plotVals: 2015.128678986995283 2069.000000000000000 0.459682080894709
plotVals: 2015.156057494866445 2079.000000000000000 0.461876157671213
plotVals: 2015.183436002737835 2089.000000000000000 0.464190874248743
plotVals: 2015.210814510609225 2099.000000000000000 0.466526236385107
plotVals: 2015.238193018480388 2109.000000000000000 0.468882247805595
plotVals: 2015.265571526351778 2119.000000000000000 0.471358902752399
plotVals: 2015.292950034223168 2129.000000000000000 0.473956201225519
plotVals: 2015.320328542094558 2139.000000000000000 0.476674150675535
plotVals: 2015.347707049965720 2149.000000000000000 0.479512736201286
plotVals: 2015.375085557837110 2159.000000000000000 0.482471980154514
plotVals: 2015.402464065708500 2169.000000000000000 0.485651861876249
plotVals: 2015.429842573579663 2179.000000000000000 0.488852392882109
plotVals: 2015.457221081451053 2189.000000000000000 0.492173559963703
plotVals: 2015.484599589322443 2199.000000000000000 0.495615392923355
plotVals: 2015.511978097193605 2209.000000000000000 0.498977851122618
plotVals: 2015.539356605064995 2219.000000000000000 0.502260964363813
plotVals: 2015.566735112936385 2229.000000000000000 0.505564723163843
plotVals: 2015.594113620807775 2239.000000000000000 0.508789129555225
plotVals: 2015.621492128678938 2249.000000000000000 0.511934176087379
plotVals: 2015.648870636550328 2259.000000000000000 0.515099868178368
plotVals: 2015.676249144421718 2269.000000000000000 0.518186204135418
plotVals: 2015.703627652292880 2279.000000000000000 0.521293193101883
plotVals: 2015.731006160164270 2289.000000000000000 0.524320825934410
plotVals: 2015.758384668035660 2299.000000000000000 0.527469102293253
plotVals: 2015.785763175906823 2309.000000000000000 0.530538022518158
plotVals: 2015.813141683778213 2319.000000000000000 0.533727589994669
plotVals: 2015.840520191649603 2329.000000000000000 0.536837805062532
plotVals: 2015.867898699520765 2339.000000000000000 0.539968669414520
plotVals: 2015.895277207392155 2349.000000000000000 0.543120171874762
plotVals: 2015.922655715263545 2359.000000000000000 0.546192325651646
plotVals: 2015.950034223134935 2369.000000000000000 0.549185119569302
plotVals: 2015.977412731006098 2379.000000000000000 0.552198559045792
plotVals: 2016.005475701574369 2389.000000000000000 0.555132653564215
plotVals: 2016.032854209445532 2399.000000000000000 0.558087382465601
plotVals: 2016.060232717316921 2409.000000000000000 0.561062768101692
plotVals: 2016.087611225188311 2419.000000000000000 0.563958786427975
plotVals: 2016.114989733059474 2429.000000000000000 0.566775467246771
plotVals: 2016.142368240930864 2439.000000000000000 0.569612782448530
plotVals: 2016.169746748802254 2449.000000000000000 0.572270743548870
plotVals: 2016.197125256673417 2459.000000000000000 0.574949353933334
plotVals: 2016.224503764544806 2469.000000000000000 0.577548604458570
plotVals: 2016.251882272416196 2479.000000000000000 0.580168500542641
plotVals: 2016.279260780287586 2489.000000000000000 0.582609049975872
plotVals: 2016.306639288158749 2499.000000000000000 0.585170239210129
plotVals: 2016.334017796030139 2509.000000000000000 0.587752074003220
plotVals: 2016.361396303901529 2519.000000000000000 0.590354558080435
plotVals: 2016.388774811772691 2529.000000000000000 0.593077685683966
plotVals: 2016.416153319644081 2539.000000000000000 0.595921464264393
plotVals: 2016.443531827515471 2549.000000000000000 0.598785880953074
plotVals: 2016.470910335386634 2559.000000000000000 0.601770944893360
plotVals: 2016.498288843258024 2569.000000000000000 0.604876652359962
plotVals: 2016.525667351129414 2579.000000000000000 0.607903014868498
plotVals: 2016.553045859000576 2589.000000000000000 0.611050020903349
plotVals: 2016.580424366871966 2599.000000000000000 0.614117663353682
plotVals: 2016.607802874743356 2609.000000000000000 0.617205958813429
plotVals: 2016.635181382614746 2619.000000000000000 0.620214898139238
plotVals: 2016.662559890485909 2629.000000000000000 0.623244479298592
plotVals: 2016.689938398357299 2639.000000000000000 0.626094710081816
plotVals: 2016.717316906228689 2649.000000000000000 0.629065588116646
plotVals: 2016.744695414099851 2659.000000000000000 0.631857108324766
plotVals: 2016.772073921971241 2669.000000000000000 0.634569279849529
plotVals: 2016.799452429842631 2679.000000000000000 0.637202087789774
plotVals: 2016.826830937713794 2689.000000000000000 0.639855548739433
plotVals: 2016.854209445585184 2699.000000000000000 0.642429653555155
plotVals: 2016.881587953456574 2709.000000000000000 0.644924402236938
plotVals: 2016.908966461327964 2719.000000000000000 0.647439800202847
plotVals: 2016.936344969199126 2729.000000000000000 0.650175847113132
plotVals: 2016.963723477070516 2739.000000000000000 0.652932524681091
plotVals: 2016.991101984941906 2749.000000000000000 0.655809868127108
plotVals: 2023.153319644079374 5000.000000000000000 2.053979795426130
