plotVals: 1975.484599589322443 -11911.000000000000000 37.090994846075773
plotVals: 1975.511978097193605 -11901.000000000000000 36.244607418775558
plotVals: 1975.539356605064995 -11891.000000000000000 35.395240575075150
plotVals: 1975.566735112936385 -11881.000000000000000 34.543894320726395
plotVals: 1975.594113620807775 -11871.000000000000000 33.688568647950888
plotVals: 1975.621492128678938 -11861.000000000000000 32.829263560473919
plotVals: 1975.648870636550328 -11851.000000000000000 31.966979049146175
plotVals: 1975.676249144421718 -11841.000000000000000 31.100715138018131
plotVals: 1975.703627652292880 -11831.000000000000000 30.229471802711487
plotVals: 1975.731006160164270 -11821.000000000000000 29.353249050676823
plotVals: 1975.758384668035660 -11811.000000000000000 28.473046883940697
plotVals: 1975.785763175906823 -11801.000000000000000 27.586865302175283
plotVals: 1975.813141683778213 -11791.000000000000000 26.694704301655293
plotVals: 1975.840520191649603 -11781.000000000000000 25.789563890546560
plotVals: 1975.867898699520765 -11771.000000000000000 24.880444061011076
plotVals: 1975.895277207392155 -11761.000000000000000 23.966344818472862
plotVals: 1975.922655715263545 -11751.000000000000000 23.049266152083874
plotVals: 1975.950034223134935 -11741.000000000000000 22.130208082497120
plotVals: 1975.977412731006098 -11731.000000000000000 21.209170583635569
plotVals: 1976.005475701574369 -11721.000000000000000 20.287153676152229
plotVals: 1976.032854209445532 -11711.000000000000000 19.365157354623079
plotVals: 1976.060232717316921 -11701.000000000000000 18.445181611925364
plotVals: 1976.087611225188311 -11691.000000000000000 17.529226459562778
plotVals: 1976.114989733059474 -11681.000000000000000 16.616291888058186
plotVals: 1976.142368240930864 -11671.000000000000000 15.709377899765968
plotVals: 1976.169746748802254 -11661.000000000000000 14.813484501093626
plotVals: 1976.197125256673417 -11651.000000000000000 13.924611680209637
plotVals: 1976.224503764544806 -11641.000000000000000 13.042759448289871
plotVals: 1976.251882272416196 -11631.000000000000000 12.168927799910307
plotVals: 1976.279260780287586 -11621.000000000000000 11.305116731673479
plotVals: 1976.306639288158749 -11611.000000000000000 10.449326246976852
plotVals: 1976.334017796030139 -11601.000000000000000 9.611556351184845
plotVals: 1976.361396303901529 -11591.000000000000000 8.786807041615248
plotVals: 1976.388774811772691 -11581.000000000000000 7.969078313559294
plotVals: 1976.416153319644081 -11571.000000000000000 7.158370167016983
plotVals: 1976.443531827515471 -11561.000000000000000 6.353682603687048
plotVals: 1976.470910335386634 -11551.000000000000000 5.553015630692244
plotVals: 1976.498288843258024 -11541.000000000000000 4.756369240581989
plotVals: 1976.525667351129414 -11531.000000000000000 3.962743435055017
plotVals: 1976.553045859000576 -11521.000000000000000 3.170138206332922
plotVals: 1976.580424366871966 -11511.000000000000000 2.376553572714329
plotVals: 1976.607802874743356 -11501.000000000000000 1.580989517271519
plotVals: 1976.635181382614746 -11491.000000000000000 0.782446049153805
plotVals: 1976.662559890485909 -11481.000000000000000 -0.021076835691929
plotVals: 1976.689938398357299 -11471.000000000000000 -0.837579138576984
plotVals: 1976.717316906228689 -11461.000000000000000 -1.661060854792595
plotVals: 1976.744695414099851 -11451.000000000000000 -2.490521986037493
plotVals: 1976.772073921971241 -11441.000000000000000 -3.324962534010410
plotVals: 1976.799452429842631 -11431.000000000000000 -4.166382502764463
plotVals: 1976.826830937713794 -11421.000000000000000 -5.012781877070665
plotVals: 1976.854209445585184 -11411.000000000000000 -5.875160675495863
plotVals: 1976.881587953456574 -11401.000000000000000 -6.741518888622522
plotVals: 1976.908966461327964 -11391.000000000000000 -7.611856512725353
plotVals: 1976.936344969199126 -11381.000000000000000 -8.483173556625843
plotVals: 1976.963723477070516 -11371.000000000000000 -9.353470012545586
plotVals: 1976.991101984941906 -11361.000000000000000 -10.222745891660452
plotVals: 1977.016427104722879 -11351.000000000000000 -10.657001182436943
plotVals: 1977.043805612594042 -11341.000000000000000 -10.654235888272524
plotVals: 1977.071184120465432 -11331.000000000000000 -10.645450010895729
plotVals: 1977.098562628336822 -11321.000000000000000 -10.628643542528152
plotVals: 1977.125941136207985 -11311.000000000000000 -10.601816497743130
plotVals: 1977.153319644079374 -11301.000000000000000 -10.564968865364790
plotVals: 1977.180698151950764 -11291.000000000000000 -10.506100647151470
plotVals: 1977.208076659821927 -11281.000000000000000 -10.434211850166321
plotVals: 1977.235455167693317 -11271.000000000000000 -10.351302459836006
plotVals: 1977.262833675564707 -11261.000000000000000 -10.256372496485710
plotVals: 1977.290212183436097 -11251.000000000000000 -10.150421939790249
plotVals: 1977.317590691307259 -11241.000000000000000 -10.033450808376074
plotVals: 1977.344969199178649 -11231.000000000000000 -9.917459085583687
plotVals: 1977.372347707050039 -11221.000000000000000 -9.792446777224541
plotVals: 1977.399726214921202 -11211.000000000000000 -9.659413885325193
plotVals: 1977.427104722792592 -11201.000000000000000 -9.518360413610935
plotVals: 1977.454483230663982 -11191.000000000000000 -9.371286354959011
plotVals: 1977.481861738535144 -11181.000000000000000 -9.220191713422537
plotVals: 1977.509240246406534 -11171.000000000000000 -9.082076486200094
plotVals: 1977.536618754277924 -11161.000000000000000 -8.941940676420927
plotVals: 1977.563997262149314 -11151.000000000000000 -8.799784272909164
plotVals: 1977.591375770020477 -11141.000000000000000 -8.658607300370932
plotVals: 1977.618754277891867 -11131.000000000000000 -8.517409730702639
plotVals: 1977.646132785763257 -11121.000000000000000 -8.378191590309143
plotVals: 1977.673511293634419 -11111.000000000000000 -8.263952851295471
plotVals: 1977.700889801505809 -11101.000000000000000 -8.152693539857864
plotVals: 1977.728268309377199 -11091.000000000000000 -8.046413637697697
plotVals: 1977.755646817248362 -11081.000000000000000 -7.943113148212433
plotVals: 1977.783025325119752 -11071.000000000000000 -7.844792075455189
plotVals: 1977.810403832991142 -11061.000000000000000 -7.750450424849987
plotVals: 1977.837782340862532 -11051.000000000000000 -7.682088185101748
plotVals: 1977.865160848733694 -11041.000000000000000 -7.617705363780260
plotVals: 1977.892539356605084 -11031.000000000000000 -7.558301959186792
plotVals: 1977.919917864476474 -11021.000000000000000 -7.503877963870764
plotVals: 1977.947296372347637 -11011.000000000000000 -7.453433386981487
plotVals: 1977.974674880219027 -11001.000000000000000 -7.407968230545521
plotVals: 1978.002737850787071 -10991.000000000000000 -7.369482483714819
plotVals: 1978.030116358658461 -10981.000000000000000 -7.334976159036160
plotVals: 1978.057494866529851 -10971.000000000000000 -7.303449243307114
plotVals: 1978.084873374401013 -10961.000000000000000 -7.273901745676994
plotVals: 1978.112251882272403 -10951.000000000000000 -7.245333664119244
plotVals: 1978.139630390143793 -10941.000000000000000 -7.217745002359152
plotVals: 1978.167008898014956 -10931.000000000000000 -7.192135747522116
plotVals: 1978.194387405886346 -10921.000000000000000 -7.164505917578936
plotVals: 1978.221765913757736 -10911.000000000000000 -7.134855501353741
plotVals: 1978.249144421629126 -10901.000000000000000 -7.102184496819973
plotVals: 1978.276522929500288 -10891.000000000000000 -7.064492911100388
plotVals: 1978.303901437371678 -10881.000000000000000 -7.021780736744404
plotVals: 1978.331279945243068 -10871.000000000000000 -6.968047987669706
plotVals: 1978.358658453114231 -10861.000000000000000 -6.905294645577669
plotVals: 1978.386036960985621 -10851.000000000000000 -6.835520718246698
plotVals: 1978.413415468857011 -10841.000000000000000 -6.759726211428642
plotVals: 1978.440793976728173 -10831.000000000000000 -6.675911121070385
plotVals: 1978.468172484599563 -10821.000000000000000 -6.585075441747904
plotVals: 1978.495550992470953 -10811.000000000000000 -6.485219180583954
plotVals: 1978.522929500342343 -10801.000000000000000 -6.373342338949442
plotVals: 1978.550308008213506 -10791.000000000000000 -6.254444904625416
plotVals: 1978.577686516084896 -10781.000000000000000 -6.131526894867420
plotVals: 1978.605065023956286 -10771.000000000000000 -6.004588294774294
plotVals: 1978.632443531827448 -10761.000000000000000 -5.873629111796618
plotVals: 1978.659822039698838 -10751.000000000000000 -5.740649346262217
plotVals: 1978.687200547570228 -10741.000000000000000 -5.605648998171091
plotVals: 1978.714579055441391 -10731.000000000000000 -5.469628054648638
plotVals: 1978.741957563312781 -10721.000000000000000 -5.335586544126272
plotVals: 1978.769336071184171 -10711.000000000000000 -5.203524436801672
plotVals: 1978.796714579055333 -10701.000000000000000 -5.075441747903824
plotVals: 1978.824093086926723 -10691.000000000000000 -4.952338475733995
plotVals: 1978.851471594798113 -10681.000000000000000 -4.860214624553919
plotVals: 1978.878850102669503 -10671.000000000000000 -4.773070178925991
plotVals: 1978.906228610540666 -10661.000000000000000 -4.692905154079199
plotVals: 1978.933607118412056 -10651.000000000000000 -4.618719540536404
plotVals: 1978.960985626283446 -10641.000000000000000 -4.551513344049454
plotVals: 1978.988364134154608 -10631.000000000000000 -4.489286571741104
plotVals: 1979.016427104722879 -10621.000000000000000 -4.439039204269648
plotVals: 1979.043805612594042 -10611.000000000000000 -4.394771263003349
plotVals: 1979.071184120465432 -10601.000000000000000 -4.355482731014490
plotVals: 1979.098562628336822 -10591.000000000000000 -4.319173615425825
plotVals: 1979.125941136207985 -10581.000000000000000 -4.287843916565180
plotVals: 1979.153319644079374 -10571.000000000000000 -4.257493630051613
plotVals: 1979.180698151950764 -10561.000000000000000 -4.232122763991356
plotVals: 1979.208076659821927 -10551.000000000000000 -4.206731315702200
plotVals: 1979.235455167693317 -10541.000000000000000 -4.180319279432297
plotVals: 1979.262833675564707 -10531.000000000000000 -4.153886657208204
plotVals: 1979.290212183436097 -10521.000000000000000 -4.125433452427387
plotVals: 1979.317590691307259 -10511.000000000000000 -4.092959661036730
plotVals: 1979.344969199178649 -10501.000000000000000 -4.053465291857719
plotVals: 1979.372347707050039 -10491.000000000000000 -4.008950330317020
plotVals: 1979.399726214921202 -10481.000000000000000 -3.960414785891771
plotVals: 1979.427104722792592 -10471.000000000000000 -3.904858659952879
plotVals: 1979.454483230663982 -10461.000000000000000 -3.843281947076321
plotVals: 1979.481861738535144 -10451.000000000000000 -3.775684650987387
plotVals: 1979.509240246406534 -10441.000000000000000 -3.710066776722670
plotVals: 1979.536618754277924 -10431.000000000000000 -3.639428313821554
plotVals: 1979.563997262149314 -10421.000000000000000 -3.561769261956215
plotVals: 1979.591375770020477 -10411.000000000000000 -3.478089638054371
plotVals: 1979.618754277891867 -10401.000000000000000 -3.390389416366816
plotVals: 1979.646132785763257 -10391.000000000000000 -3.298668615520000
plotVals: 1979.673511293634419 -10381.000000000000000 -3.215927232056856
plotVals: 1979.700889801505809 -10371.000000000000000 -3.131165262311697
plotVals: 1979.728268309377199 -10361.000000000000000 -3.044382713735104
plotVals: 1979.755646817248362 -10351.000000000000000 -2.959579568356276
plotVals: 1979.783025325119752 -10341.000000000000000 -2.875755850225687
plotVals: 1979.810403832991142 -10331.000000000000000 -2.794911541044712
plotVals: 1979.837782340862532 -10321.000000000000000 -2.737046647816896
plotVals: 1979.865160848733694 -10311.000000000000000 -2.685161177068949
plotVals: 1979.892539356605084 -10301.000000000000000 -2.640255115926266
plotVals: 1979.919917864476474 -10291.000000000000000 -2.602328471839428
plotVals: 1979.947296372347637 -10281.000000000000000 -2.572381246834993
plotVals: 1979.974674880219027 -10271.000000000000000 -2.552413430064917
plotVals: 1980.002737850787071 -10261.000000000000000 -2.553425036370754
plotVals: 1980.030116358658461 -10251.000000000000000 -2.564416058361530
plotVals: 1980.057494866529851 -10241.000000000000000 -2.584386497735977
plotVals: 1980.084873374401013 -10231.000000000000000 -2.614336345344782
plotVals: 1980.112251882272403 -10221.000000000000000 -2.652265612035990
plotVals: 1980.139630390143793 -10211.000000000000000 -2.699174296110868
plotVals: 1980.167008898014956 -10201.000000000000000 -2.758062388747931
plotVals: 1980.194387405886346 -10191.000000000000000 -2.825929902493954
plotVals: 1980.221765913757736 -10181.000000000000000 -2.898776832967997
plotVals: 1980.249144421629126 -10171.000000000000000 -2.973603174090385
plotVals: 1980.276522929500288 -10161.000000000000000 -3.050408940762281
plotVals: 1980.303901437371678 -10151.000000000000000 -3.126194112002850
plotVals: 1980.331279945243068 -10141.000000000000000 -3.197958711534739
plotVals: 1980.358658453114231 -10131.000000000000000 -3.262702714651823
plotVals: 1980.386036960985621 -10121.000000000000000 -3.322426136583090
plotVals: 1980.413415468857011 -10111.000000000000000 -3.377128981053829
plotVals: 1980.440793976728173 -10101.000000000000000 -3.424811232835054
plotVals: 1980.468172484599563 -10091.000000000000000 -3.466472908854485
plotVals: 1980.495550992470953 -10081.000000000000000 -3.499113995581865
plotVals: 1980.522929500342343 -10071.000000000000000 -3.513734493404627
plotVals: 1980.550308008213506 -10061.000000000000000 -3.520334415137768
plotVals: 1980.577686516084896 -10051.000000000000000 -3.518913749605417
plotVals: 1980.605065023956286 -10041.000000000000000 -3.511472497135401
plotVals: 1980.632443531827448 -10031.000000000000000 -3.497010663151741
plotVals: 1980.659822039698838 -10021.000000000000000 -3.476528242230415
plotVals: 1980.687200547570228 -10011.000000000000000 -3.445025242865086
plotVals: 1980.714579055441391 -10001.000000000000000 -3.410501651465893
plotVals: 1980.741957563312781 -9991.000000000000000 -3.372957479208708
plotVals: 1980.769336071184171 -9981.000000000000000 -3.335392728447914
plotVals: 1980.796714579055333 -9971.000000000000000 -3.298807386308908
plotVals: 1980.824093086926723 -9961.000000000000000 -3.264201458543539
plotVals: 1980.851471594798113 -9951.000000000000000 -3.238574951887131
plotVals: 1980.878850102669503 -9941.000000000000000 -3.217927861958742
plotVals: 1980.906228610540666 -9931.000000000000000 -3.202260185033083
plotVals: 1980.933607118412056 -9921.000000000000000 -3.192571915686131
plotVals: 1980.960985626283446 -9911.000000000000000 -3.189863078296185
plotVals: 1980.988364134154608 -9901.000000000000000 -3.195133641362190
plotVals: 1981.013689253935581 -9891.000000000000000 -3.217383626848459
plotVals: 1981.041067761806971 -9881.000000000000000 -3.247613031417131
plotVals: 1981.068446269678361 -9871.000000000000000 -3.283821847289801
plotVals: 1981.095824777549524 -9861.000000000000000 -3.326010081917048
plotVals: 1981.123203285420914 -9851.000000000000000 -3.373177725821733
plotVals: 1981.150581793292304 -9841.000000000000000 -3.424324791878462
plotVals: 1981.177960301163694 -9831.000000000000000 -3.482451271265745
plotVals: 1981.205338809034856 -9821.000000000000000 -3.542557168751955
plotVals: 1981.232717316906246 -9811.000000000000000 -3.601642481982708
plotVals: 1981.260095824777636 -9801.000000000000000 -3.659707210958004
plotVals: 1981.287474332648799 -9791.000000000000000 -3.715751346200705
plotVals: 1981.314852840520189 -9781.000000000000000 -3.765774901956320
plotVals: 1981.342231348391579 -9771.000000000000000 -3.804777882993221
plotVals: 1981.369609856262741 -9761.000000000000000 -3.836760267615318
plotVals: 1981.396988364134131 -9751.000000000000000 -3.860722079873085
plotVals: 1981.424366872005521 -9741.000000000000000 -3.877663299441338
plotVals: 1981.451745379876684 -9731.000000000000000 -3.886583931744099
plotVals: 1981.479123887748074 -9721.000000000000000 -3.886483989655972
plotVals: 1981.506502395619464 -9711.000000000000000 -3.868363458663225
plotVals: 1981.533880903490854 -9701.000000000000000 -3.841222342103720
plotVals: 1981.561259411362016 -9691.000000000000000 -3.807060636579990
plotVals: 1981.588637919233406 -9681.000000000000000 -3.767878353595734
plotVals: 1981.616016427104796 -9671.000000000000000 -3.723675485700369
plotVals: 1981.643394934975959 -9661.000000000000000 -3.675452034920454
plotVals: 1981.670773442847349 -9651.000000000000000 -3.624207999557257
plotVals: 1981.698151950718739 -9641.000000000000000 -3.571943376213312
plotVals: 1981.725530458589901 -9631.000000000000000 -3.520658168941736
plotVals: 1981.752908966461291 -9621.000000000000000 -3.470352381467819
plotVals: 1981.780287474332681 -9611.000000000000000 -3.423026002943516
plotVals: 1981.807665982204071 -9601.000000000000000 -3.380679044872522
plotVals: 1981.835044490075234 -9591.000000000000000 -3.349311504513025
plotVals: 1981.862422997946624 -9581.000000000000000 -3.326923377811909
plotVals: 1981.889801505818014 -9571.000000000000000 -3.310514666140079
plotVals: 1981.917180013689176 -9561.000000000000000 -3.301085364073515
plotVals: 1981.944558521560566 -9551.000000000000000 -3.296635489910841
plotVals: 1981.971937029431956 -9541.000000000000000 -3.298165023326874
plotVals: 1981.999315537303119 -9531.000000000000000 -3.310673981904984
plotVals: 1982.027378507871390 -9521.000000000000000 -3.332162339240313
plotVals: 1982.054757015742553 -9511.000000000000000 -3.357630129903555
plotVals: 1982.082135523613942 -9501.000000000000000 -3.386077325791121
plotVals: 1982.109514031485332 -9491.000000000000000 -3.416503939777613
plotVals: 1982.136892539356495 -9481.000000000000000 -3.447909973561764
plotVals: 1982.164271047227885 -9471.000000000000000 -3.477295421063900
plotVals: 1982.191649555099275 -9461.000000000000000 -3.504660274833441
plotVals: 1982.219028062970665 -9451.000000000000000 -3.529004555195570
plotVals: 1982.246406570841827 -9441.000000000000000 -3.549328245222569
plotVals: 1982.273785078713217 -9431.000000000000000 -3.564631361514330
plotVals: 1982.301163586584607 -9421.000000000000000 -3.573913879692554
plotVals: 1982.328542094455770 -9411.000000000000000 -3.573175821453333
plotVals: 1982.355920602327160 -9401.000000000000000 -3.575417175889015
plotVals: 1982.383299110198550 -9391.000000000000000 -3.569637954235077
plotVals: 1982.410677618069712 -9381.000000000000000 -3.555838137865067
plotVals: 1982.438056125941102 -9371.000000000000000 -3.536017742007971
plotVals: 1982.465434633812492 -9361.000000000000000 -3.510176759213209
plotVals: 1982.492813141683882 -9351.000000000000000 -3.477315191179514
plotVals: 1982.520191649555045 -9341.000000000000000 -3.453433044254780
plotVals: 1982.547570157426435 -9331.000000000000000 -3.423530306667089
plotVals: 1982.574948665297825 -9321.000000000000000 -3.391606990247965
plotVals: 1982.602327173168987 -9311.000000000000000 -3.356663089245558
plotVals: 1982.629705681040377 -9301.000000000000000 -3.320698603987694
plotVals: 1982.657084188911767 -9291.000000000000000 -3.284713532775640
plotVals: 1982.684462696782930 -9281.000000000000000 -3.268707875162363
plotVals: 1982.711841204654320 -9271.000000000000000 -3.253681633621454
plotVals: 1982.739219712525710 -9261.000000000000000 -3.240634813904762
plotVals: 1982.766598220397100 -9251.000000000000000 -3.231567408889532
plotVals: 1982.793976728268262 -9241.000000000000000 -3.226479407399893
plotVals: 1982.821355236139652 -9231.000000000000000 -3.226370837539434
plotVals: 1982.848733744011042 -9221.000000000000000 -3.237241670489311
plotVals: 1982.876112251882205 -9211.000000000000000 -3.254091929644346
plotVals: 1982.903490759753595 -9201.000000000000000 -3.276921596378088
plotVals: 1982.930869267624985 -9191.000000000000000 -3.303730681538582
plotVals: 1982.958247775496147 -9181.000000000000000 -3.334519185125828
plotVals: 1982.985626283367537 -9171.000000000000000 -3.370287101715803
plotVals: 1983.013689253935581 -9161.000000000000000 -3.412034440785646
plotVals: 1983.041067761806971 -9151.000000000000000 -3.457761187106371
plotVals: 1983.068446269678361 -9141.000000000000000 -3.505467351526022
plotVals: 1983.095824777549524 -9131.000000000000000 -3.554152928292751
plotVals: 1983.123203285420914 -9121.000000000000000 -3.603817924857140
plotVals: 1983.150581793292304 -9111.000000000000000 -3.654462337493896
plotVals: 1983.177960301163694 -9101.000000000000000 -3.702086169272661
plotVals: 1983.205338809034856 -9091.000000000000000 -3.748689413070679
plotVals: 1983.232717316906246 -9081.000000000000000 -3.793272066861391
plotVals: 1983.260095824777636 -9071.000000000000000 -3.834834139794111
plotVals: 1983.287474332648799 -9061.000000000000000 -3.872375633567572
plotVals: 1983.314852840520189 -9051.000000000000000 -3.906896535307169
plotVals: 1983.342231348391579 -9041.000000000000000 -3.932396862655878
plotVals: 1983.369609856262741 -9031.000000000000000 -3.952876601368189
plotVals: 1983.396988364134131 -9021.000000000000000 -3.969335749745369
plotVals: 1983.424366872005521 -9011.000000000000000 -3.979774322360754
plotVals: 1983.451745379876684 -9001.000000000000000 -3.987192302942276
plotVals: 1983.479123887748074 -8991.000000000000000 -3.988589707762003
plotVals: 1983.506502395619464 -8981.000000000000000 -3.981966525316238
plotVals: 1983.533880903490854 -8971.000000000000000 -3.970322754234076
plotVals: 1983.561259411362016 -8961.000000000000000 -3.955658402293921
plotVals: 1983.588637919233406 -8951.000000000000000 -3.938973464071751
plotVals: 1983.616016427104796 -8941.000000000000000 -3.920267950743437
plotVals: 1983.643394934975959 -8931.000000000000000 -3.900541841983795
plotVals: 1983.670773442847349 -8921.000000000000000 -3.881795153021812
plotVals: 1983.698151950718739 -8911.000000000000000 -3.862027876079082
plotVals: 1983.725530458589901 -8901.000000000000000 -3.844240017235279
plotVals: 1983.752908966461291 -8891.000000000000000 -3.826431576162577
plotVals: 1983.780287474332681 -8881.000000000000000 -3.811602555215359
plotVals: 1983.807665982204071 -8871.000000000000000 -3.797752946615219
plotVals: 1983.835044490075234 -8861.000000000000000 -3.790882743895054
plotVals: 1983.862422997946624 -8851.000000000000000 -3.786991965025663
plotVals: 1983.889801505818014 -8841.000000000000000 -3.787080597132444
plotVals: 1983.917180013689176 -8831.000000000000000 -3.790148656815290
plotVals: 1983.944558521560566 -8821.000000000000000 -3.795196123421192
plotVals: 1983.971937029431956 -8811.000000000000000 -3.804223004728556
plotVals: 1983.999315537303119 -8801.000000000000000 -3.817229300737381
plotVals: 1984.027378507871390 -8791.000000000000000 -3.836215022951365
plotVals: 1984.054757015742553 -8781.000000000000000 -3.856180153787136
plotVals: 1984.082135523613942 -8771.000000000000000 -3.879124701023102
plotVals: 1984.109514031485332 -8761.000000000000000 -3.903048656880856
plotVals: 1984.136892539356495 -8751.000000000000000 -3.928952034562826
plotVals: 1984.164271047227885 -8741.000000000000000 -3.953834827989340
plotVals: 1984.191649555099275 -8731.000000000000000 -3.961697041988373
plotVals: 1984.219028062970665 -8721.000000000000000 -3.969538666307926
plotVals: 1984.246406570841827 -8711.000000000000000 -3.976359710097313
plotVals: 1984.273785078713217 -8701.000000000000000 -3.982160165905952
plotVals: 1984.301163586584607 -8691.000000000000000 -3.985940031707287
plotVals: 1984.328542094455770 -8681.000000000000000 -3.987699322402477
plotVals: 1984.355920602327160 -8671.000000000000000 -3.985438030213118
plotVals: 1984.383299110198550 -8661.000000000000000 -3.980156145989895
plotVals: 1984.410677618069712 -8651.000000000000000 -3.972853679209948
plotVals: 1984.438056125941102 -8641.000000000000000 -3.963530633598566
plotVals: 1984.465434633812492 -8631.000000000000000 -3.952186997979879
plotVals: 1984.492813141683882 -8621.000000000000000 -3.938822783529758
plotVals: 1984.520191649555045 -8611.000000000000000 -3.921437978744507
plotVals: 1984.547570157426435 -8601.000000000000000 -3.903032593429089
plotVals: 1984.574948665297825 -8591.000000000000000 -3.882606625556946
plotVals: 1984.602327173168987 -8581.000000000000000 -3.861160065978765
plotVals: 1984.629705681040377 -8571.000000000000000 -3.838692925870419
plotVals: 1984.657084188911767 -8561.000000000000000 -3.816205199807882
plotVals: 1984.684462696782930 -8551.000000000000000 -3.792696900665760
plotVals: 1984.711841204654320 -8541.000000000000000 -3.769168000668287
plotVals: 1984.739219712525710 -8531.000000000000000 -3.746618527919054
plotVals: 1984.766598220397100 -8521.000000000000000 -3.724048465490341
plotVals: 1984.793976728268262 -8511.000000000000000 -3.702457826584578
plotVals: 1984.821355236139652 -8501.000000000000000 -3.682846594601870
plotVals: 1984.848733744011042 -8491.000000000000000 -3.666214779019356
plotVals: 1984.876112251882205 -8481.000000000000000 -3.651562385261059
plotVals: 1984.903490759753595 -8471.000000000000000 -3.638889402151108
plotVals: 1984.930869267624985 -8461.000000000000000 -3.627195831388235
plotVals: 1984.958247775496147 -8451.000000000000000 -3.617481689900160
plotVals: 1984.985626283367537 -8441.000000000000000 -3.609746947884560
plotVals: 1985.010951403148511 -8431.000000000000000 -3.605991631746292
plotVals: 1985.038329911019900 -8421.000000000000000 -3.603215727955103
plotVals: 1985.065708418891063 -8411.000000000000000 -3.601419236510992
plotVals: 1985.093086926762453 -8401.000000000000000 -3.601602170616388
plotVals: 1985.120465434633843 -8391.000000000000000 -3.601764515042305
plotVals: 1985.147843942505233 -8381.000000000000000 -3.602906279265881
plotVals: 1985.175222450376395 -8371.000000000000000 -3.604027446359396
plotVals: 1985.202600958247785 -8361.000000000000000 -3.605128038674593
plotVals: 1985.229979466119175 -8351.000000000000000 -3.606208048760891
plotVals: 1985.257357973990338 -8341.000000000000000 -3.606267467141151
plotVals: 1985.284736481861728 -8331.000000000000000 -3.606306307017803
plotVals: 1985.312114989733118 -8321.000000000000000 -3.606324560940266
plotVals: 1985.339493497604280 -8311.000000000000000 -3.603322230279446
plotVals: 1985.366872005475670 -8301.000000000000000 -3.599299319088459
plotVals: 1985.394250513347060 -8291.000000000000000 -3.595255818217993
plotVals: 1985.421629021218450 -8281.000000000000000 -3.589191734790802
plotVals: 1985.449007529089613 -8271.000000000000000 -3.583107065409422
plotVals: 1985.476386036961003 -8261.000000000000000 -3.576001815497875
plotVals: 1985.503764544832393 -8251.000000000000000 -3.566875979304314
plotVals: 1985.531143052703555 -8241.000000000000000 -3.557729560881853
plotVals: 1985.558521560574945 -8231.000000000000000 -3.547562554478645
plotVals: 1985.585900068446335 -8221.000000000000000 -3.538374967873096
plotVals: 1985.613278576317498 -8211.000000000000000 -3.528166789561510
plotVals: 1985.640657084188888 -8201.000000000000000 -3.519938036799431
plotVals: 1985.668035592060278 -8191.000000000000000 -3.511688694357872
plotVals: 1985.695414099931440 -8181.000000000000000 -3.505418766289949
plotVals: 1985.722792607802830 -8171.000000000000000 -3.500128258019686
plotVals: 1985.750171115674220 -8161.000000000000000 -3.495817162096500
plotVals: 1985.777549623545610 -8151.000000000000000 -3.493485487997532
plotVals: 1985.804928131416773 -8141.000000000000000 -3.493133220821619
plotVals: 1985.832306639288163 -8131.000000000000000 -3.494760375469923
plotVals: 1985.859685147159553 -8121.000000000000000 -3.501366946846247
plotVals: 1985.887063655030715 -8111.000000000000000 -3.508952930569649
plotVals: 1985.914442162902105 -8101.000000000000000 -3.518518328666687
plotVals: 1985.941820670773495 -8091.000000000000000 -3.530063141137362
plotVals: 1985.969199178644658 -8081.000000000000000 -3.543587371706963
plotVals: 1985.996577686516048 -8071.000000000000000 -3.559091016650200
plotVals: 1986.024640657084092 -8061.000000000000000 -3.576574083417654
plotVals: 1986.052019164955482 -8051.000000000000000 -3.596036557108164
plotVals: 1986.079397672826872 -8041.000000000000000 -3.616478461772203
plotVals: 1986.106776180698262 -8031.000000000000000 -3.636899765580893
plotVals: 1986.134154688569424 -8021.000000000000000 -3.658300489187241
plotVals: 1986.161533196440814 -8011.000000000000000 -3.679680634289980
plotVals: 1986.188911704312204 -8001.000000000000000 -3.701040189713240
plotVals: 1986.216290212183367 -7991.000000000000000 -3.721379168331623
plotVals: 1986.243668720054757 -7981.000000000000000 -3.741697549819946
plotVals: 1986.271047227926147 -7971.000000000000000 -3.759995359927416
plotVals: 1986.298425735797309 -7961.000000000000000 -3.777272582054138
plotVals: 1986.325804243668699 -7951.000000000000000 -3.792529214173555
plotVals: 1986.353182751540089 -7941.000000000000000 -3.804765265434980
plotVals: 1986.380561259411252 -7931.000000000000000 -3.814980730414391
plotVals: 1986.407939767282642 -7921.000000000000000 -3.823175616562366
plotVals: 1986.435318275154032 -7911.000000000000000 -3.828349914401770
plotVals: 1986.462696783025422 -7901.000000000000000 -3.832503624260426
plotVals: 1986.490075290896584 -7891.000000000000000 -3.833636760711670
plotVals: 1986.517453798767974 -7881.000000000000000 -3.831749297678471
plotVals: 1986.544832306639364 -7871.000000000000000 -3.826841264963150
plotVals: 1986.572210814510527 -7861.000000000000000 -3.819912642240524
plotVals: 1986.599589322381917 -7851.000000000000000 -3.812963433563709
plotVals: 1986.626967830253307 -7841.000000000000000 -3.803993646055460
plotVals: 1986.654346338124469 -7831.000000000000000 -3.795003268867731
plotVals: 1986.681724845995859 -7821.000000000000000 -3.783992309123278
plotVals: 1986.709103353867249 -7811.000000000000000 -3.773960765451193
plotVals: 1986.736481861738639 -7801.000000000000000 -3.763908635824919
plotVals: 1986.763860369609802 -7791.000000000000000 -3.753835927695036
plotVals: 1986.791238877481192 -7781.000000000000000 -3.744742628186941
plotVals: 1986.818617385352582 -7771.000000000000000 -3.737628743052483
plotVals: 1986.845995893223744 -7761.000000000000000 -3.733494278043509
plotVals: 1986.873374401095134 -7751.000000000000000 -3.731339227408171
plotVals: 1986.900752908966524 -7741.000000000000000 -3.731163598597050
plotVals: 1986.928131416837687 -7731.000000000000000 -3.731967378407717
plotVals: 1986.955509924709077 -7721.000000000000000 -3.735750578343868
plotVals: 1986.982888432580467 -7711.000000000000000 -3.739513188600540
plotVals: 1987.010951403148511 -7701.000000000000000 -3.748255211859941
plotVals: 1987.038329911019900 -7691.000000000000000 -3.757976662367582
plotVals: 1987.065708418891063 -7681.000000000000000 -3.769677523523569
plotVals: 1987.093086926762453 -7671.000000000000000 -3.780357804149389
plotVals: 1987.120465434633843 -7661.000000000000000 -3.793017491698265
plotVals: 1987.147843942505233 -7651.000000000000000 -3.804656591266394
plotVals: 1987.175222450376395 -7641.000000000000000 -3.816275123506784
plotVals: 1987.202600958247785 -7631.000000000000000 -3.827873054891825
plotVals: 1987.229979466119175 -7621.000000000000000 -3.838450420647860
plotVals: 1987.257357973990338 -7611.000000000000000 -3.847007185220718
plotVals: 1987.284736481861728 -7601.000000000000000 -3.854543369263411
plotVals: 1987.312114989733118 -7591.000000000000000 -3.861058969050646
plotVals: 1987.339493497604280 -7581.000000000000000 -3.861553989350796
plotVals: 1987.366872005475670 -7571.000000000000000 -3.860028427094221
plotVals: 1987.394250513347060 -7561.000000000000000 -3.856482271105051
plotVals: 1987.421629021218450 -7551.000000000000000 -3.850915536284447
plotVals: 1987.449007529089613 -7541.000000000000000 -3.843328218907118
plotVals: 1987.476386036961003 -7531.000000000000000 -3.834720306098461
plotVals: 1987.503764544832393 -7521.000000000000000 -3.823091827332973
plotVals: 1987.531143052703555 -7511.000000000000000 -3.810442753136158
plotVals: 1987.558521560574945 -7501.000000000000000 -3.795773100107908
plotVals: 1987.585900068446335 -7491.000000000000000 -3.780082855373621
plotVals: 1987.613278576317498 -7481.000000000000000 -3.764372024685144
plotVals: 1987.640657084188888 -7471.000000000000000 -3.747640617191792
plotVals: 1987.668035592060278 -7461.000000000000000 -3.731888629496098
plotVals: 1987.695414099931440 -7451.000000000000000 -3.716116048395634
plotVals: 1987.722792607802830 -7441.000000000000000 -3.700322881340981
plotVals: 1987.750171115674220 -7431.000000000000000 -3.684509139508009
plotVals: 1987.777549623545610 -7421.000000000000000 -3.669674810022116
plotVals: 1987.804928131416773 -7411.000000000000000 -3.655819892883301
plotVals: 1987.832306639288163 -7401.000000000000000 -3.642944395542145
plotVals: 1987.859685147159553 -7391.000000000000000 -3.632048312574625
plotVals: 1987.887063655030715 -7381.000000000000000 -3.623131647706032
plotVals: 1987.914442162902105 -7371.000000000000000 -3.614194385707378
plotVals: 1987.941820670773495 -7361.000000000000000 -3.606236554682255
plotVals: 1987.969199178644658 -7351.000000000000000 -3.599258136004210
plotVals: 1987.996577686516048 -7341.000000000000000 -3.593259125947952
plotVals: 1988.024640657084092 -7331.000000000000000 -3.589239541441202
plotVals: 1988.052019164955482 -7321.000000000000000 -3.585199359804392
plotVals: 1988.079397672826872 -7311.000000000000000 -3.582138605415821
plotVals: 1988.106776180698262 -7301.000000000000000 -3.580057259649038
plotVals: 1988.134154688569424 -7291.000000000000000 -3.576955333352089
plotVals: 1988.161533196440814 -7281.000000000000000 -3.573832828551531
plotVals: 1988.188911704312204 -7271.000000000000000 -3.570689734071493
plotVals: 1988.216290212183367 -7261.000000000000000 -3.567526046186686
plotVals: 1988.243668720054757 -7251.000000000000000 -3.562341786921024
plotVals: 1988.271047227926147 -7241.000000000000000 -3.557136941701174
plotVals: 1988.298425735797309 -7231.000000000000000 -3.551911510527134
plotVals: 1988.325804243668699 -7221.000000000000000 -3.543665494769812
plotVals: 1988.353182751540089 -7211.000000000000000 -3.534398891031742
plotVals: 1988.380561259411252 -7201.000000000000000 -3.524111706763506
plotVals: 1988.407939767282642 -7191.000000000000000 -3.511803932487965
plotVals: 1988.435318275154032 -7181.000000000000000 -3.497475583106279
plotVals: 1988.462696783025422 -7171.000000000000000 -3.482126649469137
plotVals: 1988.490075290896584 -7161.000000000000000 -3.464757129549980
plotVals: 1988.517453798767974 -7151.000000000000000 -3.445367012172937
plotVals: 1988.544832306639364 -7141.000000000000000 -3.423956319689751
plotVals: 1988.572210814510527 -7131.000000000000000 -3.401525050401688
plotVals: 1988.599589322381917 -7121.000000000000000 -3.377073187381029
plotVals: 1988.626967830253307 -7111.000000000000000 -3.352600749582052
plotVals: 1988.654346338124469 -7101.000000000000000 -3.328107718378305
plotVals: 1988.681724845995859 -7091.000000000000000 -3.301594108343124
plotVals: 1988.709103353867249 -7081.000000000000000 -3.276059914380312
plotVals: 1988.736481861738639 -7071.000000000000000 -3.249505128711462
plotVals: 1988.763860369609802 -7061.000000000000000 -3.223929762840271
plotVals: 1988.791238877481192 -7051.000000000000000 -3.198333814740181
plotVals: 1988.818617385352582 -7041.000000000000000 -3.174717277288437
plotVals: 1988.845995893223744 -7031.000000000000000 -3.152080167084932
plotVals: 1988.873374401095134 -7021.000000000000000 -3.131422460079193
plotVals: 1988.900752908966524 -7011.000000000000000 -3.111744176596403
plotVals: 1988.928131416837687 -7001.000000000000000 -3.093045309185982
plotVals: 1988.955509924709077 -6991.000000000000000 -3.075325854122639
plotVals: 1988.982888432580467 -6981.000000000000000 -3.058585815131664
plotVals: 1989.008213552361440 -6971.000000000000000 -3.045825183391571
plotVals: 1989.035592060232830 -6961.000000000000000 -3.033043984323740
plotVals: 1989.062970568103992 -6951.000000000000000 -3.021242186427116
plotVals: 1989.090349075975382 -6941.000000000000000 -3.010419819504023
plotVals: 1989.117727583846772 -6931.000000000000000 -2.998576857149601
plotVals: 1989.145106091717935 -6921.000000000000000 -2.986713305115700
plotVals: 1989.172484599589325 -6911.000000000000000 -2.973829180002213
plotVals: 1989.199863107460715 -6901.000000000000000 -2.959924470633268
plotVals: 1989.227241615331877 -6891.000000000000000 -2.944999169558287
plotVals: 1989.254620123203267 -6881.000000000000000 -2.928053282201290
plotVals: 1989.281998631074657 -6871.000000000000000 -2.910086814314127
plotVals: 1989.309377138945820 -6861.000000000000000 -2.890099771320820
plotVals: 1989.336755646817210 -6851.000000000000000 -2.866092134267092
plotVals: 1989.364134154688600 -6841.000000000000000 -2.840063914656639
plotVals: 1989.391512662559990 -6831.000000000000000 -2.812015112489462
plotVals: 1989.418891170431152 -6821.000000000000000 -2.782945726066828
plotVals: 1989.446269678302542 -6811.000000000000000 -2.750855755060911
plotVals: 1989.473648186173932 -6801.000000000000000 -2.717745192348957
plotVals: 1989.501026694045095 -6791.000000000000000 -2.686614058911800
plotVals: 1989.528405201916485 -6781.000000000000000 -2.653462335467339
plotVals: 1989.555783709787875 -6771.000000000000000 -2.620290018618107
plotVals: 1989.583162217659037 -6761.000000000000000 -2.585097130388021
plotVals: 1989.610540725530427 -6751.000000000000000 -2.549883648753166
plotVals: 1989.637919233401817 -6741.000000000000000 -2.515649598091841
plotVals: 1989.665297741273207 -6731.000000000000000 -2.480394944548607
plotVals: 1989.692676249144370 -6721.000000000000000 -2.448119718581438
plotVals: 1989.720054757015760 -6711.000000000000000 -2.415823899209499
plotVals: 1989.747433264887150 -6701.000000000000000 -2.384507503360510
plotVals: 1989.774811772758312 -6691.000000000000000 -2.353170517832041
plotVals: 1989.802190280629702 -6681.000000000000000 -2.322812948375940
plotVals: 1989.829568788501092 -6671.000000000000000 -2.292434796690941
plotVals: 1989.856947296372255 -6661.000000000000000 -2.265036065131426
plotVals: 1989.884325804243645 -6651.000000000000000 -2.237616740167141
plotVals: 1989.911704312115035 -6641.000000000000000 -2.211176835000515
plotVals: 1989.939082819986197 -6631.000000000000000 -2.184716347604990
plotVals: 1989.966461327857587 -6621.000000000000000 -2.158235274255276
plotVals: 1989.993839835728977 -6611.000000000000000 -2.132733620703220
plotVals: 1990.021902806297021 -6601.000000000000000 -2.110211376100779
plotVals: 1990.049281314168411 -6591.000000000000000 -2.086668550968170
plotVals: 1990.076659822039801 -6581.000000000000000 -2.064105138182640
plotVals: 1990.104038329910964 -6571.000000000000000 -2.040521148592234
plotVals: 1990.131416837782353 -6561.000000000000000 -2.015916567295790
plotVals: 1990.158795345653743 -6551.000000000000000 -1.991291407495737
plotVals: 1990.186173853524906 -6541.000000000000000 -1.968645658344030
plotVals: 1990.213552361396296 -6531.000000000000000 -1.945979326963425
plotVals: 1990.240930869267686 -6521.000000000000000 -1.923292417079210
plotVals: 1990.268309377138849 -6511.000000000000000 -1.898584913462400
plotVals: 1990.295687885010238 -6501.000000000000000 -1.874856825917959
plotVals: 1990.323066392881628 -6491.000000000000000 -1.850108157843351
plotVals: 1990.350444900753018 -6481.000000000000000 -1.830338899046183
plotVals: 1990.377823408624181 -6471.000000000000000 -1.809549063444138
plotVals: 1990.405201916495571 -6461.000000000000000 -1.788738645613194
plotVals: 1990.432580424366961 -6451.000000000000000 -1.767907641828060
plotVals: 1990.459958932238123 -6441.000000000000000 -1.747056048363447
plotVals: 1990.487337440109513 -6431.000000000000000 -1.726183872669935
plotVals: 1990.514715947980903 -6421.000000000000000 -1.710291121155024
plotVals: 1990.542094455852066 -6411.000000000000000 -1.694377776235342
plotVals: 1990.569472963723456 -6401.000000000000000 -1.677443850785494
plotVals: 1990.596851471594846 -6391.000000000000000 -1.661489337682724
plotVals: 1990.624229979466008 -6381.000000000000000 -1.645514242351055
plotVals: 1990.651608487337398 -6371.000000000000000 -1.628518555313349
plotVals: 1990.678986995208788 -6361.000000000000000 -1.616502296179533
plotVals: 1990.706365503080178 -6351.000000000000000 -1.603465452790260
plotVals: 1990.733744010951341 -6341.000000000000000 -1.589408017694950
plotVals: 1990.761122518822731 -6331.000000000000000 -1.576329998672009
plotVals: 1990.788501026694121 -6321.000000000000000 -1.561231400817633
plotVals: 1990.815879534565283 -6311.000000000000000 -1.546112205833197
plotVals: 1990.843258042436673 -6301.000000000000000 -1.529972445219755
plotVals: 1990.870636550308063 -6291.000000000000000 -1.512812089174986
plotVals: 1990.898015058179226 -6281.000000000000000 -1.495631150901318
plotVals: 1990.925393566050616 -6271.000000000000000 -1.476429626345634
plotVals: 1990.952772073922006 -6261.000000000000000 -1.457207515835762
plotVals: 1990.980150581793396 -6251.000000000000000 -1.436964828521013
plotVals: 1991.008213552361440 -6241.000000000000000 -1.414701547473669
plotVals: 1991.035592060232830 -6231.000000000000000 -1.392417695373297
plotVals: 1991.062970568103992 -6221.000000000000000 -1.368113245815039
plotVals: 1991.090349075975382 -6211.000000000000000 -1.343788217753172
plotVals: 1991.117727583846772 -6201.000000000000000 -1.318442609161139
plotVals: 1991.145106091717935 -6191.000000000000000 -1.292076408863068
plotVals: 1991.172484599589325 -6181.000000000000000 -1.271689631044865
plotVals: 1991.199863107460715 -6171.000000000000000 -1.250282257795334
plotVals: 1991.227241615331877 -6161.000000000000000 -1.228854306042194
plotVals: 1991.254620123203267 -6151.000000000000000 -1.206405781209469
plotVals: 1991.281998631074657 -6141.000000000000000 -1.182936660945415
plotVals: 1991.309377138945820 -6131.000000000000000 -1.159446958452463
plotVals: 1991.336755646817210 -6121.000000000000000 -1.140936668962240
plotVals: 1991.364134154688600 -6111.000000000000000 -1.122405800968409
plotVals: 1991.391512662559990 -6101.000000000000000 -1.102854341268539
plotVals: 1991.418891170431152 -6091.000000000000000 -1.082282304763794
plotVals: 1991.446269678302542 -6081.000000000000000 -1.062689680606127
plotVals: 1991.473648186173932 -6071.000000000000000 -1.042076468467712
plotVals: 1991.501026694045095 -6061.000000000000000 -1.020442679524422
plotVals: 1991.528405201916485 -6051.000000000000000 -0.998788300901651
plotVals: 1991.555783709787875 -6041.000000000000000 -0.977113340049982
plotVals: 1991.583162217659037 -6031.000000000000000 -0.956417791545391
plotVals: 1991.610540725530427 -6021.000000000000000 -0.934701662510633
plotVals: 1991.637919233401817 -6011.000000000000000 -0.912964951246977
plotVals: 1991.665297741273207 -6001.000000000000000 -0.891207650303841
plotVals: 1991.692676249144370 -5991.000000000000000 -0.875429768115282
plotVals: 1991.720054757015760 -5981.000000000000000 -0.858631301671267
plotVals: 1991.747433264887150 -5971.000000000000000 -0.842812251299620
plotVals: 1991.774811772758312 -5961.000000000000000 -0.827972624450922
plotVals: 1991.802190280629702 -5951.000000000000000 -0.813112396746874
plotVals: 1991.829568788501092 -5941.000000000000000 -0.799231592565775
plotVals: 1991.856947296372255 -5931.000000000000000 -0.790330205112696
plotVals: 1991.884325804243645 -5921.000000000000000 -0.783408228307962
plotVals: 1991.911704312115035 -5911.000000000000000 -0.776465680450201
plotVals: 1991.939082819986197 -5901.000000000000000 -0.769502535462379
plotVals: 1991.966461327857587 -5891.000000000000000 -0.764518808573484
plotVals: 1991.993839835728977 -5881.000000000000000 -0.759514499455690
plotVals: 1992.021902806297021 -5871.000000000000000 -0.755489606410265
plotVals: 1992.049281314168411 -5861.000000000000000 -0.751444131135941
plotVals: 1992.076659822039801 -5851.000000000000000 -0.748378064483404
plotVals: 1992.104038329910964 -5841.000000000000000 -0.745291415601969
plotVals: 1992.131416837782353 -5831.000000000000000 -0.741184189915657
plotVals: 1992.158795345653743 -5821.000000000000000 -0.737056374549866
plotVals: 1992.186173853524906 -5811.000000000000000 -0.731907974928617
plotVals: 1992.213552361396296 -5801.000000000000000 -0.725738994777203
plotVals: 1992.240930869267686 -5791.000000000000000 -0.719549421221018
plotVals: 1992.268309377138849 -5781.000000000000000 -0.711339268833399
plotVals: 1992.295687885010238 -5771.000000000000000 -0.702108528465033
plotVals: 1992.323066392881628 -5761.000000000000000 -0.691857211291790
plotVals: 1992.350444900753018 -5751.000000000000000 -0.683585304766893
plotVals: 1992.377823408624181 -5741.000000000000000 -0.674292817711830
plotVals: 1992.405201916495571 -5731.000000000000000 -0.663979746401310
plotVals: 1992.432580424366961 -5721.000000000000000 -0.652646079659462
plotVals: 1992.459958932238123 -5711.000000000000000 -0.641291849315166
plotVals: 1992.487337440109513 -5701.000000000000000 -0.627917014062405
plotVals: 1992.514715947980903 -5691.000000000000000 -0.618521604686975
plotVals: 1992.542094455852066 -5681.000000000000000 -0.608105611056089
plotVals: 1992.569472963723456 -5671.000000000000000 -0.597669031471014
plotVals: 1992.596851471594846 -5661.000000000000000 -0.586211867630482
plotVals: 1992.624229979466008 -5651.000000000000000 -0.575734116137028
plotVals: 1992.651608487337398 -5641.000000000000000 -0.566235788166523
plotVals: 1992.678986995208788 -5631.000000000000000 -0.556716874241829
plotVals: 1992.706365503080178 -5621.000000000000000 -0.548177365213633
plotVals: 1992.733744010951341 -5611.000000000000000 -0.540617290884256
plotVals: 1992.761122518822731 -5601.000000000000000 -0.534036614000797
plotVals: 1992.788501026694121 -5591.000000000000000 -0.527435366064310
plotVals: 1992.815879534565283 -5581.000000000000000 -0.521813523024321
plotVals: 1992.843258042436673 -5571.000000000000000 -0.517171103507280
plotVals: 1992.870636550308063 -5561.000000000000000 -0.514508098363876
plotVals: 1992.898015058179226 -5551.000000000000000 -0.511824503540993
plotVals: 1992.925393566050616 -5541.000000000000000 -0.510120335966349
plotVals: 1992.952772073922006 -5531.000000000000000 -0.508395571261644
plotVals: 1992.980150581793396 -5521.000000000000000 -0.507650226354599
plotVals: 1993.005475701574369 -5511.000000000000000 -0.507884301245213
plotVals: 1993.032854209445532 -5501.000000000000000 -0.507097784429789
plotVals: 1993.060232717316921 -5491.000000000000000 -0.506290692836046
plotVals: 1993.087611225188311 -5481.000000000000000 -0.505463011562824
plotVals: 1993.114989733059474 -5471.000000000000000 -0.505614746361971
plotVals: 1993.142368240930864 -5461.000000000000000 -0.504745893180370
plotVals: 1993.169746748802254 -5451.000000000000000 -0.504856463521719
plotVals: 1993.197125256673417 -5441.000000000000000 -0.503946442157030
plotVals: 1993.224503764544806 -5431.000000000000000 -0.504015836864710
plotVals: 1993.251882272416196 -5421.000000000000000 -0.504064660519361
plotVals: 1993.279260780287586 -5411.000000000000000 -0.503092885017395
plotVals: 1993.306639288158749 -5401.000000000000000 -0.502100527286530
plotVals: 1993.334017796030139 -5391.000000000000000 -0.500087592750788
plotVals: 1993.361396303901529 -5381.000000000000000 -0.496054064482450
plotVals: 1993.388774811772691 -5371.000000000000000 -0.491999965161085
plotVals: 1993.416153319644081 -5361.000000000000000 -0.487925272434950
plotVals: 1993.443531827515471 -5351.000000000000000 -0.483829993754625
plotVals: 1993.470910335386634 -5341.000000000000000 -0.479714132845402
plotVals: 1993.498288843258024 -5331.000000000000000 -0.476577684283257
plotVals: 1993.525667351129414 -5321.000000000000000 -0.472420658916235
plotVals: 1993.553045859000576 -5311.000000000000000 -0.469243045896292
plotVals: 1993.580424366871966 -5301.000000000000000 -0.465044848620892
plotVals: 1993.607802874743356 -5291.000000000000000 -0.461826067417860
plotVals: 1993.635181382614746 -5281.000000000000000 -0.458586696535349
plotVals: 1993.662559890485909 -5271.000000000000000 -0.454326752573252
plotVals: 1993.689938398357299 -5261.000000000000000 -0.451046213507652
plotVals: 1993.717316906228689 -5251.000000000000000 -0.447745095938444
plotVals: 1993.744695414099851 -5241.000000000000000 -0.445423390716314
plotVals: 1993.772073921971241 -5231.000000000000000 -0.442081104964018
plotVals: 1993.799452429842631 -5221.000000000000000 -0.438718236982822
plotVals: 1993.826830937713794 -5211.000000000000000 -0.436334777623415
plotVals: 1993.854209445585184 -5201.000000000000000 -0.432930734008551
plotVals: 1993.881587953456574 -5191.000000000000000 -0.430506113916636
plotVals: 1993.908966461327964 -5181.000000000000000 -0.427060898393393
plotVals: 1993.936344969199126 -5171.000000000000000 -0.424595110118389
plotVals: 1993.963723477070516 -5161.000000000000000 -0.422108732163906
plotVals: 1993.991101984941906 -5151.000000000000000 -0.419601771980524
plotVals: 1994.019164955509950 -5141.000000000000000 -0.417074222117662
plotVals: 1994.046543463381340 -5131.000000000000000 -0.413526095449924
plotVals: 1994.073921971252503 -5121.000000000000000 -0.410957381129265
plotVals: 1994.101300479123893 -5111.000000000000000 -0.408368077129126
plotVals: 1994.128678986995283 -5101.000000000000000 -0.405758194625378
plotVals: 1994.156057494866445 -5091.000000000000000 -0.402127727866173
plotVals: 1994.183436002737835 -5081.000000000000000 -0.398476682603359
plotVals: 1994.210814510609225 -5071.000000000000000 -0.395805042237043
plotVals: 1994.238193018480388 -5061.000000000000000 -0.392112821340561
plotVals: 1994.265571526351778 -5051.000000000000000 -0.388400014489889
plotVals: 1994.292950034223168 -5041.000000000000000 -0.384666629135609
plotVals: 1994.320328542094558 -5031.000000000000000 -0.379912652075291
plotVals: 1994.347707049965720 -5021.000000000000000 -0.376138098537922
plotVals: 1994.375085557837110 -5011.000000000000000 -0.371342953294516
plotVals: 1994.402464065708500 -5001.000000000000000 -0.366527229547501
plotVals: 1994.429842573579663 -4991.000000000000000 -0.361690919846296
plotVals: 1994.457221081451053 -4981.000000000000000 -0.356834027916193
plotVals: 1994.484599589322443 -4971.000000000000000 -0.351956546306610
plotVals: 1994.511978097193605 -4961.000000000000000 -0.347058478742838
plotVals: 1994.539356605064995 -4951.000000000000000 -0.341139834374189
plotVals: 1994.566735112936385 -4941.000000000000000 -0.336200602352619
plotVals: 1994.594113620807775 -4931.000000000000000 -0.330240793526173
plotVals: 1994.621492128678938 -4921.000000000000000 -0.324260391294956
plotVals: 1994.648870636550328 -4911.000000000000000 -0.318259403109550
plotVals: 1994.676249144421718 -4901.000000000000000 -0.312237836420536
plotVals: 1994.703627652292880 -4891.000000000000000 -0.306195683777332
plotVals: 1994.731006160164270 -4881.000000000000000 -0.300132941454649
plotVals: 1994.758384668035660 -4871.000000000000000 -0.294049620628357
plotVals: 1994.785763175906823 -4861.000000000000000 -0.287945721298456
plotVals: 1994.813141683778213 -4851.000000000000000 -0.281821232289076
plotVals: 1994.840520191649603 -4841.000000000000000 -0.275676149874926
plotVals: 1994.867898699520765 -4831.000000000000000 -0.268510498106480
plotVals: 1994.895277207392155 -4821.000000000000000 -0.262324247509241
plotVals: 1994.922655715263545 -4811.000000000000000 -0.255117427557707
plotVals: 1994.950034223134935 -4801.000000000000000 -0.248890008777380
plotVals: 1994.977412731006098 -4791.000000000000000 -0.241642013192177
plotVals: 1995.005475701574369 -4781.000000000000000 -0.234373439103365
plotVals: 1995.032854209445532 -4771.000000000000000 -0.227084271609783
plotVals: 1995.060232717316921 -4761.000000000000000 -0.218774527311325
plotVals: 1995.087611225188311 -4751.000000000000000 -0.211444191634655
plotVals: 1995.114989733059474 -4741.000000000000000 -0.203093275427818
plotVals: 1995.142368240930864 -4731.000000000000000 -0.195721775293350
plotVals: 1995.169746748802254 -4721.000000000000000 -0.187329687178135
plotVals: 1995.197125256673417 -4711.000000000000000 -0.179917018860579
plotVals: 1995.224503764544806 -4701.000000000000000 -0.172483760863543
plotVals: 1995.251882272416196 -4691.000000000000000 -0.164029929786921
plotVals: 1995.279260780287586 -4681.000000000000000 -0.155555505305529
plotVals: 1995.306639288158749 -4671.000000000000000 -0.148060493171215
plotVals: 1995.334017796030139 -4661.000000000000000 -0.139544907957315
plotVals: 1995.361396303901529 -4651.000000000000000 -0.132008731365204
plotVals: 1995.388774811772691 -4641.000000000000000 -0.124451968818903
plotVals: 1995.416153319644081 -4631.000000000000000 -0.115874625742435
plotVals: 1995.443531827515471 -4621.000000000000000 -0.108276691287756
plotVals: 1995.470910335386634 -4611.000000000000000 -0.100658182054758
plotVals: 1995.498288843258024 -4601.000000000000000 -0.093019079416990
plotVals: 1995.525667351129414 -4591.000000000000000 -0.085359409451485
plotVals: 1995.553045859000576 -4581.000000000000000 -0.077679138630629
plotVals: 1995.580424366871966 -4571.000000000000000 -0.069978285580873
plotVals: 1995.607802874743356 -4561.000000000000000 -0.063256856054068
plotVals: 1995.635181382614746 -4551.000000000000000 -0.055514834821224
plotVals: 1995.662559890485909 -4541.000000000000000 -0.047752231359482
plotVals: 1995.689938398357299 -4531.000000000000000 -0.041969045996666
plotVals: 1995.717316906228689 -4521.000000000000000 -0.035165268927813
plotVals: 1995.744695414099851 -4511.000000000000000 -0.028340920805931
plotVals: 1995.772073921971241 -4501.000000000000000 -0.021495979279280
plotVals: 1995.799452429842631 -4491.000000000000000 -0.015630457550287
plotVals: 1995.826830937713794 -4481.000000000000000 -0.008744347840548
plotVals: 1995.854209445585184 -4471.000000000000000 -0.002837657928467
plotVals: 1995.881587953456574 -4461.000000000000000 0.003089621663094
plotVals: 1995.908966461327964 -4451.000000000000000 0.010037481784821
plotVals: 1995.936344969199126 -4441.000000000000000 0.016005929559469
plotVals: 1995.963723477070516 -4431.000000000000000 0.022994957864285
plotVals: 1995.991101984941906 -4421.000000000000000 0.029004570096731
plotVals: 1996.019164955509950 -4411.000000000000000 0.035034772008657
plotVals: 1996.046543463381340 -4401.000000000000000 0.042085554450750
plotVals: 1996.073921971252503 -4391.000000000000000 0.048156920820475
plotVals: 1996.101300479123893 -4381.000000000000000 0.055248871445656
plotVals: 1996.128678986995283 -4371.000000000000000 0.062361400574446
plotVals: 1996.156057494866445 -4361.000000000000000 0.069494526833296
plotVals: 1996.183436002737835 -4351.000000000000000 0.076648231595755
plotVals: 1996.210814510609225 -4341.000000000000000 0.083822514861822
plotVals: 1996.238193018480388 -4331.000000000000000 0.091017395257950
plotVals: 1996.265571526351778 -4321.000000000000000 0.099232845008373
plotVals: 1996.292950034223168 -4311.000000000000000 0.106468889862299
plotVals: 1996.320328542094558 -4301.000000000000000 0.115725517272949
plotVals: 1996.347707049965720 -4291.000000000000000 0.123002722859383
plotVals: 1996.375085557837110 -4281.000000000000000 0.131300520151854
plotVals: 1996.402464065708500 -4271.000000000000000 0.139618895947933
plotVals: 1996.429842573579663 -4261.000000000000000 0.148957855999470
plotVals: 1996.457221081451053 -4251.000000000000000 0.158317398279905
plotVals: 1996.484599589322443 -4241.000000000000000 0.167697533965111
plotVals: 1996.511978097193605 -4231.000000000000000 0.177098255604506
plotVals: 1996.539356605064995 -4221.000000000000000 0.186519552022219
plotVals: 1996.566735112936385 -4211.000000000000000 0.195961434394121
plotVals: 1996.594113620807775 -4201.000000000000000 0.205423898994923
plotVals: 1996.621492128678938 -4191.000000000000000 0.215906951576471
plotVals: 1996.648870636550328 -4181.000000000000000 0.226410593837500
plotVals: 1996.676249144421718 -4171.000000000000000 0.236934810876846
plotVals: 1996.703627652292880 -4161.000000000000000 0.246479615569115
plotVals: 1996.731006160164270 -4151.000000000000000 0.256045006215572
plotVals: 1996.758384668035660 -4141.000000000000000 0.265630979090929
plotVals: 1996.785763175906823 -4131.000000000000000 0.276237536221743
plotVals: 1996.813141683778213 -4121.000000000000000 0.286864683032036
plotVals: 1996.840520191649603 -4111.000000000000000 0.296512406319380
plotVals: 1996.867898699520765 -4101.000000000000000 0.306180715560913
plotVals: 1996.895277207392155 -4091.000000000000000 0.315869614481926
plotVals: 1996.922655715263545 -4081.000000000000000 0.325579095631838
plotVals: 1996.950034223134935 -4071.000000000000000 0.336309157311916
plotVals: 1996.977412731006098 -4061.000000000000000 0.346059806644917
plotVals: 1997.002737850787071 -4051.000000000000000 0.355831034481525
plotVals: 1997.030116358658461 -4041.000000000000000 0.365622851997614
plotVals: 1997.057494866529851 -4031.000000000000000 0.374435249716043
plotVals: 1997.084873374401013 -4021.000000000000000 0.384268242865801
plotVals: 1997.112251882272403 -4011.000000000000000 0.394121810793877
plotVals: 1997.139630390143793 -4001.000000000000000 0.403995964676142
plotVals: 1997.167008898014956 -3991.000000000000000 0.412890702486038
plotVals: 1997.194387405886346 -3981.000000000000000 0.421806026250124
plotVals: 1997.221765913757736 -3971.000000000000000 0.430741924792528
plotVals: 1997.249144421629126 -3961.000000000000000 0.438698422163725
plotVals: 1997.276522929500288 -3951.000000000000000 0.447675492614508
plotVals: 1997.303901437371678 -3941.000000000000000 0.456673156470060
plotVals: 1997.331279945243068 -3931.000000000000000 0.464691393077374
plotVals: 1997.358658453114231 -3921.000000000000000 0.471730221062899
plotVals: 1997.386036960985621 -3911.000000000000000 0.478789638727903
plotVals: 1997.413415468857011 -3901.000000000000000 0.485869634896517
plotVals: 1997.440793976728173 -3891.000000000000000 0.492970217019320
plotVals: 1997.468172484599563 -3881.000000000000000 0.500091377645731
plotVals: 1997.495550992470953 -3871.000000000000000 0.506233133375645
plotVals: 1997.522929500342343 -3861.000000000000000 0.511395461857319
plotVals: 1997.550308008213506 -3851.000000000000000 0.516578376293182
plotVals: 1997.577686516084896 -3841.000000000000000 0.520781885832548
plotVals: 1997.605065023956286 -3831.000000000000000 0.525005970150232
plotVals: 1997.632443531827448 -3821.000000000000000 0.529250636696815
plotVals: 1997.659822039698838 -3811.000000000000000 0.533515896648169
plotVals: 1997.687200547570228 -3801.000000000000000 0.535801731050014
plotVals: 1997.714579055441391 -3791.000000000000000 0.537108160555363
plotVals: 1997.741957563312781 -3781.000000000000000 0.538435164839029
plotVals: 1997.769336071184171 -3771.000000000000000 0.539782758802176
plotVals: 1997.796714579055333 -3761.000000000000000 0.541150927543640
plotVals: 1997.824093086926723 -3751.000000000000000 0.542539689689875
plotVals: 1997.851471594798113 -3741.000000000000000 0.540949039161205
plotVals: 1997.878850102669503 -3731.000000000000000 0.539378967136145
plotVals: 1997.906228610540666 -3721.000000000000000 0.537829477339983
plotVals: 1997.933607118412056 -3711.000000000000000 0.536300577223301
plotVals: 1997.960985626283446 -3701.000000000000000 0.533792261034250
plotVals: 1997.988364134154608 -3691.000000000000000 0.531304530799389
plotVals: 1998.016427104722879 -3681.000000000000000 0.527837373316288
plotVals: 1998.043805612594042 -3671.000000000000000 0.524390809237957
plotVals: 1998.071184120465432 -3661.000000000000000 0.520964831113815
plotVals: 1998.098562628336822 -3651.000000000000000 0.516559436917305
plotVals: 1998.125941136207985 -3641.000000000000000 0.511174619197845
plotVals: 1998.153319644079374 -3631.000000000000000 0.505810394883156
plotVals: 1998.180698151950764 -3621.000000000000000 0.499466754496098
plotVals: 1998.208076659821927 -3611.000000000000000 0.492143686860800
plotVals: 1998.235455167693317 -3601.000000000000000 0.485841214656830
plotVals: 1998.262833675564707 -3591.000000000000000 0.478559322655201
plotVals: 1998.290212183436097 -3581.000000000000000 0.470298018306494
plotVals: 1998.317590691307259 -3571.000000000000000 0.462057299911976
plotVals: 1998.344969199178649 -3561.000000000000000 0.453837148845196
plotVals: 1998.372347707050039 -3551.000000000000000 0.445637598633766
plotVals: 1998.399726214921202 -3541.000000000000000 0.436458632349968
plotVals: 1998.427104722792592 -3531.000000000000000 0.428300250321627
plotVals: 1998.454483230663982 -3521.000000000000000 0.419162444770336
plotVals: 1998.481861738535144 -3511.000000000000000 0.410045232623816
plotVals: 1998.509240246406534 -3501.000000000000000 0.400948595255613
plotVals: 1998.536618754277924 -3491.000000000000000 0.391872551292181
plotVals: 1998.563997262149314 -3481.000000000000000 0.382817082107067
plotVals: 1998.591375770020477 -3471.000000000000000 0.373782210052013
plotVals: 1998.618754277891867 -3461.000000000000000 0.363767910748720
plotVals: 1998.646132785763257 -3451.000000000000000 0.354774195700884
plotVals: 1998.673511293634419 -3441.000000000000000 0.345801070332527
plotVals: 1998.700889801505809 -3431.000000000000000 0.335848528891802
plotVals: 1998.728268309377199 -3421.000000000000000 0.326916571706533
plotVals: 1998.755646817248362 -3411.000000000000000 0.318005196750164
plotVals: 1998.783025325119752 -3401.000000000000000 0.308114409446716
plotVals: 1998.810403832991142 -3391.000000000000000 0.299244198948145
plotVals: 1998.837782340862532 -3381.000000000000000 0.290394581854343
plotVals: 1998.865160848733694 -3371.000000000000000 0.281565539538860
plotVals: 1998.892539356605084 -3361.000000000000000 0.272757090628147
plotVals: 1998.919917864476474 -3351.000000000000000 0.263969223946333
plotVals: 1998.947296372347637 -3341.000000000000000 0.255201939493418
plotVals: 1998.974674880219027 -3331.000000000000000 0.246455237269402
plotVals: 1999.002737850787071 -3321.000000000000000 0.237729120999575
plotVals: 1999.030116358658461 -3311.000000000000000 0.230023592710495
plotVals: 1999.057494866529851 -3301.000000000000000 0.221338644623756
plotVals: 1999.084873374401013 -3291.000000000000000 0.213674280792475
plotVals: 1999.112251882272403 -3281.000000000000000 0.206030502915382
plotVals: 1999.139630390143793 -3271.000000000000000 0.198407307267189
plotVals: 1999.167008898014956 -3261.000000000000000 0.190804701298475
plotVals: 1999.194387405886346 -3251.000000000000000 0.184222679585218
plotVals: 1999.221765913757736 -3241.000000000000000 0.177661228924990
plotVals: 1999.249144421629126 -3231.000000000000000 0.171120371669531
plotVals: 1999.276522929500288 -3221.000000000000000 0.164600100368261
plotVals: 1999.303901437371678 -3211.000000000000000 0.159100413322449
plotVals: 1999.331279945243068 -3201.000000000000000 0.152621310204268
plotVals: 1999.358658453114231 -3191.000000000000000 0.147162787616253
plotVals: 1999.386036960985621 -3181.000000000000000 0.140724856406450
plotVals: 1999.413415468857011 -3171.000000000000000 0.135307505726814
plotVals: 1999.440793976728173 -3161.000000000000000 0.129910741001368
plotVals: 1999.468172484599563 -3151.000000000000000 0.124534554779530
plotVals: 1999.495550992470953 -3141.000000000000000 0.119178958237171
plotVals: 1999.522929500342343 -3131.000000000000000 0.113843947649002
plotVals: 1999.550308008213506 -3121.000000000000000 0.108529511839151
plotVals: 1999.577686516084896 -3111.000000000000000 0.104235664010048
plotVals: 1999.605065023956286 -3101.000000000000000 0.098962403833866
plotVals: 1999.632443531827448 -3091.000000000000000 0.093709729611874
plotVals: 1999.659822039698838 -3081.000000000000000 0.089477632194757
plotVals: 1999.687200547570228 -3071.000000000000000 0.084266122430563
plotVals: 1999.714579055441391 -3061.000000000000000 0.079075198620558
plotVals: 1999.741957563312781 -3051.000000000000000 0.074904859066010
plotVals: 1999.769336071184171 -3041.000000000000000 0.069755107164383
plotVals: 1999.796714579055333 -3031.000000000000000 0.065625935792923
plotVals: 1999.824093086926723 -3021.000000000000000 0.060517344623804
plotVals: 1999.851471594798113 -3011.000000000000000 0.056429341435432
plotVals: 1999.878850102669503 -3001.000000000000000 0.051361918449402
plotVals: 1999.906228610540666 -2991.000000000000000 0.047315090894699
plotVals: 1999.933607118412056 -2981.000000000000000 0.042288843542337
plotVals: 1999.960985626283446 -2971.000000000000000 0.038283172994852
plotVals: 1999.988364134154608 -2961.000000000000000 0.033298093825579
plotVals: 2000.016427104722879 -2951.000000000000000 0.028333589434624
plotVals: 2000.043805612594042 -2941.000000000000000 0.023389678448439
plotVals: 2000.071184120465432 -2931.000000000000000 0.018466349691153
plotVals: 2000.098562628336822 -2921.000000000000000 0.013563606888056
plotVals: 2000.125941136207985 -2911.000000000000000 0.008681450039148
plotVals: 2000.153319644079374 -2901.000000000000000 0.004819869995117
plotVals: 2000.180698151950764 -2891.000000000000000 -0.000021122395992
plotVals: 2000.208076659821927 -2881.000000000000000 -0.003841526806355
plotVals: 2000.235455167693317 -2871.000000000000000 -0.007641352713108
plotVals: 2000.262833675564707 -2861.000000000000000 -0.011420581489801
plotVals: 2000.290212183436097 -2851.000000000000000 -0.015179246664047
plotVals: 2000.317590691307259 -2841.000000000000000 -0.018917310982943
plotVals: 2000.344969199178649 -2831.000000000000000 -0.021634805947542
plotVals: 2000.372347707050039 -2821.000000000000000 -0.024331703782082
plotVals: 2000.399726214921202 -2811.000000000000000 -0.027008019387722
plotVals: 2000.427104722792592 -2801.000000000000000 -0.030663751065731
plotVals: 2000.454483230663982 -2791.000000000000000 -0.033298898488283
plotVals: 2000.481861738535144 -2781.000000000000000 -0.036913465708494
plotVals: 2000.509240246406534 -2771.000000000000000 -0.039507444947958
plotVals: 2000.536618754277924 -2761.000000000000000 -0.043080836534500
plotVals: 2000.563997262149314 -2751.000000000000000 -0.045633655041456
plotVals: 2000.591375770020477 -2741.000000000000000 -0.048165880143642
plotVals: 2000.618754277891867 -2731.000000000000000 -0.049677524715662
plotVals: 2000.646132785763257 -2721.000000000000000 -0.052168581634760
plotVals: 2000.673511293634419 -2711.000000000000000 -0.054639056324959
plotVals: 2000.700889801505809 -2701.000000000000000 -0.056088950484991
plotVals: 2000.728268309377199 -2691.000000000000000 -0.058518253266811
plotVals: 2000.755646817248362 -2681.000000000000000 -0.060926977545023
plotVals: 2000.783025325119752 -2671.000000000000000 -0.063315112143755
plotVals: 2000.810403832991142 -2661.000000000000000 -0.065682664513588
plotVals: 2000.837782340862532 -2651.000000000000000 -0.068029630929232
plotVals: 2000.865160848733694 -2641.000000000000000 -0.070356018841267
plotVals: 2000.892539356605084 -2631.000000000000000 -0.073661822825670
plotVals: 2000.919917864476474 -2621.000000000000000 -0.075947035104036
plotVals: 2000.947296372347637 -2611.000000000000000 -0.079211674630642
plotVals: 2000.974674880219027 -2601.000000000000000 -0.082455713301897
plotVals: 2001.002053388090417 -2591.000000000000000 -0.084679178893566
plotVals: 2001.027378507871390 -2581.000000000000000 -0.087882060557604
plotVals: 2001.054757015742553 -2571.000000000000000 -0.090064354240894
plotVals: 2001.082135523613942 -2561.000000000000000 -0.093226063996553
plotVals: 2001.109514031485332 -2551.000000000000000 -0.096367191523314
plotVals: 2001.136892539356495 -2541.000000000000000 -0.099487725645304
plotVals: 2001.164271047227885 -2531.000000000000000 -0.102587692439556
plotVals: 2001.191649555099275 -2521.000000000000000 -0.105667062103748
plotVals: 2001.219028062970665 -2511.000000000000000 -0.107725854963064
plotVals: 2001.246406570841827 -2501.000000000000000 -0.109764061868191
plotVals: 2001.273785078713217 -2491.000000000000000 -0.111781682819128
plotVals: 2001.301163586584607 -2481.000000000000000 -0.113778714090586
plotVals: 2001.328542094455770 -2471.000000000000000 -0.115755166858435
plotVals: 2001.355920602327160 -2461.000000000000000 -0.117711033672094
plotVals: 2001.383299110198550 -2451.000000000000000 -0.119646314531565
plotVals: 2001.410677618069712 -2441.000000000000000 -0.121561016887426
plotVals: 2001.438056125941102 -2431.000000000000000 -0.122455134987831
plotVals: 2001.465434633812492 -2421.000000000000000 -0.123328659683466
plotVals: 2001.492813141683882 -2411.000000000000000 -0.124181609600782
plotVals: 2001.520191649555045 -2401.000000000000000 -0.125013966113329
plotVals: 2001.547570157426435 -2391.000000000000000 -0.124825753271580
plotVals: 2001.574948665297825 -2381.000000000000000 -0.124616943299770
plotVals: 2001.602327173168987 -2371.000000000000000 -0.125387549400330
plotVals: 2001.629705681040377 -2361.000000000000000 -0.126137580722570
plotVals: 2001.657084188911767 -2351.000000000000000 -0.125867016613483
plotVals: 2001.684462696782930 -2341.000000000000000 -0.125575874000788
plotVals: 2001.711841204654320 -2331.000000000000000 -0.125264145433903
plotVals: 2001.739219712525710 -2321.000000000000000 -0.124931827187538
plotVals: 2001.766598220397100 -2311.000000000000000 -0.124578934162855
plotVals: 2001.793976728268262 -2301.000000000000000 -0.124205455183983
plotVals: 2001.821355236139652 -2291.000000000000000 -0.123811390250921
plotVals: 2001.848733744011042 -2281.000000000000000 -0.123396743088961
plotVals: 2001.876112251882205 -2271.000000000000000 -0.121961511671543
plotVals: 2001.903490759753595 -2261.000000000000000 -0.120505690574646
plotVals: 2001.930869267624985 -2251.000000000000000 -0.120029285550117
plotVals: 2001.958247775496147 -2241.000000000000000 -0.119532305747271
plotVals: 2001.985626283367537 -2231.000000000000000 -0.119014732539654
plotVals: 2002.013689253935581 -2221.000000000000000 -0.117476578801870
plotVals: 2002.041067761806971 -2211.000000000000000 -0.115917835384607
plotVals: 2002.068446269678361 -2201.000000000000000 -0.114338513463736
plotVals: 2002.095824777549524 -2191.000000000000000 -0.112738605588675
plotVals: 2002.123203285420914 -2181.000000000000000 -0.112118117511272
plotVals: 2002.150581793292304 -2171.000000000000000 -0.110477037727833
plotVals: 2002.177960301163694 -2161.000000000000000 -0.109815377742052
plotVals: 2002.205338809034856 -2151.000000000000000 -0.108133129775524
plotVals: 2002.232717316906246 -2141.000000000000000 -0.105430301278830
plotVals: 2002.260095824777636 -2131.000000000000000 -0.104706890881062
plotVals: 2002.287474332648799 -2121.000000000000000 -0.102962892502546
plotVals: 2002.314852840520189 -2111.000000000000000 -0.102198310196400
plotVals: 2002.342231348391579 -2101.000000000000000 -0.100413139909506
plotVals: 2002.369609856262741 -2091.000000000000000 -0.098607394844294
plotVals: 2002.396988364134131 -2081.000000000000000 -0.096781056374311
plotVals: 2002.424366872005521 -2071.000000000000000 -0.094934139400721
plotVals: 2002.451745379876684 -2061.000000000000000 -0.094066631048918
plotVals: 2002.479123887748074 -2051.000000000000000 -0.092178549617529
plotVals: 2002.506502395619464 -2041.000000000000000 -0.091269876807928
plotVals: 2002.533880903490854 -2031.000000000000000 -0.089340623468161
plotVals: 2002.561259411362016 -2021.000000000000000 -0.087390780448914
plotVals: 2002.588637919233406 -2011.000000000000000 -0.086420353502035
plotVals: 2002.616016427104796 -2001.000000000000000 -0.085429344326258
plotVals: 2002.643394934975959 -1991.000000000000000 -0.083417754620314
plotVals: 2002.670773442847349 -1981.000000000000000 -0.082385573536158
plotVals: 2002.698151950718739 -1971.000000000000000 -0.080332815647125
plotVals: 2002.725530458589901 -1961.000000000000000 -0.079259470105171
plotVals: 2002.752908966461291 -1951.000000000000000 -0.077165532857180
plotVals: 2002.780287474332681 -1941.000000000000000 -0.076051015406847
plotVals: 2002.807665982204071 -1931.000000000000000 -0.074915926903486
plotVals: 2002.835044490075234 -1921.000000000000000 -0.073760244995356
plotVals: 2002.862422997946624 -1911.000000000000000 -0.071583967655897
plotVals: 2002.889801505818014 -1901.000000000000000 -0.069387122988701
plotVals: 2002.917180013689176 -1891.000000000000000 -0.068169683218002
plotVals: 2002.944558521560566 -1881.000000000000000 -0.066931661218405
plotVals: 2002.971937029431956 -1871.000000000000000 -0.065673060715199
plotVals: 2002.999315537303119 -1861.000000000000000 -0.063393868505955
plotVals: 2003.027378507871390 -1851.000000000000000 -0.062094096094370
plotVals: 2003.054757015742553 -1841.000000000000000 -0.059773735702038
plotVals: 2003.082135523613942 -1831.000000000000000 -0.058432802557945
plotVals: 2003.109514031485332 -1821.000000000000000 -0.057071272283792
plotVals: 2003.136892539356495 -1811.000000000000000 -0.055689163506031
plotVals: 2003.164271047227885 -1801.000000000000000 -0.055286463350058
plotVals: 2003.191649555099275 -1791.000000000000000 -0.053863186389208
plotVals: 2003.219028062970665 -1781.000000000000000 -0.052419323474169
plotVals: 2003.246406570841827 -1771.000000000000000 -0.051054876297712
plotVals: 2003.273785078713217 -1761.000000000000000 -0.050469841808081
plotVals: 2003.301163586584607 -1751.000000000000000 -0.049864232540131
plotVals: 2003.328542094455770 -1741.000000000000000 -0.049238033592701
plotVals: 2003.355920602327160 -1731.000000000000000 -0.048391245305538
plotVals: 2003.383299110198550 -1721.000000000000000 -0.047523874789476
plotVals: 2003.410677618069712 -1711.000000000000000 -0.046535920351744
plotVals: 2003.438056125941102 -1701.000000000000000 -0.046327389776707
plotVals: 2003.465434633812492 -1691.000000000000000 -0.045798264443874
plotVals: 2003.492813141683882 -1681.000000000000000 -0.045248556882143
plotVals: 2003.520191649555045 -1671.000000000000000 -0.044378265738487
plotVals: 2003.547570157426435 -1661.000000000000000 -0.043287392705679
plotVals: 2003.574948665297825 -1651.000000000000000 -0.041975937783718
plotVals: 2003.602327173168987 -1641.000000000000000 -0.040443893522024
plotVals: 2003.629705681040377 -1631.000000000000000 -0.038691267371178
plotVals: 2003.657084188911767 -1621.000000000000000 -0.036618053913116
plotVals: 2003.684462696782930 -1611.000000000000000 -0.034424260258675
plotVals: 2003.711841204654320 -1601.000000000000000 -0.031909883022308
plotVals: 2003.739219712525710 -1591.000000000000000 -0.029274914413691
plotVals: 2003.766598220397100 -1581.000000000000000 -0.027319367974997
plotVals: 2003.793976728268262 -1571.000000000000000 -0.025243233889341
plotVals: 2003.821355236139652 -1561.000000000000000 -0.023046512156725
plotVals: 2003.848733744011042 -1551.000000000000000 -0.020729217678308
plotVals: 2003.876112251882205 -1541.000000000000000 -0.018391329795122
plotVals: 2003.903490759753595 -1531.000000000000000 -0.016032859683037
plotVals: 2003.930869267624985 -1521.000000000000000 -0.014453802257776
plotVals: 2003.958247775496147 -1511.000000000000000 -0.012954171746969
plotVals: 2003.985626283367537 -1501.000000000000000 -0.011533938348293
plotVals: 2004.013689253935581 -1491.000000000000000 -0.010093137621880
plotVals: 2004.041067761806971 -1481.000000000000000 -0.008831743150949
plotVals: 2004.068446269678361 -1471.000000000000000 -0.007649768143892
plotVals: 2004.095824777549524 -1461.000000000000000 -0.007047209888697
plotVals: 2004.123203285420914 -1451.000000000000000 -0.006924062967300
plotVals: 2004.150581793292304 -1441.000000000000000 -0.006880335509777
plotVals: 2004.177960301163694 -1431.000000000000000 -0.007016018033028
plotVals: 2004.205338809034856 -1421.000000000000000 -0.007231120020151
plotVals: 2004.232717316906246 -1411.000000000000000 -0.007425643503666
plotVals: 2004.260095824777636 -1401.000000000000000 -0.008199576288462
plotVals: 2004.287474332648799 -1391.000000000000000 -0.009352933615446
plotVals: 2004.314852840520189 -1381.000000000000000 -0.010585695505142
plotVals: 2004.342231348391579 -1371.000000000000000 -0.011797875165939
plotVals: 2004.369609856262741 -1361.000000000000000 -0.012989472597837
plotVals: 2004.396988364134131 -1351.000000000000000 -0.014160487800837
plotVals: 2004.424366872005521 -1341.000000000000000 -0.015710916370153
plotVals: 2004.451745379876684 -1331.000000000000000 -0.017640758305788
plotVals: 2004.479123887748074 -1321.000000000000000 -0.019550021737814
plotVals: 2004.506502395619464 -1311.000000000000000 -0.021638691425323
plotVals: 2004.533880903490854 -1301.000000000000000 -0.024006783962250
plotVals: 2004.561259411362016 -1291.000000000000000 -0.026254296302795
plotVals: 2004.588637919233406 -1281.000000000000000 -0.028681222349405
plotVals: 2004.616016427104796 -1271.000000000000000 -0.031287554651499
plotVals: 2004.643394934975959 -1261.000000000000000 -0.033873308449984
plotVals: 2004.670773442847349 -1251.000000000000000 -0.036338478326797
plotVals: 2004.698151950718739 -1241.000000000000000 -0.038783065974712
plotVals: 2004.725530458589901 -1231.000000000000000 -0.041207071393728
plotVals: 2004.752908966461291 -1221.000000000000000 -0.043510477989912
plotVals: 2004.780287474332681 -1211.000000000000000 -0.045693323016167
plotVals: 2004.807665982204071 -1201.000000000000000 -0.047755565494299
plotVals: 2004.835044490075234 -1191.000000000000000 -0.049797229468822
plotVals: 2004.862422997946624 -1181.000000000000000 -0.051718313246965
plotVals: 2004.889801505818014 -1171.000000000000000 -0.053418811410666
plotVals: 2004.917180013689176 -1161.000000000000000 -0.055098719894886
plotVals: 2004.944558521560566 -1151.000000000000000 -0.056558046489954
plotVals: 2004.971937029431956 -1141.000000000000000 -0.057896792888641
plotVals: 2004.999315537303119 -1131.000000000000000 -0.059014946222305
plotVals: 2005.024640657084092 -1121.000000000000000 -0.060312524437904
plotVals: 2005.052019164955482 -1111.000000000000000 -0.061389509588480
plotVals: 2005.079397672826872 -1101.000000000000000 -0.062345918267965
plotVals: 2005.106776180698262 -1091.000000000000000 -0.063081745058298
plotVals: 2005.134154688569424 -1081.000000000000000 -0.063596982508898
plotVals: 2005.161533196440814 -1071.000000000000000 -0.063891634345055
plotVals: 2005.188911704312204 -1061.000000000000000 -0.064365699887276
plotVals: 2005.216290212183367 -1051.000000000000000 -0.064719185233116
plotVals: 2005.243668720054757 -1041.000000000000000 -0.064852084964514
plotVals: 2005.271047227926147 -1031.000000000000000 -0.065064396709204
plotVals: 2005.298425735797309 -1021.000000000000000 -0.065056137740612
plotVals: 2005.325804243668699 -1011.000000000000000 -0.064927283674479
plotVals: 2005.353182751540089 -1001.000000000000000 -0.064777847379446
plotVals: 2005.380561259411252 -991.000000000000000 -0.064507827162743
plotVals: 2005.407939767282642 -981.000000000000000 -0.064117219299078
plotVals: 2005.435318275154032 -971.000000000000000 -0.063806030899286
plotVals: 2005.462696783025422 -961.000000000000000 -0.063374254852533
plotVals: 2005.490075290896584 -951.000000000000000 -0.062721896916628
plotVals: 2005.517453798767974 -941.000000000000000 -0.062648952007294
plotVals: 2005.544832306639364 -931.000000000000000 -0.062355425208807
plotVals: 2005.572210814510527 -921.000000000000000 -0.062041319906712
plotVals: 2005.599589322381917 -911.000000000000000 -0.061906620860100
plotVals: 2005.626967830253307 -901.000000000000000 -0.061651345342398
plotVals: 2005.654346338124469 -891.000000000000000 -0.061375476419926
plotVals: 2005.681724845995859 -881.000000000000000 -0.061579033732414
plotVals: 2005.709103353867249 -871.000000000000000 -0.061661995947361
plotVals: 2005.736481861738639 -861.000000000000000 -0.061824385076761
plotVals: 2005.763860369609802 -851.000000000000000 -0.062066186219454
plotVals: 2005.791238877481192 -841.000000000000000 -0.062287397682667
plotVals: 2005.818617385352582 -831.000000000000000 -0.062488026916981
plotVals: 2005.845995893223744 -821.000000000000000 -0.062968075275421
plotVals: 2005.873374401095134 -811.000000000000000 -0.063627533614635
plotVals: 2005.900752908966524 -801.000000000000000 -0.064166415482759
plotVals: 2005.928131416837687 -791.000000000000000 -0.065084703266621
plotVals: 2005.955509924709077 -781.000000000000000 -0.066082417964935
plotVals: 2005.982888432580467 -771.000000000000000 -0.067059542983770
plotVals: 2006.010951403148511 -761.000000000000000 -0.068316083401442
plotVals: 2006.038329911019900 -751.000000000000000 -0.069652035832405
plotVals: 2006.065708418891063 -741.000000000000000 -0.070967409759760
plotVals: 2006.093086926762453 -731.000000000000000 -0.072462197393179
plotVals: 2006.120465434633843 -721.000000000000000 -0.074136398732662
plotVals: 2006.147843942505233 -711.000000000000000 -0.075690019875765
plotVals: 2006.175222450376395 -701.000000000000000 -0.077323056757450
plotVals: 2006.202600958247785 -691.000000000000000 -0.079135503619909
plotVals: 2006.229979466119175 -681.000000000000000 -0.080827377736568
plotVals: 2006.257357973990338 -671.000000000000000 -0.082598656415939
plotVals: 2006.284736481861728 -661.000000000000000 -0.084549352526665
plotVals: 2006.312114989733118 -651.000000000000000 -0.086279463022947
plotVals: 2006.339493497604280 -641.000000000000000 -0.088188994675875
plotVals: 2006.366872005475670 -631.000000000000000 -0.090177938342094
plotVals: 2006.394250513347060 -621.000000000000000 -0.091946303844452
plotVals: 2006.421629021218450 -611.000000000000000 -0.093794073909521
plotVals: 2006.449007529089613 -601.000000000000000 -0.095721274614334
plotVals: 2006.476386036961003 -591.000000000000000 -0.097427878528833
plotVals: 2006.503764544832393 -581.000000000000000 -0.099113903939724
plotVals: 2006.531143052703555 -571.000000000000000 -0.100579336285591
plotVals: 2006.558521560574945 -561.000000000000000 -0.102124195545912
plotVals: 2006.585900068446335 -551.000000000000000 -0.103648468852043
plotVals: 2006.613278576317498 -541.000000000000000 -0.105352155864239
plotVals: 2006.640657084188888 -531.000000000000000 -0.106935258954763
plotVals: 2006.668035592060278 -521.000000000000000 -0.108597777783871
plotVals: 2006.695414099931440 -511.000000000000000 -0.110139708966017
plotVals: 2006.722792607802830 -501.000000000000000 -0.111761052161455
plotVals: 2006.750171115674220 -491.000000000000000 -0.113561823964119
plotVals: 2006.777549623545610 -481.000000000000000 -0.115442004054785
plotVals: 2006.804928131416773 -471.000000000000000 -0.117301601916552
plotVals: 2006.832306639288163 -461.000000000000000 -0.119240611791611
plotVals: 2006.859685147159553 -451.000000000000000 -0.121159039437771
plotVals: 2006.887063655030715 -441.000000000000000 -0.123056884855032
plotVals: 2006.914442162902105 -431.000000000000000 -0.124934148043394
plotVals: 2006.941820670773495 -421.000000000000000 -0.127290815114975
plotVals: 2006.969199178644658 -411.000000000000000 -0.129526909440756
plotVals: 2006.996577686516048 -401.000000000000000 -0.131742417812347
plotVals: 2007.024640657084092 -391.000000000000000 -0.134337339550257
plotVals: 2007.052019164955482 -381.000000000000000 -0.136911675333977
plotVals: 2007.079397672826872 -371.000000000000000 -0.139265432953835
plotVals: 2007.106776180698262 -361.000000000000000 -0.141898602247238
plotVals: 2007.134154688569424 -351.000000000000000 -0.144411187618971
plotVals: 2007.161533196440814 -341.000000000000000 -0.146803185343742
plotVals: 2007.188911704312204 -331.000000000000000 -0.148974601179361
plotVals: 2007.216290212183367 -321.000000000000000 -0.150925431400537
plotVals: 2007.243668720054757 -311.000000000000000 -0.152755688875914
plotVals: 2007.271047227926147 -301.000000000000000 -0.154465343803167
plotVals: 2007.298425735797309 -291.000000000000000 -0.155954424291849
plotVals: 2007.325804243668699 -281.000000000000000 -0.157222922891378
plotVals: 2007.353182751540089 -271.000000000000000 -0.158370833843946
plotVals: 2007.380561259411252 -261.000000000000000 -0.159398164600134
plotVals: 2007.407939767282642 -251.000000000000000 -0.160204902291298
plotVals: 2007.435318275154032 -241.000000000000000 -0.161091063171625
plotVals: 2007.462696783025422 -231.000000000000000 -0.161856636404991
plotVals: 2007.490075290896584 -221.000000000000000 -0.162401624023914
plotVals: 2007.517453798767974 -211.000000000000000 -0.163126029074192
plotVals: 2007.544832306639364 -201.000000000000000 -0.163629844784737
plotVals: 2007.572210814510527 -191.000000000000000 -0.164013091474771
plotVals: 2007.599589322381917 -181.000000000000000 -0.164475742727518
plotVals: 2007.626967830253307 -171.000000000000000 -0.164817806333303
plotVals: 2007.654346338124469 -161.000000000000000 -0.165039297193289
plotVals: 2007.681724845995859 -151.000000000000000 -0.165340192615986
plotVals: 2007.709103353867249 -141.000000000000000 -0.165520507842302
plotVals: 2007.736481861738639 -131.000000000000000 -0.165580239146948
plotVals: 2007.763860369609802 -121.000000000000000 -0.165819387882948
plotVals: 2007.791238877481192 -111.000000000000000 -0.165837951004505
plotVals: 2007.818617385352582 -101.000000000000000 -0.165835924446583
plotVals: 2007.845995893223744 -91.000000000000000 -0.165813326835632
plotVals: 2007.873374401095134 -81.000000000000000 -0.165770132094622
plotVals: 2007.900752908966524 -71.000000000000000 -0.165706355124712
plotVals: 2007.928131416837687 -61.000000000000000 -0.165621995925903
plotVals: 2007.955509924709077 -51.000000000000000 -0.165717057883739
plotVals: 2007.982888432580467 -41.000000000000000 -0.165691528469324
plotVals: 2008.010951403148511 -31.000000000000000 -0.165645420551300
plotVals: 2008.038329911019900 -21.000000000000000 -0.165578722953796
plotVals: 2008.065708418891063 -11.000000000000000 -0.165391441434622
plotVals: 2008.093086926762453 -1.000000000000000 -0.165283571928740
plotVals: 2008.120465434633843 9.000000000000000 -0.165155127644539
plotVals: 2008.147843942505233 19.000000000000000 -0.164906095713377
plotVals: 2008.175222450376395 29.000000000000000 -0.164736475795507
plotVals: 2008.202600958247785 39.000000000000000 -0.164446275681257
plotVals: 2008.229979466119175 49.000000000000000 -0.164035487920046
plotVals: 2008.257357973990338 59.000000000000000 -0.163604121655226
plotVals: 2008.284736481861728 69.000000000000000 -0.163252163678408
plotVals: 2008.312114989733118 79.000000000000000 -0.162679627537727
plotVals: 2008.339493497604280 89.000000000000000 -0.162086509168148
plotVals: 2008.366872005475670 99.000000000000000 -0.161472793668509
plotVals: 2008.394250513347060 109.000000000000000 -0.160838507115841
plotVals: 2008.421629021218450 119.000000000000000 -0.160183623433113
plotVals: 2008.449007529089613 129.000000000000000 -0.159608170390129
plotVals: 2008.476386036961003 139.000000000000000 -0.159012120217085
plotVals: 2008.503764544832393 149.000000000000000 -0.158395491540432
plotVals: 2008.531143052703555 159.000000000000000 -0.157958284020424
plotVals: 2008.558521560574945 169.000000000000000 -0.157300487160683
plotVals: 2008.585900068446335 179.000000000000000 -0.156722106039524
plotVals: 2008.613278576317498 189.000000000000000 -0.156023140996695
plotVals: 2008.640657084188888 199.000000000000000 -0.155203592032194
plotVals: 2008.668035592060278 209.000000000000000 -0.154263455420732
plotVals: 2008.695414099931440 219.000000000000000 -0.153502739965916
plotVals: 2008.722792607802830 229.000000000000000 -0.152421437203884
plotVals: 2008.750171115674220 239.000000000000000 -0.151219550520182
plotVals: 2008.777549623545610 249.000000000000000 -0.150297079235315
plotVals: 2008.804928131416773 259.000000000000000 -0.149054020643234
plotVals: 2008.832306639288163 269.000000000000000 -0.147690374404192
plotVals: 2008.859685147159553 279.000000000000000 -0.146406155079603
plotVals: 2008.887063655030715 289.000000000000000 -0.144801348447800
plotVals: 2008.914442162902105 299.000000000000000 -0.143075957894325
plotVals: 2008.941820670773495 309.000000000000000 -0.141329977661371
plotVals: 2008.969199178644658 319.000000000000000 -0.139363419264555
plotVals: 2008.996577686516048 329.000000000000000 -0.137176275253296
plotVals: 2009.021902806297021 339.000000000000000 -0.135268539190292
plotVals: 2009.049281314168411 349.000000000000000 -0.133140232414007
plotVals: 2009.076659822039801 359.000000000000000 -0.130791328847408
plotVals: 2009.104038329910964 369.000000000000000 -0.128621846437454
plotVals: 2009.131416837782353 379.000000000000000 -0.126331783831120
plotVals: 2009.158795345653743 389.000000000000000 -0.123821128159761
plotVals: 2009.186173853524906 399.000000000000000 -0.121589891612530
plotVals: 2009.213552361396296 409.000000000000000 -0.119138076901436
plotVals: 2009.240930869267686 419.000000000000000 -0.116465669125319
plotVals: 2009.268309377138849 429.000000000000000 -0.114072684198618
plotVals: 2009.295687885010238 439.000000000000000 -0.111559111624956
plotVals: 2009.323066392881628 449.000000000000000 -0.108724951744080
plotVals: 2009.350444900753018 459.000000000000000 -0.106270208954811
plotVals: 2009.377823408624181 469.000000000000000 -0.103594884276390
plotVals: 2009.405201916495571 479.000000000000000 -0.100698981434107
plotVals: 2009.432580424366961 489.000000000000000 -0.098182484507561
plotVals: 2009.459958932238123 499.000000000000000 -0.095445401966572
plotVals: 2009.487337440109513 509.000000000000000 -0.092487737536430
plotVals: 2009.514715947980903 519.000000000000000 -0.089909493923187
plotVals: 2009.542094455852066 529.000000000000000 -0.087210666388273
plotVals: 2009.569472963723456 539.000000000000000 -0.084391247481108
plotVals: 2009.596851471594846 549.000000000000000 -0.081851251423359
plotVals: 2009.624229979466008 559.000000000000000 -0.079290661960840
plotVals: 2009.651608487337398 569.000000000000000 -0.076609496027231
plotVals: 2009.678986995208788 579.000000000000000 -0.074107740074396
plotVals: 2009.706365503080178 589.000000000000000 -0.071785401552916
plotVals: 2009.733744010951341 599.000000000000000 -0.069342486560345
plotVals: 2009.761122518822731 609.000000000000000 -0.067078977823257
plotVals: 2009.788501026694121 619.000000000000000 -0.064894892275333
plotVals: 2009.815879534565283 629.000000000000000 -0.062590219080448
plotVals: 2009.843258042436673 639.000000000000000 -0.060464959591627
plotVals: 2009.870636550308063 649.000000000000000 -0.058519117534161
plotVals: 2009.898015058179226 659.000000000000000 -0.056352689862251
plotVals: 2009.925393566050616 669.000000000000000 -0.054165676236153
plotVals: 2009.952772073922006 679.000000000000000 -0.052158080041409
plotVals: 2009.980150581793396 689.000000000000000 -0.049929905682802
plotVals: 2010.008213552361440 699.000000000000000 -0.047681141644716
plotVals: 2010.035592060232830 709.000000000000000 -0.045511793345213
plotVals: 2010.062970568103992 719.000000000000000 -0.043021861463785
plotVals: 2010.090349075975382 729.000000000000000 -0.040611341595650
plotVals: 2010.117727583846772 739.000000000000000 -0.038180243223906
plotVals: 2010.145106091717935 749.000000000000000 -0.035428557544947
plotVals: 2010.172484599589325 759.000000000000000 -0.032656285911798
plotVals: 2010.199863107460715 769.000000000000000 -0.029863439500332
plotVals: 2010.227241615331877 779.000000000000000 -0.026749994605780
plotVals: 2010.254620123203267 789.000000000000000 -0.023615974932909
plotVals: 2010.281998631074657 799.000000000000000 -0.020461369305849
plotVals: 2010.309377138945820 809.000000000000000 -0.016986176371574
plotVals: 2010.336755646817210 819.000000000000000 -0.013490401208401
plotVals: 2010.364134154688600 829.000000000000000 -0.009974040091038
plotVals: 2010.391512662559990 839.000000000000000 -0.006137099117041
plotVals: 2010.418891170431152 849.000000000000000 -0.002379570156336
plotVals: 2010.446269678302542 859.000000000000000 0.001398544758558
plotVals: 2010.473648186173932 869.000000000000000 0.005497239530087
plotVals: 2010.501026694045095 879.000000000000000 0.009516522288322
plotVals: 2010.528405201916485 889.000000000000000 0.013556383550167
plotVals: 2010.555783709787875 899.000000000000000 0.017816834151745
plotVals: 2010.583162217659037 909.000000000000000 0.022097863256931
plotVals: 2010.610540725530427 919.000000000000000 0.026299484074116
plotVals: 2010.637919233401817 929.000000000000000 0.030721690505743
plotVals: 2010.665297741273207 939.000000000000000 0.035464469343424
plotVals: 2010.692676249144370 949.000000000000000 0.039827842265368
plotVals: 2010.720054757015760 959.000000000000000 0.044411797076464
plotVals: 2010.747433264887150 969.000000000000000 0.049216341227293
plotVals: 2010.774811772758312 979.000000000000000 0.053641464561224
plotVals: 2010.802190280629702 989.000000000000000 0.058287169784307
plotVals: 2010.829568788501092 999.000000000000000 0.063253462314606
plotVals: 2010.856947296372255 1009.000000000000000 0.067740336060524
plotVals: 2010.884325804243645 1019.000000000000000 0.072447799146175
plotVals: 2010.911704312115035 1029.000000000000000 0.077375847846270
plotVals: 2010.939082819986197 1039.000000000000000 0.082024469971657
plotVals: 2010.966461327857587 1049.000000000000000 0.086793683469296
plotVals: 2010.993839835728977 1059.000000000000000 0.091683480888605
plotVals: 2011.021902806297021 1069.000000000000000 0.096593864262104
plotVals: 2011.049281314168411 1079.000000000000000 0.101524829864502
plotVals: 2011.076659822039801 1089.000000000000000 0.106676384806633
plotVals: 2011.104038329910964 1099.000000000000000 0.111248522996902
plotVals: 2011.131416837782353 1109.000000000000000 0.116041235625744
plotVals: 2011.158795345653743 1119.000000000000000 0.120854537934065
plotVals: 2011.186173853524906 1129.000000000000000 0.125288426876068
plotVals: 2011.213552361396296 1139.000000000000000 0.129842899739742
plotVals: 2011.240930869267686 1149.000000000000000 0.134617961943150
plotVals: 2011.268309377138849 1159.000000000000000 0.138913597911596
plotVals: 2011.295687885010238 1169.000000000000000 0.143529821187258
plotVals: 2011.323066392881628 1179.000000000000000 0.148366633802652
plotVals: 2011.350444900753018 1189.000000000000000 0.152724027633667
plotVals: 2011.377823408624181 1199.000000000000000 0.157402005046606
plotVals: 2011.405201916495571 1209.000000000000000 0.162400562316179
plotVals: 2011.432580424366961 1219.000000000000000 0.167019713670015
plotVals: 2011.459958932238123 1229.000000000000000 0.171859443187714
plotVals: 2011.487337440109513 1239.000000000000000 0.176919754594564
plotVals: 2011.514715947980903 1249.000000000000000 0.181500658392906
plotVals: 2011.542094455852066 1259.000000000000000 0.186302140355110
plotVals: 2011.569472963723456 1269.000000000000000 0.191124204546213
plotVals: 2011.596851471594846 1279.000000000000000 0.195566851645708
plotVals: 2011.624229979466008 1289.000000000000000 0.200130093842745
plotVals: 2011.651608487337398 1299.000000000000000 0.204613909125328
plotVals: 2011.678986995208788 1309.000000000000000 0.209018319845200
plotVals: 2011.706365503080178 1319.000000000000000 0.213243309408426
plotVals: 2011.733744010951341 1329.000000000000000 0.217488881200552
plotVals: 2011.761122518822731 1339.000000000000000 0.221455033868551
plotVals: 2011.788501026694121 1349.000000000000000 0.225241780281067
plotVals: 2011.815879534565283 1359.000000000000000 0.229049105197191
plotVals: 2011.843258042436673 1369.000000000000000 0.232677020132542
plotVals: 2011.870636550308063 1379.000000000000000 0.235925506800413
plotVals: 2011.898015058179226 1389.000000000000000 0.239194590598345
plotVals: 2011.925393566050616 1399.000000000000000 0.242184247821569
plotVals: 2011.952772073922006 1409.000000000000000 0.244994498789310
plotVals: 2011.980150581793396 1419.000000000000000 0.247925333678722
plotVals: 2012.008213552361440 1429.000000000000000 0.250776745378971
plotVals: 2012.035592060232830 1439.000000000000000 0.253748752176762
plotVals: 2012.062970568103992 1449.000000000000000 0.256841327995062
plotVals: 2012.090349075975382 1459.000000000000000 0.259854502975941
plotVals: 2012.117727583846772 1469.000000000000000 0.262888256460428
plotVals: 2012.145106091717935 1479.000000000000000 0.266142591834068
plotVals: 2012.172484599589325 1489.000000000000000 0.269317511469126
plotVals: 2012.199863107460715 1499.000000000000000 0.272413015365601
plotVals: 2012.227241615331877 1509.000000000000000 0.275629114359617
plotVals: 2012.254620123203267 1519.000000000000000 0.278665784746408
plotVals: 2012.281998631074657 1529.000000000000000 0.281423039734364
plotVals: 2012.309377138945820 1539.000000000000000 0.284300889819860
plotVals: 2012.336755646817210 1549.000000000000000 0.286899313330650
plotVals: 2012.364134154688600 1559.000000000000000 0.289418324828148
plotVals: 2012.391512662559990 1569.000000000000000 0.292057923972607
plotVals: 2012.418891170431152 1579.000000000000000 0.294518098235130
plotVals: 2012.446269678302542 1589.000000000000000 0.296898864209652
plotVals: 2012.473648186173932 1599.000000000000000 0.299300212413073
plotVals: 2012.501026694045095 1609.000000000000000 0.301422148942947
plotVals: 2012.528405201916485 1619.000000000000000 0.303264666348696
plotVals: 2012.555783709787875 1629.000000000000000 0.305127765983343
plotVals: 2012.583162217659037 1639.000000000000000 0.306811455637217
plotVals: 2012.610540725530427 1649.000000000000000 0.308115720748901
plotVals: 2012.637919233401817 1659.000000000000000 0.309340573847294
plotVals: 2012.665297741273207 1669.000000000000000 0.310486018657684
plotVals: 2012.692676249144370 1679.000000000000000 0.311252038925886
plotVals: 2012.720054757015760 1689.000000000000000 0.312038648873568
plotVals: 2012.747433264887150 1699.000000000000000 0.312745839357376
plotVals: 2012.774811772758312 1709.000000000000000 0.313273616135120
plotVals: 2012.802190280629702 1719.000000000000000 0.313721969723701
plotVals: 2012.829568788501092 1729.000000000000000 0.314190920442343
plotVals: 2012.856947296372255 1739.000000000000000 0.314680438488722
plotVals: 2012.884325804243645 1749.000000000000000 0.315090555697680
plotVals: 2012.911704312115035 1759.000000000000000 0.315521258860826
plotVals: 2012.939082819986197 1769.000000000000000 0.316072534769773
plotVals: 2012.966461327857587 1779.000000000000000 0.316544402390718
plotVals: 2012.993839835728977 1789.000000000000000 0.317136853933334
plotVals: 2013.019164955509950 1799.000000000000000 0.317849889397621
plotVals: 2013.046543463381340 1809.000000000000000 0.318683508783579
plotVals: 2013.073921971252503 1819.000000000000000 0.319537710398436
plotVals: 2013.101300479123893 1829.000000000000000 0.320512499660254
plotVals: 2013.128678986995283 1839.000000000000000 0.321607865393162
plotVals: 2013.156057494866445 1849.000000000000000 0.322723824530840
plotVals: 2013.183436002737835 1859.000000000000000 0.323960363864899
plotVals: 2013.210814510609225 1869.000000000000000 0.325217485427856
plotVals: 2013.238193018480388 1879.000000000000000 0.326495192945004
plotVals: 2013.265571526351778 1889.000000000000000 0.327593483030796
plotVals: 2013.292950034223168 1899.000000000000000 0.328712366521358
plotVals: 2013.320328542094558 1909.000000000000000 0.329651825129986
plotVals: 2013.347707049965720 1919.000000000000000 0.330611865967512
plotVals: 2013.375085557837110 1929.000000000000000 0.331592503935099
plotVals: 2013.402464065708500 1939.000000000000000 0.332593712955713
plotVals: 2013.429842573579663 1949.000000000000000 0.333515509963036
plotVals: 2013.457221081451053 1959.000000000000000 0.334557898342609
plotVals: 2013.484599589322443 1969.000000000000000 0.335520863533020
plotVals: 2013.511978097193605 1979.000000000000000 0.336504418402910
plotVals: 2013.539356605064995 1989.000000000000000 0.337408546358347
plotVals: 2013.566735112936385 1999.000000000000000 0.338233269751072
plotVals: 2013.594113620807775 2009.000000000000000 0.339178573340178
plotVals: 2013.621492128678938 2019.000000000000000 0.340044461190701
plotVals: 2013.648870636550328 2029.000000000000000 0.341130938380957
plotVals: 2013.676249144421718 2039.000000000000000 0.342237990349531
plotVals: 2013.703627652292880 2049.000000000000000 0.343665633350611
plotVals: 2013.731006160164270 2059.000000000000000 0.345113858580589
plotVals: 2013.758384668035660 2069.000000000000000 0.346782669425011
plotVals: 2013.785763175906823 2079.000000000000000 0.348372064530849
plotVals: 2013.813141683778213 2089.000000000000000 0.350082043558359
plotVals: 2013.840520191649603 2099.000000000000000 0.351812604814768
plotVals: 2013.867898699520765 2109.000000000000000 0.353463746607304
plotVals: 2013.895277207392155 2119.000000000000000 0.355135481804609
plotVals: 2013.922655715263545 2129.000000000000000 0.356727801263332
plotVals: 2013.950034223134935 2139.000000000000000 0.358240697532892
plotVals: 2013.977412731006098 2149.000000000000000 0.359774183481932
plotVals: 2014.005475701574369 2159.000000000000000 0.361328251659870
plotVals: 2014.032854209445532 2169.000000000000000 0.362902905791998
plotVals: 2014.060232717316921 2179.000000000000000 0.364498138427734
plotVals: 2014.087611225188311 2189.000000000000000 0.366013959050179
plotVals: 2014.114989733059474 2199.000000000000000 0.367550365626812
plotVals: 2014.142368240930864 2209.000000000000000 0.368907354772091
plotVals: 2014.169746748802254 2219.000000000000000 0.370284933596849
plotVals: 2014.197125256673417 2229.000000000000000 0.371583085507154
plotVals: 2014.224503764544806 2239.000000000000000 0.372801829129457
plotVals: 2014.251882272416196 2249.000000000000000 0.374041154980659
plotVals: 2014.279260780287586 2259.000000000000000 0.375301063060760
plotVals: 2014.306639288158749 2269.000000000000000 0.376481559127569
plotVals: 2014.334017796030139 2279.000000000000000 0.377682633697987
plotVals: 2014.361396303901529 2289.000000000000000 0.378904305398464
plotVals: 2014.388774811772691 2299.000000000000000 0.380046553909779
plotVals: 2014.416153319644081 2309.000000000000000 0.381209380924702
plotVals: 2014.443531827515471 2319.000000000000000 0.382492803037167
plotVals: 2014.470910335386634 2329.000000000000000 0.383796799927950
plotVals: 2014.498288843258024 2339.000000000000000 0.385221388190985
plotVals: 2014.525667351129414 2349.000000000000000 0.386866554617882
plotVals: 2014.553045859000576 2359.000000000000000 0.388632308691740
plotVals: 2014.580424366871966 2369.000000000000000 0.390618648380041
plotVals: 2014.607802874743356 2379.000000000000000 0.392725571990013
plotVals: 2014.635181382614746 2389.000000000000000 0.394953075796366
plotVals: 2014.662559890485909 2399.000000000000000 0.397201169282198
plotVals: 2014.689938398357299 2409.000000000000000 0.399569842964411
plotVals: 2014.717316906228689 2419.000000000000000 0.401959102600813
plotVals: 2014.744695414099851 2429.000000000000000 0.404368944466114
plotVals: 2014.772073921971241 2439.000000000000000 0.406899373978376
plotVals: 2014.799452429842631 2449.000000000000000 0.409450381994247
plotVals: 2014.826830937713794 2459.000000000000000 0.412121981382370
plotVals: 2014.854209445585184 2469.000000000000000 0.414814166724682
plotVals: 2014.881587953456574 2479.000000000000000 0.417526930570602
plotVals: 2014.908966461327964 2489.000000000000000 0.420360278338194
plotVals: 2014.936344969199126 2499.000000000000000 0.423114210367203
plotVals: 2014.963723477070516 2509.000000000000000 0.425788734108210
plotVals: 2014.991101984941906 2519.000000000000000 0.428383834660053
plotVals: 2015.019164955509950 2529.000000000000000 0.430899523198605
plotVals: 2015.046543463381340 2539.000000000000000 0.433335788547993
plotVals: 2015.073921971252503 2549.000000000000000 0.435692641884089
plotVals: 2015.101300479123893 2559.000000000000000 0.437870085239410
plotVals: 2015.128678986995283 2569.000000000000000 0.440068107098341
plotVals: 2015.156057494866445 2579.000000000000000 0.442186716943979
plotVals: 2015.183436002737835 2589.000000000000000 0.444425910711288
plotVals: 2015.210814510609225 2599.000000000000000 0.446685679256916
plotVals: 2015.238193018480388 2609.000000000000000 0.448966044932604
plotVals: 2015.265571526351778 2619.000000000000000 0.451366987079382
plotVals: 2015.292950034223168 2629.000000000000000 0.453888516873121
plotVals: 2015.320328542094558 2639.000000000000000 0.456530634313822
plotVals: 2015.347707049965720 2649.000000000000000 0.459293328225613
plotVals: 2015.375085557837110 2659.000000000000000 0.462176609784365
plotVals: 2015.402464065708500 2669.000000000000000 0.465280476957560
plotVals: 2015.429842573579663 2679.000000000000000 0.468404930084944
plotVals: 2015.457221081451053 2689.000000000000000 0.471649959683418
plotVals: 2015.484599589322443 2699.000000000000000 0.475015588104725
plotVals: 2015.511978097193605 2709.000000000000000 0.478301785886288
plotVals: 2015.539356605064995 2719.000000000000000 0.481508571654558
plotVals: 2015.566735112936385 2729.000000000000000 0.484735947102308
plotVals: 2015.594113620807775 2739.000000000000000 0.487883910536766
plotVals: 2015.621492128678938 2749.000000000000000 0.490952443331480
plotVals: 2015.648870636550328 2759.000000000000000 0.494041569530964
plotVals: 2015.676249144421718 2769.000000000000000 0.497051272541285
plotVals: 2015.703627652292880 2779.000000000000000 0.500081568956375
plotVals: 2015.731006160164270 2789.000000000000000 0.503032449632883
plotVals: 2015.758384668035660 2799.000000000000000 0.506103906780481
plotVals: 2015.785763175906823 2809.000000000000000 0.509095955640078
plotVals: 2015.813141683778213 2819.000000000000000 0.512208580970764
plotVals: 2015.840520191649603 2829.000000000000000 0.515241798013449
plotVals: 2015.867898699520765 2839.000000000000000 0.518295597285032
plotVals: 2015.895277207392155 2849.000000000000000 0.521369982510805
plotVals: 2015.922655715263545 2859.000000000000000 0.524364951997995
plotVals: 2015.950034223134935 2869.000000000000000 0.527280502021313
plotVals: 2015.977412731006098 2879.000000000000000 0.530216637998819
plotVals: 2016.005475701574369 2889.000000000000000 0.533073358237743
plotVals: 2016.032854209445532 2899.000000000000000 0.535950660705566
plotVals: 2016.060232717316921 2909.000000000000000 0.538848556578159
plotVals: 2016.087611225188311 2919.000000000000000 0.541667021811008
plotVals: 2016.114989733059474 2929.000000000000000 0.544406089931726
plotVals: 2016.142368240930864 2939.000000000000000 0.547165729105473
plotVals: 2016.169746748802254 2949.000000000000000 0.549745950847864
plotVals: 2016.197125256673417 2959.000000000000000 0.552346765995026
plotVals: 2016.224503764544806 2969.000000000000000 0.554868154227734
plotVals: 2016.251882272416196 2979.000000000000000 0.557410135865211
plotVals: 2016.279260780287586 2989.000000000000000 0.559772696346045
plotVals: 2016.306639288158749 2999.000000000000000 0.562255844473839
plotVals: 2016.334017796030139 3009.000000000000000 0.564759578555822
plotVals: 2016.361396303901529 3019.000000000000000 0.567283891141415
plotVals: 2016.388774811772691 3029.000000000000000 0.569928795099258
plotVals: 2016.416153319644081 3039.000000000000000 0.572694279253483
plotVals: 2016.443531827515471 3049.000000000000000 0.575480349361897
plotVals: 2016.470910335386634 3059.000000000000000 0.578386999666691
plotVals: 2016.498288843258024 3069.000000000000000 0.581414233893156
plotVals: 2016.525667351129414 3079.000000000000000 0.584362063556910
plotVals: 2016.553045859000576 3089.000000000000000 0.587430469691753
plotVals: 2016.580424366871966 3099.000000000000000 0.590419460088015
plotVals: 2016.607802874743356 3109.000000000000000 0.593429028987885
plotVals: 2016.635181382614746 3119.000000000000000 0.596359189599752
plotVals: 2016.662559890485909 3129.000000000000000 0.599309932440519
plotVals: 2016.689938398357299 3139.000000000000000 0.602081261575222
plotVals: 2016.717316906228689 3149.000000000000000 0.604973170906305
plotVals: 2016.744695414099851 3159.000000000000000 0.607685666531324
plotVals: 2016.772073921971241 3169.000000000000000 0.610318750143051
plotVals: 2016.799452429842631 3179.000000000000000 0.612872410565615
plotVals: 2016.826830937713794 3189.000000000000000 0.615446656942368
plotVals: 2016.854209445585184 3199.000000000000000 0.617941495031118
plotVals: 2016.881587953456574 3209.000000000000000 0.620356906205416
plotVals: 2016.908966461327964 3219.000000000000000 0.622792914509773
plotVals: 2016.936344969199126 3229.000000000000000 0.625449504703283
plotVals: 2016.963723477070516 3239.000000000000000 0.628126665949821
plotVals: 2016.991101984941906 3249.000000000000000 0.630924426019192
plotVals: 2023.153319644079374 5500.000000000000000 2.009618457406759
