plotVals: 1975.484599589322443 -12411.000000000000000 -37.304068010300398
plotVals: 1975.511978097193605 -12401.000000000000000 -36.456278972327709
plotVals: 1975.539356605064995 -12391.000000000000000 -35.608510885387659
plotVals: 1975.566735112936385 -12381.000000000000000 -34.750763773918152
plotVals: 1975.594113620807775 -12371.000000000000000 -33.903037622570992
plotVals: 1975.621492128678938 -12361.000000000000000 -33.035332441329956
plotVals: 1975.648870636550328 -12351.000000000000000 -32.177648227661848
plotVals: 1975.676249144421718 -12341.000000000000000 -31.309984974563122
plotVals: 1975.703627652292880 -12331.000000000000000 -30.442342679947615
plotVals: 1975.731006160164270 -12321.000000000000000 -29.564721357077360
plotVals: 1975.758384668035660 -12311.000000000000000 -28.677120994776487
plotVals: 1975.785763175906823 -12301.000000000000000 -27.789541602134705
plotVals: 1975.813141683778213 -12291.000000000000000 -26.901983175426722
plotVals: 1975.840520191649603 -12281.000000000000000 -25.994445707648993
plotVals: 1975.867898699520765 -12271.000000000000000 -25.086929216980934
plotVals: 1975.895277207392155 -12261.000000000000000 -24.169433683156967
plotVals: 1975.922655715263545 -12251.000000000000000 -23.251959111541510
plotVals: 1975.950034223134935 -12241.000000000000000 -22.334505509585142
plotVals: 1975.977412731006098 -12231.000000000000000 -21.417072866111994
plotVals: 1976.005475701574369 -12221.000000000000000 -20.489661198109388
plotVals: 1976.032854209445532 -12211.000000000000000 -19.572270486503839
plotVals: 1976.060232717316921 -12201.000000000000000 -18.644900750368834
plotVals: 1976.087611225188311 -12191.000000000000000 -17.727551966905594
plotVals: 1976.114989733059474 -12181.000000000000000 -16.820224151015282
plotVals: 1976.142368240930864 -12171.000000000000000 -15.912917304784060
plotVals: 1976.169746748802254 -12161.000000000000000 -15.015631418675184
plotVals: 1976.197125256673417 -12151.000000000000000 -14.128366503864527
plotVals: 1976.224503764544806 -12141.000000000000000 -13.241122551262379
plotVals: 1976.251882272416196 -12131.000000000000000 -12.373899560421705
plotVals: 1976.279260780287586 -12121.000000000000000 -11.506697535514832
plotVals: 1976.306639288158749 -12111.000000000000000 -10.649516481906176
plotVals: 1976.334017796030139 -12101.000000000000000 -9.812356386333704
plotVals: 1976.361396303901529 -12091.000000000000000 -8.985217258334160
plotVals: 1976.388774811772691 -12081.000000000000000 -8.168099094182253
plotVals: 1976.416153319644081 -12071.000000000000000 -7.361001897603273
plotVals: 1976.443531827515471 -12061.000000000000000 -6.553925663232803
plotVals: 1976.470910335386634 -12051.000000000000000 -5.746870394796133
plotVals: 1976.498288843258024 -12041.000000000000000 -4.949836090207100
plotVals: 1976.525667351129414 -12031.000000000000000 -4.162822756916285
plotVals: 1976.553045859000576 -12021.000000000000000 -3.365830384194851
plotVals: 1976.580424366871966 -12011.000000000000000 -2.568858973681927
plotVals: 1976.607802874743356 -12001.000000000000000 -1.771908529102802
plotVals: 1976.635181382614746 -11991.000000000000000 -0.974979054182768
plotVals: 1976.662559890485909 -11981.000000000000000 -0.178070541471243
plotVals: 1976.689938398357299 -11971.000000000000000 0.638817008584738
plotVals: 1976.717316906228689 -11961.000000000000000 1.465683590620756
plotVals: 1976.744695414099851 -11951.000000000000000 2.292529214173555
plotVals: 1976.772073921971241 -11941.000000000000000 3.129353862255812
plotVals: 1976.799452429842631 -11931.000000000000000 3.976157557219267
plotVals: 1976.826830937713794 -11921.000000000000000 4.822940275073051
plotVals: 1976.854209445585184 -11911.000000000000000 5.679702032357454
plotVals: 1976.881587953456574 -11901.000000000000000 6.546442829072475
plotVals: 1976.908966461327964 -11891.000000000000000 7.423162657767534
plotVals: 1976.936344969199126 -11881.000000000000000 8.289861515164375
plotVals: 1976.963723477070516 -11871.000000000000000 9.166539415717125
plotVals: 1976.991101984941906 -11861.000000000000000 10.033196341246367
plotVals: 1977.016427104722879 -11851.000000000000000 10.469832312315702
plotVals: 1977.043805612594042 -11841.000000000000000 10.466447319835424
plotVals: 1977.071184120465432 -11831.000000000000000 10.453041352331638
plotVals: 1977.098562628336822 -11821.000000000000000 10.439614430069923
plotVals: 1977.125941136207985 -11811.000000000000000 10.416166532784700
plotVals: 1977.153319644079374 -11801.000000000000000 10.372697677463293
plotVals: 1977.180698151950764 -11791.000000000000000 10.319207854568958
plotVals: 1977.208076659821927 -11781.000000000000000 10.245697069913149
plotVals: 1977.235455167693317 -11771.000000000000000 10.162165325134993
plotVals: 1977.262833675564707 -11761.000000000000000 10.068612601608038
plotVals: 1977.290212183436097 -11751.000000000000000 9.965038914233446
plotVals: 1977.317590691307259 -11741.000000000000000 9.851444270461798
plotVals: 1977.344969199178649 -11731.000000000000000 9.727828659117222
plotVals: 1977.372347707050039 -11721.000000000000000 9.604192081838846
plotVals: 1977.399726214921202 -11711.000000000000000 9.470534533262253
plotVals: 1977.427104722792592 -11701.000000000000000 9.336856033653021
plotVals: 1977.454483230663982 -11691.000000000000000 9.183156557381153
plotVals: 1977.481861738535144 -11681.000000000000000 9.039436120539904
plotVals: 1977.509240246406534 -11671.000000000000000 8.895694714039564
plotVals: 1977.536618754277924 -11661.000000000000000 8.761932350695133
plotVals: 1977.563997262149314 -11651.000000000000000 8.618149016052485
plotVals: 1977.591375770020477 -11641.000000000000000 8.474344719201326
plotVals: 1977.618754277891867 -11631.000000000000000 8.340519458055496
plotVals: 1977.646132785763257 -11621.000000000000000 8.196673233062029
plotVals: 1977.673511293634419 -11611.000000000000000 8.082806039601564
plotVals: 1977.700889801505809 -11601.000000000000000 7.968917880207300
plotVals: 1977.728268309377199 -11591.000000000000000 7.865008760243654
plotVals: 1977.755646817248362 -11581.000000000000000 7.761078670620918
plotVals: 1977.783025325119752 -11571.000000000000000 7.667127620428801
plotVals: 1977.810403832991142 -11561.000000000000000 7.573155600577593
plotVals: 1977.837782340862532 -11551.000000000000000 7.499162618070841
plotVals: 1977.865160848733694 -11541.000000000000000 7.435148671269417
plotVals: 1977.892539356605084 -11531.000000000000000 7.381113756448030
plotVals: 1977.919917864476474 -11521.000000000000000 7.327057879418135
plotVals: 1977.947296372347637 -11511.000000000000000 7.272981036454439
plotVals: 1977.974674880219027 -11501.000000000000000 7.228883229196072
plotVals: 1978.002737850787071 -11491.000000000000000 7.194764457643032
plotVals: 1978.030116358658461 -11481.000000000000000 7.160624716430902
plotVals: 1978.057494866529851 -11471.000000000000000 7.126464020460844
plotVals: 1978.084873374401013 -11461.000000000000000 7.102282352745533
plotVals: 1978.112251882272403 -11451.000000000000000 7.068079713732004
plotVals: 1978.139630390143793 -11441.000000000000000 7.043856117874384
plotVals: 1978.167008898014956 -11431.000000000000000 7.019611552357674
plotVals: 1978.194387405886346 -11421.000000000000000 6.995346024632454
plotVals: 1978.221765913757736 -11411.000000000000000 6.961059533059597
plotVals: 1978.249144421629126 -11401.000000000000000 6.926752075552940
plotVals: 1978.276522929500288 -11391.000000000000000 6.892423655837774
plotVals: 1978.303901437371678 -11381.000000000000000 6.848074264824390
plotVals: 1978.331279945243068 -11371.000000000000000 6.793703913688660
plotVals: 1978.358658453114231 -11361.000000000000000 6.729312594980001
plotVals: 1978.386036960985621 -11351.000000000000000 6.664900314062834
plotVals: 1978.413415468857011 -11341.000000000000000 6.590467061847448
plotVals: 1978.440793976728173 -11331.000000000000000 6.506012845784426
plotVals: 1978.468172484599563 -11321.000000000000000 6.411537677049637
plotVals: 1978.495550992470953 -11311.000000000000000 6.317041527479887
plotVals: 1978.522929500342343 -11301.000000000000000 6.202524423599243
plotVals: 1978.550308008213506 -11291.000000000000000 6.087986346334219
plotVals: 1978.577686516084896 -11281.000000000000000 5.963427308946848
plotVals: 1978.605065023956286 -11271.000000000000000 5.838847305625677
plotVals: 1978.632443531827448 -11261.000000000000000 5.704246338456869
plotVals: 1978.659822039698838 -11251.000000000000000 5.569624409079552
plotVals: 1978.687200547570228 -11241.000000000000000 5.434981513768435
plotVals: 1978.714579055441391 -11231.000000000000000 5.300317641347647
plotVals: 1978.741957563312781 -11221.000000000000000 5.165632817894220
plotVals: 1978.769336071184171 -11211.000000000000000 5.040927022695541
plotVals: 1978.796714579055333 -11201.000000000000000 4.906200263649225
plotVals: 1978.824093086926723 -11191.000000000000000 4.791452545672655
plotVals: 1978.851471594798113 -11181.000000000000000 4.696683850139380
plotVals: 1978.878850102669503 -11171.000000000000000 4.611894201487303
plotVals: 1978.906228610540666 -11161.000000000000000 4.527083579450846
plotVals: 1978.933607118412056 -11151.000000000000000 4.452252000570297
plotVals: 1978.960985626283446 -11141.000000000000000 4.387399453669786
plotVals: 1978.988364134154608 -11131.000000000000000 4.322525940835476
plotVals: 1979.016427104722879 -11121.000000000000000 4.277631461620331
plotVals: 1979.043805612594042 -11111.000000000000000 4.232716012746096
plotVals: 1979.071184120465432 -11101.000000000000000 4.197779603302479
plotVals: 1979.098562628336822 -11091.000000000000000 4.152822233736515
plotVals: 1979.125941136207985 -11081.000000000000000 4.127843890339136
plotVals: 1979.153319644079374 -11071.000000000000000 4.092844590544701
plotVals: 1979.180698151950764 -11061.000000000000000 4.067824326455593
plotVals: 1979.208076659821927 -11051.000000000000000 4.042783088982105
plotVals: 1979.235455167693317 -11041.000000000000000 4.017720893025398
plotVals: 1979.262833675564707 -11031.000000000000000 3.992637723684311
plotVals: 1979.290212183436097 -11021.000000000000000 3.967533595860004
plotVals: 1979.317590691307259 -11011.000000000000000 3.932408507913351
plotVals: 1979.344969199178649 -11001.000000000000000 3.897262442857027
plotVals: 1979.372347707050039 -10991.000000000000000 3.852095421403646
plotVals: 1979.399726214921202 -10981.000000000000000 3.806907434016466
plotVals: 1979.427104722792592 -10971.000000000000000 3.751698479056358
plotVals: 1979.454483230663982 -10961.000000000000000 3.686468560248613
plotVals: 1979.481861738535144 -10951.000000000000000 3.621217675507069
plotVals: 1979.509240246406534 -10941.000000000000000 3.555945828557014
plotVals: 1979.536618754277924 -10931.000000000000000 3.480653017759323
plotVals: 1979.563997262149314 -10921.000000000000000 3.405339244753122
plotVals: 1979.591375770020477 -10911.000000000000000 3.320004496723413
plotVals: 1979.618754277891867 -10901.000000000000000 3.234648782759905
plotVals: 1979.646132785763257 -10891.000000000000000 3.139272108674049
plotVals: 1979.673511293634419 -10881.000000000000000 3.063874475657940
plotVals: 1979.700889801505809 -10871.000000000000000 2.978455867618322
plotVals: 1979.728268309377199 -10861.000000000000000 2.893016297370195
plotVals: 1979.755646817248362 -10851.000000000000000 2.807555764913559
plotVals: 1979.783025325119752 -10841.000000000000000 2.722074270248413
plotVals: 1979.810403832991142 -10831.000000000000000 2.646571803838015
plotVals: 1979.837782340862532 -10821.000000000000000 2.581048373132944
plotVals: 1979.865160848733694 -10811.000000000000000 2.535503979772329
plotVals: 1979.892539356605084 -10801.000000000000000 2.489938624203205
plotVals: 1979.919917864476474 -10791.000000000000000 2.454352293163538
plotVals: 1979.947296372347637 -10781.000000000000000 2.418745007365942
plotVals: 1979.974674880219027 -10771.000000000000000 2.403116751462221
plotVals: 1980.002737850787071 -10761.000000000000000 2.407467536628246
plotVals: 1980.030116358658461 -10751.000000000000000 2.411797352135181
plotVals: 1980.057494866529851 -10741.000000000000000 2.436106201261282
plotVals: 1980.084873374401013 -10731.000000000000000 2.460394088178873
plotVals: 1980.112251882272403 -10721.000000000000000 2.504661008715630
plotVals: 1980.139630390143793 -10711.000000000000000 2.548906963318586
plotVals: 1980.167008898014956 -10701.000000000000000 2.613131955265999
plotVals: 1980.194387405886346 -10691.000000000000000 2.677335985004902
plotVals: 1980.221765913757736 -10681.000000000000000 2.751519042998552
plotVals: 1980.249144421629126 -10671.000000000000000 2.825681135058403
plotVals: 1980.276522929500288 -10661.000000000000000 2.899822268635035
plotVals: 1980.303901437371678 -10651.000000000000000 2.983942434191704
plotVals: 1980.331279945243068 -10641.000000000000000 3.048041637986898
plotVals: 1980.358658453114231 -10631.000000000000000 3.112119872123003
plotVals: 1980.386036960985621 -10621.000000000000000 3.176177144050598
plotVals: 1980.413415468857011 -10611.000000000000000 3.230213448405266
plotVals: 1980.440793976728173 -10601.000000000000000 3.284228786826134
plotVals: 1980.468172484599563 -10591.000000000000000 3.318223163485527
plotVals: 1980.495550992470953 -10581.000000000000000 3.352196577936411
plotVals: 1980.522929500342343 -10571.000000000000000 3.366149019449949
plotVals: 1980.550308008213506 -10561.000000000000000 3.380080498754978
plotVals: 1980.577686516084896 -10551.000000000000000 3.373991016298532
plotVals: 1980.605065023956286 -10541.000000000000000 3.367880567908287
plotVals: 1980.632443531827448 -10531.000000000000000 3.351749151945114
plotVals: 1980.659822039698838 -10521.000000000000000 3.335596777498722
plotVals: 1980.687200547570228 -10511.000000000000000 3.299423426389694
plotVals: 1980.714579055441391 -10501.000000000000000 3.273229118436575
plotVals: 1980.741957563312781 -10491.000000000000000 3.227013844996691
plotVals: 1980.769336071184171 -10481.000000000000000 3.190777603536844
plotVals: 1980.796714579055333 -10471.000000000000000 3.154520399868488
plotVals: 1980.824093086926723 -10461.000000000000000 3.128242235630751
plotVals: 1980.851471594798113 -10451.000000000000000 3.101943094283342
plotVals: 1980.878850102669503 -10441.000000000000000 3.075622998178005
plotVals: 1980.906228610540666 -10431.000000000000000 3.059281930327415
plotVals: 1980.933607118412056 -10421.000000000000000 3.052919905632734
plotVals: 1980.960985626283446 -10411.000000000000000 3.046536907553673
plotVals: 1980.988364134154608 -10401.000000000000000 3.060132950544357
plotVals: 1981.013689253935581 -10391.000000000000000 3.083708025515079
plotVals: 1981.041067761806971 -10381.000000000000000 3.107262134552002
plotVals: 1981.068446269678361 -10371.000000000000000 3.150795280933380
plotVals: 1981.095824777549524 -10361.000000000000000 3.184307463467121
plotVals: 1981.123203285420914 -10351.000000000000000 3.237798675894737
plotVals: 1981.150581793292304 -10341.000000000000000 3.291268926113844
plotVals: 1981.177960301163694 -10331.000000000000000 3.344718214124441
plotVals: 1981.205338809034856 -10321.000000000000000 3.408146530389786
plotVals: 1981.232717316906246 -10311.000000000000000 3.461553890258074
plotVals: 1981.260095824777636 -10301.000000000000000 3.524940274655819
plotVals: 1981.287474332648799 -10291.000000000000000 3.578305698931217
plotVals: 1981.314852840520189 -10281.000000000000000 3.631650164723396
plotVals: 1981.342231348391579 -10271.000000000000000 3.674973659217358
plotVals: 1981.369609856262741 -10261.000000000000000 3.698276188224554
plotVals: 1981.396988364134131 -10251.000000000000000 3.731557752937078
plotVals: 1981.424366872005521 -10241.000000000000000 3.744818355888128
plotVals: 1981.451745379876684 -10231.000000000000000 3.758057992905378
plotVals: 1981.479123887748074 -10221.000000000000000 3.751276656985283
plotVals: 1981.506502395619464 -10211.000000000000000 3.734474360942841
plotVals: 1981.533880903490854 -10201.000000000000000 3.707651101052761
plotVals: 1981.561259411362016 -10191.000000000000000 3.670806877315044
plotVals: 1981.588637919233406 -10181.000000000000000 3.633941687643528
plotVals: 1981.616016427104796 -10171.000000000000000 3.597055535763502
plotVals: 1981.643394934975959 -10161.000000000000000 3.540148414671421
plotVals: 1981.670773442847349 -10151.000000000000000 3.493220329284668
plotVals: 1981.698151950718739 -10141.000000000000000 3.446271281689405
plotVals: 1981.725530458589901 -10131.000000000000000 3.389301266521215
plotVals: 1981.752908966461291 -10121.000000000000000 3.342310279607773
plotVals: 1981.780287474332681 -10111.000000000000000 3.295298334211111
plotVals: 1981.807665982204071 -10101.000000000000000 3.248265430331230
plotVals: 1981.835044490075234 -10091.000000000000000 3.221211556345224
plotVals: 1981.862422997946624 -10081.000000000000000 3.194136708974838
plotVals: 1981.889801505818014 -10071.000000000000000 3.187040910124779
plotVals: 1981.917180013689176 -10061.000000000000000 3.169924136251211
plotVals: 1981.944558521560566 -10051.000000000000000 3.172786399722099
plotVals: 1981.971937029431956 -10041.000000000000000 3.175627704709768
plotVals: 1981.999315537303119 -10031.000000000000000 3.188448037952185
plotVals: 1982.027378507871390 -10021.000000000000000 3.201247408986092
plotVals: 1982.054757015742553 -10011.000000000000000 3.234025817364454
plotVals: 1982.082135523613942 -10001.000000000000000 3.256783254444599
plotVals: 1982.109514031485332 -9991.000000000000000 3.289519730955362
plotVals: 1982.136892539356495 -9981.000000000000000 3.322235230356455
plotVals: 1982.164271047227885 -9971.000000000000000 3.354929774999619
plotVals: 1982.191649555099275 -9961.000000000000000 3.377603355795145
plotVals: 1982.219028062970665 -9951.000000000000000 3.400255970656872
plotVals: 1982.246406570841827 -9941.000000000000000 3.422887623310089
plotVals: 1982.273785078713217 -9931.000000000000000 3.445498306304216
plotVals: 1982.301163586584607 -9921.000000000000000 3.448088034987450
plotVals: 1982.328542094455770 -9911.000000000000000 3.450656782835722
plotVals: 1982.355920602327160 -9901.000000000000000 3.453204568475485
plotVals: 1982.383299110198550 -9891.000000000000000 3.445731393992901
plotVals: 1982.410677618069712 -9881.000000000000000 3.438237257301807
plotVals: 1982.438056125941102 -9871.000000000000000 3.410722151398659
plotVals: 1982.465434633812492 -9861.000000000000000 3.393186084926128
plotVals: 1982.492813141683882 -9851.000000000000000 3.355629041790962
plotVals: 1982.520191649555045 -9841.000000000000000 3.328051045536995
plotVals: 1982.547570157426435 -9831.000000000000000 3.300452083349228
plotVals: 1982.574948665297825 -9821.000000000000000 3.272832147777081
plotVals: 1982.602327173168987 -9811.000000000000000 3.235191252082586
plotVals: 1982.629705681040377 -9801.000000000000000 3.197529390454292
plotVals: 1982.657084188911767 -9791.000000000000000 3.169846564531326
plotVals: 1982.684462696782930 -9781.000000000000000 3.152142778038979
plotVals: 1982.711841204654320 -9771.000000000000000 3.134418018162251
plotVals: 1982.739219712525710 -9761.000000000000000 3.126672297716141
plotVals: 1982.766598220397100 -9751.000000000000000 3.108905613422394
plotVals: 1982.793976728268262 -9741.000000000000000 3.111117959022522
plotVals: 1982.821355236139652 -9731.000000000000000 3.113309342414141
plotVals: 1982.848733744011042 -9721.000000000000000 3.115479767322540
plotVals: 1982.876112251882205 -9711.000000000000000 3.137629225850105
plotVals: 1982.903490759753595 -9701.000000000000000 3.159757714718580
plotVals: 1982.930869267624985 -9691.000000000000000 3.191865231841803
plotVals: 1982.958247775496147 -9681.000000000000000 3.213951788842678
plotVals: 1982.985626283367537 -9671.000000000000000 3.256017383188009
plotVals: 1983.013689253935581 -9661.000000000000000 3.298062015324831
plotVals: 1983.041067761806971 -9651.000000000000000 3.340085677802563
plotVals: 1983.068446269678361 -9641.000000000000000 3.392088379710913
plotVals: 1983.095824777549524 -9631.000000000000000 3.444070111960173
plotVals: 1983.123203285420914 -9621.000000000000000 3.486030884087086
plotVals: 1983.150581793292304 -9611.000000000000000 3.537970688194036
plotVals: 1983.177960301163694 -9601.000000000000000 3.589889522641897
plotVals: 1983.205338809034856 -9591.000000000000000 3.631787400692701
plotVals: 1983.232717316906246 -9581.000000000000000 3.683664306998253
plotVals: 1983.260095824777636 -9571.000000000000000 3.725520249456167
plotVals: 1983.287474332648799 -9561.000000000000000 3.757355231791735
plotVals: 1983.314852840520189 -9551.000000000000000 3.799169246107340
plotVals: 1983.342231348391579 -9541.000000000000000 3.820962294936180
plotVals: 1983.369609856262741 -9531.000000000000000 3.842734377831221
plotVals: 1983.396988364134131 -9521.000000000000000 3.854485496878624
plotVals: 1983.424366872005521 -9511.000000000000000 3.866215649992228
plotVals: 1983.451745379876684 -9501.000000000000000 3.877924837172031
plotVals: 1983.479123887748074 -9491.000000000000000 3.879613064229488
plotVals: 1983.506502395619464 -9481.000000000000000 3.871280323714018
plotVals: 1983.533880903490854 -9471.000000000000000 3.862926617264748
plotVals: 1983.561259411362016 -9461.000000000000000 3.844551946967840
plotVals: 1983.588637919233406 -9451.000000000000000 3.826156307011843
plotVals: 1983.616016427104796 -9441.000000000000000 3.807739708572626
plotVals: 1983.643394934975959 -9431.000000000000000 3.789302140474319
plotVals: 1983.670773442847349 -9421.000000000000000 3.770843610167503
plotVals: 1983.698151950718739 -9411.000000000000000 3.752364117652178
plotVals: 1983.725530458589901 -9401.000000000000000 3.733863655477762
plotVals: 1983.752908966461291 -9391.000000000000000 3.715342223644257
plotVals: 1983.780287474332681 -9381.000000000000000 3.706799831241369
plotVals: 1983.807665982204071 -9371.000000000000000 3.688236478716135
plotVals: 1983.835044490075234 -9361.000000000000000 3.679652154445648
plotVals: 1983.862422997946624 -9351.000000000000000 3.681046865880489
plotVals: 1983.889801505818014 -9341.000000000000000 3.682420618832111
plotVals: 1983.917180013689176 -9331.000000000000000 3.683773405849934
plotVals: 1983.944558521560566 -9321.000000000000000 3.685105219483376
plotVals: 1983.971937029431956 -9311.000000000000000 3.696416072547436
plotVals: 1983.999315537303119 -9301.000000000000000 3.707705959677696
plotVals: 1984.027378507871390 -9291.000000000000000 3.728974882513285
plotVals: 1984.054757015742553 -9281.000000000000000 3.750222839415073
plotVals: 1984.082135523613942 -9271.000000000000000 3.771449834108353
plotVals: 1984.109514031485332 -9261.000000000000000 3.802655864506960
plotVals: 1984.136892539356495 -9251.000000000000000 3.823840927332640
plotVals: 1984.164271047227885 -9241.000000000000000 3.855005029588938
plotVals: 1984.191649555099275 -9231.000000000000000 3.856148157268763
plotVals: 1984.219028062970665 -9221.000000000000000 3.867270328104496
plotVals: 1984.246406570841827 -9211.000000000000000 3.878371536731720
plotVals: 1984.273785078713217 -9201.000000000000000 3.879451770335436
plotVals: 1984.301163586584607 -9191.000000000000000 3.880511045455933
plotVals: 1984.328542094455770 -9181.000000000000000 3.881549354642630
plotVals: 1984.355920602327160 -9171.000000000000000 3.882566697895527
plotVals: 1984.383299110198550 -9161.000000000000000 3.883563078939915
plotVals: 1984.410677618069712 -9151.000000000000000 3.874538488686085
plotVals: 1984.438056125941102 -9141.000000000000000 3.865492932498455
plotVals: 1984.465434633812492 -9131.000000000000000 3.856426421552896
plotVals: 1984.492813141683882 -9121.000000000000000 3.837338935583830
plotVals: 1984.520191649555045 -9111.000000000000000 3.818230491131544
plotVals: 1984.547570157426435 -9101.000000000000000 3.799101077020168
plotVals: 1984.574948665297825 -9091.000000000000000 3.779950704425573
plotVals: 1984.602327173168987 -9081.000000000000000 3.760779362171888
plotVals: 1984.629705681040377 -9071.000000000000000 3.741587057709694
plotVals: 1984.657084188911767 -9061.000000000000000 3.722373783588409
plotVals: 1984.684462696782930 -9051.000000000000000 3.693139549344778
plotVals: 1984.711841204654320 -9041.000000000000000 3.673884339630604
plotVals: 1984.739219712525710 -9031.000000000000000 3.644608177244663
plotVals: 1984.766598220397100 -9021.000000000000000 3.625311043113470
plotVals: 1984.793976728268262 -9011.000000000000000 3.605992950499058
plotVals: 1984.821355236139652 -9001.000000000000000 3.586653884500265
plotVals: 1984.848733744011042 -8991.000000000000000 3.567293863743544
plotVals: 1984.876112251882205 -8981.000000000000000 3.557912863790989
plotVals: 1984.903490759753595 -8971.000000000000000 3.538510903716087
plotVals: 1984.930869267624985 -8961.000000000000000 3.529087986797094
plotVals: 1984.958247775496147 -8951.000000000000000 3.519644100219011
plotVals: 1984.985626283367537 -8941.000000000000000 3.510179243981838
plotVals: 1985.010951403148511 -8931.000000000000000 3.510693430900574
plotVals: 1985.038329911019900 -8921.000000000000000 3.511186648160219
plotVals: 1985.065708418891063 -8911.000000000000000 3.511658899486065
plotVals: 1985.093086926762453 -8901.000000000000000 3.512110188603401
plotVals: 1985.120465434633843 -8891.000000000000000 3.512540511786938
plotVals: 1985.147843942505233 -8881.000000000000000 3.512949872761965
plotVals: 1985.175222450376395 -8871.000000000000000 3.513338264077902
plotVals: 1985.202600958247785 -8861.000000000000000 3.513705689460039
plotVals: 1985.229979466119175 -8851.000000000000000 3.514052148908377
plotVals: 1985.257357973990338 -8841.000000000000000 3.514377653598785
plotVals: 1985.284736481861728 -8831.000000000000000 3.514682184904814
plotVals: 1985.312114989733118 -8821.000000000000000 3.514965746551752
plotVals: 1985.339493497604280 -8811.000000000000000 3.515228349715471
plotVals: 1985.366872005475670 -8801.000000000000000 3.505469992756844
plotVals: 1985.394250513347060 -8791.000000000000000 3.505690667778254
plotVals: 1985.421629021218450 -8781.000000000000000 3.495890367776155
plotVals: 1985.449007529089613 -8771.000000000000000 3.496069118380547
plotVals: 1985.476386036961003 -8761.000000000000000 3.486226890236139
plotVals: 1985.503764544832393 -8751.000000000000000 3.476363703608513
plotVals: 1985.531143052703555 -8741.000000000000000 3.466479551047087
plotVals: 1985.558521560574945 -8731.000000000000000 3.456574432551861
plotVals: 1985.585900068446335 -8721.000000000000000 3.446648351848125
plotVals: 1985.613278576317498 -8711.000000000000000 3.436701305210590
plotVals: 1985.640657084188888 -8701.000000000000000 3.426733292639256
plotVals: 1985.668035592060278 -8691.000000000000000 3.426744312047958
plotVals: 1985.695414099931440 -8681.000000000000000 3.416734375059605
plotVals: 1985.722792607802830 -8671.000000000000000 3.416703462600708
plotVals: 1985.750171115674220 -8661.000000000000000 3.406651590019464
plotVals: 1985.777549623545610 -8651.000000000000000 3.406578749418259
plotVals: 1985.804928131416773 -8641.000000000000000 3.406484957784414
plotVals: 1985.832306639288163 -8631.000000000000000 3.406370185315609
plotVals: 1985.859685147159553 -8621.000000000000000 3.416234448552132
plotVals: 1985.887063655030715 -8611.000000000000000 3.426077753305435
plotVals: 1985.914442162902105 -8601.000000000000000 3.435900088399649
plotVals: 1985.941820670773495 -8591.000000000000000 3.445701457560062
plotVals: 1985.969199178644658 -8581.000000000000000 3.455481864511967
plotVals: 1985.996577686516048 -8571.000000000000000 3.475241310894489
plotVals: 1986.024640657084092 -8561.000000000000000 3.494979787617922
plotVals: 1986.052019164955482 -8551.000000000000000 3.514697298407555
plotVals: 1986.079397672826872 -8541.000000000000000 3.534393843263388
plotVals: 1986.106776180698262 -8531.000000000000000 3.554069425910711
plotVals: 1986.134154688569424 -8521.000000000000000 3.573724042624235
plotVals: 1986.161533196440814 -8511.000000000000000 3.593357693403959
plotVals: 1986.188911704312204 -8501.000000000000000 3.612970381975174
plotVals: 1986.216290212183367 -8491.000000000000000 3.642562109977007
plotVals: 1986.243668720054757 -8481.000000000000000 3.662132866680622
plotVals: 1986.271047227926147 -8471.000000000000000 3.681682657450438
plotVals: 1986.298425735797309 -8461.000000000000000 3.691211480647326
plotVals: 1986.325804243668699 -8451.000000000000000 3.710719343274832
plotVals: 1986.353182751540089 -8441.000000000000000 3.720206245779991
plotVals: 1986.380561259411252 -8431.000000000000000 3.729672178626060
plotVals: 1986.407939767282642 -8421.000000000000000 3.739117145538330
plotVals: 1986.435318275154032 -8411.000000000000000 3.748541146516800
plotVals: 1986.462696783025422 -8401.000000000000000 3.747944183647633
plotVals: 1986.490075290896584 -8391.000000000000000 3.757326256483793
plotVals: 1986.517453798767974 -8381.000000000000000 3.746687363833189
plotVals: 1986.544832306639364 -8371.000000000000000 3.746027506887913
plotVals: 1986.572210814510527 -8361.000000000000000 3.735346678644419
plotVals: 1986.599589322381917 -8351.000000000000000 3.734644889831543
plotVals: 1986.626967830253307 -8341.000000000000000 3.723922140896320
plotVals: 1986.654346338124469 -8331.000000000000000 3.713178422302008
plotVals: 1986.681724845995859 -8321.000000000000000 3.702413745224476
plotVals: 1986.709103353867249 -8311.000000000000000 3.691628091037273
plotVals: 1986.736481861738639 -8301.000000000000000 3.680821474641562
plotVals: 1986.763860369609802 -8291.000000000000000 3.679993893951178
plotVals: 1986.791238877481192 -8281.000000000000000 3.669145356863737
plotVals: 1986.818617385352582 -8271.000000000000000 3.658275846391916
plotVals: 1986.845995893223744 -8261.000000000000000 3.657385371625423
plotVals: 1986.873374401095134 -8251.000000000000000 3.656473938375711
plotVals: 1986.900752908966524 -8241.000000000000000 3.655541535466909
plotVals: 1986.928131416837687 -8231.000000000000000 3.654588162899017
plotVals: 1986.955509924709077 -8221.000000000000000 3.663613826036453
plotVals: 1986.982888432580467 -8211.000000000000000 3.662618529051542
plotVals: 1987.010951403148511 -8201.000000000000000 3.671602271497250
plotVals: 1987.038329911019900 -8191.000000000000000 3.680565044283867
plotVals: 1987.065708418891063 -8181.000000000000000 3.689506847411394
plotVals: 1987.093086926762453 -8171.000000000000000 3.708427689969540
plotVals: 1987.120465434633843 -8161.000000000000000 3.717327568680048
plotVals: 1987.147843942505233 -8151.000000000000000 3.726206477731466
plotVals: 1987.175222450376395 -8141.000000000000000 3.745064422488213
plotVals: 1987.202600958247785 -8131.000000000000000 3.753901403397322
plotVals: 1987.229979466119175 -8121.000000000000000 3.762717418372631
plotVals: 1987.257357973990338 -8111.000000000000000 3.771512474864721
plotVals: 1987.284736481861728 -8101.000000000000000 3.780286557972431
plotVals: 1987.312114989733118 -8091.000000000000000 3.789039686322212
plotVals: 1987.339493497604280 -8081.000000000000000 3.787771839648485
plotVals: 1987.366872005475670 -8071.000000000000000 3.786483030766249
plotVals: 1987.394250513347060 -8061.000000000000000 3.785173252224922
plotVals: 1987.421629021218450 -8051.000000000000000 3.773842517286539
plotVals: 1987.449007529089613 -8041.000000000000000 3.772490810602903
plotVals: 1987.476386036961003 -8031.000000000000000 3.761118143796921
plotVals: 1987.503764544832393 -8021.000000000000000 3.749724514782429
plotVals: 1987.531143052703555 -8011.000000000000000 3.738309912383556
plotVals: 1987.558521560574945 -8001.000000000000000 3.726874347776175
plotVals: 1987.585900068446335 -7991.000000000000000 3.705417819321156
plotVals: 1987.613278576317498 -7981.000000000000000 3.693940322846174
plotVals: 1987.640657084188888 -7971.000000000000000 3.672441869974136
plotVals: 1987.668035592060278 -7961.000000000000000 3.660922449082136
plotVals: 1987.695414099931440 -7951.000000000000000 3.649382054805756
plotVals: 1987.722792607802830 -7941.000000000000000 3.627820704132318
plotVals: 1987.750171115674220 -7931.000000000000000 3.616238381713629
plotVals: 1987.777549623545610 -7921.000000000000000 3.604635093361139
plotVals: 1987.804928131416773 -7911.000000000000000 3.583010848611593
plotVals: 1987.832306639288163 -7901.000000000000000 3.571365632116795
plotVals: 1987.859685147159553 -7891.000000000000000 3.559699457138777
plotVals: 1987.887063655030715 -7881.000000000000000 3.558012317866087
plotVals: 1987.914442162902105 -7871.000000000000000 3.546304203569889
plotVals: 1987.941820670773495 -7861.000000000000000 3.534575134515762
plotVals: 1987.969199178644658 -7851.000000000000000 3.532825089991093
plotVals: 1987.996577686516048 -7841.000000000000000 3.521054085344076
plotVals: 1988.024640657084092 -7831.000000000000000 3.519262112677097
plotVals: 1988.052019164955482 -7821.000000000000000 3.517449185252190
plotVals: 1988.079397672826872 -7811.000000000000000 3.515615284442902
plotVals: 1988.106776180698262 -7801.000000000000000 3.513760421425104
plotVals: 1988.134154688569424 -7791.000000000000000 3.511884588748217
plotVals: 1988.161533196440814 -7781.000000000000000 3.509987797588110
plotVals: 1988.188911704312204 -7771.000000000000000 3.508070040494204
plotVals: 1988.216290212183367 -7761.000000000000000 3.506131313741207
plotVals: 1988.243668720054757 -7751.000000000000000 3.494171623140574
plotVals: 1988.271047227926147 -7741.000000000000000 3.492190971970558
plotVals: 1988.298425735797309 -7731.000000000000000 3.490189354866743
plotVals: 1988.325804243668699 -7721.000000000000000 3.478166766464710
plotVals: 1988.353182751540089 -7711.000000000000000 3.466123215854168
plotVals: 1988.380561259411252 -7701.000000000000000 3.464058704674244
plotVals: 1988.407939767282642 -7691.000000000000000 3.451973222196102
plotVals: 1988.435318275154032 -7681.000000000000000 3.429866783320904
plotVals: 1988.462696783025422 -7671.000000000000000 3.417739372700453
plotVals: 1988.490075290896584 -7661.000000000000000 3.405590992420912
plotVals: 1988.517453798767974 -7651.000000000000000 3.383421663194895
plotVals: 1988.544832306639364 -7641.000000000000000 3.361231353133917
plotVals: 1988.572210814510527 -7631.000000000000000 3.339020088315010
plotVals: 1988.599589322381917 -7621.000000000000000 3.316787846386433
plotVals: 1988.626967830253307 -7611.000000000000000 3.294534653425217
plotVals: 1988.654346338124469 -7601.000000000000000 3.262260481715202
plotVals: 1988.681724845995859 -7591.000000000000000 3.239965356886387
plotVals: 1988.709103353867249 -7581.000000000000000 3.217649258673191
plotVals: 1988.736481861738639 -7571.000000000000000 3.185312207788229
plotVals: 1988.763860369609802 -7561.000000000000000 3.162954177707434
plotVals: 1988.791238877481192 -7551.000000000000000 3.140575192868710
plotVals: 1988.818617385352582 -7541.000000000000000 3.118175230920315
plotVals: 1988.845995893223744 -7531.000000000000000 3.095754310488701
plotVals: 1988.873374401095134 -7521.000000000000000 3.073312427848577
plotVals: 1988.900752908966524 -7511.000000000000000 3.050849575549364
plotVals: 1988.928131416837687 -7501.000000000000000 3.028365768492222
plotVals: 1988.955509924709077 -7491.000000000000000 3.015860982239246
plotVals: 1988.982888432580467 -7481.000000000000000 3.003335244953632
plotVals: 1989.008213552361440 -7471.000000000000000 2.990788534283638
plotVals: 1989.035592060232830 -7461.000000000000000 2.978220853954554
plotVals: 1989.062970568103992 -7451.000000000000000 2.965632218867540
plotVals: 1989.090349075975382 -7441.000000000000000 2.953022614121437
plotVals: 1989.117727583846772 -7431.000000000000000 2.940392039716244
plotVals: 1989.145106091717935 -7421.000000000000000 2.927740514278412
plotVals: 1989.172484599589325 -7411.000000000000000 2.915068008005619
plotVals: 1989.199863107460715 -7401.000000000000000 2.902374543249607
plotVals: 1989.227241615331877 -7391.000000000000000 2.889660116285086
plotVals: 1989.254620123203267 -7381.000000000000000 2.866924714297056
plotVals: 1989.281998631074657 -7371.000000000000000 2.854168362915516
plotVals: 1989.309377138945820 -7361.000000000000000 2.831391032785177
plotVals: 1989.336755646817210 -7351.000000000000000 2.808592744171619
plotVals: 1989.364134154688600 -7341.000000000000000 2.785773493349552
plotVals: 1989.391512662559990 -7331.000000000000000 2.752933274954557
plotVals: 1989.418891170431152 -7321.000000000000000 2.730072084814310
plotVals: 1989.446269678302542 -7311.000000000000000 2.697189938277006
plotVals: 1989.473648186173932 -7301.000000000000000 2.664286822080612
plotVals: 1989.501026694045095 -7291.000000000000000 2.631362743675709
plotVals: 1989.528405201916485 -7281.000000000000000 2.598417691886425
plotVals: 1989.555783709787875 -7271.000000000000000 2.565451689064503
plotVals: 1989.583162217659037 -7261.000000000000000 2.532464709132910
plotVals: 1989.610540725530427 -7251.000000000000000 2.499456770718098
plotVals: 1989.637919233401817 -7241.000000000000000 2.456427868455648
plotVals: 1989.665297741273207 -7231.000000000000000 2.423377994447947
plotVals: 1989.692676249144370 -7221.000000000000000 2.390307161957026
plotVals: 1989.720054757015760 -7211.000000000000000 2.357215363532305
plotVals: 1989.747433264887150 -7201.000000000000000 2.334102593362331
plotVals: 1989.774811772758312 -7191.000000000000000 2.300968870520592
plotVals: 1989.802190280629702 -7181.000000000000000 2.267814170569181
plotVals: 1989.829568788501092 -7171.000000000000000 2.234638512134552
plotVals: 1989.856947296372255 -7161.000000000000000 2.211441885679960
plotVals: 1989.884325804243645 -7151.000000000000000 2.188224297016859
plotVals: 1989.911704312115035 -7141.000000000000000 2.154985737055540
plotVals: 1989.939082819986197 -7131.000000000000000 2.131726220250130
plotVals: 1989.966461327857587 -7121.000000000000000 2.108445733785629
plotVals: 1989.993839835728977 -7111.000000000000000 2.085144288837910
plotVals: 1990.021902806297021 -7101.000000000000000 2.061821870505810
plotVals: 1990.049281314168411 -7091.000000000000000 2.038478493690491
plotVals: 1990.076659822039801 -7081.000000000000000 2.015114143490791
plotVals: 1990.104038329910964 -7071.000000000000000 1.991728834807873
plotVals: 1990.131416837782353 -7061.000000000000000 1.968322556465864
plotVals: 1990.158795345653743 -7051.000000000000000 1.944895312190056
plotVals: 1990.186173853524906 -7041.000000000000000 1.921447113156319
plotVals: 1990.213552361396296 -7031.000000000000000 1.897977940738201
plotVals: 1990.240930869267686 -7021.000000000000000 1.874487809836864
plotVals: 1990.268309377138849 -7011.000000000000000 1.850976701825857
plotVals: 1990.295687885010238 -7001.000000000000000 1.827444642782211
plotVals: 1990.323066392881628 -6991.000000000000000 1.803891606628895
plotVals: 1990.350444900753018 -6981.000000000000000 1.780317615717649
plotVals: 1990.377823408624181 -6971.000000000000000 1.756722651422024
plotVals: 1990.405201916495571 -6961.000000000000000 1.743106734007597
plotVals: 1990.432580424366961 -6951.000000000000000 1.719469837844372
plotVals: 1990.459958932238123 -6941.000000000000000 1.695811979472637
plotVals: 1990.487337440109513 -6931.000000000000000 1.682133164256811
plotVals: 1990.514715947980903 -6921.000000000000000 1.658433374017477
plotVals: 1990.542094455852066 -6911.000000000000000 1.644712626934052
plotVals: 1990.569472963723456 -6901.000000000000000 1.630970910191536
plotVals: 1990.596851471594846 -6891.000000000000000 1.617208227515221
plotVals: 1990.624229979466008 -6881.000000000000000 1.593424584716558
plotVals: 1990.651608487337398 -6871.000000000000000 1.579619973897934
plotVals: 1990.678986995208788 -6861.000000000000000 1.565794393420219
plotVals: 1990.706365503080178 -6851.000000000000000 1.551947858184576
plotVals: 1990.733744010951341 -6841.000000000000000 1.538080349564552
plotVals: 1990.761122518822731 -6831.000000000000000 1.534191876649857
plotVals: 1990.788501026694121 -6821.000000000000000 1.510282445698977
plotVals: 1990.815879534565283 -6811.000000000000000 1.496352046728134
plotVals: 1990.843258042436673 -6801.000000000000000 1.482400681823492
plotVals: 1990.870636550308063 -6791.000000000000000 1.468428350985050
plotVals: 1990.898015058179226 -6781.000000000000000 1.454435050487518
plotVals: 1990.925393566050616 -6771.000000000000000 1.430420793592930
plotVals: 1990.952772073922006 -6761.000000000000000 1.416385564953089
plotVals: 1990.980150581793396 -6751.000000000000000 1.392329376190901
plotVals: 1991.008213552361440 -6741.000000000000000 1.368252214044333
plotVals: 1991.035592060232830 -6731.000000000000000 1.344154093414545
plotVals: 1991.062970568103992 -6721.000000000000000 1.320035014301538
plotVals: 1991.090349075975382 -6711.000000000000000 1.295894958078861
plotVals: 1991.117727583846772 -6701.000000000000000 1.271733947098255
plotVals: 1991.145106091717935 -6691.000000000000000 1.247551962733269
plotVals: 1991.172484599589325 -6681.000000000000000 1.223349016159773
plotVals: 1991.199863107460715 -6671.000000000000000 1.209125105291605
plotVals: 1991.227241615331877 -6661.000000000000000 1.184880234301090
plotVals: 1991.254620123203267 -6651.000000000000000 1.160614389926195
plotVals: 1991.281998631074657 -6641.000000000000000 1.136327590793371
plotVals: 1991.309377138945820 -6631.000000000000000 1.112019810825586
plotVals: 1991.336755646817210 -6621.000000000000000 1.097691074013710
plotVals: 1991.364134154688600 -6611.000000000000000 1.083341378718615
plotVals: 1991.391512662559990 -6601.000000000000000 1.058970704674721
plotVals: 1991.418891170431152 -6591.000000000000000 1.044579081237316
plotVals: 1991.446269678302542 -6581.000000000000000 1.020166482776403
plotVals: 1991.473648186173932 -6571.000000000000000 0.995732918381691
plotVals: 1991.501026694045095 -6561.000000000000000 0.981278397142887
plotVals: 1991.528405201916485 -6551.000000000000000 0.956802900880575
plotVals: 1991.555783709787875 -6541.000000000000000 0.932306449860334
plotVals: 1991.583162217659037 -6531.000000000000000 0.917789027094841
plotVals: 1991.610540725530427 -6521.000000000000000 0.893250640481710
plotVals: 1991.637919233401817 -6511.000000000000000 0.868691284209490
plotVals: 1991.665297741273207 -6501.000000000000000 0.854110971093178
plotVals: 1991.692676249144370 -6491.000000000000000 0.839509695768356
plotVals: 1991.720054757015760 -6481.000000000000000 0.814887441694736
plotVals: 1991.747433264887150 -6471.000000000000000 0.800244238227606
plotVals: 1991.774811772758312 -6461.000000000000000 0.785580057650805
plotVals: 1991.802190280629702 -6451.000000000000000 0.770894911140203
plotVals: 1991.829568788501092 -6441.000000000000000 0.756188809871674
plotVals: 1991.856947296372255 -6431.000000000000000 0.751461740583181
plotVals: 1991.884325804243645 -6421.000000000000000 0.746713705360889
plotVals: 1991.911704312115035 -6411.000000000000000 0.741944700479507
plotVals: 1991.939082819986197 -6401.000000000000000 0.727154739201069
plotVals: 1991.966461327857587 -6391.000000000000000 0.722343802452087
plotVals: 1991.993839835728977 -6381.000000000000000 0.717511907219887
plotVals: 1992.021902806297021 -6371.000000000000000 0.712659042328596
plotVals: 1992.049281314168411 -6361.000000000000000 0.717785213142633
plotVals: 1992.076659822039801 -6351.000000000000000 0.712890431284904
plotVals: 1992.104038329910964 -6341.000000000000000 0.707974672317505
plotVals: 1992.131416837782353 -6331.000000000000000 0.703037947416306
plotVals: 1992.158795345653743 -6321.000000000000000 0.698080260306597
plotVals: 1992.186173853524906 -6311.000000000000000 0.693101610988379
plotVals: 1992.213552361396296 -6301.000000000000000 0.688101995736361
plotVals: 1992.240930869267686 -6291.000000000000000 0.683081410825253
plotVals: 1992.268309377138849 -6281.000000000000000 0.678039867430925
plotVals: 1992.295687885010238 -6271.000000000000000 0.662977356463671
plotVals: 1992.323066392881628 -6261.000000000000000 0.657893881201744
plotVals: 1992.350444900753018 -6251.000000000000000 0.642789434641600
plotVals: 1992.377823408624181 -6241.000000000000000 0.637664027512074
plotVals: 1992.405201916495571 -6231.000000000000000 0.632517658174038
plotVals: 1992.432580424366961 -6221.000000000000000 0.617350321263075
plotVals: 1992.459958932238123 -6211.000000000000000 0.602162010967731
plotVals: 1992.487337440109513 -6201.000000000000000 0.596952758729458
plotVals: 1992.514715947980903 -6191.000000000000000 0.581722520291805
plotVals: 1992.542094455852066 -6181.000000000000000 0.576471321284771
plotVals: 1992.569472963723456 -6171.000000000000000 0.561199162155390
plotVals: 1992.596851471594846 -6161.000000000000000 0.555906035006046
plotVals: 1992.624229979466008 -6151.000000000000000 0.540591940283775
plotVals: 1992.651608487337398 -6141.000000000000000 0.535256881266832
plotVals: 1992.678986995208788 -6131.000000000000000 0.519900862127542
plotVals: 1992.706365503080178 -6121.000000000000000 0.514523878693581
plotVals: 1992.733744010951341 -6111.000000000000000 0.509125921875238
plotVals: 1992.761122518822731 -6101.000000000000000 0.503707006573677
plotVals: 1992.788501026694121 -6091.000000000000000 0.498267129063606
plotVals: 1992.815879534565283 -6081.000000000000000 0.492806278169155
plotVals: 1992.843258042436673 -6071.000000000000000 0.487324465066195
plotVals: 1992.870636550308063 -6061.000000000000000 0.481821686029434
plotVals: 1992.898015058179226 -6051.000000000000000 0.476297952234745
plotVals: 1992.925393566050616 -6041.000000000000000 0.480753242969513
plotVals: 1992.952772073922006 -6031.000000000000000 0.475187569856644
plotVals: 1992.980150581793396 -6021.000000000000000 0.479600928723812
plotVals: 1993.005475701574369 -6011.000000000000000 0.473993327468634
plotVals: 1993.032854209445532 -6001.000000000000000 0.478364758193493
plotVals: 1993.060232717316921 -5991.000000000000000 0.472715228796005
plotVals: 1993.087611225188311 -5981.000000000000000 0.477044735103846
plotVals: 1993.114989733059474 -5971.000000000000000 0.471353270113468
plotVals: 1993.142368240930864 -5961.000000000000000 0.475640840828419
plotVals: 1993.169746748802254 -5951.000000000000000 0.469907451421022
plotVals: 1993.197125256673417 -5941.000000000000000 0.474153090268373
plotVals: 1993.224503764544806 -5931.000000000000000 0.468377772718668
plotVals: 1993.251882272416196 -5921.000000000000000 0.472581487149000
plotVals: 1993.279260780287586 -5911.000000000000000 0.476764231920242
plotVals: 1993.306639288158749 -5901.000000000000000 0.470926009118557
plotVals: 1993.334017796030139 -5891.000000000000000 0.465066831558943
plotVals: 1993.361396303901529 -5881.000000000000000 0.469186689704657
plotVals: 1993.388774811772691 -5871.000000000000000 0.463285572826862
plotVals: 1993.416153319644081 -5861.000000000000000 0.457363497465849
plotVals: 1993.443531827515471 -5851.000000000000000 0.451420452445745
plotVals: 1993.470910335386634 -5841.000000000000000 0.445456441491842
plotVals: 1993.498288843258024 -5831.000000000000000 0.449471477419138
plotVals: 1993.525667351129414 -5821.000000000000000 0.443465538322926
plotVals: 1993.553045859000576 -5811.000000000000000 0.437438637018204
plotVals: 1993.580424366871966 -5801.000000000000000 0.431390766054392
plotVals: 1993.607802874743356 -5791.000000000000000 0.435321930795908
plotVals: 1993.635181382614746 -5781.000000000000000 0.429232139140368
plotVals: 1993.662559890485909 -5771.000000000000000 0.423121374100447
plotVals: 1993.689938398357299 -5761.000000000000000 0.426989644765854
plotVals: 1993.717316906228689 -5751.000000000000000 0.420836951583624
plotVals: 1993.744695414099851 -5741.000000000000000 0.414663292467594
plotVals: 1993.772073921971241 -5731.000000000000000 0.418468676507473
plotVals: 1993.799452429842631 -5721.000000000000000 0.412253089249134
plotVals: 1993.826830937713794 -5711.000000000000000 0.406016532331705
plotVals: 1993.854209445585184 -5701.000000000000000 0.409759011119604
plotVals: 1993.881587953456574 -5691.000000000000000 0.403480529785156
plotVals: 1993.908966461327964 -5681.000000000000000 0.397181086242199
plotVals: 1993.936344969199126 -5671.000000000000000 0.400860670953989
plotVals: 1993.963723477070516 -5661.000000000000000 0.394519295543432
plotVals: 1993.991101984941906 -5651.000000000000000 0.388156950473785
plotVals: 1994.019164955509950 -5641.000000000000000 0.391773641109467
plotVals: 1994.046543463381340 -5631.000000000000000 0.385369375348091
plotVals: 1994.073921971252503 -5621.000000000000000 0.388944134116173
plotVals: 1994.101300479123893 -5611.000000000000000 0.382497929036617
plotVals: 1994.128678986995283 -5601.000000000000000 0.376030761748552
plotVals: 1994.156057494866445 -5591.000000000000000 0.379542630165815
plotVals: 1994.183436002737835 -5581.000000000000000 0.373033527284861
plotVals: 1994.210814510609225 -5571.000000000000000 0.366503473371267
plotVals: 1994.238193018480388 -5561.000000000000000 0.369952443987131
plotVals: 1994.265571526351778 -5551.000000000000000 0.363380447030067
plotVals: 1994.292950034223168 -5541.000000000000000 0.356787487864494
plotVals: 1994.320328542094558 -5531.000000000000000 0.350173570215702
plotVals: 1994.347707049965720 -5521.000000000000000 0.353538680821657
plotVals: 1994.375085557837110 -5511.000000000000000 0.346882831305265
plotVals: 1994.402464065708500 -5501.000000000000000 0.340206008404493
plotVals: 1994.429842573579663 -5491.000000000000000 0.333508223295212
plotVals: 1994.457221081451053 -5481.000000000000000 0.336789473891258
plotVals: 1994.484599589322443 -5471.000000000000000 0.330049764364958
plotVals: 1994.511978097193605 -5461.000000000000000 0.323289088904858
plotVals: 1994.539356605064995 -5451.000000000000000 0.316507440060377
plotVals: 1994.566735112936385 -5441.000000000000000 0.309704832732677
plotVals: 1994.594113620807775 -5431.000000000000000 0.302881266921759
plotVals: 1994.621492128678938 -5421.000000000000000 0.296036724001169
plotVals: 1994.648870636550328 -5411.000000000000000 0.299171224236488
plotVals: 1994.676249144421718 -5401.000000000000000 0.292284753173590
plotVals: 1994.703627652292880 -5391.000000000000000 0.285377316176891
plotVals: 1994.731006160164270 -5381.000000000000000 0.278448924422264
plotVals: 1994.758384668035660 -5371.000000000000000 0.271499555557966
plotVals: 1994.785763175906823 -5361.000000000000000 0.264529231935740
plotVals: 1994.813141683778213 -5351.000000000000000 0.257537934929132
plotVals: 1994.840520191649603 -5341.000000000000000 0.250525679439306
plotVals: 1994.867898699520765 -5331.000000000000000 0.243492458015680
plotVals: 1994.895277207392155 -5321.000000000000000 0.236438266932964
plotVals: 1994.922655715263545 -5311.000000000000000 0.229363113641739
plotVals: 1994.950034223134935 -5301.000000000000000 0.222266998142004
plotVals: 1994.977412731006098 -5291.000000000000000 0.215149912983179
plotVals: 1995.005475701574369 -5281.000000000000000 0.208011865615845
plotVals: 1995.032854209445532 -5271.000000000000000 0.200852848589420
plotVals: 1995.060232717316921 -5261.000000000000000 0.193672869354486
plotVals: 1995.087611225188311 -5251.000000000000000 0.186471931636333
plotVals: 1995.114989733059474 -5241.000000000000000 0.179250020533800
plotVals: 1995.142368240930864 -5231.000000000000000 0.172007143497467
plotVals: 1995.169746748802254 -5221.000000000000000 0.164743304252625
plotVals: 1995.197125256673417 -5211.000000000000000 0.157458510249853
plotVals: 1995.224503764544806 -5201.000000000000000 0.150152739137411
plotVals: 1995.251882272416196 -5191.000000000000000 0.142826005816460
plotVals: 1995.279260780287586 -5181.000000000000000 0.135478302836418
plotVals: 1995.306639288158749 -5171.000000000000000 0.128109645098448
plotVals: 1995.334017796030139 -5161.000000000000000 0.120720013976097
plotVals: 1995.361396303901529 -5151.000000000000000 0.113309416919947
plotVals: 1995.388774811772691 -5141.000000000000000 0.105877857655287
plotVals: 1995.416153319644081 -5131.000000000000000 0.098425332456827
plotVals: 1995.443531827515471 -5121.000000000000000 0.090951852500439
plotVals: 1995.470910335386634 -5111.000000000000000 0.083457395434380
plotVals: 1995.498288843258024 -5101.000000000000000 0.075941972434521
plotVals: 1995.525667351129414 -5091.000000000000000 0.068405587226152
plotVals: 1995.553045859000576 -5081.000000000000000 0.060848243534565
plotVals: 1995.580424366871966 -5071.000000000000000 0.053269930183887
plotVals: 1995.607802874743356 -5061.000000000000000 0.045670647174120
plotVals: 1995.635181382614746 -5051.000000000000000 0.038050405681133
plotVals: 1995.662559890485909 -5041.000000000000000 0.030409201979637
plotVals: 1995.689938398357299 -5031.000000000000000 0.022747024893761
plotVals: 1995.717316906228689 -5021.000000000000000 0.015063885599375
plotVals: 1995.744695414099851 -5011.000000000000000 0.007359776645899
plotVals: 1995.772073921971241 -5001.000000000000000 -0.000365290790796
plotVals: 1995.799452429842631 -4991.000000000000000 0.001888681203127
plotVals: 1995.826830937713794 -4981.000000000000000 -0.005878318101168
plotVals: 1995.854209445585184 -4971.000000000000000 -0.013666283339262
plotVals: 1995.881587953456574 -4961.000000000000000 -0.021475214511156
plotVals: 1995.908966461327964 -4951.000000000000000 -0.029305104166269
plotVals: 1995.936344969199126 -4941.000000000000000 -0.037155963480473
plotVals: 1995.963723477070516 -4931.000000000000000 -0.045027792453766
plotVals: 1995.991101984941906 -4921.000000000000000 -0.042920578271151
plotVals: 1996.019164955509950 -4911.000000000000000 -0.050834335386753
plotVals: 1996.046543463381340 -4901.000000000000000 -0.058769047260284
plotVals: 1996.073921971252503 -4891.000000000000000 -0.066724732518196
plotVals: 1996.101300479123893 -4881.000000000000000 -0.074701383709908
plotVals: 1996.128678986995283 -4871.000000000000000 -0.082699000835419
plotVals: 1996.156057494866445 -4861.000000000000000 -0.090717572718859
plotVals: 1996.183436002737835 -4851.000000000000000 -0.088757120072842
plotVals: 1996.210814510609225 -4841.000000000000000 -0.096817631274462
plotVals: 1996.238193018480388 -4831.000000000000000 -0.104899108409882
plotVals: 1996.265571526351778 -4821.000000000000000 -0.113001547753811
plotVals: 1996.292950034223168 -4811.000000000000000 -0.121124945580959
plotVals: 1996.320328542094558 -4801.000000000000000 -0.129269316792488
plotVals: 1996.347707049965720 -4791.000000000000000 -0.137434650212526
plotVals: 1996.375085557837110 -4781.000000000000000 -0.145620953291655
plotVals: 1996.402464065708500 -4771.000000000000000 -0.153828214854002
plotVals: 1996.429842573579663 -4761.000000000000000 -0.162056442350149
plotVals: 1996.457221081451053 -4751.000000000000000 -0.170305639505386
plotVals: 1996.484599589322443 -4741.000000000000000 -0.178575798869133
plotVals: 1996.511978097193605 -4731.000000000000000 -0.196866918355227
plotVals: 1996.539356605064995 -4721.000000000000000 -0.205179009586573
plotVals: 1996.566735112936385 -4711.000000000000000 -0.213512066751719
plotVals: 1996.594113620807775 -4701.000000000000000 -0.221866086125374
plotVals: 1996.621492128678938 -4691.000000000000000 -0.230241075158119
plotVals: 1996.648870636550328 -4681.000000000000000 -0.238637018948793
plotVals: 1996.676249144421718 -4671.000000000000000 -0.247053932398558
plotVals: 1996.703627652292880 -4661.000000000000000 -0.265491813421249
plotVals: 1996.731006160164270 -4651.000000000000000 -0.273950651288033
plotVals: 1996.758384668035660 -4641.000000000000000 -0.282430466264486
plotVals: 1996.785763175906823 -4631.000000000000000 -0.290931239724159
plotVals: 1996.813141683778213 -4621.000000000000000 -0.299452982842922
plotVals: 1996.840520191649603 -4611.000000000000000 -0.307995688170195
plotVals: 1996.867898699520765 -4601.000000000000000 -0.316559355705976
plotVals: 1996.895277207392155 -4591.000000000000000 -0.325143989175558
plotVals: 1996.922655715263545 -4581.000000000000000 -0.343749590218067
plotVals: 1996.950034223134935 -4571.000000000000000 -0.352376151829958
plotVals: 1996.977412731006098 -4561.000000000000000 -0.361023679375648
plotVals: 1997.002737850787071 -4551.000000000000000 -0.369692180305719
plotVals: 1997.030116358658461 -4541.000000000000000 -0.378381639719009
plotVals: 1997.057494866529851 -4531.000000000000000 -0.387092068791389
plotVals: 1997.084873374401013 -4521.000000000000000 -0.395823448896408
plotVals: 1997.112251882272403 -4511.000000000000000 -0.404575802385807
plotVals: 1997.139630390143793 -4501.000000000000000 -0.413349129259586
plotVals: 1997.167008898014956 -4491.000000000000000 -0.422143410891294
plotVals: 1997.194387405886346 -4481.000000000000000 -0.430958658456802
plotVals: 1997.221765913757736 -4471.000000000000000 -0.439794871956110
plotVals: 1997.249144421629126 -4461.000000000000000 -0.448652055114508
plotVals: 1997.276522929500288 -4451.000000000000000 -0.457530204206705
plotVals: 1997.303901437371678 -4441.000000000000000 -0.466429304331541
plotVals: 1997.331279945243068 -4431.000000000000000 -0.475349381566048
plotVals: 1997.358658453114231 -4421.000000000000000 -0.484290421009064
plotVals: 1997.386036960985621 -4411.000000000000000 -0.493252430111170
plotVals: 1997.413415468857011 -4401.000000000000000 -0.502235405147076
plotVals: 1997.440793976728173 -4391.000000000000000 -0.501239329576492
plotVals: 1997.468172484599563 -4381.000000000000000 -0.510264232754707
plotVals: 1997.495550992470953 -4371.000000000000000 -0.519310101866722
plotVals: 1997.522929500342343 -4361.000000000000000 -0.518376927822828
plotVals: 1997.550308008213506 -4351.000000000000000 -0.527464725077152
plotVals: 1997.577686516084896 -4341.000000000000000 -0.536573480814695
plotVals: 1997.605065023956286 -4331.000000000000000 -0.535703204572201
plotVals: 1997.632443531827448 -4321.000000000000000 -0.544853899627924
plotVals: 1997.659822039698838 -4311.000000000000000 -0.544025555253029
plotVals: 1997.687200547570228 -4301.000000000000000 -0.543218176811934
plotVals: 1997.714579055441391 -4291.000000000000000 -0.552431758493185
plotVals: 1997.741957563312781 -4281.000000000000000 -0.551666304469109
plotVals: 1997.769336071184171 -4271.000000000000000 -0.550921823829412
plotVals: 1997.796714579055333 -4261.000000000000000 -0.550198301672935
plotVals: 1997.824093086926723 -4251.000000000000000 -0.549495749175549
plotVals: 1997.851471594798113 -4241.000000000000000 -0.548814158886671
plotVals: 1997.878850102669503 -4231.000000000000000 -0.548153538256884
plotVals: 1997.906228610540666 -4221.000000000000000 -0.547513879835606
plotVals: 1997.933607118412056 -4211.000000000000000 -0.546895179897547
plotVals: 1997.960985626283446 -4201.000000000000000 -0.546297453343868
plotVals: 1997.988364134154608 -4191.000000000000000 -0.545720681548119
plotVals: 1998.016427104722879 -4181.000000000000000 -0.535164881497622
plotVals: 1998.043805612594042 -4171.000000000000000 -0.534630049020052
plotVals: 1998.071184120465432 -4161.000000000000000 -0.534116182476282
plotVals: 1998.098562628336822 -4151.000000000000000 -0.523623276501894
plotVals: 1998.125941136207985 -4141.000000000000000 -0.523151334375143
plotVals: 1998.153319644079374 -4131.000000000000000 -0.512700360268354
plotVals: 1998.180698151950764 -4121.000000000000000 -0.512270350009203
plotVals: 1998.208076659821927 -4111.000000000000000 -0.501861307770014
plotVals: 1998.235455167693317 -4101.000000000000000 -0.491473227739334
plotVals: 1998.262833675564707 -4091.000000000000000 -0.491106115281582
plotVals: 1998.290212183436097 -4081.000000000000000 -0.480759967118502
plotVals: 1998.317590691307259 -4071.000000000000000 -0.470434781163931
plotVals: 1998.344969199178649 -4061.000000000000000 -0.460130561143160
plotVals: 1998.372347707050039 -4051.000000000000000 -0.449847307056189
plotVals: 1998.399726214921202 -4041.000000000000000 -0.449585016816854
plotVals: 1998.427104722792592 -4031.000000000000000 -0.439343694597483
plotVals: 1998.454483230663982 -4021.000000000000000 -0.429123334586620
plotVals: 1998.481861738535144 -4011.000000000000000 -0.418923940509558
plotVals: 1998.509240246406534 -4001.000000000000000 -0.408745512366295
plotVals: 1998.536618754277924 -3991.000000000000000 -0.398588046431541
plotVals: 1998.563997262149314 -3981.000000000000000 -0.388451546430588
plotVals: 1998.591375770020477 -3971.000000000000000 -0.378336012363434
plotVals: 1998.618754277891867 -3961.000000000000000 -0.368241444230080
plotVals: 1998.646132785763257 -3951.000000000000000 -0.358167838305235
plotVals: 1998.673511293634419 -3941.000000000000000 -0.358115196228027
plotVals: 1998.700889801505809 -3931.000000000000000 -0.348083525896072
plotVals: 1998.728268309377199 -3921.000000000000000 -0.338072814047337
plotVals: 1998.755646817248362 -3911.000000000000000 -0.328083068132401
plotVals: 1998.783025325119752 -3901.000000000000000 -0.318114288151264
plotVals: 1998.810403832991142 -3891.000000000000000 -0.308166474103928
plotVals: 1998.837782340862532 -3881.000000000000000 -0.298239625990391
plotVals: 1998.865160848733694 -3871.000000000000000 -0.288333743810654
plotVals: 1998.892539356605084 -3861.000000000000000 -0.278448823839426
plotVals: 1998.919917864476474 -3851.000000000000000 -0.268584869801998
plotVals: 1998.947296372347637 -3841.000000000000000 -0.258741881698370
plotVals: 1998.974674880219027 -3831.000000000000000 -0.248919855803251
plotVals: 1999.002737850787071 -3821.000000000000000 -0.249118790030479
plotVals: 1999.030116358658461 -3811.000000000000000 -0.239338696002960
plotVals: 1999.057494866529851 -3801.000000000000000 -0.229579567909241
plotVals: 1999.084873374401013 -3791.000000000000000 -0.219841402024031
plotVals: 1999.112251882272403 -3781.000000000000000 -0.210124205797911
plotVals: 1999.139630390143793 -3771.000000000000000 -0.200427971780300
plotVals: 1999.167008898014956 -3761.000000000000000 -0.200752705335617
plotVals: 1999.194387405886346 -3751.000000000000000 -0.191098395735025
plotVals: 1999.221765913757736 -3741.000000000000000 -0.181465059518814
plotVals: 1999.249144421629126 -3731.000000000000000 -0.181852687150240
plotVals: 1999.276522929500288 -3721.000000000000000 -0.172261279076338
plotVals: 1999.303901437371678 -3711.000000000000000 -0.162690836936235
plotVals: 1999.331279945243068 -3701.000000000000000 -0.163141358643770
plotVals: 1999.358658453114231 -3691.000000000000000 -0.153612844645977
plotVals: 1999.386036960985621 -3681.000000000000000 -0.144105292856693
plotVals: 1999.413415468857011 -3671.000000000000000 -0.144618708640337
plotVals: 1999.440793976728173 -3661.000000000000000 -0.135153088718653
plotVals: 1999.468172484599563 -3651.000000000000000 -0.125708434730768
plotVals: 1999.495550992470953 -3641.000000000000000 -0.126284748315811
plotVals: 1999.522929500342343 -3631.000000000000000 -0.116882026195526
plotVals: 1999.550308008213506 -3621.000000000000000 -0.117500267922878
plotVals: 1999.577686516084896 -3611.000000000000000 -0.108139473944902
plotVals: 1999.605065023956286 -3601.000000000000000 -0.108799643814564
plotVals: 1999.632443531827448 -3591.000000000000000 -0.099480781704187
plotVals: 1999.659822039698838 -3581.000000000000000 -0.090182881802320
plotVals: 1999.687200547570228 -3571.000000000000000 -0.090905953198671
plotVals: 1999.714579055441391 -3561.000000000000000 -0.081649985164404
plotVals: 1999.741957563312781 -3551.000000000000000 -0.082414969801903
plotVals: 1999.769336071184171 -3541.000000000000000 -0.073200933635235
plotVals: 1999.796714579055333 -3531.000000000000000 -0.074007861316204
plotVals: 1999.824093086926723 -3521.000000000000000 -0.064835749566555
plotVals: 1999.851471594798113 -3511.000000000000000 -0.065684609115124
plotVals: 1999.878850102669503 -3501.000000000000000 -0.056554429233074
plotVals: 1999.906228610540666 -3491.000000000000000 -0.047445215284824
plotVals: 1999.933607118412056 -3481.000000000000000 -0.048356968909502
plotVals: 1999.960985626283446 -3471.000000000000000 -0.039289686828852
plotVals: 1999.988364134154608 -3461.000000000000000 -0.040243372321129
plotVals: 2000.016427104722879 -3451.000000000000000 -0.031218014657497
plotVals: 2000.043805612594042 -3441.000000000000000 -0.032213624566793
plotVals: 2000.071184120465432 -3431.000000000000000 -0.023230202496052
plotVals: 2000.098562628336822 -3421.000000000000000 -0.014267742633820
plotVals: 2000.125941136207985 -3411.000000000000000 -0.015326250344515
plotVals: 2000.153319644079374 -3401.000000000000000 -0.006405722349882
plotVals: 2000.180698151950764 -3391.000000000000000 -0.007506161928177
plotVals: 2000.208076659821927 -3381.000000000000000 0.001372434198856
plotVals: 2000.235455167693317 -3371.000000000000000 0.000230077654123
plotVals: 2000.262833675564707 -3361.000000000000000 0.009066745638847
plotVals: 2000.290212183436097 -3351.000000000000000 0.007882446050644
plotVals: 2000.317590691307259 -3341.000000000000000 0.016677185893059
plotVals: 2000.344969199178649 -3331.000000000000000 0.015450958162546
plotVals: 2000.372347707050039 -3321.000000000000000 0.024203766137362
plotVals: 2000.399726214921202 -3311.000000000000000 0.022935610264540
plotVals: 2000.427104722792592 -3301.000000000000000 0.031646490097046
plotVals: 2000.454483230663982 -3291.000000000000000 0.030336402356625
plotVals: 2000.481861738535144 -3281.000000000000000 0.029005348682404
plotVals: 2000.509240246406534 -3271.000000000000000 0.037653330713511
plotVals: 2000.536618754277924 -3261.000000000000000 0.036280345171690
plotVals: 2000.563997262149314 -3251.000000000000000 0.044886399060488
plotVals: 2000.591375770020477 -3241.000000000000000 0.043471489101648
plotVals: 2000.618754277891867 -3231.000000000000000 0.042035609483719
plotVals: 2000.646132785763257 -3221.000000000000000 0.050578769296408
plotVals: 2000.673511293634419 -3211.000000000000000 0.049100968986750
plotVals: 2000.700889801505809 -3201.000000000000000 0.057602196931839
plotVals: 2000.728268309377199 -3191.000000000000000 0.056082457304001
plotVals: 2000.755646817248362 -3181.000000000000000 0.054541755467653
plotVals: 2000.783025325119752 -3171.000000000000000 0.062980085611343
plotVals: 2000.810403832991142 -3161.000000000000000 0.061397455632687
plotVals: 2000.837782340862532 -3151.000000000000000 0.069793857634068
plotVals: 2000.865160848733694 -3141.000000000000000 0.068169299513102
plotVals: 2000.892539356605084 -3131.000000000000000 0.066523768007755
plotVals: 2000.919917864476474 -3121.000000000000000 0.074857275933027
plotVals: 2000.947296372347637 -3111.000000000000000 0.073169816285372
plotVals: 2000.974674880219027 -3101.000000000000000 0.081461396068335
plotVals: 2001.002053388090417 -3091.000000000000000 0.079732008278370
plotVals: 2001.027378507871390 -3081.000000000000000 0.087981656193733
plotVals: 2001.054757015742553 -3071.000000000000000 0.086210347712040
plotVals: 2001.082135523613942 -3061.000000000000000 0.094418067485094
plotVals: 2001.109514031485332 -3051.000000000000000 0.092604815959930
plotVals: 2001.136892539356495 -3041.000000000000000 0.100770603865385
plotVals: 2001.164271047227885 -3031.000000000000000 0.098915424197912
plotVals: 2001.191649555099275 -3021.000000000000000 0.107039280235767
plotVals: 2001.219028062970665 -3011.000000000000000 0.105142172425985
plotVals: 2001.246406570841827 -3001.000000000000000 0.103224102407694
plotVals: 2001.273785078713217 -2991.000000000000000 0.111285068094730
plotVals: 2001.301163586584607 -2981.000000000000000 0.109325062483549
plotVals: 2001.328542094455770 -2971.000000000000000 0.117344096302986
plotVals: 2001.355920602327160 -2961.000000000000000 0.115342162549496
plotVals: 2001.383299110198550 -2951.000000000000000 0.113319262862206
plotVals: 2001.410677618069712 -2941.000000000000000 0.121275398880243
plotVals: 2001.438056125941102 -2931.000000000000000 0.119210571050644
plotVals: 2001.465434633812492 -2921.000000000000000 0.117124784737825
plotVals: 2001.492813141683882 -2911.000000000000000 0.125018030405045
plotVals: 2001.520191649555045 -2901.000000000000000 0.122890308499336
plotVals: 2001.547570157426435 -2891.000000000000000 0.120741616934538
plotVals: 2001.574948665297825 -2881.000000000000000 0.118571963161230
plotVals: 2001.602327173168987 -2871.000000000000000 0.126381345093250
plotVals: 2001.629705681040377 -2861.000000000000000 0.124169759452343
plotVals: 2001.657084188911767 -2851.000000000000000 0.121937215328217
plotVals: 2001.684462696782930 -2841.000000000000000 0.119683705270290
plotVals: 2001.711841204654320 -2831.000000000000000 0.127409227192402
plotVals: 2001.739219712525710 -2821.000000000000000 0.125113781541586
plotVals: 2001.766598220397100 -2811.000000000000000 0.122797369956970
plotVals: 2001.793976728268262 -2801.000000000000000 0.120460003614426
plotVals: 2001.821355236139652 -2791.000000000000000 0.118101667612791
plotVals: 2001.848733744011042 -2781.000000000000000 0.125722363591194
plotVals: 2001.876112251882205 -2771.000000000000000 0.123322095721960
plotVals: 2001.903490759753595 -2761.000000000000000 0.120900865644217
plotVals: 2001.930869267624985 -2751.000000000000000 0.118458665907383
plotVals: 2001.958247775496147 -2741.000000000000000 0.115995503962040
plotVals: 2001.985626283367537 -2731.000000000000000 0.113511372357607
plotVals: 2002.013689253935581 -2721.000000000000000 0.121006280183792
plotVals: 2002.041067761806971 -2711.000000000000000 0.118480220437050
plotVals: 2002.068446269678361 -2701.000000000000000 0.115933202207088
plotVals: 2002.095824777549524 -2691.000000000000000 0.113365214318037
plotVals: 2002.123203285420914 -2681.000000000000000 0.110776264220476
plotVals: 2002.150581793292304 -2671.000000000000000 0.108166344463825
plotVals: 2002.177960301163694 -2661.000000000000000 0.105535458773375
plotVals: 2002.205338809034856 -2651.000000000000000 0.102883610874414
plotVals: 2002.232717316906246 -2641.000000000000000 0.100210797041655
plotVals: 2002.260095824777636 -2631.000000000000000 0.107517015188932
plotVals: 2002.287474332648799 -2621.000000000000000 0.104802276939154
plotVals: 2002.314852840520189 -2611.000000000000000 0.102066569030285
plotVals: 2002.342231348391579 -2601.000000000000000 0.099309902638197
plotVals: 2002.369609856262741 -2591.000000000000000 0.096532262861729
plotVals: 2002.396988364134131 -2581.000000000000000 0.093733657151461
plotVals: 2002.424366872005521 -2571.000000000000000 0.090914089232683
plotVals: 2002.451745379876684 -2561.000000000000000 0.098073557019234
plotVals: 2002.479123887748074 -2551.000000000000000 0.095212057232857
plotVals: 2002.506502395619464 -2541.000000000000000 0.092329591512680
plotVals: 2002.533880903490854 -2531.000000000000000 0.089426163583994
plotVals: 2002.561259411362016 -2521.000000000000000 0.086501769721508
plotVals: 2002.588637919233406 -2511.000000000000000 0.083556421101093
plotVals: 2002.616016427104796 -2501.000000000000000 0.080590095371008
plotVals: 2002.643394934975959 -2491.000000000000000 0.087602805346251
plotVals: 2002.670773442847349 -2481.000000000000000 0.084594551473856
plotVals: 2002.698151950718739 -2471.000000000000000 0.081565331667662
plotVals: 2002.725530458589901 -2461.000000000000000 0.078515145927668
plotVals: 2002.752908966461291 -2451.000000000000000 0.075444001704454
plotVals: 2002.780287474332681 -2441.000000000000000 0.072351887822151
plotVals: 2002.807665982204071 -2431.000000000000000 0.079238809645176
plotVals: 2002.835044490075234 -2421.000000000000000 0.076104763895273
plotVals: 2002.862422997946624 -2411.000000000000000 0.072949752211571
plotVals: 2002.889801505818014 -2401.000000000000000 0.069773785769939
plotVals: 2002.917180013689176 -2391.000000000000000 0.066576849669218
plotVals: 2002.944558521560566 -2381.000000000000000 0.063358947634697
plotVals: 2002.971937029431956 -2371.000000000000000 0.070120077580214
plotVals: 2002.999315537303119 -2361.000000000000000 0.066860243678093
plotVals: 2003.027378507871390 -2351.000000000000000 0.063579443842173
plotVals: 2003.054757015742553 -2341.000000000000000 0.060277681797743
plotVals: 2003.082135523613942 -2331.000000000000000 0.056954950094223
plotVals: 2003.109514031485332 -2321.000000000000000 0.053611252456903
plotVals: 2003.136892539356495 -2311.000000000000000 0.060246594250202
plotVals: 2003.164271047227885 -2301.000000000000000 0.056860972195864
plotVals: 2003.191649555099275 -2291.000000000000000 0.053454391658306
plotVals: 2003.219028062970665 -2281.000000000000000 0.050026837736368
plotVals: 2003.246406570841827 -2271.000000000000000 0.046578317880630
plotVals: 2003.273785078713217 -2261.000000000000000 0.053108833730221
plotVals: 2003.301163586584607 -2251.000000000000000 0.049618382006884
plotVals: 2003.328542094455770 -2241.000000000000000 0.046106968075037
plotVals: 2003.355920602327160 -2231.000000000000000 0.052574593573809
plotVals: 2003.383299110198550 -2221.000000000000000 0.049021247774363
plotVals: 2003.410677618069712 -2211.000000000000000 0.045446939766407
plotVals: 2003.438056125941102 -2201.000000000000000 0.041851662099361
plotVals: 2003.465434633812492 -2191.000000000000000 0.048235423862934
plotVals: 2003.492813141683882 -2181.000000000000000 0.044598225504160
plotVals: 2003.520191649555045 -2171.000000000000000 0.040940053761005
plotVals: 2003.547570157426435 -2161.000000000000000 0.047260921448469
plotVals: 2003.574948665297825 -2151.000000000000000 0.043560825288296
plotVals: 2003.602327173168987 -2141.000000000000000 0.039839763194323
plotVals: 2003.629705681040377 -2131.000000000000000 0.036097731441259
plotVals: 2003.657084188911767 -2121.000000000000000 0.032334733754396
plotVals: 2003.684462696782930 -2111.000000000000000 0.038550775498152
plotVals: 2003.711841204654320 -2101.000000000000000 0.034745849668980
plotVals: 2003.739219712525710 -2091.000000000000000 0.030919961631298
plotVals: 2003.766598220397100 -2081.000000000000000 0.027073107659817
plotVals: 2003.793976728268262 -2071.000000000000000 0.023205295205116
plotVals: 2003.821355236139652 -2061.000000000000000 0.019316509366035
plotVals: 2003.848733744011042 -2051.000000000000000 0.025406762957573
plotVals: 2003.876112251882205 -2041.000000000000000 0.021476045250893
plotVals: 2003.903490759753595 -2031.000000000000000 0.017524369060993
plotVals: 2003.930869267624985 -2021.000000000000000 0.013551723212004
plotVals: 2003.958247775496147 -2011.000000000000000 0.009558111429214
plotVals: 2003.985626283367537 -2001.000000000000000 0.015543539077044
plotVals: 2004.013689253935581 -1991.000000000000000 0.011507999151945
plotVals: 2004.041067761806971 -1981.000000000000000 0.007451493293047
plotVals: 2004.068446269678361 -1971.000000000000000 0.003374032676220
plotVals: 2004.095824777549524 -1961.000000000000000 0.009275600314140
plotVals: 2004.123203285420914 -1951.000000000000000 0.005156196653843
plotVals: 2004.150581793292304 -1941.000000000000000 0.011015832424164
plotVals: 2004.177960301163694 -1931.000000000000000 0.006854500621557
plotVals: 2004.205338809034856 -1921.000000000000000 0.012672211974859
plotVals: 2004.232717316906246 -1911.000000000000000 0.008468948304653
plotVals: 2004.260095824777636 -1901.000000000000000 0.004244722425938
plotVals: 2004.287474332648799 -1891.000000000000000 0.009999532252550
plotVals: 2004.314852840520189 -1881.000000000000000 0.015733379870653
plotVals: 2004.342231348391579 -1871.000000000000000 0.011446259915829
plotVals: 2004.369609856262741 -1861.000000000000000 0.017138175666332
plotVals: 2004.396988364134131 -1851.000000000000000 0.012809123843908
plotVals: 2004.424366872005521 -1841.000000000000000 0.018459115177393
plotVals: 2004.451745379876684 -1831.000000000000000 0.014088131487370
plotVals: 2004.479123887748074 -1821.000000000000000 0.019696187227964
plotVals: 2004.506502395619464 -1811.000000000000000 0.025283277034760
plotVals: 2004.533880903490854 -1801.000000000000000 0.020849402993917
plotVals: 2004.561259411362016 -1791.000000000000000 0.026394560933113
plotVals: 2004.588637919233406 -1781.000000000000000 0.031918756663799
plotVals: 2004.616016427104796 -1771.000000000000000 0.027421995997429
plotVals: 2004.643394934975959 -1761.000000000000000 0.032904263585806
plotVals: 2004.670773442847349 -1751.000000000000000 0.038365561515093
plotVals: 2004.698151950718739 -1741.000000000000000 0.043805897235870
plotVals: 2004.725530458589901 -1731.000000000000000 0.039225269109011
plotVals: 2004.752908966461291 -1721.000000000000000 0.044623676687479
plotVals: 2004.780287474332681 -1711.000000000000000 0.050001114606857
plotVals: 2004.807665982204071 -1701.000000000000000 0.045357588678598
plotVals: 2004.835044490075234 -1691.000000000000000 0.050693102180958
plotVals: 2004.862422997946624 -1681.000000000000000 0.056007646024227
plotVals: 2004.889801505818014 -1671.000000000000000 0.051301226019859
plotVals: 2004.917180013689176 -1661.000000000000000 0.056573841720819
plotVals: 2004.944558521560566 -1651.000000000000000 0.061825491487980
plotVals: 2004.971937029431956 -1641.000000000000000 0.057056173682213
plotVals: 2004.999315537303119 -1631.000000000000000 0.062265895307064
plotVals: 2005.024640657084092 -1621.000000000000000 0.057454645633698
plotVals: 2005.052019164955482 -1611.000000000000000 0.062622439116240
plotVals: 2005.079397672826872 -1601.000000000000000 0.057769268751144
plotVals: 2005.106776180698262 -1591.000000000000000 0.062895126640797
plotVals: 2005.134154688569424 -1581.000000000000000 0.068000022321939
plotVals: 2005.161533196440814 -1571.000000000000000 0.063083950430155
plotVals: 2005.188911704312204 -1561.000000000000000 0.068146914243698
plotVals: 2005.216290212183367 -1551.000000000000000 0.063188914209604
plotVals: 2005.243668720054757 -1541.000000000000000 0.068209949880838
plotVals: 2005.271047227926147 -1531.000000000000000 0.063210025429726
plotVals: 2005.298425735797309 -1521.000000000000000 0.068189132958651
plotVals: 2005.325804243668699 -1511.000000000000000 0.063147269189358
plotVals: 2005.353182751540089 -1501.000000000000000 0.068084444850683
plotVals: 2005.380561259411252 -1491.000000000000000 0.063000656664371
plotVals: 2005.407939767282642 -1481.000000000000000 0.067895900458097
plotVals: 2005.435318275154032 -1471.000000000000000 0.062770180404186
plotVals: 2005.462696783025422 -1461.000000000000000 0.067623496055603
plotVals: 2005.490075290896584 -1451.000000000000000 0.062455844134092
plotVals: 2005.517453798767974 -1441.000000000000000 0.067267231643200
plotVals: 2005.544832306639364 -1431.000000000000000 0.062057647854090
plotVals: 2005.572210814510527 -1421.000000000000000 0.066827103495598
plotVals: 2005.599589322381917 -1411.000000000000000 0.061575595289469
plotVals: 2005.626967830253307 -1401.000000000000000 0.066303119063377
plotVals: 2005.654346338124469 -1391.000000000000000 0.061009675264359
plotVals: 2005.681724845995859 -1381.000000000000000 0.065695274621248
plotVals: 2005.709103353867249 -1371.000000000000000 0.060359910130501
plotVals: 2005.736481861738639 -1361.000000000000000 0.065003573894501
plotVals: 2005.763860369609802 -1351.000000000000000 0.059626273810863
plotVals: 2005.791238877481192 -1341.000000000000000 0.064228005707264
plotVals: 2005.818617385352582 -1331.000000000000000 0.058808773756027
plotVals: 2005.845995893223744 -1321.000000000000000 0.063368577510118
plotVals: 2005.873374401095134 -1311.000000000000000 0.067907422780991
plotVals: 2005.900752908966524 -1301.000000000000000 0.062425296753645
plotVals: 2005.928131416837687 -1291.000000000000000 0.066922206431627
plotVals: 2005.955509924709077 -1281.000000000000000 0.061398148536682
plotVals: 2005.982888432580467 -1271.000000000000000 0.065853130072355
plotVals: 2006.010951403148511 -1261.000000000000000 0.070287145674229
plotVals: 2006.038329911019900 -1251.000000000000000 0.064700189977884
plotVals: 2006.065708418891063 -1241.000000000000000 0.069092277437449
plotVals: 2006.093086926762453 -1231.000000000000000 0.073463398963213
plotVals: 2006.120465434633843 -1221.000000000000000 0.077813554555178
plotVals: 2006.147843942505233 -1211.000000000000000 0.072142738848925
plotVals: 2006.175222450376395 -1201.000000000000000 0.076450966298580
plotVals: 2006.202600958247785 -1191.000000000000000 0.080738224089146
plotVals: 2006.229979466119175 -1181.000000000000000 0.085004519671202
plotVals: 2006.257357973990338 -1171.000000000000000 0.079249843955040
plotVals: 2006.284736481861728 -1161.000000000000000 0.083474215120077
plotVals: 2006.312114989733118 -1151.000000000000000 0.087677612900734
plotVals: 2006.339493497604280 -1141.000000000000000 0.091860044747591
plotVals: 2006.366872005475670 -1131.000000000000000 0.086021516472101
plotVals: 2006.394250513347060 -1121.000000000000000 0.090162020176649
plotVals: 2006.421629021218450 -1111.000000000000000 0.094281561672688
plotVals: 2006.449007529089613 -1101.000000000000000 0.098380133509636
plotVals: 2006.476386036961003 -1091.000000000000000 0.092457748949528
plotVals: 2006.503764544832393 -1081.000000000000000 0.096514396369457
plotVals: 2006.531143052703555 -1071.000000000000000 0.100550077855587
plotVals: 2006.558521560574945 -1061.000000000000000 0.104564789682627
plotVals: 2006.585900068446335 -1051.000000000000000 0.098558537662029
plotVals: 2006.613278576317498 -1041.000000000000000 0.102531321346760
plotVals: 2006.640657084188888 -1031.000000000000000 0.106483139097691
plotVals: 2006.668035592060278 -1021.000000000000000 0.110413994640112
plotVals: 2006.695414099931440 -1011.000000000000000 0.104323882609606
plotVals: 2006.722792607802830 -1001.000000000000000 0.108212810009718
plotVals: 2006.750171115674220 -991.000000000000000 0.112080767750740
plotVals: 2006.777549623545610 -981.000000000000000 0.115927763283253
plotVals: 2006.804928131416773 -971.000000000000000 0.119753789156675
plotVals: 2006.832306639288163 -961.000000000000000 0.113558851182461
plotVals: 2006.859685147159553 -951.000000000000000 0.117342952638865
plotVals: 2006.887063655030715 -941.000000000000000 0.121106084436178
plotVals: 2006.914442162902105 -931.000000000000000 0.124848257750273
plotVals: 2006.941820670773495 -921.000000000000000 0.128569461405277
plotVals: 2006.969199178644658 -911.000000000000000 0.132269699126482
plotVals: 2006.996577686516048 -901.000000000000000 0.125948976725340
plotVals: 2007.024640657084092 -891.000000000000000 0.129607282578945
plotVals: 2007.052019164955482 -881.000000000000000 0.133244626224041
plotVals: 2007.079397672826872 -871.000000000000000 0.136861007660627
plotVals: 2007.106776180698262 -861.000000000000000 0.140456419438124
plotVals: 2007.134154688569424 -851.000000000000000 0.144030872732401
plotVals: 2007.161533196440814 -841.000000000000000 0.147584356367588
plotVals: 2007.188911704312204 -831.000000000000000 0.151116874068975
plotVals: 2007.216290212183367 -821.000000000000000 0.144628427922726
plotVals: 2007.243668720054757 -811.000000000000000 0.148119013756514
plotVals: 2007.271047227926147 -801.000000000000000 0.151588637381792
plotVals: 2007.298425735797309 -791.000000000000000 0.155037295073271
plotVals: 2007.325804243668699 -781.000000000000000 0.158464990556240
plotVals: 2007.353182751540089 -771.000000000000000 0.151871722191572
plotVals: 2007.380561259411252 -761.000000000000000 0.155257485806942
plotVals: 2007.407939767282642 -751.000000000000000 0.158622283488512
plotVals: 2007.435318275154032 -741.000000000000000 0.161966115236282
plotVals: 2007.462696783025422 -731.000000000000000 0.155288983136415
plotVals: 2007.490075290896584 -721.000000000000000 0.158590886741877
plotVals: 2007.517453798767974 -711.000000000000000 0.161871824413538
plotVals: 2007.544832306639364 -701.000000000000000 0.165131799876690
plotVals: 2007.572210814510527 -691.000000000000000 0.158370815217495
plotVals: 2007.599589322381917 -681.000000000000000 0.161588858813047
plotVals: 2007.626967830253307 -671.000000000000000 0.164785936474800
plotVals: 2007.654346338124469 -661.000000000000000 0.157962054014206
plotVals: 2007.681724845995859 -651.000000000000000 0.161117199808359
plotVals: 2007.709103353867249 -641.000000000000000 0.164251383394003
plotVals: 2007.736481861738639 -631.000000000000000 0.167364601045847
plotVals: 2007.763860369609802 -621.000000000000000 0.160456858575344
plotVals: 2007.791238877481192 -611.000000000000000 0.163528144359589
plotVals: 2007.818617385352582 -601.000000000000000 0.166578467935324
plotVals: 2007.845995893223744 -591.000000000000000 0.159607823938131
plotVals: 2007.873374401095134 -581.000000000000000 0.162616219371557
plotVals: 2007.900752908966524 -571.000000000000000 0.165603645145893
plotVals: 2007.928131416837687 -561.000000000000000 0.158570107072592
plotVals: 2007.955509924709077 -551.000000000000000 0.161515604704618
plotVals: 2007.982888432580467 -541.000000000000000 0.164440143853426
plotVals: 2008.010951403148511 -531.000000000000000 0.167343709617853
plotVals: 2008.038329911019900 -521.000000000000000 0.160226315259933
plotVals: 2008.065708418891063 -511.000000000000000 0.163087952882051
plotVals: 2008.093086926762453 -501.000000000000000 0.165928628295660
plotVals: 2008.120465434633843 -491.000000000000000 0.158748332411051
plotVals: 2008.147843942505233 -481.000000000000000 0.161547075957060
plotVals: 2008.175222450376395 -471.000000000000000 0.164324857294559
plotVals: 2008.202600958247785 -461.000000000000000 0.157081671059132
plotVals: 2008.229979466119175 -451.000000000000000 0.159817516803741
plotVals: 2008.257357973990338 -441.000000000000000 0.162532400339842
plotVals: 2008.284736481861728 -431.000000000000000 0.155226316303015
plotVals: 2008.312114989733118 -421.000000000000000 0.157899267971516
plotVals: 2008.339493497604280 -411.000000000000000 0.160551257431507
plotVals: 2008.366872005475670 -401.000000000000000 0.153182286769152
plotVals: 2008.394250513347060 -391.000000000000000 0.155792348086834
plotVals: 2008.421629021218450 -381.000000000000000 0.158381439745426
plotVals: 2008.449007529089613 -371.000000000000000 0.150949571281672
plotVals: 2008.476386036961003 -361.000000000000000 0.153496731072664
plotVals: 2008.503764544832393 -351.000000000000000 0.156022928655148
plotVals: 2008.531143052703555 -341.000000000000000 0.158528164029121
plotVals: 2008.558521560574945 -331.000000000000000 0.151012428104877
plotVals: 2008.585900068446335 -321.000000000000000 0.153475731611252
plotVals: 2008.613278576317498 -311.000000000000000 0.155918072909117
plotVals: 2008.640657084188888 -301.000000000000000 0.148339442908764
plotVals: 2008.668035592060278 -291.000000000000000 0.150739852339029
plotVals: 2008.695414099931440 -281.000000000000000 0.153119295835495
plotVals: 2008.722792607802830 -271.000000000000000 0.145477771759033
plotVals: 2008.750171115674220 -261.000000000000000 0.147815283387899
plotVals: 2008.777549623545610 -251.000000000000000 0.150131829082966
plotVals: 2008.804928131416773 -241.000000000000000 0.142427414655685
plotVals: 2008.832306639288163 -231.000000000000000 0.144702032208443
plotVals: 2008.859685147159553 -221.000000000000000 0.136955685913563
plotVals: 2008.887063655030715 -211.000000000000000 0.139188375324011
plotVals: 2008.914442162902105 -201.000000000000000 0.141400098800659
plotVals: 2008.941820670773495 -191.000000000000000 0.133590854704380
plotVals: 2008.969199178644658 -181.000000000000000 0.135760646313429
plotVals: 2008.996577686516048 -171.000000000000000 0.127909477800131
plotVals: 2009.021902806297021 -161.000000000000000 0.130037344992161
plotVals: 2009.049281314168411 -151.000000000000000 0.132144242525101
plotVals: 2009.076659822039801 -141.000000000000000 0.124230172485113
plotVals: 2009.104038329910964 -131.000000000000000 0.126295141875744
plotVals: 2009.131416837782353 -121.000000000000000 0.118339139968157
plotVals: 2009.158795345653743 -111.000000000000000 0.120362177491188
plotVals: 2009.186173853524906 -101.000000000000000 0.112364251166582
plotVals: 2009.213552361396296 -91.000000000000000 0.114345364272594
plotVals: 2009.240930869267686 -81.000000000000000 0.106305506080389
plotVals: 2009.268309377138849 -71.000000000000000 0.108244679868221
plotVals: 2009.295687885010238 -61.000000000000000 0.110162895172834
plotVals: 2009.323066392881628 -51.000000000000000 0.102060139179230
plotVals: 2009.350444900753018 -41.000000000000000 0.103936422616243
plotVals: 2009.377823408624181 -31.000000000000000 0.095791738480330
plotVals: 2009.405201916495571 -21.000000000000000 0.097626090049744
plotVals: 2009.432580424366961 -11.000000000000000 0.089439477771521
plotVals: 2009.459958932238123 -1.000000000000000 0.091231901198626
plotVals: 2009.487337440109513 9.000000000000000 0.083003360778093
plotVals: 2009.514715947980903 19.000000000000000 0.084753852337599
plotVals: 2009.542094455852066 29.000000000000000 0.076483383774757
plotVals: 2009.569472963723456 39.000000000000000 0.078191947191954
plotVals: 2009.596851471594846 49.000000000000000 0.079879544675350
plotVals: 2009.624229979466008 59.000000000000000 0.071546174585819
plotVals: 2009.651608487337398 69.000000000000000 0.073191843926907
plotVals: 2009.678986995208788 79.000000000000000 0.064816545695066
plotVals: 2009.706365503080178 89.000000000000000 0.066420283168554
plotVals: 2009.733744010951341 99.000000000000000 0.058003053069115
plotVals: 2009.761122518822731 109.000000000000000 0.059564858675003
plotVals: 2009.788501026694121 119.000000000000000 0.061105702072382
plotVals: 2009.815879534565283 129.000000000000000 0.052625581622124
plotVals: 2009.843258042436673 139.000000000000000 0.054124496877193
plotVals: 2009.870636550308063 149.000000000000000 0.055602442473173
plotVals: 2009.898015058179226 159.000000000000000 0.047059424221516
plotVals: 2009.925393566050616 169.000000000000000 0.048495441675186
plotVals: 2009.952772073922006 179.000000000000000 0.039910491555929
plotVals: 2009.980150581793396 189.000000000000000 0.041304577142000
plotVals: 2010.008213552361440 199.000000000000000 0.042677700519562
plotVals: 2010.035592060232830 209.000000000000000 0.034029852598906
plotVals: 2010.062970568103992 219.000000000000000 0.035361047834158
plotVals: 2010.090349075975382 229.000000000000000 0.036671277135611
plotVals: 2010.117727583846772 239.000000000000000 0.027960538864136
plotVals: 2010.145106091717935 249.000000000000000 0.029228836297989
plotVals: 2010.172484599589325 259.000000000000000 0.020476173609495
plotVals: 2010.199863107460715 269.000000000000000 0.021702539175749
plotVals: 2010.227241615331877 279.000000000000000 0.022907942533493
plotVals: 2010.254620123203267 289.000000000000000 0.014092378318310
plotVals: 2010.281998631074657 299.000000000000000 0.015255853533745
plotVals: 2010.309377138945820 309.000000000000000 0.006398357450962
plotVals: 2010.336755646817210 319.000000000000000 0.007519900798798
plotVals: 2010.364134154688600 329.000000000000000 -0.001379527151585
plotVals: 2010.391512662559990 339.000000000000000 -0.000299915671349
plotVals: 2010.418891170431152 349.000000000000000 -0.009241264313459
plotVals: 2010.446269678302542 359.000000000000000 -0.008203584700823
plotVals: 2010.473648186173932 369.000000000000000 -0.017186865210533
plotVals: 2010.501026694045095 379.000000000000000 -0.016191113740206
plotVals: 2010.528405201916485 389.000000000000000 -0.025216329842806
plotVals: 2010.555783709787875 399.000000000000000 -0.024262506514788
plotVals: 2010.583162217659037 409.000000000000000 -0.033329654484987
plotVals: 2010.610540725530427 419.000000000000000 -0.032417763024569
plotVals: 2010.637919233401817 429.000000000000000 -0.041526827961206
plotVals: 2010.665297741273207 439.000000000000000 -0.040656868368387
plotVals: 2010.692676249144370 449.000000000000000 -0.049807865172625
plotVals: 2010.720054757015760 459.000000000000000 -0.058979835361242
plotVals: 2010.747433264887150 469.000000000000000 -0.058172769844532
plotVals: 2010.774811772758312 479.000000000000000 -0.067386668175459
plotVals: 2010.802190280629702 489.000000000000000 -0.066621534526348
plotVals: 2010.829568788501092 499.000000000000000 -0.075877364724874
plotVals: 2010.856947296372255 509.000000000000000 -0.075154159218073
plotVals: 2010.884325804243645 519.000000000000000 -0.084451917558908
plotVals: 2010.911704312115035 529.000000000000000 -0.083770636469126
plotVals: 2010.939082819986197 539.000000000000000 -0.093110322952271
plotVals: 2010.966461327857587 549.000000000000000 -0.092470977455378
plotVals: 2010.993839835728977 559.000000000000000 -0.101852599531412
plotVals: 2011.021902806297021 569.000000000000000 -0.111255183815956
plotVals: 2011.049281314168411 579.000000000000000 -0.110678732395172
plotVals: 2011.076659822039801 589.000000000000000 -0.120123241096735
plotVals: 2011.104038329910964 599.000000000000000 -0.119588717818260
plotVals: 2011.131416837782353 609.000000000000000 -0.129075162112713
plotVals: 2011.158795345653743 619.000000000000000 -0.128582570701838
plotVals: 2011.186173853524906 629.000000000000000 -0.138110943138599
plotVals: 2011.213552361396296 639.000000000000000 -0.137660283595324
plotVals: 2011.240930869267686 649.000000000000000 -0.147230587899685
plotVals: 2011.268309377138849 659.000000000000000 -0.146821856498718
plotVals: 2011.295687885010238 669.000000000000000 -0.156434092670679
plotVals: 2011.323066392881628 679.000000000000000 -0.156067285686731
plotVals: 2011.350444900753018 689.000000000000000 -0.165721453726292
plotVals: 2011.377823408624181 699.000000000000000 -0.165396582335234
plotVals: 2011.405201916495571 709.000000000000000 -0.175092678517103
plotVals: 2011.432580424366961 719.000000000000000 -0.184809733182192
plotVals: 2011.459958932238123 729.000000000000000 -0.184547759592533
plotVals: 2011.487337440109513 739.000000000000000 -0.194306742399931
plotVals: 2011.514715947980903 749.000000000000000 -0.194086693227291
plotVals: 2011.542094455852066 759.000000000000000 -0.193887613713741
plotVals: 2011.569472963723456 769.000000000000000 -0.203709498047829
plotVals: 2011.596851471594846 779.000000000000000 -0.203552346676588
plotVals: 2011.624229979466008 789.000000000000000 -0.213416162878275
plotVals: 2011.651608487337398 799.000000000000000 -0.213300943374634
plotVals: 2011.678986995208788 809.000000000000000 -0.223206687718630
plotVals: 2011.706365503080178 819.000000000000000 -0.223133396357298
plotVals: 2011.733744010951341 829.000000000000000 -0.233081065118313
plotVals: 2011.761122518822731 839.000000000000000 -0.233049705624580
plotVals: 2011.788501026694121 849.000000000000000 -0.233039308339357
plotVals: 2011.815879534565283 859.000000000000000 -0.243049878627062
plotVals: 2011.843258042436673 869.000000000000000 -0.243081413209438
plotVals: 2011.870636550308063 879.000000000000000 -0.253133915364742
plotVals: 2011.898015058179226 889.000000000000000 -0.253207381814718
plotVals: 2011.925393566050616 899.000000000000000 -0.253301810473204
plotVals: 2011.952772073922006 909.000000000000000 -0.263417202979326
plotVals: 2011.980150581793396 919.000000000000000 -0.263553559780121
plotVals: 2012.008213552361440 929.000000000000000 -0.263710886240005
plotVals: 2012.035592060232830 939.000000000000000 -0.263889174908400
plotVals: 2012.062970568103992 949.000000000000000 -0.274088427424431
plotVals: 2012.090349075975382 959.000000000000000 -0.274308647960424
plotVals: 2012.117727583846772 969.000000000000000 -0.274549830704927
plotVals: 2012.145106091717935 979.000000000000000 -0.284811969846487
plotVals: 2012.172484599589325 989.000000000000000 -0.285095084458590
plotVals: 2012.199863107460715 999.000000000000000 -0.285399165004492
plotVals: 2012.227241615331877 1009.000000000000000 -0.285724211484194
plotVals: 2012.254620123203267 1019.000000000000000 -0.296070221811533
plotVals: 2012.281998631074657 1029.000000000000000 -0.296437196433544
plotVals: 2012.309377138945820 1039.000000000000000 -0.296825136989355
plotVals: 2012.336755646817210 1049.000000000000000 -0.297234039753675
plotVals: 2012.364134154688600 1059.000000000000000 -0.307663906365633
plotVals: 2012.391512662559990 1069.000000000000000 -0.308114740997553
plotVals: 2012.418891170431152 1079.000000000000000 -0.308586541563272
plotVals: 2012.446269678302542 1089.000000000000000 -0.309079308062792
plotVals: 2012.473648186173932 1099.000000000000000 -0.309593036770821
plotVals: 2012.501026694045095 1109.000000000000000 -0.320127733051777
plotVals: 2012.528405201916485 1119.000000000000000 -0.320683393627405
plotVals: 2012.555783709787875 1129.000000000000000 -0.321260016411543
plotVals: 2012.583162217659037 1139.000000000000000 -0.321857605129480
plotVals: 2012.610540725530427 1149.000000000000000 -0.322476159781218
plotVals: 2012.637919233401817 1159.000000000000000 -0.323115680366755
plotVals: 2012.665297741273207 1169.000000000000000 -0.323776163160801
plotVals: 2012.692676249144370 1179.000000000000000 -0.324457611888647
plotVals: 2012.720054757015760 1189.000000000000000 -0.325160030275583
plotVals: 2012.747433264887150 1199.000000000000000 -0.325883407145739
plotVals: 2012.774811772758312 1209.000000000000000 -0.326627749949694
plotVals: 2012.802190280629702 1219.000000000000000 -0.327393058687449
plotVals: 2012.829568788501092 1229.000000000000000 -0.328179333359003
plotVals: 2012.856947296372255 1239.000000000000000 -0.328986573964357
plotVals: 2012.884325804243645 1249.000000000000000 -0.329814780503511
plotVals: 2012.911704312115035 1259.000000000000000 -0.330663949251175
plotVals: 2012.939082819986197 1269.000000000000000 -0.331534083932638
plotVals: 2012.966461327857587 1279.000000000000000 -0.332425184547901
plotVals: 2012.993839835728977 1289.000000000000000 -0.333337247371674
plotVals: 2013.019164955509950 1299.000000000000000 -0.334270276129246
plotVals: 2013.046543463381340 1309.000000000000000 -0.335224270820618
plotVals: 2013.073921971252503 1319.000000000000000 -0.336199231445789
plotVals: 2013.101300479123893 1329.000000000000000 -0.337195158004761
plotVals: 2013.128678986995283 1339.000000000000000 -0.338212046772242
plotVals: 2013.156057494866445 1349.000000000000000 -0.339249901473522
plotVals: 2013.183436002737835 1359.000000000000000 -0.340308722108603
plotVals: 2013.210814510609225 1369.000000000000000 -0.341388504952192
plotVals: 2013.238193018480388 1379.000000000000000 -0.342489253729582
plotVals: 2013.265571526351778 1389.000000000000000 -0.343610968440771
plotVals: 2013.292950034223168 1399.000000000000000 -0.344753649085760
plotVals: 2013.320328542094558 1409.000000000000000 -0.345917295664549
plotVals: 2013.347707049965720 1419.000000000000000 -0.347101904451847
plotVals: 2013.375085557837110 1429.000000000000000 -0.348307479172945
plotVals: 2013.402464065708500 1439.000000000000000 -0.349534016102552
plotVals: 2013.429842573579663 1449.000000000000000 -0.350781522691250
plotVals: 2013.457221081451053 1459.000000000000000 -0.352049991488457
plotVals: 2013.484599589322443 1469.000000000000000 -0.353339426219463
plotVals: 2013.511978097193605 1479.000000000000000 -0.354649826884270
plotVals: 2013.539356605064995 1489.000000000000000 -0.355981193482876
plotVals: 2013.566735112936385 1499.000000000000000 -0.357333522289991
plotVals: 2013.594113620807775 1509.000000000000000 -0.358706820756197
plotVals: 2013.621492128678938 1519.000000000000000 -0.360101077705622
plotVals: 2013.648870636550328 1529.000000000000000 -0.361516300588846
plotVals: 2013.676249144421718 1539.000000000000000 -0.362952493131161
plotVals: 2013.703627652292880 1549.000000000000000 -0.364409647881985
plotVals: 2013.731006160164270 1559.000000000000000 -0.365887768566608
plotVals: 2013.758384668035660 1569.000000000000000 -0.367386855185032
plotVals: 2013.785763175906823 1579.000000000000000 -0.368906904011965
plotVals: 2013.813141683778213 1589.000000000000000 -0.370447918772697
plotVals: 2013.840520191649603 1599.000000000000000 -0.372009895741940
plotVals: 2013.867898699520765 1609.000000000000000 -0.373592842370272
plotVals: 2013.895277207392155 1619.000000000000000 -0.375196751207113
plotVals: 2013.922655715263545 1629.000000000000000 -0.376821629703045
plotVals: 2013.950034223134935 1639.000000000000000 -0.378467470407486
plotVals: 2013.977412731006098 1649.000000000000000 -0.380134273320436
plotVals: 2023.153319644079374 5000.000000000000000 -2.119295340031385
