plotVals: 1975.484599589322443 -11911.000000000000000 -111.260897532105446
plotVals: 1975.511978097193605 -11901.000000000000000 -108.721756793558598
plotVals: 1975.539356605064995 -11891.000000000000000 -106.173677794635296
plotVals: 1975.566735112936385 -11881.000000000000000 -103.619660530239344
plotVals: 1975.594113620807775 -11871.000000000000000 -101.053704999387264
plotVals: 1975.621492128678938 -11861.000000000000000 -98.475811198353767
plotVals: 1975.648870636550328 -11851.000000000000000 -95.888979140669107
plotVals: 1975.676249144421718 -11841.000000000000000 -93.290208801627159
plotVals: 1975.703627652292880 -11831.000000000000000 -90.676500208675861
plotVals: 1975.731006160164270 -11821.000000000000000 -88.047853346914053
plotVals: 1975.758384668035660 -11811.000000000000000 -85.407268218696117
plotVals: 1975.785763175906823 -11801.000000000000000 -82.748744823038578
plotVals: 1975.813141683778213 -11791.000000000000000 -80.072283167392015
plotVals: 1975.840520191649603 -11781.000000000000000 -77.356883235275745
plotVals: 1975.867898699520765 -11771.000000000000000 -74.629545044153929
plotVals: 1975.895277207392155 -11761.000000000000000 -71.887268591672182
plotVals: 1975.922655715263545 -11751.000000000000000 -69.136053863912821
plotVals: 1975.950034223134935 -11741.000000000000000 -66.378900874406099
plotVals: 1975.977412731006098 -11731.000000000000000 -63.615809615701437
plotVals: 1976.005475701574369 -11721.000000000000000 -60.849780093878508
plotVals: 1976.032854209445532 -11711.000000000000000 -58.083812307566404
plotVals: 1976.060232717316921 -11701.000000000000000 -55.323906250298023
plotVals: 1976.087611225188311 -11691.000000000000000 -52.576061934232712
plotVals: 1976.114989733059474 -11681.000000000000000 -49.837279349565506
plotVals: 1976.142368240930864 -11671.000000000000000 -47.116558499634266
plotVals: 1976.169746748802254 -11661.000000000000000 -44.428899377584457
plotVals: 1976.197125256673417 -11651.000000000000000 -41.762302000075579
plotVals: 1976.224503764544806 -11641.000000000000000 -39.116766344755888
plotVals: 1976.251882272416196 -11631.000000000000000 -36.495292428880930
plotVals: 1976.279260780287586 -11621.000000000000000 -33.903880249708891
plotVals: 1976.306639288158749 -11611.000000000000000 -31.336529798805714
plotVals: 1976.334017796030139 -11601.000000000000000 -28.823241084814072
plotVals: 1976.361396303901529 -11591.000000000000000 -26.349014103412628
plotVals: 1976.388774811772691 -11581.000000000000000 -23.895848859101534
plotVals: 1976.416153319644081 -11571.000000000000000 -21.463745344430208
plotVals: 1976.443531827515471 -11561.000000000000000 -19.049703571945429
plotVals: 1976.470910335386634 -11551.000000000000000 -16.647723525762558
plotVals: 1976.498288843258024 -11541.000000000000000 -14.257805220782757
plotVals: 1976.525667351129414 -11531.000000000000000 -11.876948639750481
plotVals: 1976.553045859000576 -11521.000000000000000 -9.499153800308704
plotVals: 1976.580424366871966 -11511.000000000000000 -7.118420690298080
plotVals: 1976.607802874743356 -11501.000000000000000 -4.731749314814806
plotVals: 1976.635181382614746 -11491.000000000000000 -2.336139675229788
plotVals: 1976.662559890485909 -11481.000000000000000 0.074408229440451
plotVals: 1976.689938398357299 -11471.000000000000000 2.523894406855106
plotVals: 1976.717316906228689 -11461.000000000000000 4.994318839162588
plotVals: 1976.744695414099851 -11451.000000000000000 7.482681546360254
plotVals: 1976.772073921971241 -11441.000000000000000 9.985982507467270
plotVals: 1976.799452429842631 -11431.000000000000000 12.510221745818853
plotVals: 1976.826830937713794 -11421.000000000000000 15.049399252980947
plotVals: 1976.854209445585184 -11411.000000000000000 17.636515021324158
plotVals: 1976.881587953456574 -11401.000000000000000 20.235569048672915
plotVals: 1976.908966461327964 -11391.000000000000000 22.846561353653669
plotVals: 1976.936344969199126 -11381.000000000000000 25.460491921752691
plotVals: 1976.963723477070516 -11371.000000000000000 28.071360748261213
plotVals: 1976.991101984941906 -11361.000000000000000 30.679167844355106
plotVals: 1977.016427104722879 -11351.000000000000000 31.981913208961487
plotVals: 1977.043805612594042 -11341.000000000000000 31.973596841096878
plotVals: 1977.071184120465432 -11331.000000000000000 31.947218734771013
plotVals: 1977.098562628336822 -11321.000000000000000 31.896778896450996
plotVals: 1977.125941136207985 -11311.000000000000000 31.816277328878641
plotVals: 1977.153319644079374 -11301.000000000000000 31.705714013427496
plotVals: 1977.180698151950764 -11291.000000000000000 31.529088977724314
plotVals: 1977.208076659821927 -11281.000000000000000 31.313402201980352
plotVals: 1977.235455167693317 -11271.000000000000000 31.064653702080250
plotVals: 1977.262833675564707 -11261.000000000000000 30.779843453317881
plotVals: 1977.290212183436097 -11251.000000000000000 30.461971480399370
plotVals: 1977.317590691307259 -11241.000000000000000 30.111037764698267
plotVals: 1977.344969199178649 -11231.000000000000000 29.763042319566011
plotVals: 1977.372347707050039 -11221.000000000000000 29.387985143810511
plotVals: 1977.399726214921202 -11211.000000000000000 28.988866228610277
plotVals: 1977.427104722792592 -11201.000000000000000 28.565685585141182
plotVals: 1977.454483230663982 -11191.000000000000000 28.124443199485540
plotVals: 1977.481861738535144 -11181.000000000000000 27.671139087527990
plotVals: 1977.509240246406534 -11171.000000000000000 27.256773233413696
plotVals: 1977.536618754277924 -11161.000000000000000 26.836345650255680
plotVals: 1977.563997262149314 -11151.000000000000000 26.409856338053942
plotVals: 1977.591375770020477 -11141.000000000000000 25.986305285245180
plotVals: 1977.618754277891867 -11131.000000000000000 25.562692504376173
plotVals: 1977.646132785763257 -11121.000000000000000 25.145017981529236
plotVals: 1977.673511293634419 -11111.000000000000000 24.802281733602285
plotVals: 1977.700889801505809 -11101.000000000000000 24.468483742326498
plotVals: 1977.728268309377199 -11091.000000000000000 24.149624023586512
plotVals: 1977.755646817248362 -11081.000000000000000 23.839702572673559
plotVals: 1977.783025325119752 -11071.000000000000000 23.544719379395247
plotVals: 1977.810403832991142 -11061.000000000000000 23.261674456298351
plotVals: 1977.837782340862532 -11051.000000000000000 23.056567806750536
plotVals: 1977.865160848733694 -11041.000000000000000 22.863399412482977
plotVals: 1977.892539356605084 -11031.000000000000000 22.685169283300638
plotVals: 1977.919917864476474 -11021.000000000000000 22.521877426654100
plotVals: 1977.947296372347637 -11011.000000000000000 22.370523836463690
plotVals: 1977.974674880219027 -11001.000000000000000 22.234108511358500
plotVals: 1978.002737850787071 -10991.000000000000000 22.118631448596716
plotVals: 1978.030116358658461 -10981.000000000000000 22.015092652291059
plotVals: 1978.057494866529851 -10971.000000000000000 21.920492123812437
plotVals: 1978.084873374401013 -10961.000000000000000 21.831829860806465
plotVals: 1978.112251882272403 -10951.000000000000000 21.746105864644051
plotVals: 1978.139630390143793 -10941.000000000000000 21.663320135325193
plotVals: 1978.167008898014956 -10931.000000000000000 21.586472664028406
plotVals: 1978.194387405886346 -10921.000000000000000 21.503563471138477
plotVals: 1978.221765913757736 -10911.000000000000000 21.414592534303665
plotVals: 1978.249144421629126 -10901.000000000000000 21.316559869796038
plotVals: 1978.276522929500288 -10891.000000000000000 21.203465469181538
plotVals: 1978.303901437371678 -10881.000000000000000 21.075309332460165
plotVals: 1978.331279945243068 -10871.000000000000000 20.914091467857361
plotVals: 1978.358658453114231 -10861.000000000000000 20.725811865180731
plotVals: 1978.386036960985621 -10851.000000000000000 20.516470529139042
plotVals: 1978.413415468857011 -10841.000000000000000 20.289067458361387
plotVals: 1978.440793976728173 -10831.000000000000000 20.037602648139000
plotVals: 1978.468172484599563 -10821.000000000000000 19.765076112002134
plotVals: 1978.495550992470953 -10811.000000000000000 19.465487837791443
plotVals: 1978.522929500342343 -10801.000000000000000 19.129837829619646
plotVals: 1978.550308008213506 -10791.000000000000000 18.773126088082790
plotVals: 1978.577686516084896 -10781.000000000000000 18.404352612793446
plotVals: 1978.605065023956286 -10771.000000000000000 18.023517411202192
plotVals: 1978.632443531827448 -10761.000000000000000 17.630620460957289
plotVals: 1978.659822039698838 -10751.000000000000000 17.231661785393953
plotVals: 1978.687200547570228 -10741.000000000000000 16.826641369611025
plotVals: 1978.714579055441391 -10731.000000000000000 16.418559223413467
plotVals: 1978.741957563312781 -10721.000000000000000 16.016415342688560
plotVals: 1978.769336071184171 -10711.000000000000000 15.620209731161594
plotVals: 1978.796714579055333 -10701.000000000000000 15.235942382365465
plotVals: 1978.824093086926723 -10691.000000000000000 14.866613302379847
plotVals: 1978.851471594798113 -10681.000000000000000 14.590222489088774
plotVals: 1978.878850102669503 -10671.000000000000000 14.328769940882921
plotVals: 1978.906228610540666 -10661.000000000000000 14.088255655020475
plotVals: 1978.933607118412056 -10651.000000000000000 13.865679640322924
plotVals: 1978.960985626283446 -10641.000000000000000 13.664041884243488
plotVals: 1978.988364134154608 -10631.000000000000000 13.477342404425144
plotVals: 1979.016427104722879 -10621.000000000000000 13.326581187546253
plotVals: 1979.043805612594042 -10611.000000000000000 13.193758230656385
plotVals: 1979.071184120465432 -10601.000000000000000 13.075873542577028
plotVals: 1979.098562628336822 -10591.000000000000000 12.966927126049995
plotVals: 1979.125941136207985 -10581.000000000000000 12.872918970882893
plotVals: 1979.153319644079374 -10571.000000000000000 12.781849078834057
plotVals: 1979.180698151950764 -10561.000000000000000 12.705717455595732
plotVals: 1979.208076659821927 -10551.000000000000000 12.629524093121290
plotVals: 1979.235455167693317 -10541.000000000000000 12.550269007682800
plotVals: 1979.262833675564707 -10531.000000000000000 12.470952183008194
plotVals: 1979.290212183436097 -10521.000000000000000 12.385573618113995
plotVals: 1979.317590691307259 -10511.000000000000000 12.288133326917887
plotVals: 1979.344969199178649 -10501.000000000000000 12.169631298631430
plotVals: 1979.372347707050039 -10491.000000000000000 12.036067537963390
plotVals: 1979.399726214921202 -10481.000000000000000 11.890442043542862
plotVals: 1979.427104722792592 -10471.000000000000000 11.723754815757275
plotVals: 1979.454483230663982 -10461.000000000000000 11.539005849510431
plotVals: 1979.481861738535144 -10451.000000000000000 11.336195152252913
plotVals: 1979.509240246406534 -10441.000000000000000 11.139322720468044
plotVals: 1979.536618754277924 -10431.000000000000000 10.927388556301594
plotVals: 1979.563997262149314 -10421.000000000000000 10.694392658770084
plotVals: 1979.591375770020477 -10411.000000000000000 10.443335019052029
plotVals: 1979.618754277891867 -10401.000000000000000 10.180215653032064
plotVals: 1979.646132785763257 -10391.000000000000000 9.905034549534321
plotVals: 1979.673511293634419 -10381.000000000000000 9.656791724264622
plotVals: 1979.700889801505809 -10371.000000000000000 9.402487151324749
plotVals: 1979.728268309377199 -10361.000000000000000 9.142120841890574
plotVals: 1979.755646817248362 -10351.000000000000000 8.887692809104919
plotVals: 1979.783025325119752 -10341.000000000000000 8.636203031986952
plotVals: 1979.810403832991142 -10331.000000000000000 8.393651526421309
plotVals: 1979.837782340862532 -10321.000000000000000 8.220038287341595
plotVals: 1979.865160848733694 -10311.000000000000000 8.064363315701485
plotVals: 1979.892539356605084 -10301.000000000000000 7.929626610130072
plotVals: 1979.919917864476474 -10291.000000000000000 7.815828163176775
plotVals: 1979.947296372347637 -10281.000000000000000 7.725967988371849
plotVals: 1979.974674880219027 -10271.000000000000000 7.666046082973480
plotVals: 1980.002737850787071 -10261.000000000000000 7.669062435626984
plotVals: 1980.030116358658461 -10251.000000000000000 7.702017057687044
plotVals: 1980.057494866529851 -10241.000000000000000 7.761909943073988
plotVals: 1980.084873374401013 -10231.000000000000000 7.851741101592779
plotVals: 1980.112251882272403 -10221.000000000000000 7.965510517358780
plotVals: 1980.139630390143793 -10211.000000000000000 8.106218207627535
plotVals: 1980.167008898014956 -10201.000000000000000 8.282864153385162
plotVals: 1980.194387405886346 -10191.000000000000000 8.486448381096125
plotVals: 1980.221765913757736 -10181.000000000000000 8.704970855265856
plotVals: 1980.249144421629126 -10171.000000000000000 8.929431606084108
plotVals: 1980.276522929500288 -10161.000000000000000 9.159830629825592
plotVals: 1980.303901437371678 -10151.000000000000000 9.387167908251286
plotVals: 1980.331279945243068 -10141.000000000000000 9.602443452924490
plotVals: 1980.358658453114231 -10131.000000000000000 9.796657267957926
plotVals: 1980.386036960985621 -10121.000000000000000 9.975809350609779
plotVals: 1980.413415468857011 -10111.000000000000000 10.139899700880051
plotVals: 1980.440793976728173 -10101.000000000000000 10.282928310334682
plotVals: 1980.468172484599563 -10091.000000000000000 10.407895185053349
plotVals: 1980.495550992470953 -10081.000000000000000 10.505800329148769
plotVals: 1980.522929500342343 -10071.000000000000000 10.549643740057945
plotVals: 1980.550308008213506 -10061.000000000000000 10.569425415247679
plotVals: 1980.577686516084896 -10051.000000000000000 10.565145362168550
plotVals: 1980.605065023956286 -10041.000000000000000 10.542803566902876
plotVals: 1980.632443531827448 -10031.000000000000000 10.499400038272142
plotVals: 1980.659822039698838 -10021.000000000000000 10.437934778630733
plotVals: 1980.687200547570228 -10011.000000000000000 10.343407783657312
plotVals: 1980.714579055441391 -10001.000000000000000 10.239819057285786
plotVals: 1980.741957563312781 -9991.000000000000000 10.127168595790863
plotVals: 1980.769336071184171 -9981.000000000000000 10.014456402510405
plotVals: 1980.796714579055333 -9971.000000000000000 9.904682472348213
plotVals: 1980.824093086926723 -9961.000000000000000 9.800846807658672
plotVals: 1980.851471594798113 -9951.000000000000000 9.723949406296015
plotVals: 1980.878850102669503 -9941.000000000000000 9.661990281194448
plotVals: 1980.906228610540666 -9931.000000000000000 9.614969406276941
plotVals: 1980.933607118412056 -9921.000000000000000 9.585886806249619
plotVals: 1980.960985626283446 -9911.000000000000000 9.577742476016283
plotVals: 1980.988364134154608 -9901.000000000000000 9.593536410480738
plotVals: 1981.013689253935581 -9891.000000000000000 9.660268604755402
plotVals: 1981.041067761806971 -9881.000000000000000 9.750939067453146
plotVals: 1981.068446269678361 -9871.000000000000000 9.859547797590494
plotVals: 1981.095824777549524 -9861.000000000000000 9.986094791442156
plotVals: 1981.123203285420914 -9851.000000000000000 10.127580050379038
plotVals: 1981.150581793292304 -9841.000000000000000 10.281003579497337
plotVals: 1981.177960301163694 -9831.000000000000000 10.455365374684334
plotVals: 1981.205338809034856 -9821.000000000000000 10.635665435343981
plotVals: 1981.232717316906246 -9811.000000000000000 10.812903761863708
plotVals: 1981.260095824777636 -9801.000000000000000 10.987080350518227
plotVals: 1981.287474332648799 -9791.000000000000000 11.155195206403732
plotVals: 1981.314852840520189 -9781.000000000000000 11.305248331278563
plotVals: 1981.342231348391579 -9771.000000000000000 11.422239720821381
plotVals: 1981.369609856262741 -9761.000000000000000 11.518169380724430
plotVals: 1981.396988364134131 -9751.000000000000000 11.590037301182747
plotVals: 1981.424366872005521 -9741.000000000000000 11.640843484550714
plotVals: 1981.451745379876684 -9731.000000000000000 11.667587943375111
plotVals: 1981.479123887748074 -9721.000000000000000 11.667270660400391
plotVals: 1981.506502395619464 -9711.000000000000000 11.612891644239426
plotVals: 1981.533880903490854 -9701.000000000000000 11.531450897455215
plotVals: 1981.561259411362016 -9691.000000000000000 11.428948413580656
plotVals: 1981.588637919233406 -9681.000000000000000 11.311384197324514
plotVals: 1981.616016427104796 -9671.000000000000000 11.178758248686790
plotVals: 1981.643394934975959 -9661.000000000000000 11.034070562571287
plotVals: 1981.670773442847349 -9651.000000000000000 10.880321145057678
plotVals: 1981.698151950718739 -9641.000000000000000 10.723509993404150
plotVals: 1981.725530458589901 -9631.000000000000000 10.569637101143599
plotVals: 1981.752908966461291 -9621.000000000000000 10.418702483177185
plotVals: 1981.780287474332681 -9611.000000000000000 10.276706129312515
plotVals: 1981.807665982204071 -9601.000000000000000 10.149648044258356
plotVals: 1981.835044490075234 -9591.000000000000000 10.055528219789267
plotVals: 1981.862422997946624 -9581.000000000000000 9.988346666097641
plotVals: 1981.889801505818014 -9571.000000000000000 9.939103372395039
plotVals: 1981.917180013689176 -9561.000000000000000 9.910798348486423
plotVals: 1981.944558521560566 -9551.000000000000000 9.897431589663029
plotVals: 1981.971937029431956 -9541.000000000000000 9.902003094553947
plotVals: 1981.999315537303119 -9531.000000000000000 9.939512871205807
plotVals: 1982.027378507871390 -9521.000000000000000 10.003960907459259
plotVals: 1982.054757015742553 -9511.000000000000000 10.080347217619419
plotVals: 1982.082135523613942 -9501.000000000000000 10.165671784430742
plotVals: 1982.109514031485332 -9491.000000000000000 10.256934620440006
plotVals: 1982.136892539356495 -9481.000000000000000 10.351135723292828
plotVals: 1982.164271047227885 -9471.000000000000000 10.439275097101927
plotVals: 1982.191649555099275 -9461.000000000000000 10.521352730691433
plotVals: 1982.219028062970665 -9451.000000000000000 10.594368632882833
plotVals: 1982.246406570841827 -9441.000000000000000 10.655322797596455
plotVals: 1982.273785078713217 -9431.000000000000000 10.701215233653784
plotVals: 1982.301163586584607 -9421.000000000000000 10.729045934975147
plotVals: 1982.328542094455770 -9411.000000000000000 10.726814895868301
plotVals: 1982.355920602327160 -9401.000000000000000 10.733522132039070
plotVals: 1982.383299110198550 -9391.000000000000000 10.716167625039816
plotVals: 1982.410677618069712 -9381.000000000000000 10.674751386046410
plotVals: 1982.438056125941102 -9371.000000000000000 10.615273408591747
plotVals: 1982.465434633812492 -9361.000000000000000 10.537733707576990
plotVals: 1982.492813141683882 -9351.000000000000000 10.439132265746593
plotVals: 1982.520191649555045 -9341.000000000000000 10.367469094693661
plotVals: 1982.547570157426435 -9331.000000000000000 10.277744188904762
plotVals: 1982.574948665297825 -9321.000000000000000 10.181957554072142
plotVals: 1982.602327173168987 -9311.000000000000000 10.077109172940254
plotVals: 1982.629705681040377 -9301.000000000000000 9.969199061393738
plotVals: 1982.657084188911767 -9291.000000000000000 9.861227221786976
plotVals: 1982.684462696782930 -9281.000000000000000 9.813193645328283
plotVals: 1982.711841204654320 -9271.000000000000000 9.768098331987858
plotVals: 1982.739219712525710 -9261.000000000000000 9.728941287845373
plotVals: 1982.766598220397100 -9251.000000000000000 9.701722510159016
plotVals: 1982.793976728268262 -9241.000000000000000 9.686441995203495
plotVals: 1982.821355236139652 -9231.000000000000000 9.686099752783775
plotVals: 1982.848733744011042 -9221.000000000000000 9.718695770949125
plotVals: 1982.876112251882205 -9211.000000000000000 9.769230052828789
plotVals: 1982.903490759753595 -9201.000000000000000 9.837702605873346
plotVals: 1982.930869267624985 -9191.000000000000000 9.918113417923450
plotVals: 1982.958247775496147 -9181.000000000000000 10.010462500154972
plotVals: 1982.985626283367537 -9171.000000000000000 10.117749851197004
plotVals: 1983.013689253935581 -9161.000000000000000 10.242975465953350
plotVals: 1983.041067761806971 -9151.000000000000000 10.380139347165823
plotVals: 1983.068446269678361 -9141.000000000000000 10.523241490125656
plotVals: 1983.095824777549524 -9131.000000000000000 10.669281907379627
plotVals: 1983.123203285420914 -9121.000000000000000 10.818260587751865
plotVals: 1983.150581793292304 -9111.000000000000000 10.970177534967661
plotVals: 1983.177960301163694 -9101.000000000000000 11.113032743334770
plotVals: 1983.205338809034856 -9091.000000000000000 11.252826217561960
plotVals: 1983.232717316906246 -9081.000000000000000 11.386557962745428
plotVals: 1983.260095824777636 -9071.000000000000000 11.511227969080210
plotVals: 1983.287474332648799 -9061.000000000000000 11.623836249113083
plotVals: 1983.314852840520189 -9051.000000000000000 11.727382790297270
plotVals: 1983.342231348391579 -9041.000000000000000 11.803867593407631
plotVals: 1983.369609856262741 -9031.000000000000000 11.865290664136410
plotVals: 1983.396988364134131 -9021.000000000000000 11.914652004837990
plotVals: 1983.424366872005521 -9011.000000000000000 11.945951610803604
plotVals: 1983.451745379876684 -9001.000000000000000 11.968189477920532
plotVals: 1983.479123887748074 -8991.000000000000000 11.972365617752075
plotVals: 1983.506502395619464 -8981.000000000000000 11.952480021864176
plotVals: 1983.533880903490854 -8971.000000000000000 11.917532689869404
plotVals: 1983.561259411362016 -8961.000000000000000 11.873523626476526
plotVals: 1983.588637919233406 -8951.000000000000000 11.823452822864056
plotVals: 1983.616016427104796 -8941.000000000000000 11.767320286482573
plotVals: 1983.643394934975959 -8931.000000000000000 11.708126019686460
plotVals: 1983.670773442847349 -8921.000000000000000 11.651870016008615
plotVals: 1983.698151950718739 -8911.000000000000000 11.592552281916142
plotVals: 1983.725530458589901 -8901.000000000000000 11.539172813296318
plotVals: 1983.752908966461291 -8891.000000000000000 11.485731605440378
plotVals: 1983.780287474332681 -8881.000000000000000 11.441228672862053
plotVals: 1983.807665982204071 -8871.000000000000000 11.399663995951414
plotVals: 1983.835044490075234 -8861.000000000000000 11.379037592560053
plotVals: 1983.862422997946624 -8851.000000000000000 11.367349456995726
plotVals: 1983.889801505818014 -8841.000000000000000 11.367599576711655
plotVals: 1983.917180013689176 -8831.000000000000000 11.376787971705198
plotVals: 1983.944558521560566 -8821.000000000000000 11.391914632171392
plotVals: 1983.971937029431956 -8811.000000000000000 11.418979555368423
plotVals: 1983.999315537303119 -8801.000000000000000 11.457982748746872
plotVals: 1984.027378507871390 -8791.000000000000000 11.514924202114344
plotVals: 1984.054757015742553 -8781.000000000000000 11.574803926050663
plotVals: 1984.082135523613942 -8771.000000000000000 11.643621906638145
plotVals: 1984.109514031485332 -8761.000000000000000 11.715378168970346
plotVals: 1984.136892539356495 -8751.000000000000000 11.793072685599327
plotVals: 1984.164271047227885 -8741.000000000000000 11.867705475538969
plotVals: 1984.191649555099275 -8731.000000000000000 11.891276527196169
plotVals: 1984.219028062970665 -8721.000000000000000 11.914785843342543
plotVals: 1984.246406570841827 -8711.000000000000000 11.935233425348997
plotVals: 1984.273785078713217 -8701.000000000000000 11.952619276940823
plotVals: 1984.301163586584607 -8691.000000000000000 11.963943399488926
plotVals: 1984.328542094455770 -8681.000000000000000 11.969205781817436
plotVals: 1984.355920602327160 -8671.000000000000000 11.962406426668167
plotVals: 1984.383299110198550 -8661.000000000000000 11.946545340120792
plotVals: 1984.410677618069712 -8651.000000000000000 11.924622520804405
plotVals: 1984.438056125941102 -8641.000000000000000 11.896637964993715
plotVals: 1984.465434633812492 -8631.000000000000000 11.862591676414013
plotVals: 1984.492813141683882 -8621.000000000000000 11.822483655065298
plotVals: 1984.520191649555045 -8611.000000000000000 11.770313903689384
plotVals: 1984.547570157426435 -8601.000000000000000 11.715082406997681
plotVals: 1984.574948665297825 -8591.000000000000000 11.653789181262255
plotVals: 1984.602327173168987 -8581.000000000000000 11.589434228837490
plotVals: 1984.629705681040377 -8571.000000000000000 11.522017538547516
plotVals: 1984.657084188911767 -8561.000000000000000 11.454539112746716
plotVals: 1984.684462696782930 -8551.000000000000000 11.383998949080706
plotVals: 1984.711841204654320 -8541.000000000000000 11.313397057354450
plotVals: 1984.739219712525710 -8531.000000000000000 11.245733428746462
plotVals: 1984.766598220397100 -8521.000000000000000 11.178008068352938
plotVals: 1984.793976728268262 -8511.000000000000000 11.113220967352390
plotVals: 1984.821355236139652 -8501.000000000000000 11.054372143000364
plotVals: 1984.848733744011042 -8491.000000000000000 11.004461579024792
plotVals: 1984.876112251882205 -8481.000000000000000 10.960489276796579
plotVals: 1984.903490759753595 -8471.000000000000000 10.922455243766308
plotVals: 1984.930869267624985 -8461.000000000000000 10.887359477579594
plotVals: 1984.958247775496147 -8451.000000000000000 10.858201976865530
plotVals: 1984.985626283367537 -8441.000000000000000 10.834982741624117
plotVals: 1985.010951403148511 -8431.000000000000000 10.823701772838831
plotVals: 1985.038329911019900 -8421.000000000000000 10.815359070897102
plotVals: 1985.065708418891063 -8411.000000000000000 10.809954639524221
plotVals: 1985.093086926762453 -8401.000000000000000 10.810488469898701
plotVals: 1985.120465434633843 -8391.000000000000000 10.810960557311773
plotVals: 1985.147843942505233 -8381.000000000000000 10.814370926469564
plotVals: 1985.175222450376395 -8371.000000000000000 10.817719552665949
plotVals: 1985.202600958247785 -8361.000000000000000 10.821006447076797
plotVals: 1985.229979466119175 -8351.000000000000000 10.824231605976820
plotVals: 1985.257357973990338 -8341.000000000000000 10.824395034462214
plotVals: 1985.284736481861728 -8331.000000000000000 10.824496719986200
plotVals: 1985.312114989733118 -8321.000000000000000 10.824536681175232
plotVals: 1985.339493497604280 -8311.000000000000000 10.815514899790287
plotVals: 1985.366872005475670 -8301.000000000000000 10.803431391716003
plotVals: 1985.394250513347060 -8291.000000000000000 10.791286148130894
plotVals: 1985.421629021218450 -8281.000000000000000 10.773079171776772
plotVals: 1985.449007529089613 -8271.000000000000000 10.754810459911823
plotVals: 1985.476386036961003 -8261.000000000000000 10.733480010181665
plotVals: 1985.503764544832393 -8251.000000000000000 10.706087831407785
plotVals: 1985.531143052703555 -8241.000000000000000 10.678633913397789
plotVals: 1985.558521560574945 -8231.000000000000000 10.648118264973164
plotVals: 1985.585900068446335 -8221.000000000000000 10.620540890842676
plotVals: 1985.613278576317498 -8211.000000000000000 10.589901767671108
plotVals: 1985.640657084188888 -8201.000000000000000 10.565200921148062
plotVals: 1985.668035592060278 -8191.000000000000000 10.540438335388899
plotVals: 1985.695414099931440 -8181.000000000000000 10.521614018827677
plotVals: 1985.722792607802830 -8171.000000000000000 10.505727965384722
plotVals: 1985.750171115674220 -8161.000000000000000 10.492780178785324
plotVals: 1985.777549623545610 -8151.000000000000000 10.485770657658577
plotVals: 1985.804928131416773 -8141.000000000000000 10.484699409455061
plotVals: 1985.832306639288163 -8131.000000000000000 10.489566415548325
plotVals: 1985.859685147159553 -8121.000000000000000 10.509371690452099
plotVals: 1985.887063655030715 -8111.000000000000000 10.532115239650011
plotVals: 1985.914442162902105 -8101.000000000000000 10.560797043144703
plotVals: 1985.941820670773495 -8091.000000000000000 10.595417119562626
plotVals: 1985.969199178644658 -8081.000000000000000 10.635975457727909
plotVals: 1985.996577686516048 -8071.000000000000000 10.682472076267004
plotVals: 1986.024640657084092 -8061.000000000000000 10.734906949102879
plotVals: 1986.052019164955482 -8051.000000000000000 10.793280087411404
plotVals: 1986.079397672826872 -8041.000000000000000 10.854591488838196
plotVals: 1986.106776180698262 -8031.000000000000000 10.915841165930033
plotVals: 1986.134154688569424 -8021.000000000000000 10.980029094964266
plotVals: 1986.161533196440814 -8011.000000000000000 11.044155292212963
plotVals: 1986.188911704312204 -8001.000000000000000 11.108219761401415
plotVals: 1986.216290212183367 -7991.000000000000000 11.169222503900528
plotVals: 1986.243668720054757 -7981.000000000000000 11.230163499712944
plotVals: 1986.271047227926147 -7971.000000000000000 11.285042773932219
plotVals: 1986.298425735797309 -7961.000000000000000 11.336860306560993
plotVals: 1986.325804243668699 -7951.000000000000000 11.382616102695465
plotVals: 1986.353182751540089 -7941.000000000000000 11.419310171157122
plotVals: 1986.380561259411252 -7931.000000000000000 11.449942503124475
plotVals: 1986.407939767282642 -7921.000000000000000 11.474513091146946
plotVals: 1986.435318275154032 -7911.000000000000000 11.490021958947182
plotVals: 1986.462696783025422 -7901.000000000000000 11.502469088882208
plotVals: 1986.490075290896584 -7891.000000000000000 11.505854487419128
plotVals: 1986.517453798767974 -7881.000000000000000 11.500178143382072
plotVals: 1986.544832306639364 -7871.000000000000000 11.485440075397491
plotVals: 1986.572210814510527 -7861.000000000000000 11.464640270918608
plotVals: 1986.599589322381917 -7851.000000000000000 11.443778727203608
plotVals: 1986.626967830253307 -7841.000000000000000 11.416855446994305
plotVals: 1986.654346338124469 -7831.000000000000000 11.389870438724756
plotVals: 1986.681724845995859 -7821.000000000000000 11.356823701411486
plotVals: 1986.709103353867249 -7811.000000000000000 11.326715219765902
plotVals: 1986.736481861738639 -7801.000000000000000 11.296545013785362
plotVals: 1986.763860369609802 -7791.000000000000000 11.266313064843416
plotVals: 1986.791238877481192 -7781.000000000000000 11.239019386470318
plotVals: 1986.818617385352582 -7771.000000000000000 11.217663973569870
plotVals: 1986.845995893223744 -7761.000000000000000 11.205246824771166
plotVals: 1986.873374401095134 -7751.000000000000000 11.198767945170403
plotVals: 1986.900752908966524 -7741.000000000000000 11.198227331042290
plotVals: 1986.928131416837687 -7731.000000000000000 11.200624980032444
plotVals: 1986.955509924709077 -7721.000000000000000 11.211960896849632
plotVals: 1986.982888432580467 -7711.000000000000000 11.223235078155994
plotVals: 1987.010951403148511 -7701.000000000000000 11.249447531998158
plotVals: 1987.038329911019900 -7691.000000000000000 11.278598241508007
plotVals: 1987.065708418891063 -7681.000000000000000 11.313687223941088
plotVals: 1987.093086926762453 -7671.000000000000000 11.345714475959539
plotVals: 1987.120465434633843 -7661.000000000000000 11.383679989725351
plotVals: 1987.147843942505233 -7651.000000000000000 11.418583761900663
plotVals: 1987.175222450376395 -7641.000000000000000 11.453425809741020
plotVals: 1987.202600958247785 -7631.000000000000000 11.488206118345261
plotVals: 1987.229979466119175 -7621.000000000000000 11.519924696534872
plotVals: 1987.257357973990338 -7611.000000000000000 11.545581545680761
plotVals: 1987.284736481861728 -7601.000000000000000 11.568176645785570
plotVals: 1987.312114989733118 -7591.000000000000000 11.587710026651621
plotVals: 1987.339493497604280 -7581.000000000000000 11.589181669056416
plotVals: 1987.366872005475670 -7571.000000000000000 11.584591571241617
plotVals: 1987.394250513347060 -7561.000000000000000 11.573939740657806
plotVals: 1987.421629021218450 -7551.000000000000000 11.557226181030273
plotVals: 1987.449007529089613 -7541.000000000000000 11.534450884908438
plotVals: 1987.476386036961003 -7531.000000000000000 11.508613854646683
plotVals: 1987.503764544832393 -7521.000000000000000 11.473715089261532
plotVals: 1987.531143052703555 -7511.000000000000000 11.435754597187042
plotVals: 1987.558521560574945 -7501.000000000000000 11.391732357442379
plotVals: 1987.585900068446335 -7491.000000000000000 11.344648398458958
plotVals: 1987.613278576317498 -7481.000000000000000 11.297502700239420
plotVals: 1987.640657084188888 -7471.000000000000000 11.247295267879963
plotVals: 1987.668035592060278 -7461.000000000000000 11.200026098638773
plotVals: 1987.695414099931440 -7451.000000000000000 11.152695193886757
plotVals: 1987.722792607802830 -7441.000000000000000 11.105302561074495
plotVals: 1987.750171115674220 -7431.000000000000000 11.057848189026117
plotVals: 1987.777549623545610 -7421.000000000000000 11.013332087546587
plotVals: 1987.804928131416773 -7411.000000000000000 10.971754249185324
plotVals: 1987.832306639288163 -7401.000000000000000 10.933114681392908
plotVals: 1987.859685147159553 -7391.000000000000000 10.900413371622562
plotVals: 1987.887063655030715 -7381.000000000000000 10.873650334775448
plotVals: 1987.914442162902105 -7371.000000000000000 10.846825558692217
plotVals: 1987.941820670773495 -7361.000000000000000 10.822939053177834
plotVals: 1987.969199178644658 -7351.000000000000000 10.801990810781717
plotVals: 1987.996577686516048 -7341.000000000000000 10.783980835229158
plotVals: 1988.024640657084092 -7331.000000000000000 10.771909128874540
plotVals: 1988.052019164955482 -7321.000000000000000 10.759775683283806
plotVals: 1988.079397672826872 -7311.000000000000000 10.750580504536629
plotVals: 1988.106776180698262 -7301.000000000000000 10.744323596358299
plotVals: 1988.134154688569424 -7291.000000000000000 10.735004950314760
plotVals: 1988.161533196440814 -7281.000000000000000 10.725624568760395
plotVals: 1988.188911704312204 -7271.000000000000000 10.716182451695204
plotVals: 1988.216290212183367 -7261.000000000000000 10.706678610295057
plotVals: 1988.243668720054757 -7251.000000000000000 10.691113024950027
plotVals: 1988.271047227926147 -7241.000000000000000 10.675485707819462
plotVals: 1988.298425735797309 -7231.000000000000000 10.659796655178070
plotVals: 1988.325804243668699 -7221.000000000000000 10.635045874863863
plotVals: 1988.353182751540089 -7211.000000000000000 10.607233360409737
plotVals: 1988.380561259411252 -7201.000000000000000 10.576359108090401
plotVals: 1988.407939767282642 -7191.000000000000000 10.539423123002052
plotVals: 1988.435318275154032 -7181.000000000000000 10.496425401419401
plotVals: 1988.462696783025422 -7171.000000000000000 10.450365949422121
plotVals: 1988.490075290896584 -7161.000000000000000 10.398244757205248
plotVals: 1988.517453798767974 -7151.000000000000000 10.340061839669943
plotVals: 1988.544832306639364 -7141.000000000000000 10.275817185640335
plotVals: 1988.572210814510527 -7131.000000000000000 10.208510790020227
plotVals: 1988.599589322381917 -7121.000000000000000 10.135142672806978
plotVals: 1988.626967830253307 -7111.000000000000000 10.061712808907032
plotVals: 1988.654346338124469 -7101.000000000000000 9.988221216946840
plotVals: 1988.681724845995859 -7091.000000000000000 9.908667888492346
plotVals: 1988.709103353867249 -7081.000000000000000 9.832052826881409
plotVals: 1988.736481861738639 -7071.000000000000000 9.752376038581133
plotVals: 1988.763860369609802 -7061.000000000000000 9.675637509673834
plotVals: 1988.791238877481192 -7051.000000000000000 9.598837248980999
plotVals: 1988.818617385352582 -7041.000000000000000 9.527975253760815
plotVals: 1988.845995893223744 -7031.000000000000000 9.460051517933607
plotVals: 1988.873374401095134 -7021.000000000000000 9.398066062480211
plotVals: 1988.900752908966524 -7011.000000000000000 9.339018858969212
plotVals: 1988.928131416837687 -7001.000000000000000 9.282909929752350
plotVals: 1988.955509924709077 -6991.000000000000000 9.229739259928465
plotVals: 1988.982888432580467 -6981.000000000000000 9.179506864398718
plotVals: 1989.008213552361440 -6971.000000000000000 9.141212727874517
plotVals: 1989.035592060232830 -6961.000000000000000 9.102856859564781
plotVals: 1989.062970568103992 -6951.000000000000000 9.067439258098602
plotVals: 1989.090349075975382 -6941.000000000000000 9.034959919750690
plotVals: 1989.117727583846772 -6931.000000000000000 8.999418854713440
plotVals: 1989.145106091717935 -6921.000000000000000 8.963816046714783
plotVals: 1989.172484599589325 -6911.000000000000000 8.925151508301497
plotVals: 1989.199863107460715 -6901.000000000000000 8.883425235748291
plotVals: 1989.227241615331877 -6891.000000000000000 8.838637229055166
plotVals: 1989.254620123203267 -6881.000000000000000 8.787787489593029
plotVals: 1989.281998631074657 -6871.000000000000000 8.733876015990973
plotVals: 1989.309377138945820 -6861.000000000000000 8.673902813345194
plotVals: 1989.336755646817210 -6851.000000000000000 8.601867869496346
plotVals: 1989.364134154688600 -6841.000000000000000 8.523771192878485
plotVals: 1989.391512662559990 -6831.000000000000000 8.439612779766321
plotVals: 1989.418891170431152 -6821.000000000000000 8.352392632514238
plotVals: 1989.446269678302542 -6811.000000000000000 8.256110753864050
plotVals: 1989.473648186173932 -6801.000000000000000 8.156767144799232
plotVals: 1989.501026694045095 -6791.000000000000000 8.063361801207066
plotVals: 1989.528405201916485 -6781.000000000000000 7.963894721120596
plotVals: 1989.555783709787875 -6771.000000000000000 7.864365901798010
plotVals: 1989.583162217659037 -6761.000000000000000 7.758775353431702
plotVals: 1989.610540725530427 -6751.000000000000000 7.653123077005148
plotVals: 1989.637919233401817 -6741.000000000000000 7.550409056246281
plotVals: 1989.665297741273207 -6731.000000000000000 7.444633305072784
plotVals: 1989.692676249144370 -6721.000000000000000 7.347795821726322
plotVals: 1989.720054757015760 -6711.000000000000000 7.250896602869034
plotVals: 1989.747433264887150 -6701.000000000000000 7.156935650855303
plotVals: 1989.774811772758312 -6691.000000000000000 7.062912963330746
plotVals: 1989.802190280629702 -6681.000000000000000 6.971828546375036
plotVals: 1989.829568788501092 -6671.000000000000000 6.880682390183210
plotVals: 1989.856947296372255 -6661.000000000000000 6.798474505543709
plotVals: 1989.884325804243645 -6651.000000000000000 6.716204874217510
plotVals: 1989.911704312115035 -6641.000000000000000 6.636873517185450
plotVals: 1989.939082819986197 -6631.000000000000000 6.557480428367853
plotVals: 1989.966461327857587 -6621.000000000000000 6.478025600314140
plotVals: 1989.993839835728977 -6611.000000000000000 6.401509050279856
plotVals: 1990.021902806297021 -6601.000000000000000 6.333930756896734
plotVals: 1990.049281314168411 -6591.000000000000000 6.263290725648403
plotVals: 1990.076659822039801 -6581.000000000000000 6.195588968694210
plotVals: 1990.104038329910964 -6571.000000000000000 6.124825470149517
plotVals: 1990.131416837782353 -6561.000000000000000 6.051000244915485
plotVals: 1990.158795345653743 -6551.000000000000000 5.977113280445337
plotVals: 1990.186173853524906 -6541.000000000000000 5.909164585173130
plotVals: 1990.213552361396296 -6531.000000000000000 5.841154158115387
plotVals: 1990.240930869267686 -6521.000000000000000 5.773081991821527
plotVals: 1990.268309377138849 -6511.000000000000000 5.698948096483946
plotVals: 1990.295687885010238 -6501.000000000000000 5.627752456814051
plotVals: 1990.323066392881628 -6491.000000000000000 5.553495090454817
plotVals: 1990.350444900753018 -6481.000000000000000 5.494175989180803
plotVals: 1990.377823408624181 -6471.000000000000000 5.431795157492161
plotVals: 1990.405201916495571 -6461.000000000000000 5.369352590292692
plotVals: 1990.432580424366961 -6451.000000000000000 5.306848287582397
plotVals: 1990.459958932238123 -6441.000000000000000 5.244282245635986
plotVals: 1990.487337440109513 -6431.000000000000000 5.181654475629330
plotVals: 1990.514715947980903 -6421.000000000000000 5.133964970707893
plotVals: 1990.542094455852066 -6411.000000000000000 5.086213730275631
plotVals: 1990.569472963723456 -6401.000000000000000 5.035400763154030
plotVals: 1990.596851471594846 -6391.000000000000000 4.987526055425406
plotVals: 1990.624229979466008 -6381.000000000000000 4.939589612185955
plotVals: 1990.651608487337398 -6371.000000000000000 4.888591438531876
plotVals: 1990.678986995208788 -6361.000000000000000 4.852531529963017
plotVals: 1990.706365503080178 -6351.000000000000000 4.813409887254238
plotVals: 1990.733744010951341 -6341.000000000000000 4.771226506680250
plotVals: 1990.761122518822731 -6331.000000000000000 4.731981400400400
plotVals: 1990.788501026694121 -6321.000000000000000 4.686674557626247
plotVals: 1990.815879534565283 -6311.000000000000000 4.641305975615978
plotVals: 1990.843258042436673 -6301.000000000000000 4.592875663191080
plotVals: 1990.870636550308063 -6291.000000000000000 4.541383616626263
plotVals: 1990.898015058179226 -6281.000000000000000 4.489829842001200
plotVals: 1990.925393566050616 -6271.000000000000000 4.432214315980673
plotVals: 1990.952772073922006 -6261.000000000000000 4.374537073075771
plotVals: 1990.980150581793396 -6251.000000000000000 4.313798084855080
plotVals: 1991.008213552361440 -6241.000000000000000 4.246997375041246
plotVals: 1991.035592060232830 -6231.000000000000000 4.180134922266006
plotVals: 1991.062970568103992 -6221.000000000000000 4.107210732996464
plotVals: 1991.090349075975382 -6211.000000000000000 4.034224819391966
plotVals: 1991.117727583846772 -6201.000000000000000 3.958177167922258
plotVals: 1991.145106091717935 -6191.000000000000000 3.879067774862051
plotVals: 1991.172484599589325 -6181.000000000000000 3.817896649241447
plotVals: 1991.199863107460715 -6171.000000000000000 3.753663796931505
plotVals: 1991.227241615331877 -6161.000000000000000 3.689369205385447
plotVals: 1991.254620123203267 -6151.000000000000000 3.622012883424759
plotVals: 1991.281998631074657 -6141.000000000000000 3.551594827324152
plotVals: 1991.309377138945820 -6131.000000000000000 3.481115039438009
plotVals: 1991.336755646817210 -6121.000000000000000 3.425573512911797
plotVals: 1991.364134154688600 -6111.000000000000000 3.369970250874758
plotVals: 1991.391512662559990 -6101.000000000000000 3.311305262148380
plotVals: 1991.418891170431152 -6091.000000000000000 3.249578531831503
plotVals: 1991.446269678302542 -6081.000000000000000 3.190790068358183
plotVals: 1991.473648186173932 -6071.000000000000000 3.128939874470234
plotVals: 1991.501026694045095 -6061.000000000000000 3.064027942717075
plotVals: 1991.528405201916485 -6051.000000000000000 2.999054282903671
plotVals: 1991.555783709787875 -6041.000000000000000 2.934018887579441
plotVals: 1991.583162217659037 -6031.000000000000000 2.871921755373478
plotVals: 1991.610540725530427 -6021.000000000000000 2.806762892752886
plotVals: 1991.637919233401817 -6011.000000000000000 2.741542294621468
plotVals: 1991.665297741273207 -6001.000000000000000 2.676259957253933
plotVals: 1991.692676249144370 -5991.000000000000000 2.628915891051292
plotVals: 1991.720054757015760 -5981.000000000000000 2.578510086983442
plotVals: 1991.747433264887150 -5971.000000000000000 2.531042553484440
plotVals: 1991.774811772758312 -5961.000000000000000 2.486513286828995
plotVals: 1991.802190280629702 -5951.000000000000000 2.441922280937433
plotVals: 1991.829568788501092 -5941.000000000000000 2.400269541889429
plotVals: 1991.856947296372255 -5931.000000000000000 2.373555071651936
plotVals: 1991.884325804243645 -5921.000000000000000 2.352778866887093
plotVals: 1991.911704312115035 -5911.000000000000000 2.331940930336714
plotVals: 1991.939082819986197 -5901.000000000000000 2.311041250824928
plotVals: 1991.966461327857587 -5891.000000000000000 2.296079844236374
plotVals: 1991.993839835728977 -5881.000000000000000 2.281056709587574
plotVals: 1992.021902806297021 -5871.000000000000000 2.268971830606461
plotVals: 1992.049281314168411 -5861.000000000000000 2.256825219839811
plotVals: 1992.076659822039801 -5851.000000000000000 2.247616879642010
plotVals: 1992.104038329910964 -5841.000000000000000 2.238346796482801
plotVals: 1992.131416837782353 -5831.000000000000000 2.226014990359545
plotVals: 1992.158795345653743 -5821.000000000000000 2.213621445000172
plotVals: 1992.186173853524906 -5811.000000000000000 2.198166161775589
plotVals: 1992.213552361396296 -5801.000000000000000 2.179649151861668
plotVals: 1992.240930869267686 -5791.000000000000000 2.161070402711630
plotVals: 1992.268309377138849 -5781.000000000000000 2.136429917067289
plotVals: 1992.295687885010238 -5771.000000000000000 2.108727704733610
plotVals: 1992.323066392881628 -5761.000000000000000 2.077963750809431
plotVals: 1992.350444900753018 -5751.000000000000000 2.053138073533773
plotVals: 1992.377823408624181 -5741.000000000000000 2.025250643491745
plotVals: 1992.405201916495571 -5731.000000000000000 1.994301497936249
plotVals: 1992.432580424366961 -5721.000000000000000 1.960290614515543
plotVals: 1992.459958932238123 -5711.000000000000000 1.926217995584011
plotVals: 1992.487337440109513 -5701.000000000000000 1.886083640158176
plotVals: 1992.514715947980903 -5691.000000000000000 1.857887554913759
plotVals: 1992.542094455852066 -5681.000000000000000 1.826629731804132
plotVals: 1992.569472963723456 -5671.000000000000000 1.795310173183680
plotVals: 1992.596851471594846 -5661.000000000000000 1.760928884148598
plotVals: 1992.624229979466008 -5651.000000000000000 1.729485865682364
plotVals: 1992.651608487337398 -5641.000000000000000 1.700981099158525
plotVals: 1992.678986995208788 -5631.000000000000000 1.672414612025023
plotVals: 1992.706365503080178 -5621.000000000000000 1.646786391735077
plotVals: 1992.733744010951341 -5611.000000000000000 1.624096423387527
plotVals: 1992.761122518822731 -5601.000000000000000 1.604344736784697
plotVals: 1992.788501026694121 -5591.000000000000000 1.584531307220459
plotVals: 1992.815879534565283 -5581.000000000000000 1.567656140774488
plotVals: 1992.843258042436673 -5571.000000000000000 1.553719248622656
plotVals: 1992.870636550308063 -5561.000000000000000 1.545720618218184
plotVals: 1992.898015058179226 -5551.000000000000000 1.537660256028175
plotVals: 1992.925393566050616 -5541.000000000000000 1.532538153231144
plotVals: 1992.952772073922006 -5531.000000000000000 1.527354326099157
plotVals: 1992.980150581793396 -5521.000000000000000 1.525108758360147
plotVals: 1993.005475701574369 -5511.000000000000000 1.525801453739405
plotVals: 1993.032854209445532 -5501.000000000000000 1.523432418704033
plotVals: 1993.060232717316921 -5491.000000000000000 1.521001651883125
plotVals: 1993.087611225188311 -5481.000000000000000 1.518509149551392
plotVals: 1993.114989733059474 -5471.000000000000000 1.518954917788506
plotVals: 1993.142368240930864 -5461.000000000000000 1.516338944435120
plotVals: 1993.169746748802254 -5451.000000000000000 1.516661245375872
plotVals: 1993.197125256673417 -5441.000000000000000 1.513921812176704
plotVals: 1993.224503764544806 -5431.000000000000000 1.514120634645224
plotVals: 1993.251882272416196 -5421.000000000000000 1.514257729053497
plotVals: 1993.279260780287586 -5411.000000000000000 1.511333093047142
plotVals: 1993.306639288158749 -5401.000000000000000 1.508346714079380
plotVals: 1993.334017796030139 -5391.000000000000000 1.502298604696989
plotVals: 1993.361396303901529 -5381.000000000000000 1.490188762545586
plotVals: 1993.388774811772691 -5371.000000000000000 1.478017184883356
plotVals: 1993.416153319644081 -5361.000000000000000 1.465783879160881
plotVals: 1993.443531827515471 -5351.000000000000000 1.453488837927580
plotVals: 1993.470910335386634 -5341.000000000000000 1.441132053732872
plotVals: 1993.498288843258024 -5331.000000000000000 1.431713543832302
plotVals: 1993.525667351129414 -5321.000000000000000 1.419233299791813
plotVals: 1993.553045859000576 -5311.000000000000000 1.409691315144300
plotVals: 1993.580424366871966 -5301.000000000000000 1.397087603807449
plotVals: 1993.607802874743356 -5291.000000000000000 1.387422155588865
plotVals: 1993.635181382614746 -5281.000000000000000 1.377694968134165
plotVals: 1993.662559890485909 -5271.000000000000000 1.364906053990126
plotVals: 1993.689938398357299 -5261.000000000000000 1.355055402964354
plotVals: 1993.717316906228689 -5251.000000000000000 1.345143020153046
plotVals: 1993.744695414099851 -5241.000000000000000 1.338168900460005
plotVals: 1993.772073921971241 -5231.000000000000000 1.328133042901754
plotVals: 1993.799452429842631 -5221.000000000000000 1.318035457283258
plotVals: 1993.826830937713794 -5211.000000000000000 1.310876142233610
plotVals: 1993.854209445585184 -5201.000000000000000 1.300655085593462
plotVals: 1993.881587953456574 -5191.000000000000000 1.293372299522161
plotVals: 1993.908966461327964 -5181.000000000000000 1.283027779310942
plotVals: 1993.936344969199126 -5171.000000000000000 1.275621518492699
plotVals: 1993.963723477070516 -5161.000000000000000 1.268153529614210
plotVals: 1993.991101984941906 -5151.000000000000000 1.260623801499605
plotVals: 1994.019164955509950 -5141.000000000000000 1.253032345324755
plotVals: 1994.046543463381340 -5131.000000000000000 1.242379151284695
plotVals: 1994.073921971252503 -5121.000000000000000 1.234664227813482
plotVals: 1994.101300479123893 -5111.000000000000000 1.226887565106153
plotVals: 1994.128678986995283 -5101.000000000000000 1.219049174338579
plotVals: 1994.156057494866445 -5091.000000000000000 1.208149045705795
plotVals: 1994.183436002737835 -5081.000000000000000 1.197187181562185
plotVals: 1994.210814510609225 -5071.000000000000000 1.189163587987423
plotVals: 1994.238193018480388 -5061.000000000000000 1.178078256547451
plotVals: 1994.265571526351778 -5051.000000000000000 1.166931193321943
plotVals: 1994.292950034223168 -5041.000000000000000 1.155722394585609
plotVals: 1994.320328542094558 -5031.000000000000000 1.141451854258776
plotVals: 1994.347707049965720 -5021.000000000000000 1.130119595676661
plotVals: 1994.375085557837110 -5011.000000000000000 1.115725591778755
plotVals: 1994.402464065708500 -5001.000000000000000 1.101269859820604
plotVals: 1994.429842573579663 -4991.000000000000000 1.086752384901047
plotVals: 1994.457221081451053 -4981.000000000000000 1.072173185646534
plotVals: 1994.484599589322443 -4971.000000000000000 1.057532250881195
plotVals: 1994.511978097193605 -4961.000000000000000 1.042829580605030
plotVals: 1994.539356605064995 -4951.000000000000000 1.025065172463655
plotVals: 1994.566735112936385 -4941.000000000000000 1.010239034891129
plotVals: 1994.594113620807775 -4931.000000000000000 0.992351163178682
plotVals: 1994.621492128678938 -4921.000000000000000 0.974401555955410
plotVals: 1994.648870636550328 -4911.000000000000000 0.956390216946602
plotVals: 1994.676249144421718 -4901.000000000000000 0.938317142426968
plotVals: 1994.703627652292880 -4891.000000000000000 0.920182336121798
plotVals: 1994.731006160164270 -4881.000000000000000 0.901985786855221
plotVals: 1994.758384668035660 -4871.000000000000000 0.883727509528399
plotVals: 1994.785763175906823 -4861.000000000000000 0.865407500416040
plotVals: 1994.813141683778213 -4851.000000000000000 0.847025759518147
plotVals: 1994.840520191649603 -4841.000000000000000 0.828582279384136
plotVals: 1994.867898699520765 -4831.000000000000000 0.807077061384916
plotVals: 1994.895277207392155 -4821.000000000000000 0.788510117679834
plotVals: 1994.922655715263545 -4811.000000000000000 0.766881432384253
plotVals: 1994.950034223134935 -4801.000000000000000 0.748191017657518
plotVals: 1994.977412731006098 -4791.000000000000000 0.726438868790865
plotVals: 1995.005475701574369 -4781.000000000000000 0.704624988138676
plotVals: 1995.032854209445532 -4771.000000000000000 0.682749375700951
plotVals: 1995.060232717316921 -4761.000000000000000 0.657812021672726
plotVals: 1995.087611225188311 -4751.000000000000000 0.635812934488058
plotVals: 1995.114989733059474 -4741.000000000000000 0.610752120614052
plotVals: 1995.142368240930864 -4731.000000000000000 0.588629562407732
plotVals: 1995.169746748802254 -4721.000000000000000 0.563445281237364
plotVals: 1995.197125256673417 -4711.000000000000000 0.541199255734682
plotVals: 1995.224503764544806 -4701.000000000000000 0.518891502171755
plotVals: 1995.251882272416196 -4691.000000000000000 0.493522010743618
plotVals: 1995.279260780287586 -4681.000000000000000 0.468090794980526
plotVals: 1995.306639288158749 -4671.000000000000000 0.445597831159830
plotVals: 1995.334017796030139 -4661.000000000000000 0.420043140649796
plotVals: 1995.361396303901529 -4651.000000000000000 0.397426716983318
plotVals: 1995.388774811772691 -4641.000000000000000 0.374748557806015
plotVals: 1995.416153319644081 -4631.000000000000000 0.349008664488792
plotVals: 1995.443531827515471 -4621.000000000000000 0.326207038015127
plotVals: 1995.470910335386634 -4611.000000000000000 0.303343676030636
plotVals: 1995.498288843258024 -4601.000000000000000 0.280418582260609
plotVals: 1995.525667351129414 -4591.000000000000000 0.257431752979755
plotVals: 1995.553045859000576 -4581.000000000000000 0.234383191913366
plotVals: 1995.580424366871966 -4571.000000000000000 0.211272891610861
plotVals: 1995.607802874743356 -4561.000000000000000 0.191100858151913
plotVals: 1995.635181382614746 -4551.000000000000000 0.167867094278336
plotVals: 1995.662559890485909 -4541.000000000000000 0.144571598619223
plotVals: 1995.689938398357299 -4531.000000000000000 0.127214360982180
plotVals: 1995.717316906228689 -4521.000000000000000 0.106795396655798
plotVals: 1995.744695414099851 -4511.000000000000000 0.086314696818590
plotVals: 1995.772073921971241 -4501.000000000000000 0.065772261470556
plotVals: 1995.799452429842631 -4491.000000000000000 0.048168092966080
plotVals: 1995.826830937713794 -4481.000000000000000 0.027502190321684
plotVals: 1995.854209445585184 -4471.000000000000000 0.009774547070265
plotVals: 1995.881587953456574 -4461.000000000000000 -0.008014820516109
plotVals: 1995.908966461327964 -4451.000000000000000 -0.028865925967693
plotVals: 1995.936344969199126 -4441.000000000000000 -0.046778764575720
plotVals: 1995.963723477070516 -4431.000000000000000 -0.067753341048956
plotVals: 1995.991101984941906 -4421.000000000000000 -0.085789646953344
plotVals: 1996.019164955509950 -4411.000000000000000 -0.103887688368559
plotVals: 1996.046543463381340 -4401.000000000000000 -0.125047467648983
plotVals: 1996.073921971252503 -4391.000000000000000 -0.143268972635269
plotVals: 1996.101300479123893 -4381.000000000000000 -0.164552219212055
plotVals: 1996.128678986995283 -4371.000000000000000 -0.185897197574377
plotVals: 1996.156057494866445 -4361.000000000000000 -0.207303915172815
plotVals: 1996.183436002737835 -4351.000000000000000 -0.228772353380919
plotVals: 1996.210814510609225 -4341.000000000000000 -0.250302530825138
plotVals: 1996.238193018480388 -4331.000000000000000 -0.271894447505474
plotVals: 1996.265571526351778 -4321.000000000000000 -0.296548090875149
plotVals: 1996.292950034223168 -4311.000000000000000 -0.318263474851847
plotVals: 1996.320328542094558 -4301.000000000000000 -0.346040591597557
plotVals: 1996.347707049965720 -4291.000000000000000 -0.367879442870617
plotVals: 1996.375085557837110 -4281.000000000000000 -0.392780024558306
plotVals: 1996.402464065708500 -4271.000000000000000 -0.417742341756821
plotVals: 1996.429842573579663 -4261.000000000000000 -0.445766393095255
plotVals: 1996.457221081451053 -4251.000000000000000 -0.473852179944515
plotVals: 1996.484599589322443 -4241.000000000000000 -0.501999698579311
plotVals: 1996.511978097193605 -4231.000000000000000 -0.530208948999643
plotVals: 1996.539356605064995 -4221.000000000000000 -0.558479938656092
plotVals: 1996.566735112936385 -4211.000000000000000 -0.586812663823366
plotVals: 1996.594113620807775 -4201.000000000000000 -0.615207117050886
plotVals: 1996.621492128678938 -4191.000000000000000 -0.646663308143616
plotVals: 1996.648870636550328 -4181.000000000000000 -0.678181227296591
plotVals: 1996.676249144421718 -4171.000000000000000 -0.709760885685682
plotVals: 1996.703627652292880 -4161.000000000000000 -0.738402277231216
plotVals: 1996.731006160164270 -4151.000000000000000 -0.767105404287577
plotVals: 1996.758384668035660 -4141.000000000000000 -0.795870266854763
plotVals: 1996.785763175906823 -4131.000000000000000 -0.827696859836578
plotVals: 1996.813141683778213 -4121.000000000000000 -0.859585184603930
plotVals: 1996.840520191649603 -4111.000000000000000 -0.888535249978304
plotVals: 1996.867898699520765 -4101.000000000000000 -0.917547043412924
plotVals: 1996.895277207392155 -4091.000000000000000 -0.946620568633080
plotVals: 1996.922655715263545 -4081.000000000000000 -0.975755836814642
plotVals: 1996.950034223134935 -4071.000000000000000 -1.007952831685543
plotVals: 1996.977412731006098 -4061.000000000000000 -1.037211563438177
plotVals: 1997.002737850787071 -4051.000000000000000 -1.066532034426928
plotVals: 1997.030116358658461 -4041.000000000000000 -1.095914233475924
plotVals: 1997.057494866529851 -4031.000000000000000 -1.122358165681362
plotVals: 1997.084873374401013 -4021.000000000000000 -1.151863835752010
plotVals: 1997.112251882272403 -4011.000000000000000 -1.181431237608194
plotVals: 1997.139630390143793 -4001.000000000000000 -1.211060367524624
plotVals: 1997.167008898014956 -3991.000000000000000 -1.237751245498657
plotVals: 1997.194387405886346 -3981.000000000000000 -1.264503847807646
plotVals: 1997.221765913757736 -3971.000000000000000 -1.291318178176880
plotVals: 1997.249144421629126 -3961.000000000000000 -1.315194256603718
plotVals: 1997.276522929500288 -3951.000000000000000 -1.342132061719894
plotVals: 1997.303901437371678 -3941.000000000000000 -1.369131602346897
plotVals: 1997.331279945243068 -3931.000000000000000 -1.393192879855633
plotVals: 1997.358658453114231 -3921.000000000000000 -1.414315883070230
plotVals: 1997.386036960985621 -3911.000000000000000 -1.435500625520945
plotVals: 1997.413415468857011 -3901.000000000000000 -1.456747107207775
plotVals: 1997.440793976728173 -3891.000000000000000 -1.478055313229561
plotVals: 1997.468172484599563 -3881.000000000000000 -1.499425254762173
plotVals: 1997.495550992470953 -3871.000000000000000 -1.517856933176517
plotVals: 1997.522929500342343 -3861.000000000000000 -1.533350348472595
plotVals: 1997.550308008213506 -3851.000000000000000 -1.548905491828918
plotVals: 1997.577686516084896 -3841.000000000000000 -1.561522372066975
plotVals: 1997.605065023956286 -3831.000000000000000 -1.574200991541147
plotVals: 1997.632443531827448 -3821.000000000000000 -1.586941335350275
plotVals: 1997.659822039698838 -3811.000000000000000 -1.599743418395519
plotVals: 1997.687200547570228 -3801.000000000000000 -1.606607232242823
plotVals: 1997.714579055441391 -3791.000000000000000 -1.610532790422440
plotVals: 1997.741957563312781 -3781.000000000000000 -1.614520069211721
plotVals: 1997.769336071184171 -3771.000000000000000 -1.618569087237120
plotVals: 1997.796714579055333 -3761.000000000000000 -1.622679833322763
plotVals: 1997.824093086926723 -3751.000000000000000 -1.626852326095104
plotVals: 1997.851471594798113 -3741.000000000000000 -1.622086547315121
plotVals: 1997.878850102669503 -3731.000000000000000 -1.617382500320673
plotVals: 1997.906228610540666 -3721.000000000000000 -1.612740188837051
plotVals: 1997.933607118412056 -3711.000000000000000 -1.608159612864256
plotVals: 1997.960985626283446 -3701.000000000000000 -1.600640770047903
plotVals: 1997.988364134154608 -3691.000000000000000 -1.593183655291796
plotVals: 1998.016427104722879 -3681.000000000000000 -1.582788281142712
plotVals: 1998.043805612594042 -3671.000000000000000 -1.572454642504454
plotVals: 1998.071184120465432 -3661.000000000000000 -1.562182735651731
plotVals: 1998.098562628336822 -3651.000000000000000 -1.548972558230162
plotVals: 1998.125941136207985 -3641.000000000000000 -1.532824117690325
plotVals: 1998.153319644079374 -3631.000000000000000 -1.516737412661314
plotVals: 1998.180698151950764 -3621.000000000000000 -1.497712437063456
plotVals: 1998.208076659821927 -3611.000000000000000 -1.475749209523201
plotVals: 1998.235455167693317 -3601.000000000000000 -1.456847701221704
plotVals: 1998.262833675564707 -3591.000000000000000 -1.435007933527231
plotVals: 1998.290212183436097 -3581.000000000000000 -1.410229898989201
plotVals: 1998.317590691307259 -3571.000000000000000 -1.385513592511415
plotVals: 1998.344969199178649 -3561.000000000000000 -1.360859025269747
plotVals: 1998.372347707050039 -3551.000000000000000 -1.336266193538904
plotVals: 1998.399726214921202 -3541.000000000000000 -1.308735094964504
plotVals: 1998.427104722792592 -3531.000000000000000 -1.284265730530024
plotVals: 1998.454483230663982 -3521.000000000000000 -1.256858099251986
plotVals: 1998.481861738535144 -3511.000000000000000 -1.229512196034193
plotVals: 1998.509240246406534 -3501.000000000000000 -1.202228032052517
plotVals: 1998.536618754277924 -3491.000000000000000 -1.175005603581667
plotVals: 1998.563997262149314 -3481.000000000000000 -1.147844906896353
plotVals: 1998.591375770020477 -3471.000000000000000 -1.120745949447155
plotVals: 1998.618754277891867 -3461.000000000000000 -1.090708725154400
plotVals: 1998.646132785763257 -3451.000000000000000 -1.063733231276274
plotVals: 1998.673511293634419 -3441.000000000000000 -1.036819472908974
plotVals: 1998.700889801505809 -3431.000000000000000 -1.006967447698116
plotVals: 1998.728268309377199 -3421.000000000000000 -0.980177156627178
plotVals: 1998.755646817248362 -3411.000000000000000 -0.953448601067066
plotVals: 1998.783025325119752 -3401.000000000000000 -0.923781778663397
plotVals: 1998.810403832991142 -3391.000000000000000 -0.897176682949066
plotVals: 1998.837782340862532 -3381.000000000000000 -0.870633333921432
plotVals: 1998.865160848733694 -3371.000000000000000 -0.844151705503464
plotVals: 1998.892539356605084 -3361.000000000000000 -0.817731827497482
plotVals: 1998.919917864476474 -3351.000000000000000 -0.791373666375875
plotVals: 1998.947296372347637 -3341.000000000000000 -0.765077255666256
plotVals: 1998.974674880219027 -3331.000000000000000 -0.738842565566301
plotVals: 1999.002737850787071 -3321.000000000000000 -0.712669607251883
plotVals: 1999.030116358658461 -3311.000000000000000 -0.689558390527964
plotVals: 1999.057494866529851 -3301.000000000000000 -0.663508914411068
plotVals: 1999.084873374401013 -3291.000000000000000 -0.640521164983511
plotVals: 1999.112251882272403 -3281.000000000000000 -0.617595147341490
plotVals: 1999.139630390143793 -3271.000000000000000 -0.594730868935585
plotVals: 1999.167008898014956 -3261.000000000000000 -0.571928322315216
plotVals: 1999.194387405886346 -3251.000000000000000 -0.552187509834766
plotVals: 1999.221765913757736 -3241.000000000000000 -0.532508425414562
plotVals: 1999.249144421629126 -3231.000000000000000 -0.512891083955765
plotVals: 1999.276522929500288 -3221.000000000000000 -0.493335470557213
plotVals: 1999.303901437371678 -3211.000000000000000 -0.476841591298580
plotVals: 1999.331279945243068 -3201.000000000000000 -0.457409448921680
plotVals: 1999.358658453114231 -3191.000000000000000 -0.441039036959410
plotVals: 1999.386036960985621 -3181.000000000000000 -0.421730369329453
plotVals: 1999.413415468857011 -3171.000000000000000 -0.405483428388834
plotVals: 1999.440793976728173 -3161.000000000000000 -0.389298215508461
plotVals: 1999.468172484599563 -3151.000000000000000 -0.373174745589495
plotVals: 1999.495550992470953 -3141.000000000000000 -0.357113007456064
plotVals: 1999.522929500342343 -3131.000000000000000 -0.341113001108170
plotVals: 1999.550308008213506 -3121.000000000000000 -0.325174730271101
plotVals: 1999.577686516084896 -3111.000000000000000 -0.312298189848661
plotVals: 1999.605065023956286 -3101.000000000000000 -0.296483390033245
plotVals: 1999.632443531827448 -3091.000000000000000 -0.280730322003365
plotVals: 1999.659822039698838 -3081.000000000000000 -0.268038984388113
plotVals: 1999.687200547570228 -3071.000000000000000 -0.252409387379885
plotVals: 1999.714579055441391 -3061.000000000000000 -0.236841522157192
plotVals: 1999.741957563312781 -3051.000000000000000 -0.224335383623838
plotVals: 1999.769336071184171 -3041.000000000000000 -0.208890985697508
plotVals: 1999.796714579055333 -3031.000000000000000 -0.196508321911097
plotVals: 1999.824093086926723 -3021.000000000000000 -0.181187387555838
plotVals: 1999.851471594798113 -3011.000000000000000 -0.168928198516369
plotVals: 1999.878850102669503 -3001.000000000000000 -0.153730731457472
plotVals: 1999.906228610540666 -2991.000000000000000 -0.141595009714365
plotVals: 1999.933607118412056 -2981.000000000000000 -0.126521013677120
plotVals: 1999.960985626283446 -2971.000000000000000 -0.114508748054504
plotVals: 1999.988364134154608 -2961.000000000000000 -0.099558223038912
plotVals: 2000.016427104722879 -2951.000000000000000 -0.084669433534145
plotVals: 2000.043805612594042 -2941.000000000000000 -0.069842375814915
plotVals: 2000.071184120465432 -2931.000000000000000 -0.055077046155930
plotVals: 2000.098562628336822 -2921.000000000000000 -0.040373455733061
plotVals: 2000.125941136207985 -2911.000000000000000 -0.025731600821018
plotVals: 2000.153319644079374 -2901.000000000000000 -0.014151472598314
plotVals: 2000.180698151950764 -2891.000000000000000 0.000366915017366
plotVals: 2000.208076659821927 -2881.000000000000000 0.011823564767838
plotVals: 2000.235455167693317 -2871.000000000000000 0.023218486458063
plotVals: 2000.262833675564707 -2861.000000000000000 0.034551672637463
plotVals: 2000.290212183436097 -2851.000000000000000 0.045823123306036
plotVals: 2000.317590691307259 -2841.000000000000000 0.057032842189074
plotVals: 2000.344969199178649 -2831.000000000000000 0.065180830657482
plotVals: 2000.372347707050039 -2821.000000000000000 0.073267076164484
plotVals: 2000.399726214921202 -2811.000000000000000 0.081291597336531
plotVals: 2000.427104722792592 -2801.000000000000000 0.092254374176264
plotVals: 2000.454483230663982 -2791.000000000000000 0.100155428051949
plotVals: 2000.481861738535144 -2781.000000000000000 0.110994737595320
plotVals: 2000.509240246406534 -2771.000000000000000 0.118772320449352
plotVals: 2000.536618754277924 -2761.000000000000000 0.129488166421652
plotVals: 2000.563997262149314 -2751.000000000000000 0.137142278254032
plotVals: 2000.591375770020477 -2741.000000000000000 0.144734662026167
plotVals: 2000.618754277891867 -2731.000000000000000 0.149265300482512
plotVals: 2000.646132785763257 -2721.000000000000000 0.156734209507704
plotVals: 2000.673511293634419 -2711.000000000000000 0.164141394197941
plotVals: 2000.700889801505809 -2701.000000000000000 0.168486829847097
plotVals: 2000.728268309377199 -2691.000000000000000 0.175770543515682
plotVals: 2000.755646817248362 -2681.000000000000000 0.182992514222860
plotVals: 2000.783025325119752 -2671.000000000000000 0.190152756869793
plotVals: 2000.810403832991142 -2661.000000000000000 0.197251260280609
plotVals: 2000.837782340862532 -2651.000000000000000 0.204288031905890
plotVals: 2000.865160848733694 -2641.000000000000000 0.211263075470924
plotVals: 2000.892539356605084 -2631.000000000000000 0.221176374703646
plotVals: 2000.919917864476474 -2621.000000000000000 0.228027950972319
plotVals: 2000.947296372347637 -2611.000000000000000 0.237817782908678
plotVals: 2000.974674880219027 -2601.000000000000000 0.247545890510082
plotVals: 2001.002053388090417 -2591.000000000000000 0.254212252795696
plotVals: 2001.027378507871390 -2581.000000000000000 0.263816893100739
plotVals: 2001.054757015742553 -2571.000000000000000 0.270359788089991
plotVals: 2001.082135523613942 -2561.000000000000000 0.279840957373381
plotVals: 2001.109514031485332 -2551.000000000000000 0.289260383695364
plotVals: 2001.136892539356495 -2541.000000000000000 0.298618081957102
plotVals: 2001.164271047227885 -2531.000000000000000 0.307914052158594
plotVals: 2001.191649555099275 -2521.000000000000000 0.317148271948099
plotVals: 2001.219028062970665 -2511.000000000000000 0.323320776224136
plotVals: 2001.246406570841827 -2501.000000000000000 0.329431537538767
plotVals: 2001.273785078713217 -2491.000000000000000 0.335480567067862
plotVals: 2001.301163586584607 -2481.000000000000000 0.341467857360840
plotVals: 2001.328542094455770 -2471.000000000000000 0.347393415868282
plotVals: 2001.355920602327160 -2461.000000000000000 0.353257250040770
plotVals: 2001.383299110198550 -2451.000000000000000 0.359059337526560
plotVals: 2001.410677618069712 -2441.000000000000000 0.364799693226814
plotVals: 2001.438056125941102 -2431.000000000000000 0.367478318512440
plotVals: 2001.465434633812492 -2421.000000000000000 0.370095212012529
plotVals: 2001.492813141683882 -2411.000000000000000 0.372650362551212
plotVals: 2001.520191649555045 -2401.000000000000000 0.375143785029650
plotVals: 2001.547570157426435 -2391.000000000000000 0.374575473368168
plotVals: 2001.574948665297825 -2381.000000000000000 0.373945433646441
plotVals: 2001.602327173168987 -2371.000000000000000 0.376253645867109
plotVals: 2001.629705681040377 -2361.000000000000000 0.378500133752823
plotVals: 2001.657084188911767 -2351.000000000000000 0.377684887498617
plotVals: 2001.684462696782930 -2341.000000000000000 0.376807909458876
plotVals: 2001.711841204654320 -2331.000000000000000 0.375869188457727
plotVals: 2001.739219712525710 -2321.000000000000000 0.374868739396334
plotVals: 2001.766598220397100 -2311.000000000000000 0.373806558549404
plotVals: 2001.793976728268262 -2301.000000000000000 0.372682638466358
plotVals: 2001.821355236139652 -2291.000000000000000 0.371496982872486
plotVals: 2001.848733744011042 -2281.000000000000000 0.370249595493078
plotVals: 2001.876112251882205 -2271.000000000000000 0.365940477699041
plotVals: 2001.903490759753595 -2261.000000000000000 0.361569624394178
plotVals: 2001.930869267624985 -2251.000000000000000 0.360137037932873
plotVals: 2001.958247775496147 -2241.000000000000000 0.358642715960741
plotVals: 2001.985626283367537 -2231.000000000000000 0.357086662203074
plotVals: 2002.013689253935581 -2221.000000000000000 0.352468870580196
plotVals: 2002.041067761806971 -2211.000000000000000 0.347789343446493
plotVals: 2002.068446269678361 -2201.000000000000000 0.343048084527254
plotVals: 2002.095824777549524 -2191.000000000000000 0.338245093822479
plotVals: 2002.123203285420914 -2181.000000000000000 0.336380362510681
plotVals: 2002.150581793292304 -2171.000000000000000 0.331453904509544
plotVals: 2002.177960301163694 -2161.000000000000000 0.329465709626675
plotVals: 2002.205338809034856 -2151.000000000000000 0.324415784329176
plotVals: 2002.232717316906246 -2141.000000000000000 0.316304128617048
plotVals: 2002.260095824777636 -2131.000000000000000 0.314130727201700
plotVals: 2002.287474332648799 -2121.000000000000000 0.308895599097013
plotVals: 2002.314852840520189 -2111.000000000000000 0.306598734110594
plotVals: 2002.342231348391579 -2101.000000000000000 0.301240134984255
plotVals: 2002.369609856262741 -2091.000000000000000 0.295819800347090
plotVals: 2002.396988364134131 -2081.000000000000000 0.290337726473808
plotVals: 2002.424366872005521 -2071.000000000000000 0.284793928265572
plotVals: 2002.451745379876684 -2061.000000000000000 0.282188396900892
plotVals: 2002.479123887748074 -2051.000000000000000 0.276521123945713
plotVals: 2002.506502395619464 -2041.000000000000000 0.273792129009962
plotVals: 2002.533880903490854 -2031.000000000000000 0.268001385033131
plotVals: 2002.561259411362016 -2021.000000000000000 0.262148916721344
plotVals: 2002.588637919233406 -2011.000000000000000 0.259234715253115
plotVals: 2002.616016427104796 -2001.000000000000000 0.256258778274059
plotVals: 2002.643394934975959 -1991.000000000000000 0.250221107155085
plotVals: 2002.670773442847349 -1981.000000000000000 0.247121699154377
plotVals: 2002.698151950718739 -1971.000000000000000 0.240960560739040
plotVals: 2002.725530458589901 -1961.000000000000000 0.237737681716681
plotVals: 2002.752908966461291 -1951.000000000000000 0.231453072279692
plotVals: 2002.780287474332681 -1941.000000000000000 0.228106729686260
plotVals: 2002.807665982204071 -1931.000000000000000 0.224698651582003
plotVals: 2002.835044490075234 -1921.000000000000000 0.221228845417500
plotVals: 2002.862422997946624 -1911.000000000000000 0.214697297662497
plotVals: 2002.889801505818014 -1901.000000000000000 0.208104018121958
plotVals: 2002.917180013689176 -1891.000000000000000 0.204449009150267
plotVals: 2002.944558521560566 -1881.000000000000000 0.200732260942459
plotVals: 2002.971937029431956 -1871.000000000000000 0.196953777223825
plotVals: 2002.999315537303119 -1861.000000000000000 0.190113563090563
plotVals: 2003.027378507871390 -1851.000000000000000 0.186211615800858
plotVals: 2003.054757015742553 -1841.000000000000000 0.179247934371233
plotVals: 2003.082135523613942 -1831.000000000000000 0.175222512334585
plotVals: 2003.109514031485332 -1821.000000000000000 0.171135369688272
plotVals: 2003.136892539356495 -1811.000000000000000 0.166986480355263
plotVals: 2003.164271047227885 -1801.000000000000000 0.165775865316391
plotVals: 2003.191649555099275 -1791.000000000000000 0.161503512412310
plotVals: 2003.219028062970665 -1781.000000000000000 0.157169420272112
plotVals: 2003.246406570841827 -1771.000000000000000 0.152773600071669
plotVals: 2003.273785078713217 -1761.000000000000000 0.151316046714783
plotVals: 2003.301163586584607 -1751.000000000000000 0.149796761572361
plotVals: 2003.328542094455770 -1741.000000000000000 0.148215740919113
plotVals: 2003.355920602327160 -1731.000000000000000 0.146572977304459
plotVals: 2003.383299110198550 -1721.000000000000000 0.141868490725756
plotVals: 2003.410677618069712 -1711.000000000000000 0.140102259814739
plotVals: 2003.438056125941102 -1701.000000000000000 0.138274304568768
plotVals: 2003.465434633812492 -1691.000000000000000 0.136384613811970
plotVals: 2003.492813141683882 -1681.000000000000000 0.134433187544346
plotVals: 2003.520191649555045 -1671.000000000000000 0.132420022040606
plotVals: 2003.547570157426435 -1661.000000000000000 0.130345128476620
plotVals: 2003.574948665297825 -1651.000000000000000 0.125208497047424
plotVals: 2003.602327173168987 -1641.000000000000000 0.120010141283274
plotVals: 2003.629705681040377 -1631.000000000000000 0.114750035107136
plotVals: 2003.657084188911767 -1621.000000000000000 0.109428204596043
plotVals: 2003.684462696782930 -1611.000000000000000 0.104044642299414
plotVals: 2003.711841204654320 -1601.000000000000000 0.095599338412285
plotVals: 2003.739219712525710 -1591.000000000000000 0.087092306464911
plotVals: 2003.766598220397100 -1581.000000000000000 0.081523541361094
plotVals: 2003.793976728268262 -1571.000000000000000 0.075893040746450
plotVals: 2003.821355236139652 -1561.000000000000000 0.070200808346272
plotVals: 2003.848733744011042 -1551.000000000000000 0.061446838080883
plotVals: 2003.876112251882205 -1541.000000000000000 0.055631130933762
plotVals: 2003.903490759753595 -1531.000000000000000 0.046753697097301
plotVals: 2003.930869267624985 -1521.000000000000000 0.043814528733492
plotVals: 2003.958247775496147 -1511.000000000000000 0.037813622504473
plotVals: 2003.985626283367537 -1501.000000000000000 0.034750983119011
plotVals: 2004.013689253935581 -1491.000000000000000 0.031626604497433
plotVals: 2004.041067761806971 -1481.000000000000000 0.025440502911806
plotVals: 2004.068446269678361 -1471.000000000000000 0.022192656993866
plotVals: 2004.095824777549524 -1461.000000000000000 0.021883085370064
plotVals: 2004.123203285420914 -1451.000000000000000 0.021511778235435
plotVals: 2004.150581793292304 -1441.000000000000000 0.021078731864691
plotVals: 2004.177960301163694 -1431.000000000000000 0.020583953708410
plotVals: 2004.205338809034856 -1421.000000000000000 0.023027442395687
plotVals: 2004.232717316906246 -1411.000000000000000 0.022409196943045
plotVals: 2004.260095824777636 -1401.000000000000000 0.024729222059250
plotVals: 2004.287474332648799 -1391.000000000000000 0.026987507939339
plotVals: 2004.314852840520189 -1381.000000000000000 0.032184064388275
plotVals: 2004.342231348391579 -1371.000000000000000 0.034318871796131
plotVals: 2004.369609856262741 -1361.000000000000000 0.039391960948706
plotVals: 2004.396988364134131 -1351.000000000000000 0.041403312236071
plotVals: 2004.424366872005521 -1341.000000000000000 0.046352930366993
plotVals: 2004.451745379876684 -1331.000000000000000 0.054240811616182
plotVals: 2004.479123887748074 -1321.000000000000000 0.059066962450743
plotVals: 2004.506502395619464 -1311.000000000000000 0.063831374049187
plotVals: 2004.533880903490854 -1301.000000000000000 0.071534059941769
plotVals: 2004.561259411362016 -1291.000000000000000 0.079174999147654
plotVals: 2004.588637919233406 -1281.000000000000000 0.086754214018583
plotVals: 2004.616016427104796 -1271.000000000000000 0.094271697103977
plotVals: 2004.643394934975959 -1261.000000000000000 0.101727437227964
plotVals: 2004.670773442847349 -1251.000000000000000 0.109121449291706
plotVals: 2004.698151950718739 -1241.000000000000000 0.116453722119331
plotVals: 2004.725530458589901 -1231.000000000000000 0.123724266886711
plotVals: 2004.752908966461291 -1221.000000000000000 0.130933079868555
plotVals: 2004.780287474332681 -1211.000000000000000 0.138080149888992
plotVals: 2004.807665982204071 -1201.000000000000000 0.142165489494801
plotVals: 2004.835044490075234 -1191.000000000000000 0.149189099669456
plotVals: 2004.862422997946624 -1181.000000000000000 0.156150966882706
plotVals: 2004.889801505818014 -1171.000000000000000 0.160051107406616
plotVals: 2004.917180013689176 -1161.000000000000000 0.163889512419701
plotVals: 2004.944558521560566 -1151.000000000000000 0.170666176825762
plotVals: 2004.971937029431956 -1141.000000000000000 0.174381121993065
plotVals: 2004.999315537303119 -1131.000000000000000 0.178034320473671
plotVals: 2005.024640657084092 -1121.000000000000000 0.181625787168741
plotVals: 2005.052019164955482 -1111.000000000000000 0.185155522078276
plotVals: 2005.079397672826872 -1101.000000000000000 0.185623522847891
plotVals: 2005.106776180698262 -1091.000000000000000 0.189029790461063
plotVals: 2005.134154688569424 -1081.000000000000000 0.189374323934317
plotVals: 2005.161533196440814 -1071.000000000000000 0.192657124251127
plotVals: 2005.188911704312204 -1061.000000000000000 0.192878182977438
plotVals: 2005.216290212183367 -1051.000000000000000 0.193037513643503
plotVals: 2005.243668720054757 -1041.000000000000000 0.193135112524033
plotVals: 2005.271047227926147 -1031.000000000000000 0.196170970797539
plotVals: 2005.298425735797309 -1021.000000000000000 0.196145102381706
plotVals: 2005.325804243668699 -1011.000000000000000 0.196057494729757
plotVals: 2005.353182751540089 -1001.000000000000000 0.192908152937889
plotVals: 2005.380561259411252 -991.000000000000000 0.192697081714869
plotVals: 2005.407939767282642 -981.000000000000000 0.192424274981022
plotVals: 2005.435318275154032 -971.000000000000000 0.192089729011059
plotVals: 2005.462696783025422 -961.000000000000000 0.188693460077047
plotVals: 2005.490075290896584 -951.000000000000000 0.188235443085432
plotVals: 2005.517453798767974 -941.000000000000000 0.187715701758862
plotVals: 2005.544832306639364 -931.000000000000000 0.187134228646755
plotVals: 2005.572210814510527 -921.000000000000000 0.186491008847952
plotVals: 2005.599589322381917 -911.000000000000000 0.185786064714193
plotVals: 2005.626967830253307 -901.000000000000000 0.185019388794899
plotVals: 2005.654346338124469 -891.000000000000000 0.184190969914198
plotVals: 2005.681724845995859 -881.000000000000000 0.183300826698542
plotVals: 2005.709103353867249 -871.000000000000000 0.185348942875862
plotVals: 2005.736481861738639 -861.000000000000000 0.184335328638554
plotVals: 2005.763860369609802 -851.000000000000000 0.186259977519512
plotVals: 2005.791238877481192 -841.000000000000000 0.188122890889645
plotVals: 2005.818617385352582 -831.000000000000000 0.186924077570438
plotVals: 2005.845995893223744 -821.000000000000000 0.188663523644209
plotVals: 2005.873374401095134 -811.000000000000000 0.190341237932444
plotVals: 2005.900752908966524 -801.000000000000000 0.191957216709852
plotVals: 2005.928131416837687 -791.000000000000000 0.196511462330818
plotVals: 2005.955509924709077 -781.000000000000000 0.198003977537155
plotVals: 2005.982888432580467 -771.000000000000000 0.202434755861759
plotVals: 2006.010951403148511 -761.000000000000000 0.203803800046444
plotVals: 2006.038329911019900 -751.000000000000000 0.208111103624105
plotVals: 2006.065708418891063 -741.000000000000000 0.212356682866812
plotVals: 2006.093086926762453 -731.000000000000000 0.216540530323982
plotVals: 2006.120465434633843 -721.000000000000000 0.223662633448839
plotVals: 2006.147843942505233 -711.000000000000000 0.227723002433777
plotVals: 2006.175222450376395 -701.000000000000000 0.231721643358469
plotVals: 2006.202600958247785 -691.000000000000000 0.238658547401428
plotVals: 2006.229979466119175 -681.000000000000000 0.242533717304468
plotVals: 2006.257357973990338 -671.000000000000000 0.246347159147263
plotVals: 2006.284736481861728 -661.000000000000000 0.253098860383034
plotVals: 2006.312114989733118 -651.000000000000000 0.259788829833269
plotVals: 2006.339493497604280 -641.000000000000000 0.263417068868876
plotVals: 2006.366872005475670 -631.000000000000000 0.269983571022749
plotVals: 2006.394250513347060 -621.000000000000000 0.276488337665796
plotVals: 2006.421629021218450 -611.000000000000000 0.279931373894215
plotVals: 2006.449007529089613 -601.000000000000000 0.286312673240900
plotVals: 2006.476386036961003 -591.000000000000000 0.292632240802050
plotVals: 2006.503764544832393 -581.000000000000000 0.295890066772699
plotVals: 2006.531143052703555 -571.000000000000000 0.302086163312197
plotVals: 2006.558521560574945 -561.000000000000000 0.305220529437065
plotVals: 2006.585900068446335 -551.000000000000000 0.311293154954910
plotVals: 2006.613278576317498 -541.000000000000000 0.317304056137800
plotVals: 2006.640657084188888 -531.000000000000000 0.320253215730190
plotVals: 2006.668035592060278 -521.000000000000000 0.326140642166138
plotVals: 2006.695414099931440 -511.000000000000000 0.328966334462166
plotVals: 2006.722792607802830 -501.000000000000000 0.334730293601751
plotVals: 2006.750171115674220 -491.000000000000000 0.340432524681091
plotVals: 2006.777549623545610 -481.000000000000000 0.346073016524315
plotVals: 2006.804928131416773 -471.000000000000000 0.351651776582003
plotVals: 2006.832306639288163 -461.000000000000000 0.357168797403574
plotVals: 2006.859685147159553 -451.000000000000000 0.362624086439610
plotVals: 2006.887063655030715 -441.000000000000000 0.368017639964819
plotVals: 2006.914442162902105 -431.000000000000000 0.373349461704493
plotVals: 2006.941820670773495 -421.000000000000000 0.381619546562433
plotVals: 2006.969199178644658 -411.000000000000000 0.386827908456326
plotVals: 2006.996577686516048 -401.000000000000000 0.394974518567324
plotVals: 2007.024640657084092 -391.000000000000000 0.403059411793947
plotVals: 2007.052019164955482 -381.000000000000000 0.411082554608583
plotVals: 2007.079397672826872 -371.000000000000000 0.419043976813555
plotVals: 2007.106776180698262 -361.000000000000000 0.423943661153316
plotVals: 2007.134154688569424 -351.000000000000000 0.431781608611345
plotVals: 2007.161533196440814 -341.000000000000000 0.439557824283838
plotVals: 2007.188911704312204 -331.000000000000000 0.447272304445505
plotVals: 2007.216290212183367 -321.000000000000000 0.451925050467253
plotVals: 2007.243668720054757 -311.000000000000000 0.459516067057848
plotVals: 2007.271047227926147 -301.000000000000000 0.464045345783234
plotVals: 2007.298425735797309 -291.000000000000000 0.468512892723083
plotVals: 2007.325804243668699 -281.000000000000000 0.472918700426817
plotVals: 2007.353182751540089 -271.000000000000000 0.474262777715921
plotVals: 2007.380561259411252 -261.000000000000000 0.478545121848583
plotVals: 2007.407939767282642 -251.000000000000000 0.479765724390745
plotVals: 2007.435318275154032 -241.000000000000000 0.483924604952335
plotVals: 2007.462696783025422 -231.000000000000000 0.485021743923426
plotVals: 2007.490075290896584 -221.000000000000000 0.486057154834270
plotVals: 2007.517453798767974 -211.000000000000000 0.490030825138092
plotVals: 2007.544832306639364 -201.000000000000000 0.490942761301994
plotVals: 2007.572210814510527 -191.000000000000000 0.491792969405651
plotVals: 2007.599589322381917 -181.000000000000000 0.492581441998482
plotVals: 2007.626967830253307 -171.000000000000000 0.493308179080486
plotVals: 2007.654346338124469 -161.000000000000000 0.493973180651665
plotVals: 2007.681724845995859 -151.000000000000000 0.494576446712017
plotVals: 2007.709103353867249 -141.000000000000000 0.495117984712124
plotVals: 2007.736481861738639 -131.000000000000000 0.495597787201405
plotVals: 2007.763860369609802 -121.000000000000000 0.496015850454569
plotVals: 2007.791238877481192 -111.000000000000000 0.496372189372778
plotVals: 2007.818617385352582 -101.000000000000000 0.496666785329580
plotVals: 2007.845995893223744 -91.000000000000000 0.496899649500847
plotVals: 2007.873374401095134 -81.000000000000000 0.497070785611868
plotVals: 2007.900752908966524 -71.000000000000000 0.497180178761482
plotVals: 2007.928131416837687 -61.000000000000000 0.497227840125561
plotVals: 2007.955509924709077 -51.000000000000000 0.497213765978813
plotVals: 2007.982888432580467 -41.000000000000000 0.497137967497110
plotVals: 2008.010951403148511 -31.000000000000000 0.497000426054001
plotVals: 2008.038329911019900 -21.000000000000000 0.496801152825356
plotVals: 2008.065708418891063 -11.000000000000000 0.496540147811174
plotVals: 2008.093086926762453 -1.000000000000000 0.496217407286167
plotVals: 2008.120465434633843 9.000000000000000 0.495832931250334
plotVals: 2008.147843942505233 19.000000000000000 0.495386723428965
plotVals: 2008.175222450376395 29.000000000000000 0.494878776371479
plotVals: 2008.202600958247785 39.000000000000000 0.494309101253748
plotVals: 2008.229979466119175 49.000000000000000 0.490677688270807
plotVals: 2008.257357973990338 59.000000000000000 0.489984545856714
plotVals: 2008.284736481861728 69.000000000000000 0.489229664206505
plotVals: 2008.312114989733118 79.000000000000000 0.488413050770760
plotVals: 2008.339493497604280 89.000000000000000 0.487534701824188
plotVals: 2008.366872005475670 99.000000000000000 0.483594626188278
plotVals: 2008.394250513347060 109.000000000000000 0.482592806220055
plotVals: 2008.421629021218450 119.000000000000000 0.481529261916876
plotVals: 2008.449007529089613 129.000000000000000 0.477403976023197
plotVals: 2008.476386036961003 139.000000000000000 0.476216964423656
plotVals: 2008.503764544832393 149.000000000000000 0.474968206137419
plotVals: 2008.531143052703555 159.000000000000000 0.473657723516226
plotVals: 2008.558521560574945 169.000000000000000 0.472285501658916
plotVals: 2008.585900068446335 179.000000000000000 0.470851548016071
plotVals: 2008.613278576317498 189.000000000000000 0.469355862587690
plotVals: 2008.640657084188888 199.000000000000000 0.464798439294100
plotVals: 2008.668035592060278 209.000000000000000 0.463179279118776
plotVals: 2008.695414099931440 219.000000000000000 0.461498394608498
plotVals: 2008.722792607802830 229.000000000000000 0.456755768507719
plotVals: 2008.750171115674220 239.000000000000000 0.454951416701078
plotVals: 2008.777549623545610 249.000000000000000 0.450085323303938
plotVals: 2008.804928131416773 259.000000000000000 0.448157493025064
plotVals: 2008.832306639288163 269.000000000000000 0.443167939782143
plotVals: 2008.859685147159553 279.000000000000000 0.438116643577814
plotVals: 2008.887063655030715 289.000000000000000 0.433003615587950
plotVals: 2008.914442162902105 299.000000000000000 0.427828855812550
plotVals: 2008.941820670773495 309.000000000000000 0.422592356801033
plotVals: 2008.969199178644658 319.000000000000000 0.417294126003981
plotVals: 2008.996577686516048 329.000000000000000 0.411934159696102
plotVals: 2009.021902806297021 339.000000000000000 0.406512472778559
plotVals: 2009.049281314168411 349.000000000000000 0.398029033094645
plotVals: 2009.076659822039801 359.000000000000000 0.392483867704868
plotVals: 2009.104038329910964 369.000000000000000 0.386876974254847
plotVals: 2009.131416837782353 379.000000000000000 0.378208339214325
plotVals: 2009.158795345653743 389.000000000000000 0.372477967292070
plotVals: 2009.186173853524906 399.000000000000000 0.363685868680477
plotVals: 2009.213552361396296 409.000000000000000 0.357832033187151
plotVals: 2009.240930869267686 419.000000000000000 0.348916463553905
plotVals: 2009.268309377138849 429.000000000000000 0.342939160764217
plotVals: 2009.295687885010238 439.000000000000000 0.333900123834610
plotVals: 2009.323066392881628 449.000000000000000 0.324799347668886
plotVals: 2009.350444900753018 459.000000000000000 0.318636842072010
plotVals: 2009.377823408624181 469.000000000000000 0.309412606060505
plotVals: 2009.405201916495571 479.000000000000000 0.303126629441977
plotVals: 2009.432580424366961 489.000000000000000 0.293778926134109
plotVals: 2009.459958932238123 499.000000000000000 0.287369482219219
plotVals: 2009.487337440109513 509.000000000000000 0.277898307889700
plotVals: 2009.514715947980903 519.000000000000000 0.268365394324064
plotVals: 2009.542094455852066 529.000000000000000 0.261770755052567
plotVals: 2009.569472963723456 539.000000000000000 0.252114374190569
plotVals: 2009.596851471594846 549.000000000000000 0.245396260172129
plotVals: 2009.624229979466008 559.000000000000000 0.238616421818733
plotVals: 2009.651608487337398 569.000000000000000 0.228774834424257
plotVals: 2009.678986995208788 579.000000000000000 0.221871521323919
plotVals: 2009.706365503080178 589.000000000000000 0.214906472712755
plotVals: 2009.733744010951341 599.000000000000000 0.207879696041346
plotVals: 2009.761122518822731 609.000000000000000 0.200791180133820
plotVals: 2009.788501026694121 619.000000000000000 0.193640928715467
plotVals: 2009.815879534565283 629.000000000000000 0.186428945511580
plotVals: 2009.843258042436673 639.000000000000000 0.182155225425959
plotVals: 2009.870636550308063 649.000000000000000 0.174819774925709
plotVals: 2009.898015058179226 659.000000000000000 0.170422580093145
plotVals: 2009.925393566050616 669.000000000000000 0.162963666021824
plotVals: 2009.952772073922006 679.000000000000000 0.155443016439676
plotVals: 2009.980150581793396 689.000000000000000 0.150860618799925
plotVals: 2010.008213552361440 699.000000000000000 0.143216498196125
plotVals: 2010.035592060232830 709.000000000000000 0.135510649532080
plotVals: 2010.062970568103992 719.000000000000000 0.127743057906628
plotVals: 2010.090349075975382 729.000000000000000 0.122913729399443
plotVals: 2010.117727583846772 739.000000000000000 0.115022670477629
plotVals: 2010.145106091717935 749.000000000000000 0.107069883495569
plotVals: 2010.172484599589325 759.000000000000000 0.099055357277393
plotVals: 2010.199863107460715 769.000000000000000 0.090979095548391
plotVals: 2010.227241615331877 779.000000000000000 0.079841107130051
plotVals: 2010.254620123203267 789.000000000000000 0.071641374379396
plotVals: 2010.281998631074657 799.000000000000000 0.060379911214113
plotVals: 2010.309377138945820 809.000000000000000 0.052056711167097
plotVals: 2010.336755646817210 819.000000000000000 0.040671784430742
plotVals: 2010.364134154688600 829.000000000000000 0.029225122183561
plotVals: 2010.391512662559990 839.000000000000000 0.017716724425554
plotVals: 2010.418891170431152 849.000000000000000 0.006146587431431
plotVals: 2010.446269678302542 859.000000000000000 -0.005485273897648
plotVals: 2010.473648186173932 869.000000000000000 -0.017178870737553
plotVals: 2010.501026694045095 879.000000000000000 -0.028934210538864
plotVals: 2010.528405201916485 889.000000000000000 -0.040751278400421
plotVals: 2010.555783709787875 899.000000000000000 -0.052630078047514
plotVals: 2010.583162217659037 909.000000000000000 -0.067570615559816
plotVals: 2010.610540725530427 919.000000000000000 -0.079572893679142
plotVals: 2010.637919233401817 929.000000000000000 -0.091636892408133
plotVals: 2010.665297741273207 939.000000000000000 -0.106762629002333
plotVals: 2010.692676249144370 949.000000000000000 -0.118950102478266
plotVals: 2010.720054757015760 959.000000000000000 -0.134199310094118
plotVals: 2010.747433264887150 969.000000000000000 -0.146510247141123
plotVals: 2010.774811772758312 979.000000000000000 -0.161882922053337
plotVals: 2010.802190280629702 989.000000000000000 -0.174317330121994
plotVals: 2010.829568788501092 999.000000000000000 -0.189813476055861
plotVals: 2010.856947296372255 1009.000000000000000 -0.202371347695589
plotVals: 2010.884325804243645 1019.000000000000000 -0.217990960925817
plotVals: 2010.911704312115035 1029.000000000000000 -0.230672303587198
plotVals: 2010.939082819986197 1039.000000000000000 -0.246415384113789
plotVals: 2010.966461327857587 1049.000000000000000 -0.259220201522112
plotVals: 2010.993839835728977 1059.000000000000000 -0.275086738169193
plotVals: 2011.021902806297021 1069.000000000000000 -0.288015022873878
plotVals: 2011.049281314168411 1079.000000000000000 -0.304005034267902
plotVals: 2011.076659822039801 1089.000000000000000 -0.317056786268950
plotVals: 2011.104038329910964 1099.000000000000000 -0.333170276135206
plotVals: 2011.131416837782353 1109.000000000000000 -0.346345487982035
plotVals: 2011.158795345653743 1119.000000000000000 -0.359582435339689
plotVals: 2011.186173853524906 1129.000000000000000 -0.375881124287844
plotVals: 2011.213552361396296 1139.000000000000000 -0.389241538941860
plotVals: 2011.240930869267686 1149.000000000000000 -0.402663696557283
plotVals: 2011.268309377138849 1159.000000000000000 -0.419147577136755
plotVals: 2011.295687885010238 1169.000000000000000 -0.432693202048540
plotVals: 2011.323066392881628 1179.000000000000000 -0.446300555020571
plotVals: 2011.350444900753018 1189.000000000000000 -0.459969643503428
plotVals: 2011.377823408624181 1199.000000000000000 -0.473700471222401
plotVals: 2011.405201916495571 1209.000000000000000 -0.490493025630713
plotVals: 2011.432580424366961 1219.000000000000000 -0.504347316920757
plotVals: 2011.459958932238123 1229.000000000000000 -0.518263339996338
plotVals: 2011.487337440109513 1239.000000000000000 -0.532241102308035
plotVals: 2011.514715947980903 1249.000000000000000 -0.546280592679977
plotVals: 2011.542094455852066 1259.000000000000000 -0.557381819933653
plotVals: 2011.569472963723456 1269.000000000000000 -0.571544777601957
plotVals: 2011.596851471594846 1279.000000000000000 -0.585769470781088
plotVals: 2011.624229979466008 1289.000000000000000 -0.597055900841951
plotVals: 2011.651608487337398 1299.000000000000000 -0.611404068768024
plotVals: 2011.678986995208788 1309.000000000000000 -0.622813958674669
plotVals: 2011.706365503080178 1319.000000000000000 -0.637285593897104
plotVals: 2011.733744010951341 1329.000000000000000 -0.648818962275982
plotVals: 2011.761122518822731 1339.000000000000000 -0.660414054989815
plotVals: 2011.788501026694121 1349.000000000000000 -0.672070883214474
plotVals: 2011.815879534565283 1359.000000000000000 -0.683789454400539
plotVals: 2011.843258042436673 1369.000000000000000 -0.695569757372141
plotVals: 2011.870636550308063 1379.000000000000000 -0.704411786049604
plotVals: 2011.898015058179226 1389.000000000000000 -0.716315556317568
plotVals: 2011.925393566050616 1399.000000000000000 -0.725281063467264
plotVals: 2011.952772073922006 1409.000000000000000 -0.734308302402496
plotVals: 2011.980150581793396 1419.000000000000000 -0.743397269397974
plotVals: 2012.008213552361440 1429.000000000000000 -0.752547975629568
plotVals: 2012.035592060232830 1439.000000000000000 -0.761760413646698
plotVals: 2012.062970568103992 1449.000000000000000 -0.771034590899944
plotVals: 2012.090349075975382 1459.000000000000000 -0.780370492488146
plotVals: 2012.117727583846772 1469.000000000000000 -0.789768129587173
plotVals: 2012.145106091717935 1479.000000000000000 -0.799227513372898
plotVals: 2012.172484599589325 1489.000000000000000 -0.808748617768288
plotVals: 2012.199863107460715 1499.000000000000000 -0.815331462770700
plotVals: 2012.227241615331877 1509.000000000000000 -0.824976041913033
plotVals: 2012.254620123203267 1519.000000000000000 -0.834682352840900
plotVals: 2012.281998631074657 1529.000000000000000 -0.841450393199921
plotVals: 2012.309377138945820 1539.000000000000000 -0.851280175149441
plotVals: 2012.336755646817210 1549.000000000000000 -0.858171686530113
plotVals: 2012.364134154688600 1559.000000000000000 -0.865124940872192
plotVals: 2012.391512662559990 1569.000000000000000 -0.872139915823936
plotVals: 2012.418891170431152 1579.000000000000000 -0.879216633737087
plotVals: 2012.446269678302542 1589.000000000000000 -0.886355083435774
plotVals: 2012.473648186173932 1599.000000000000000 -0.893555268645287
plotVals: 2012.501026694045095 1609.000000000000000 -0.900817185640335
plotVals: 2012.528405201916485 1619.000000000000000 -0.905140832066536
plotVals: 2012.555783709787875 1629.000000000000000 -0.909526225179434
plotVals: 2012.583162217659037 1639.000000000000000 -0.913973338901997
plotVals: 2012.610540725530427 1649.000000000000000 -0.918482195585966
plotVals: 2012.637919233401817 1659.000000000000000 -0.923052780330181
plotVals: 2012.665297741273207 1669.000000000000000 -0.927685104310513
plotVals: 2012.692676249144370 1679.000000000000000 -0.929379157721996
plotVals: 2012.720054757015760 1689.000000000000000 -0.931134946644306
plotVals: 2012.747433264887150 1699.000000000000000 -0.932952471077442
plotVals: 2012.774811772758312 1709.000000000000000 -0.934831727296114
plotVals: 2012.802190280629702 1719.000000000000000 -0.936772719025612
plotVals: 2012.829568788501092 1729.000000000000000 -0.938775442540646
plotVals: 2012.856947296372255 1739.000000000000000 -0.940839905291796
plotVals: 2012.884325804243645 1749.000000000000000 -0.942966096103191
plotVals: 2012.911704312115035 1759.000000000000000 -0.945154022425413
plotVals: 2012.939082819986197 1769.000000000000000 -0.947403684258461
plotVals: 2012.966461327857587 1779.000000000000000 -0.949715081602335
plotVals: 2012.993839835728977 1789.000000000000000 -0.949088208377361
plotVals: 2013.019164955509950 1799.000000000000000 -0.951523073017597
plotVals: 2013.046543463381340 1809.000000000000000 -0.954019669443369
plotVals: 2013.073921971252503 1819.000000000000000 -0.956578001379967
plotVals: 2013.101300479123893 1829.000000000000000 -0.959198065102100
plotVals: 2013.128678986995283 1839.000000000000000 -0.961879864335060
plotVals: 2013.156057494866445 1849.000000000000000 -0.964623399078846
plotVals: 2013.183436002737835 1859.000000000000000 -0.967428665608168
plotVals: 2013.210814510609225 1869.000000000000000 -0.970295667648315
plotVals: 2013.238193018480388 1879.000000000000000 -0.973224401473999
plotVals: 2013.265571526351778 1889.000000000000000 -0.976214874535799
plotVals: 2013.292950034223168 1899.000000000000000 -0.979267075657845
plotVals: 2013.320328542094558 1909.000000000000000 -0.982381012290716
plotVals: 2013.347707049965720 1919.000000000000000 -0.985556684434414
plotVals: 2013.375085557837110 1929.000000000000000 -0.988794092088938
plotVals: 2013.402464065708500 1939.000000000000000 -0.992093231528997
plotVals: 2013.429842573579663 1949.000000000000000 -0.995454102754593
plotVals: 2013.457221081451053 1959.000000000000000 -0.995876718312502
plotVals: 2013.484599589322443 1969.000000000000000 -0.999361056834459
plotVals: 2013.511978097193605 1979.000000000000000 -1.002907134592533
plotVals: 2013.539356605064995 1989.000000000000000 -1.006514944136143
plotVals: 2013.566735112936385 1999.000000000000000 -1.010184489190578
plotVals: 2013.594113620807775 2009.000000000000000 -1.013915769755840
plotVals: 2013.621492128678938 2019.000000000000000 -1.017708782106638
plotVals: 2013.648870636550328 2029.000000000000000 -1.021563526242971
plotVals: 2013.676249144421718 2039.000000000000000 -1.025480005890131
plotVals: 2013.703627652292880 2049.000000000000000 -1.029458221048117
plotVals: 2013.731006160164270 2059.000000000000000 -1.033498167991638
plotVals: 2013.758384668035660 2069.000000000000000 -1.037599850445986
plotVals: 2013.785763175906823 2079.000000000000000 -1.041763264685869
plotVals: 2013.813141683778213 2089.000000000000000 -1.045988414436579
plotVals: 2013.840520191649603 2099.000000000000000 -1.050275299698114
plotVals: 2013.867898699520765 2109.000000000000000 -1.054623916745186
plotVals: 2013.895277207392155 2119.000000000000000 -1.059034269303083
plotVals: 2013.922655715263545 2129.000000000000000 -1.063506353646517
plotVals: 2013.950034223134935 2139.000000000000000 -1.068040173500776
plotVals: 2013.977412731006098 2149.000000000000000 -1.072635728865862
plotVals: 2023.153319644079374 5500.000000000000000 -6.089067589491606
