plotVals: 1975.484599589322443 -12411.000000000000000 111.437293890863657
plotVals: 1975.511978097193605 -12401.000000000000000 108.897702686488628
plotVals: 1975.539356605064995 -12391.000000000000000 106.349173743277788
plotVals: 1975.566735112936385 -12381.000000000000000 103.794707044959068
plotVals: 1975.594113620807775 -12371.000000000000000 101.228302601724863
plotVals: 1975.621492128678938 -12361.000000000000000 98.649960409849882
plotVals: 1975.648870636550328 -12351.000000000000000 96.062680471688509
plotVals: 1975.676249144421718 -12341.000000000000000 93.463462781161070
plotVals: 1975.703627652292880 -12331.000000000000000 90.849307354539633
plotVals: 1975.731006160164270 -12321.000000000000000 88.220214169472456
plotVals: 1975.758384668035660 -12311.000000000000000 85.579183239489794
plotVals: 1975.785763175906823 -12301.000000000000000 82.920214567333460
plotVals: 1975.813141683778213 -12291.000000000000000 80.243308145552874
plotVals: 1975.840520191649603 -12281.000000000000000 77.527463972568512
plotVals: 1975.867898699520765 -12271.000000000000000 74.799682058393955
plotVals: 1975.895277207392155 -12261.000000000000000 72.056962393224239
plotVals: 1975.922655715263545 -12251.000000000000000 69.305304981768131
plotVals: 1975.950034223134935 -12241.000000000000000 66.547709822654724
plotVals: 1975.977412731006098 -12231.000000000000000 63.784176912158728
plotVals: 1976.005475701574369 -12221.000000000000000 61.017706260085106
plotVals: 1976.032854209445532 -12211.000000000000000 58.251297861337662
plotVals: 1976.060232717316921 -12201.000000000000000 55.490951709449291
plotVals: 1976.087611225188311 -12191.000000000000000 52.742667812854052
plotVals: 1976.114989733059474 -12181.000000000000000 50.003446172922850
plotVals: 1976.142368240930864 -12171.000000000000000 47.282286785542965
plotVals: 1976.169746748802254 -12161.000000000000000 44.594189636409283
plotVals: 1976.197125256673417 -12151.000000000000000 41.927154760807753
plotVals: 1976.224503764544806 -12141.000000000000000 39.281182125210762
plotVals: 1976.251882272416196 -12131.000000000000000 36.659271739423275
plotVals: 1976.279260780287586 -12121.000000000000000 34.067423619329929
plotVals: 1976.306639288158749 -12111.000000000000000 31.499637741595507
plotVals: 1976.334017796030139 -12101.000000000000000 28.985914118587971
plotVals: 1976.361396303901529 -12091.000000000000000 26.511252749711275
plotVals: 1976.388774811772691 -12081.000000000000000 24.057653632014990
plotVals: 1976.416153319644081 -12071.000000000000000 21.625116765499115
plotVals: 1976.443531827515471 -12061.000000000000000 19.210642158985138
plotVals: 1976.470910335386634 -12051.000000000000000 16.808229800313711
plotVals: 1976.498288843258024 -12041.000000000000000 14.417879693210125
plotVals: 1976.525667351129414 -12031.000000000000000 12.036591839045286
plotVals: 1976.553045859000576 -12021.000000000000000 9.658366240561008
plotVals: 1976.580424366871966 -12011.000000000000000 7.277202889323235
plotVals: 1976.607802874743356 -12001.000000000000000 4.890101790428162
plotVals: 1976.635181382614746 -11991.000000000000000 2.494062948971987
plotVals: 1976.662559890485909 -11981.000000000000000 0.083086360245943
plotVals: 1976.689938398357299 -11971.000000000000000 -2.366827983409166
plotVals: 1976.717316906228689 -11961.000000000000000 -4.837680060416460
plotVals: 1976.744695414099851 -11951.000000000000000 -7.326469901949167
plotVals: 1976.772073921971241 -11941.000000000000000 -9.830197472125292
plotVals: 1976.799452429842631 -11931.000000000000000 -12.354862798005342
plotVals: 1976.826830937713794 -11921.000000000000000 -14.894465878605843
plotVals: 1976.854209445585184 -11911.000000000000000 -17.482006698846817
plotVals: 1976.881587953456574 -11901.000000000000000 -20.081485264003277
plotVals: 1976.908966461327964 -11891.000000000000000 -22.692901588976383
plotVals: 1976.936344969199126 -11881.000000000000000 -25.307255648076534
plotVals: 1976.963723477070516 -11871.000000000000000 -27.918547455221415
plotVals: 1976.991101984941906 -11861.000000000000000 -30.526777014136314
plotVals: 1977.016427104722879 -11851.000000000000000 -31.829944320023060
plotVals: 1977.043805612594042 -11841.000000000000000 -31.822049375623465
plotVals: 1977.071184120465432 -11831.000000000000000 -31.796092174947262
plotVals: 1977.098562628336822 -11821.000000000000000 -31.746072720736265
plotVals: 1977.125941136207985 -11811.000000000000000 -31.665991019457579
plotVals: 1977.153319644079374 -11801.000000000000000 -31.555847056210041
plotVals: 1977.180698151950764 -11791.000000000000000 -31.379640851169825
plotVals: 1977.208076659821927 -11781.000000000000000 -31.164372380822897
plotVals: 1977.235455167693317 -11771.000000000000000 -30.916041675955057
plotVals: 1977.262833675564707 -11761.000000000000000 -30.631648700684309
plotVals: 1977.290212183436097 -11751.000000000000000 -30.314193483442068
plotVals: 1977.317590691307259 -11741.000000000000000 -29.963676005601883
plotVals: 1977.344969199178649 -11731.000000000000000 -29.616096280515194
plotVals: 1977.372347707050039 -11721.000000000000000 -29.241454299539328
plotVals: 1977.399726214921202 -11711.000000000000000 -28.842750065028667
plotVals: 1977.427104722792592 -11701.000000000000000 -28.419983591884375
plotVals: 1977.454483230663982 -11691.000000000000000 -27.979154847562313
plotVals: 1977.481861738535144 -11681.000000000000000 -27.526263859122992
plotVals: 1977.509240246406534 -11671.000000000000000 -27.112310614436865
plotVals: 1977.536618754277924 -11661.000000000000000 -26.692295119166374
plotVals: 1977.563997262149314 -11651.000000000000000 -26.266217373311520
plotVals: 1977.591375770020477 -11641.000000000000000 -25.843077372759581
plotVals: 1977.618754277891867 -11631.000000000000000 -25.419875122606754
plotVals: 1977.646132785763257 -11621.000000000000000 -25.002610612660646
plotVals: 1977.673511293634419 -11611.000000000000000 -24.660283859819174
plotVals: 1977.700889801505809 -11601.000000000000000 -24.326894845813513
plotVals: 1977.728268309377199 -11591.000000000000000 -24.008443582803011
plotVals: 1977.755646817248362 -11581.000000000000000 -23.698930069804192
plotVals: 1977.783025325119752 -11571.000000000000000 -23.404354292899370
plotVals: 1977.810403832991142 -11561.000000000000000 -23.121716272085905
plotVals: 1977.837782340862532 -11551.000000000000000 -22.917016007006168
plotVals: 1977.865160848733694 -11541.000000000000000 -22.724253475666046
plotVals: 1977.892539356605084 -11531.000000000000000 -22.546428691595793
plotVals: 1977.919917864476474 -11521.000000000000000 -22.383541662245989
plotVals: 1977.947296372347637 -11511.000000000000000 -22.232592381536961
plotVals: 1977.974674880219027 -11501.000000000000000 -22.096580844372511
plotVals: 1978.002737850787071 -11491.000000000000000 -21.981507051736116
plotVals: 1978.030116358658461 -11481.000000000000000 -21.878371004015207
plotVals: 1978.057494866529851 -11471.000000000000000 -21.784172713756561
plotVals: 1978.084873374401013 -11461.000000000000000 -21.695912163704634
plotVals: 1978.112251882272403 -11451.000000000000000 -21.610589366406202
plotVals: 1978.139630390143793 -11441.000000000000000 -21.528204306960106
plotVals: 1978.167008898014956 -11431.000000000000000 -21.451756998896599
plotVals: 1978.194387405886346 -11421.000000000000000 -21.369247447699308
plotVals: 1978.221765913757736 -11411.000000000000000 -21.280675631016493
plotVals: 1978.249144421629126 -11401.000000000000000 -21.183041568845510
plotVals: 1978.276522929500288 -11391.000000000000000 -21.070345252752304
plotVals: 1978.303901437371678 -11381.000000000000000 -20.942586679011583
plotVals: 1978.331279945243068 -11371.000000000000000 -20.781765867024660
plotVals: 1978.358658453114231 -11361.000000000000000 -20.593882787972689
plotVals: 1978.386036960985621 -11351.000000000000000 -20.384937457740307
plotVals: 1978.413415468857011 -11341.000000000000000 -20.157929882407188
plotVals: 1978.440793976728173 -11331.000000000000000 -19.906860046088696
plotVals: 1978.468172484599563 -11321.000000000000000 -19.634727958589792
plotVals: 1978.495550992470953 -11311.000000000000000 -19.335533626377583
plotVals: 1978.522929500342343 -11301.000000000000000 -19.000277031213045
plotVals: 1978.550308008213506 -11291.000000000000000 -18.643958184868097
plotVals: 1978.577686516084896 -11281.000000000000000 -18.275577090680599
plotVals: 1978.605065023956286 -11271.000000000000000 -17.895133748650551
plotVals: 1978.632443531827448 -11261.000000000000000 -17.502628140151501
plotVals: 1978.659822039698838 -11251.000000000000000 -17.104060292243958
plotVals: 1978.687200547570228 -11241.000000000000000 -16.699430178850889
plotVals: 1978.714579055441391 -11231.000000000000000 -16.291737820953131
plotVals: 1978.741957563312781 -11221.000000000000000 -15.889983203262091
plotVals: 1978.769336071184171 -11211.000000000000000 -15.494166340678930
plotVals: 1978.796714579055333 -11201.000000000000000 -15.110287223011255
plotVals: 1978.824093086926723 -11191.000000000000000 -14.741345848888159
plotVals: 1978.851471594798113 -11181.000000000000000 -14.465342234820127
plotVals: 1978.878850102669503 -11171.000000000000000 -14.204276356846094
plotVals: 1978.906228610540666 -11161.000000000000000 -13.964148227125406
plotVals: 1978.933607118412056 -11151.000000000000000 -13.741957850754261
plotVals: 1978.960985626283446 -11141.000000000000000 -13.540705211460590
plotVals: 1978.988364134154608 -11131.000000000000000 -13.354390326887369
plotVals: 1979.016427104722879 -11121.000000000000000 -13.204013194888830
plotVals: 1979.043805612594042 -11111.000000000000000 -13.071573797613382
plotVals: 1979.071184120465432 -11101.000000000000000 -12.954072151333094
plotVals: 1979.098562628336822 -11091.000000000000000 -12.845508262515068
plotVals: 1979.125941136207985 -11081.000000000000000 -12.751882109791040
plotVals: 1979.153319644079374 -11071.000000000000000 -12.661193706095219
plotVals: 1979.180698151950764 -11061.000000000000000 -12.585443053394556
plotVals: 1979.208076659821927 -11051.000000000000000 -12.509630139917135
plotVals: 1979.235455167693317 -11041.000000000000000 -12.430754985660315
plotVals: 1979.262833675564707 -11031.000000000000000 -12.351817574352026
plotVals: 1979.290212183436097 -11021.000000000000000 -12.266817901283503
plotVals: 1979.317590691307259 -11011.000000000000000 -12.169755987823009
plotVals: 1979.344969199178649 -11001.000000000000000 -12.051631815731525
plotVals: 1979.372347707050039 -10991.000000000000000 -11.918445393443108
plotVals: 1979.399726214921202 -10981.000000000000000 -11.773196715861559
plotVals: 1979.427104722792592 -10971.000000000000000 -11.606885790824890
plotVals: 1979.454483230663982 -10961.000000000000000 -11.422512605786324
plotVals: 1979.481861738535144 -10951.000000000000000 -11.220077171921730
plotVals: 1979.509240246406534 -10941.000000000000000 -11.023579489439726
plotVals: 1979.536618754277924 -10931.000000000000000 -10.812019545584917
plotVals: 1979.563997262149314 -10921.000000000000000 -10.579397354274988
plotVals: 1979.591375770020477 -10911.000000000000000 -10.328712910413742
plotVals: 1979.618754277891867 -10901.000000000000000 -10.065966211259365
plotVals: 1979.646132785763257 -10891.000000000000000 -9.791157260537148
plotVals: 1979.673511293634419 -10881.000000000000000 -9.543286066502333
plotVals: 1979.700889801505809 -10871.000000000000000 -9.289352606981993
plotVals: 1979.728268309377199 -10861.000000000000000 -9.029356893151999
plotVals: 1979.755646817248362 -10851.000000000000000 -8.775298941880465
plotVals: 1979.783025325119752 -10841.000000000000000 -8.524178721010685
plotVals: 1979.810403832991142 -10831.000000000000000 -8.281996253877878
plotVals: 1979.837782340862532 -10821.000000000000000 -8.108751535415649
plotVals: 1979.865160848733694 -10811.000000000000000 -7.953444566577673
plotVals: 1979.892539356605084 -10801.000000000000000 -7.819075345993042
plotVals: 1979.919917864476474 -10791.000000000000000 -7.705643869936466
plotVals: 1979.947296372347637 -10781.000000000000000 -7.616150137037039
plotVals: 1979.974674880219027 -10771.000000000000000 -7.556594159454107
plotVals: 1980.002737850787071 -10761.000000000000000 -7.559975925832987
plotVals: 1980.030116358658461 -10751.000000000000000 -7.593295436352491
plotVals: 1980.057494866529851 -10741.000000000000000 -7.653552692383528
plotVals: 1980.084873374401013 -10731.000000000000000 -7.743747703731060
plotVals: 1980.112251882272403 -10721.000000000000000 -7.857880454510450
plotVals: 1980.139630390143793 -10711.000000000000000 -7.998950958251953
plotVals: 1980.167008898014956 -10701.000000000000000 -8.175959203392267
plotVals: 1980.194387405886346 -10691.000000000000000 -8.379905208945274
plotVals: 1980.221765913757736 -10681.000000000000000 -8.598788943141699
plotVals: 1980.249144421629126 -10671.000000000000000 -8.823610436171293
plotVals: 1980.276522929500288 -10661.000000000000000 -9.054369680583477
plotVals: 1980.303901437371678 -10651.000000000000000 -9.282066661864519
plotVals: 1980.331279945243068 -10641.000000000000000 -9.497701391577721
plotVals: 1980.358658453114231 -10631.000000000000000 -9.692273873835802
plotVals: 1980.386036960985621 -10621.000000000000000 -9.871784105896950
plotVals: 1980.413415468857011 -10611.000000000000000 -10.036232084035873
plotVals: 1980.440793976728173 -10601.000000000000000 -10.179617807269096
plotVals: 1980.468172484599563 -10591.000000000000000 -10.304941274225712
plotVals: 1980.495550992470953 -10581.000000000000000 -10.403202489018440
plotVals: 1980.522929500342343 -10571.000000000000000 -10.447401456534863
plotVals: 1980.550308008213506 -10561.000000000000000 -10.467538170516491
plotVals: 1980.577686516084896 -10551.000000000000000 -10.463612630963326
plotVals: 1980.605065023956286 -10541.000000000000000 -10.441624835133553
plotVals: 1980.632443531827448 -10531.000000000000000 -10.398574788123369
plotVals: 1980.659822039698838 -10521.000000000000000 -10.337462488561869
plotVals: 1980.687200547570228 -10511.000000000000000 -10.243287939578295
plotVals: 1980.714579055441391 -10501.000000000000000 -10.140051133930683
plotVals: 1980.741957563312781 -10491.000000000000000 -10.027752079069614
plotVals: 1980.769336071184171 -10481.000000000000000 -9.915390774607658
plotVals: 1980.796714579055333 -10471.000000000000000 -9.805967211723328
plotVals: 1980.824093086926723 -10461.000000000000000 -9.702481396496296
plotVals: 1980.851471594798113 -10451.000000000000000 -9.625933326780796
plotVals: 1980.878850102669503 -10441.000000000000000 -9.564323011785746
plotVals: 1980.906228610540666 -10431.000000000000000 -9.517650432884693
plotVals: 1980.933607118412056 -10421.000000000000000 -9.488915611058474
plotVals: 1980.960985626283446 -10411.000000000000000 -9.481118533760309
plotVals: 1980.988364134154608 -10401.000000000000000 -9.497259203344584
plotVals: 1981.013689253935581 -10391.000000000000000 -9.564337618649006
plotVals: 1981.041067761806971 -10381.000000000000000 -9.655353780835867
plotVals: 1981.068446269678361 -10371.000000000000000 -9.764307692646980
plotVals: 1981.095824777549524 -10361.000000000000000 -9.891199354082346
plotVals: 1981.123203285420914 -10351.000000000000000 -10.033028755337000
plotVals: 1981.150581793292304 -10341.000000000000000 -10.186795908957720
plotVals: 1981.177960301163694 -10331.000000000000000 -10.361500818282366
plotVals: 1981.205338809034856 -10321.000000000000000 -10.542143464088440
plotVals: 1981.232717316906246 -10311.000000000000000 -10.719723857939243
plotVals: 1981.260095824777636 -10301.000000000000000 -10.894242003560066
plotVals: 1981.287474332648799 -10291.000000000000000 -11.062697891145945
plotVals: 1981.314852840520189 -10281.000000000000000 -11.213091526180506
plotVals: 1981.342231348391579 -10271.000000000000000 -11.330422915518284
plotVals: 1981.369609856262741 -10261.000000000000000 -11.426692049950361
plotVals: 1981.396988364134131 -10251.000000000000000 -11.498898927122355
plotVals: 1981.424366872005521 -10241.000000000000000 -11.550043549388647
plotVals: 1981.451745379876684 -10231.000000000000000 -11.577125929296017
plotVals: 1981.479123887748074 -10221.000000000000000 -11.577146045863628
plotVals: 1981.506502395619464 -10211.000000000000000 -11.523103915154934
plotVals: 1981.533880903490854 -10201.000000000000000 -11.441999536007643
plotVals: 1981.561259411362016 -10191.000000000000000 -11.339832894504070
plotVals: 1981.588637919233406 -10181.000000000000000 -11.222604002803564
plotVals: 1981.616016427104796 -10171.000000000000000 -11.090312868356705
plotVals: 1981.643394934975959 -10161.000000000000000 -10.945959471166134
plotVals: 1981.670773442847349 -10151.000000000000000 -10.792543824762106
plotVals: 1981.698151950718739 -10141.000000000000000 -10.636065926402807
plotVals: 1981.725530458589901 -10131.000000000000000 -10.482525769621134
plotVals: 1981.752908966461291 -10121.000000000000000 -10.331923361867666
plotVals: 1981.780287474332681 -10111.000000000000000 -10.190258711576462
plotVals: 1981.807665982204071 -10101.000000000000000 -10.063531801104546
plotVals: 1981.835044490075234 -10091.000000000000000 -9.969742637127638
plotVals: 1981.862422997946624 -10081.000000000000000 -9.902891226112843
plotVals: 1981.889801505818014 -10071.000000000000000 -9.853977553546429
plotVals: 1981.917180013689176 -10061.000000000000000 -9.826001629233360
plotVals: 1981.944558521560566 -10051.000000000000000 -9.812963459640741
plotVals: 1981.971937029431956 -10041.000000000000000 -9.817863032221794
plotVals: 1981.999315537303119 -10031.000000000000000 -9.855700355023146
plotVals: 1982.027378507871390 -10021.000000000000000 -9.920475423336029
plotVals: 1982.054757015742553 -10011.000000000000000 -9.997188240289688
plotVals: 1982.082135523613942 -10001.000000000000000 -10.082838796079159
plotVals: 1982.109514031485332 -9991.000000000000000 -10.174427110701799
plotVals: 1982.136892539356495 -9981.000000000000000 -10.268953166902065
plotVals: 1982.164271047227885 -9971.000000000000000 -10.357416972517967
plotVals: 1982.191649555099275 -9961.000000000000000 -10.439818527549505
plotVals: 1982.219028062970665 -9951.000000000000000 -10.513157825917006
plotVals: 1982.246406570841827 -9941.000000000000000 -10.574434868991375
plotVals: 1982.273785078713217 -9931.000000000000000 -10.620649669319391
plotVals: 1982.301163586584607 -9921.000000000000000 -10.648802213370800
plotVals: 1982.328542094455770 -9911.000000000000000 -10.646892495453358
plotVals: 1982.355920602327160 -9901.000000000000000 -10.653920538723469
plotVals: 1982.383299110198550 -9891.000000000000000 -10.636886317282915
plotVals: 1982.410677618069712 -9881.000000000000000 -10.595789849758148
plotVals: 1982.438056125941102 -9871.000000000000000 -10.536631125956774
plotVals: 1982.465434633812492 -9861.000000000000000 -10.459410153329372
plotVals: 1982.492813141683882 -9851.000000000000000 -10.361126922070980
plotVals: 1982.520191649555045 -9841.000000000000000 -10.289781447499990
plotVals: 1982.547570157426435 -9831.000000000000000 -10.200373712927103
plotVals: 1982.574948665297825 -9821.000000000000000 -10.104903731495142
plotVals: 1982.602327173168987 -9811.000000000000000 -10.000371493399143
plotVals: 1982.629705681040377 -9801.000000000000000 -9.892776999622583
plotVals: 1982.657084188911767 -9791.000000000000000 -9.785120256245136
plotVals: 1982.684462696782930 -9781.000000000000000 -9.737401265650988
plotVals: 1982.711841204654320 -9771.000000000000000 -9.692620012909174
plotVals: 1982.739219712525710 -9761.000000000000000 -9.653776511549950
plotVals: 1982.766598220397100 -9751.000000000000000 -9.626870758831501
plotVals: 1982.793976728268262 -9741.000000000000000 -9.611902751028538
plotVals: 1982.821355236139652 -9731.000000000000000 -9.611872494220734
plotVals: 1982.848733744011042 -9721.000000000000000 -9.644779983907938
plotVals: 1982.876112251882205 -9711.000000000000000 -9.695625215768814
plotVals: 1982.903490759753595 -9701.000000000000000 -9.764408200979233
plotVals: 1982.930869267624985 -9691.000000000000000 -9.845128927379847
plotVals: 1982.958247775496147 -9681.000000000000000 -9.937787406146526
plotVals: 1982.985626283367537 -9671.000000000000000 -10.045383632183075
plotVals: 1983.013689253935581 -9661.000000000000000 -10.170917604118586
plotVals: 1983.041067761806971 -9651.000000000000000 -10.308389328420162
plotVals: 1983.068446269678361 -9641.000000000000000 -10.451798789203167
plotVals: 1983.095824777549524 -9631.000000000000000 -10.598146006464958
plotVals: 1983.123203285420914 -9621.000000000000000 -10.747430972754955
plotVals: 1983.150581793292304 -9611.000000000000000 -10.899653684347868
plotVals: 1983.177960301163694 -9601.000000000000000 -11.042814135551453
plotVals: 1983.205338809034856 -9591.000000000000000 -11.182912338525057
plotVals: 1983.232717316906246 -9581.000000000000000 -11.316948290914297
plotVals: 1983.260095824777636 -9571.000000000000000 -11.441921986639500
plotVals: 1983.287474332648799 -9561.000000000000000 -11.554833438247442
plotVals: 1983.314852840520189 -9551.000000000000000 -11.658682633191347
plotVals: 1983.342231348391579 -9541.000000000000000 -11.735469568520784
plotVals: 1983.369609856262741 -9531.000000000000000 -11.797194257378578
plotVals: 1983.396988364134131 -9521.000000000000000 -11.846856694668531
plotVals: 1983.424366872005521 -9511.000000000000000 -11.878456875681877
plotVals: 1983.451745379876684 -9501.000000000000000 -11.900994807481766
plotVals: 1983.479123887748074 -9491.000000000000000 -11.905470483005047
plotVals: 1983.506502395619464 -9481.000000000000000 -11.885883908718824
plotVals: 1983.533880903490854 -9471.000000000000000 -11.851235084235668
plotVals: 1983.561259411362016 -9461.000000000000000 -11.807524003088474
plotVals: 1983.588637919233406 -9451.000000000000000 -11.757750663906336
plotVals: 1983.616016427104796 -9441.000000000000000 -11.701915077865124
plotVals: 1983.643394934975959 -9431.000000000000000 -11.643017239868641
plotVals: 1983.670773442847349 -9421.000000000000000 -11.587057147175074
plotVals: 1983.698151950718739 -9411.000000000000000 -11.528034806251526
plotVals: 1983.725530458589901 -9401.000000000000000 -11.474950209259987
plotVals: 1983.752908966461291 -9391.000000000000000 -11.421803355216980
plotVals: 1983.780287474332681 -9381.000000000000000 -11.377594258636236
plotVals: 1983.807665982204071 -9371.000000000000000 -11.336322899907827
plotVals: 1983.835044490075234 -9361.000000000000000 -11.315989293158054
plotVals: 1983.862422997946624 -9351.000000000000000 -11.304593440145254
plotVals: 1983.889801505818014 -9341.000000000000000 -11.305135320872068
plotVals: 1983.917180013689176 -9331.000000000000000 -11.314614955335855
plotVals: 1983.944558521560566 -9321.000000000000000 -11.330032341182232
plotVals: 1983.971937029431956 -9311.000000000000000 -11.357387468218803
plotVals: 1983.999315537303119 -9301.000000000000000 -11.396680343896151
plotVals: 1984.027378507871390 -9291.000000000000000 -11.453910969197750
plotVals: 1984.054757015742553 -9281.000000000000000 -11.514079339802265
plotVals: 1984.082135523613942 -9271.000000000000000 -11.583185452967882
plotVals: 1984.109514031485332 -9261.000000000000000 -11.655229322612286
plotVals: 1984.136892539356495 -9251.000000000000000 -11.733210936188698
plotVals: 1984.164271047227885 -9241.000000000000000 -11.808130297809839
plotVals: 1984.191649555099275 -9231.000000000000000 -11.831987403333187
plotVals: 1984.219028062970665 -9221.000000000000000 -11.855782262980938
plotVals: 1984.246406570841827 -9211.000000000000000 -11.876514859497547
plotVals: 1984.273785078713217 -9201.000000000000000 -11.894185211509466
plotVals: 1984.301163586584607 -9191.000000000000000 -11.905793312937021
plotVals: 1984.328542094455770 -9181.000000000000000 -11.911339156329632
plotVals: 1984.355920602327160 -9171.000000000000000 -11.904822748154402
plotVals: 1984.383299110198550 -9161.000000000000000 -11.889244087040424
plotVals: 1984.410677618069712 -9151.000000000000000 -11.867603175342083
plotVals: 1984.438056125941102 -9141.000000000000000 -11.839900005608797
plotVals: 1984.465434633812492 -9131.000000000000000 -11.806134589016438
plotVals: 1984.492813141683882 -9121.000000000000000 -11.766306914389133
plotVals: 1984.520191649555045 -9111.000000000000000 -11.714416995644569
plotVals: 1984.547570157426435 -9101.000000000000000 -11.659464813768864
plotVals: 1984.574948665297825 -9091.000000000000000 -11.598450385034084
plotVals: 1984.602327173168987 -9081.000000000000000 -11.534373704344034
plotVals: 1984.629705681040377 -9071.000000000000000 -11.467234771698713
plotVals: 1984.657084188911767 -9061.000000000000000 -11.400033582001925
plotVals: 1984.684462696782930 -9051.000000000000000 -11.329770140349865
plotVals: 1984.711841204654320 -9041.000000000000000 -11.259444452822208
plotVals: 1984.739219712525710 -9031.000000000000000 -11.192056506872177
plotVals: 1984.766598220397100 -9021.000000000000000 -11.124606307595968
plotVals: 1984.793976728268262 -9011.000000000000000 -11.060093857347965
plotVals: 1984.821355236139652 -9001.000000000000000 -11.001519154757261
plotVals: 1984.848733744011042 -8991.000000000000000 -10.951882198452950
plotVals: 1984.876112251882205 -8981.000000000000000 -10.908182989805937
plotVals: 1984.903490759753595 -8971.000000000000000 -10.870421528816223
plotVals: 1984.930869267624985 -8961.000000000000000 -10.835597813129425
plotVals: 1984.958247775496147 -8951.000000000000000 -10.806711848825216
plotVals: 1984.985626283367537 -8941.000000000000000 -10.783763628453016
plotVals: 1985.010951403148511 -8931.000000000000000 -10.772753156721592
plotVals: 1985.038329911019900 -8921.000000000000000 -10.764680430293083
plotVals: 1985.065708418891063 -8911.000000000000000 -10.759545456618071
plotVals: 1985.093086926762453 -8901.000000000000000 -10.760348226875067
plotVals: 1985.120465434633843 -8891.000000000000000 -10.761088740080595
plotVals: 1985.147843942505233 -8881.000000000000000 -10.764767013490200
plotVals: 1985.175222450376395 -8871.000000000000000 -10.768383018672466
plotVals: 1985.202600958247785 -8861.000000000000000 -10.771936781704426
plotVals: 1985.229979466119175 -8851.000000000000000 -10.775428287684917
plotVals: 1985.257357973990338 -8841.000000000000000 -10.775857541710138
plotVals: 1985.284736481861728 -8831.000000000000000 -10.776224538683891
plotVals: 1985.312114989733118 -8821.000000000000000 -10.776529289782047
plotVals: 1985.339493497604280 -8811.000000000000000 -10.767771780490875
plotVals: 1985.366872005475670 -8801.000000000000000 -10.755952030420303
plotVals: 1985.394250513347060 -8791.000000000000000 -10.744070019572973
plotVals: 1985.421629021218450 -8781.000000000000000 -10.726125758141279
plotVals: 1985.449007529089613 -8771.000000000000000 -10.708119243383408
plotVals: 1985.476386036961003 -8761.000000000000000 -10.687050476670265
plotVals: 1985.503764544832393 -8751.000000000000000 -10.659919455647469
plotVals: 1985.531143052703555 -8741.000000000000000 -10.632726177573204
plotVals: 1985.558521560574945 -8731.000000000000000 -10.602470654994249
plotVals: 1985.585900068446335 -8721.000000000000000 -10.575152881443501
plotVals: 1985.613278576317498 -8711.000000000000000 -10.544772848486900
plotVals: 1985.640657084188888 -8701.000000000000000 -10.520330566912889
plotVals: 1985.668035592060278 -8691.000000000000000 -10.495826032012701
plotVals: 1985.695414099931440 -8681.000000000000000 -10.477259244769812
plotVals: 1985.722792607802830 -8671.000000000000000 -10.461630202829838
plotVals: 1985.750171115674220 -8661.000000000000000 -10.448938906192780
plotVals: 1985.777549623545610 -8651.000000000000000 -10.442185360938311
plotVals: 1985.804928131416773 -8641.000000000000000 -10.441369567066431
plotVals: 1985.832306639288163 -8631.000000000000000 -10.446491509675980
plotVals: 1985.859685147159553 -8621.000000000000000 -10.466551203280687
plotVals: 1985.887063655030715 -8611.000000000000000 -10.489548653364182
plotVals: 1985.914442162902105 -8601.000000000000000 -10.518483839929104
plotVals: 1985.941820670773495 -8591.000000000000000 -10.553356774151325
plotVals: 1985.969199178644658 -8581.000000000000000 -10.594167459756136
plotVals: 1985.996577686516048 -8571.000000000000000 -10.640915900468826
plotVals: 1986.024640657084092 -8561.000000000000000 -10.693602077662945
plotVals: 1986.052019164955482 -8551.000000000000000 -10.752226006239653
plotVals: 1986.079397672826872 -8541.000000000000000 -10.813787672668695
plotVals: 1986.106776180698262 -8531.000000000000000 -10.875287100672722
plotVals: 1986.134154688569424 -8521.000000000000000 -10.939724266529083
plotVals: 1986.161533196440814 -8511.000000000000000 -11.004099179059267
plotVals: 1986.188911704312204 -8501.000000000000000 -11.068411841988564
plotVals: 1986.216290212183367 -8491.000000000000000 -11.129662260413170
plotVals: 1986.243668720054757 -8481.000000000000000 -11.190850414335728
plotVals: 1986.271047227926147 -8471.000000000000000 -11.245976321399212
plotVals: 1986.298425735797309 -8461.000000000000000 -11.298039976507425
plotVals: 1986.325804243668699 -8451.000000000000000 -11.344041373580694
plotVals: 1986.353182751540089 -8441.000000000000000 -11.380980521440506
plotVals: 1986.380561259411252 -8431.000000000000000 -11.411857422441244
plotVals: 1986.407939767282642 -8421.000000000000000 -11.436672054231167
plotVals: 1986.435318275154032 -8411.000000000000000 -11.452424447983503
plotVals: 1986.462696783025422 -8401.000000000000000 -11.465114589780569
plotVals: 1986.490075290896584 -8391.000000000000000 -11.468742474913597
plotVals: 1986.517453798767974 -8381.000000000000000 -11.463308099657297
plotVals: 1986.544832306639364 -8371.000000000000000 -11.448811486363411
plotVals: 1986.572210814510527 -8361.000000000000000 -11.428252611309290
plotVals: 1986.599589322381917 -8351.000000000000000 -11.407631482928991
plotVals: 1986.626967830253307 -8341.000000000000000 -11.380948100239038
plotVals: 1986.654346338124469 -8331.000000000000000 -11.354202467948198
plotVals: 1986.681724845995859 -8321.000000000000000 -11.321394585072994
plotVals: 1986.709103353867249 -8311.000000000000000 -11.291524451225996
plotVals: 1986.736481861738639 -8301.000000000000000 -11.261592064052820
plotVals: 1986.763860369609802 -8291.000000000000000 -11.231597412377596
plotVals: 1986.791238877481192 -8281.000000000000000 -11.204540520906448
plotVals: 1986.818617385352582 -8271.000000000000000 -11.183421377092600
plotVals: 1986.845995893223744 -8261.000000000000000 -11.171239972114563
plotVals: 1986.873374401095134 -8251.000000000000000 -11.164996318519115
plotVals: 1986.900752908966524 -8241.000000000000000 -11.164690416306257
plotVals: 1986.928131416837687 -8231.000000000000000 -11.167322251945734
plotVals: 1986.955509924709077 -8221.000000000000000 -11.178891841322184
plotVals: 1986.982888432580467 -8211.000000000000000 -11.190399181097746
plotVals: 1987.010951403148511 -8201.000000000000000 -11.216844268143177
plotVals: 1987.038329911019900 -8191.000000000000000 -11.246227093040943
plotVals: 1987.065708418891063 -8181.000000000000000 -11.281547676771879
plotVals: 1987.093086926762453 -8171.000000000000000 -11.313806004822254
plotVals: 1987.120465434633843 -8161.000000000000000 -11.352002076804638
plotVals: 1987.147843942505233 -8151.000000000000000 -11.387135893106461
plotVals: 1987.175222450376395 -8141.000000000000000 -11.422207463532686
plotVals: 1987.202600958247785 -8131.000000000000000 -11.457216773182154
plotVals: 1987.229979466119175 -8121.000000000000000 -11.489163838326931
plotVals: 1987.257357973990338 -8111.000000000000000 -11.515048652887344
plotVals: 1987.284736481861728 -8101.000000000000000 -11.537871204316616
plotVals: 1987.312114989733118 -8091.000000000000000 -11.557631514966488
plotVals: 1987.339493497604280 -8081.000000000000000 -11.559329569339752
plotVals: 1987.366872005475670 -8071.000000000000000 -11.554965358227491
plotVals: 1987.394250513347060 -8061.000000000000000 -11.544538907706738
plotVals: 1987.421629021218450 -8051.000000000000000 -11.528050202876329
plotVals: 1987.449007529089613 -8041.000000000000000 -11.505499243736267
plotVals: 1987.476386036961003 -8031.000000000000000 -11.479886032640934
plotVals: 1987.503764544832393 -8021.000000000000000 -11.445210564881563
plotVals: 1987.531143052703555 -8011.000000000000000 -11.407472852617502
plotVals: 1987.558521560574945 -8001.000000000000000 -11.363672878593206
plotVals: 1987.585900068446335 -7991.000000000000000 -11.316810660064220
plotVals: 1987.613278576317498 -7981.000000000000000 -11.269886184483767
plotVals: 1987.640657084188888 -7971.000000000000000 -11.219899460673332
plotVals: 1987.668035592060278 -7961.000000000000000 -11.172850478440523
plotVals: 1987.695414099931440 -7951.000000000000000 -11.125739242881536
plotVals: 1987.722792607802830 -7941.000000000000000 -11.078565761446953
plotVals: 1987.750171115674220 -7931.000000000000000 -11.031330019235611
plotVals: 1987.777549623545610 -7921.000000000000000 -10.987032026052475
plotVals: 1987.804928131416773 -7911.000000000000000 -10.945671785622835
plotVals: 1987.832306639288163 -7901.000000000000000 -10.907249294221401
plotVals: 1987.859685147159553 -7891.000000000000000 -10.874764539301395
plotVals: 1987.887063655030715 -7881.000000000000000 -10.848217543214560
plotVals: 1987.914442162902105 -7871.000000000000000 -10.821608282625675
plotVals: 1987.941820670773495 -7861.000000000000000 -10.797936778515577
plotVals: 1987.969199178644658 -7851.000000000000000 -10.777203019708395
plotVals: 1987.996577686516048 -7841.000000000000000 -10.759407006204128
plotVals: 1988.024640657084092 -7831.000000000000000 -10.747548740357161
plotVals: 1988.052019164955482 -7821.000000000000000 -10.735628228634596
plotVals: 1988.079397672826872 -7811.000000000000000 -10.726645454764366
plotVals: 1988.106776180698262 -7801.000000000000000 -10.720600433647633
plotVals: 1988.134154688569424 -7791.000000000000000 -10.711493153125048
plotVals: 1988.161533196440814 -7781.000000000000000 -10.702323626726866
plotVals: 1988.188911704312204 -7771.000000000000000 -10.693091847002506
plotVals: 1988.216290212183367 -7761.000000000000000 -10.683797813951969
plotVals: 1988.243668720054757 -7751.000000000000000 -10.668441526591778
plotVals: 1988.271047227926147 -7741.000000000000000 -10.653022985905409
plotVals: 1988.298425735797309 -7731.000000000000000 -10.637542191892862
plotVals: 1988.325804243668699 -7721.000000000000000 -10.612999152392149
plotVals: 1988.353182751540089 -7711.000000000000000 -10.585393857210875
plotVals: 1988.380561259411252 -7701.000000000000000 -10.554726306349039
plotVals: 1988.407939767282642 -7691.000000000000000 -10.517996508628130
plotVals: 1988.435318275154032 -7681.000000000000000 -10.475204452872276
plotVals: 1988.462696783025422 -7671.000000000000000 -10.429350141435862
plotVals: 1988.490075290896584 -7661.000000000000000 -10.377433583140373
plotVals: 1988.517453798767974 -7651.000000000000000 -10.319454770535231
plotVals: 1988.544832306639364 -7641.000000000000000 -10.255413703620434
plotVals: 1988.572210814510527 -7631.000000000000000 -10.188310384750366
plotVals: 1988.599589322381917 -7621.000000000000000 -10.115144819021225
plotVals: 1988.626967830253307 -7611.000000000000000 -10.041916988790035
plotVals: 1988.654346338124469 -7601.000000000000000 -9.968626920133829
plotVals: 1988.681724845995859 -7591.000000000000000 -9.889274585992098
plotVals: 1988.709103353867249 -7581.000000000000000 -9.812860004603863
plotVals: 1988.736481861738639 -7571.000000000000000 -9.733383174985647
plotVals: 1988.763860369609802 -7561.000000000000000 -9.656844086945057
plotVals: 1988.791238877481192 -7551.000000000000000 -9.580242745578289
plotVals: 1988.818617385352582 -7541.000000000000000 -9.509579155594110
plotVals: 1988.845995893223744 -7531.000000000000000 -9.441853307187557
plotVals: 1988.873374401095134 -7521.000000000000000 -9.380065213888884
plotVals: 1988.900752908966524 -7511.000000000000000 -9.321214862167835
plotVals: 1988.928131416837687 -7501.000000000000000 -9.265302263200283
plotVals: 1988.955509924709077 -7491.000000000000000 -9.212327402085066
plotVals: 1988.982888432580467 -7481.000000000000000 -9.162290301173925
plotVals: 1989.008213552361440 -7471.000000000000000 -9.124190937727690
plotVals: 1989.035592060232830 -7461.000000000000000 -9.086029324680567
plotVals: 1989.062970568103992 -7451.000000000000000 -9.050805456936359
plotVals: 1989.090349075975382 -7441.000000000000000 -9.018519334495068
plotVals: 1989.117727583846772 -7431.000000000000000 -8.983170971274376
plotVals: 1989.145106091717935 -7421.000000000000000 -8.947760343551636
plotVals: 1989.172484599589325 -7411.000000000000000 -8.909287463873625
plotVals: 1989.199863107460715 -7401.000000000000000 -8.867752335965633
plotVals: 1989.227241615331877 -7391.000000000000000 -8.823154956102371
plotVals: 1989.254620123203267 -7381.000000000000000 -8.772495318204165
plotVals: 1989.281998631074657 -7371.000000000000000 -8.718773432075977
plotVals: 1989.309377138945820 -7361.000000000000000 -8.658989299088717
plotVals: 1989.336755646817210 -7351.000000000000000 -8.587142903357744
plotVals: 1989.364134154688600 -7341.000000000000000 -8.509234257042408
plotVals: 1989.391512662559990 -7331.000000000000000 -8.425263360142708
plotVals: 1989.418891170431152 -7321.000000000000000 -8.338230203837156
plotVals: 1989.446269678302542 -7311.000000000000000 -8.242134798318148
plotVals: 1989.473648186173932 -7301.000000000000000 -8.142977144569159
plotVals: 1989.501026694045095 -7291.000000000000000 -8.049757242202759
plotVals: 1989.528405201916485 -7281.000000000000000 -7.950475078076124
plotVals: 1989.555783709787875 -7271.000000000000000 -7.851130660623312
plotVals: 1989.583162217659037 -7261.000000000000000 -7.745723996311426
plotVals: 1989.610540725530427 -7251.000000000000000 -7.640255078673363
plotVals: 1989.637919233401817 -7241.000000000000000 -7.537723902612925
plotVals: 1989.665297741273207 -7231.000000000000000 -7.432130478322506
plotVals: 1989.692676249144370 -7221.000000000000000 -7.335474800318480
plotVals: 1989.720054757015760 -7211.000000000000000 -7.238756868988276
plotVals: 1989.747433264887150 -7201.000000000000000 -7.144976694136858
plotVals: 1989.774811772758312 -7191.000000000000000 -7.051134254783392
plotVals: 1989.802190280629702 -7181.000000000000000 -6.960229568183422
plotVals: 1989.829568788501092 -7171.000000000000000 -6.869262628257275
plotVals: 1989.856947296372255 -7161.000000000000000 -6.787233438342810
plotVals: 1989.884325804243645 -7151.000000000000000 -6.705141987651587
plotVals: 1989.911704312115035 -7141.000000000000000 -6.625988289713860
plotVals: 1989.939082819986197 -7131.000000000000000 -6.546772338449955
plotVals: 1989.966461327857587 -7121.000000000000000 -6.467494130134583
plotVals: 1989.993839835728977 -7111.000000000000000 -6.391153682023287
plotVals: 1990.021902806297021 -7101.000000000000000 -6.323750972747803
plotVals: 1990.049281314168411 -7091.000000000000000 -6.253286004066467
plotVals: 1990.076659822039801 -7081.000000000000000 -6.185758795589209
plotVals: 1990.104038329910964 -7071.000000000000000 -6.115169323980808
plotVals: 1990.131416837782353 -7061.000000000000000 -6.041517604142427
plotVals: 1990.158795345653743 -7051.000000000000000 -5.967803634703159
plotVals: 1990.186173853524906 -7041.000000000000000 -5.900027409195900
plotVals: 1990.213552361396296 -7031.000000000000000 -5.832188930362463
plotVals: 1990.240930869267686 -7021.000000000000000 -5.764288205653429
plotVals: 1990.268309377138849 -7011.000000000000000 -5.690325222909451
plotVals: 1990.295687885010238 -7001.000000000000000 -5.619299978017807
plotVals: 1990.323066392881628 -6991.000000000000000 -5.545212492346764
plotVals: 1990.350444900753018 -6981.000000000000000 -5.486062750220299
plotVals: 1990.377823408624181 -6971.000000000000000 -5.423850756138563
plotVals: 1990.405201916495571 -6961.000000000000000 -5.361576516181231
plotVals: 1990.432580424366961 -6951.000000000000000 -5.299240015447140
plotVals: 1990.459958932238123 -6941.000000000000000 -5.236841257661581
plotVals: 1990.487337440109513 -6931.000000000000000 -5.174380254000425
plotVals: 1990.514715947980903 -6921.000000000000000 -5.126856997609138
plotVals: 1990.542094455852066 -6911.000000000000000 -5.079271484166384
plotVals: 1990.569472963723456 -6901.000000000000000 -5.028623729944229
plotVals: 1990.596851471594846 -6891.000000000000000 -4.980913709849119
plotVals: 1990.624229979466008 -6881.000000000000000 -4.933141440153122
plotVals: 1990.651608487337398 -6871.000000000000000 -4.882306922227144
plotVals: 1990.678986995208788 -6861.000000000000000 -4.846410151571035
plotVals: 1990.706365503080178 -6851.000000000000000 -4.807451121509075
plotVals: 1990.733744010951341 -6841.000000000000000 -4.765429843217134
plotVals: 1990.761122518822731 -6831.000000000000000 -4.726346317678690
plotVals: 1990.788501026694121 -6821.000000000000000 -4.681200534105301
plotVals: 1990.815879534565283 -6811.000000000000000 -4.635992493480444
plotVals: 1990.843258042436673 -6801.000000000000000 -4.587722204625607
plotVals: 1990.870636550308063 -6791.000000000000000 -4.536389663815498
plotVals: 1990.898015058179226 -6781.000000000000000 -4.484994873404503
plotVals: 1990.925393566050616 -6771.000000000000000 -4.427537821233273
plotVals: 1990.952772073922006 -6761.000000000000000 -4.370018523186445
plotVals: 1990.980150581793396 -6751.000000000000000 -4.309436965733767
plotVals: 1991.008213552361440 -6741.000000000000000 -4.242793172597885
plotVals: 1991.035592060232830 -6731.000000000000000 -4.176087107509375
plotVals: 1991.062970568103992 -6721.000000000000000 -4.103318791836500
plotVals: 1991.090349075975382 -6711.000000000000000 -4.030488237738609
plotVals: 1991.117727583846772 -6701.000000000000000 -3.954595420509577
plotVals: 1991.145106091717935 -6691.000000000000000 -3.875640351325274
plotVals: 1991.172484599589325 -6681.000000000000000 -3.814623028039932
plotVals: 1991.199863107460715 -6671.000000000000000 -3.750543456524611
plotVals: 1991.227241615331877 -6661.000000000000000 -3.686401627957821
plotVals: 1991.254620123203267 -6651.000000000000000 -3.619197551161051
plotVals: 1991.281998631074657 -6641.000000000000000 -3.548931218683720
plotVals: 1991.309377138945820 -6631.000000000000000 -3.478602632880211
plotVals: 1991.336755646817210 -6621.000000000000000 -3.423211798071861
plotVals: 1991.364134154688600 -6611.000000000000000 -3.367758706212044
plotVals: 1991.391512662559990 -6601.000000000000000 -3.309243366122246
plotVals: 1991.418891170431152 -6591.000000000000000 -3.247665770351887
plotVals: 1991.446269678302542 -6581.000000000000000 -3.189025919884443
plotVals: 1991.473648186173932 -6571.000000000000000 -3.127323821187019
plotVals: 1991.501026694045095 -6561.000000000000000 -3.062559466809034
plotVals: 1991.528405201916485 -6551.000000000000000 -2.997732862830162
plotVals: 1991.555783709787875 -6541.000000000000000 -2.932844005525112
plotVals: 1991.583162217659037 -6531.000000000000000 -2.870892893522978
plotVals: 1991.610540725530427 -6521.000000000000000 -2.805879533290863
plotVals: 1991.637919233401817 -6511.000000000000000 -2.740803916007280
plotVals: 1991.665297741273207 -6501.000000000000000 -2.675666045397520
plotVals: 1991.692676249144370 -6491.000000000000000 -2.628465924412012
plotVals: 1991.720054757015760 -6481.000000000000000 -2.578203547745943
plotVals: 1991.747433264887150 -6471.000000000000000 -2.530878923833370
plotVals: 1991.774811772758312 -6461.000000000000000 -2.486492045223713
plotVals: 1991.802190280629702 -6451.000000000000000 -2.442042909562588
plotVals: 1991.829568788501092 -6441.000000000000000 -2.400531526654959
plotVals: 1991.856947296372255 -6431.000000000000000 -2.373957887291908
plotVals: 1991.884325804243645 -6421.000000000000000 -2.353321995586157
plotVals: 1991.911704312115035 -6411.000000000000000 -2.332623861730099
plotVals: 1991.939082819986197 -6401.000000000000000 -2.311863455921412
plotVals: 1991.966461327857587 -6391.000000000000000 -2.297040808945894
plotVals: 1991.993839835728977 -6381.000000000000000 -2.282155916094780
plotVals: 1992.021902806297021 -6371.000000000000000 -2.270208757370710
plotVals: 1992.049281314168411 -6361.000000000000000 -2.258199349045753
plotVals: 1992.076659822039801 -6351.000000000000000 -2.249127697199583
plotVals: 1992.104038329910964 -6341.000000000000000 -2.239993777126074
plotVals: 1992.131416837782353 -6331.000000000000000 -2.227797619998455
plotVals: 1992.158795345653743 -6321.000000000000000 -2.215539202094078
plotVals: 1992.186173853524906 -6311.000000000000000 -2.200218528509140
plotVals: 1992.213552361396296 -6301.000000000000000 -2.181835610419512
plotVals: 1992.240930869267686 -6291.000000000000000 -2.163390431553125
plotVals: 1992.268309377138849 -6281.000000000000000 -2.138883002102375
plotVals: 1992.295687885010238 -6271.000000000000000 -2.111313324421644
plotVals: 1992.323066392881628 -6261.000000000000000 -2.080681387335062
plotVals: 1992.350444900753018 -6251.000000000000000 -2.055987209081650
plotVals: 1992.377823408624181 -6241.000000000000000 -2.028230763971806
plotVals: 1992.405201916495571 -6231.000000000000000 -1.997412074357271
plotVals: 1992.432580424366961 -6221.000000000000000 -1.963531136512756
plotVals: 1992.459958932238123 -6211.000000000000000 -1.929587941616774
plotVals: 1992.487337440109513 -6201.000000000000000 -1.889582488685846
plotVals: 1992.514715947980903 -6191.000000000000000 -1.861514791846275
plotVals: 1992.542094455852066 -6181.000000000000000 -1.830384835600853
plotVals: 1992.569472963723456 -6171.000000000000000 -1.799192622303963
plotVals: 1992.596851471594846 -6161.000000000000000 -1.764938168227673
plotVals: 1992.624229979466008 -6151.000000000000000 -1.733621459454298
plotVals: 1992.651608487337398 -6141.000000000000000 -1.705242484807968
plotVals: 1992.678986995208788 -6131.000000000000000 -1.676801275461912
plotVals: 1992.706365503080178 -6121.000000000000000 -1.651297807693481
plotVals: 1992.733744010951341 -6111.000000000000000 -1.628732077777386
plotVals: 1992.761122518822731 -6101.000000000000000 -1.609104111790657
plotVals: 1992.788501026694121 -6091.000000000000000 -1.589413881301880
plotVals: 1992.815879534565283 -6081.000000000000000 -1.572661392390728
plotVals: 1992.843258042436673 -6071.000000000000000 -1.558846663683653
plotVals: 1992.870636550308063 -6061.000000000000000 -1.550969678908587
plotVals: 1992.898015058179226 -6051.000000000000000 -1.543030440807343
plotVals: 1992.925393566050616 -6041.000000000000000 -1.538028944283724
plotVals: 1992.952772073922006 -6031.000000000000000 -1.532965205609798
plotVals: 1992.980150581793396 -6021.000000000000000 -1.530839204788208
plotVals: 1993.005475701574369 -6011.000000000000000 -1.531650952994823
plotVals: 1993.032854209445532 -6001.000000000000000 -1.529400449246168
plotVals: 1993.060232717316921 -5991.000000000000000 -1.527087695896626
plotVals: 1993.087611225188311 -5981.000000000000000 -1.524712689220905
plotVals: 1993.114989733059474 -5971.000000000000000 -1.525275431573391
plotVals: 1993.142368240930864 -5961.000000000000000 -1.522775914520025
plotVals: 1993.169746748802254 -5951.000000000000000 -1.523214157670736
plotVals: 1993.197125256673417 -5941.000000000000000 -1.520590141415596
plotVals: 1993.224503764544806 -5931.000000000000000 -1.520903863012791
plotVals: 1993.251882272416196 -5921.000000000000000 -1.521155342459679
plotVals: 1993.279260780287586 -5911.000000000000000 -1.518344569951296
plotVals: 1993.306639288158749 -5901.000000000000000 -1.515471536666155
plotVals: 1993.334017796030139 -5891.000000000000000 -1.509536255151033
plotVals: 1993.361396303901529 -5881.000000000000000 -1.497538723051548
plotVals: 1993.388774811772691 -5871.000000000000000 -1.485478930175304
plotVals: 1993.416153319644081 -5861.000000000000000 -1.473356898874044
plotVals: 1993.443531827515471 -5851.000000000000000 -1.461172606796026
plotVals: 1993.470910335386634 -5841.000000000000000 -1.448926053941250
plotVals: 1993.498288843258024 -5831.000000000000000 -1.439617257565260
plotVals: 1993.525667351129414 -5821.000000000000000 -1.427246212959290
plotVals: 1993.553045859000576 -5811.000000000000000 -1.417812906205654
plotVals: 1993.580424366871966 -5801.000000000000000 -1.405317351222038
plotVals: 1993.607802874743356 -5791.000000000000000 -1.395759548991919
plotVals: 1993.635181382614746 -5781.000000000000000 -1.386139482259750
plotVals: 1993.662559890485909 -5771.000000000000000 -1.373457171022892
plotVals: 1993.689938398357299 -5761.000000000000000 -1.363712608814240
plotVals: 1993.717316906228689 -5751.000000000000000 -1.353905789554119
plotVals: 1993.744695414099851 -5741.000000000000000 -1.347036711871624
plotVals: 1993.772073921971241 -5731.000000000000000 -1.337105389684439
plotVals: 1993.799452429842631 -5721.000000000000000 -1.327111810445786
plotVals: 1993.826830937713794 -5711.000000000000000 -1.320055983960629
plotVals: 1993.854209445585184 -5701.000000000000000 -1.309937901794910
plotVals: 1993.881587953456574 -5691.000000000000000 -1.302757568657398
plotVals: 1993.908966461327964 -5681.000000000000000 -1.292514979839325
plotVals: 1993.936344969199126 -5671.000000000000000 -1.285210140049458
plotVals: 1993.963723477070516 -5661.000000000000000 -1.277843050658703
plotVals: 1993.991101984941906 -5651.000000000000000 -1.270413700491190
plotVals: 1994.019164955509950 -5641.000000000000000 -1.262922108173370
plotVals: 1994.046543463381340 -5631.000000000000000 -1.252368252724409
plotVals: 1994.073921971252503 -5621.000000000000000 -1.244752150028944
plotVals: 1994.101300479123893 -5611.000000000000000 -1.237073794007301
plotVals: 1994.128678986995283 -5601.000000000000000 -1.229333188384771
plotVals: 1994.156057494866445 -5591.000000000000000 -1.218530327081680
plotVals: 1994.183436002737835 -5581.000000000000000 -1.207665212452412
plotVals: 1994.210814510609225 -5571.000000000000000 -1.199737846851349
plotVals: 1994.238193018480388 -5561.000000000000000 -1.188748225569725
plotVals: 1994.265571526351778 -5551.000000000000000 -1.177696358412504
plotVals: 1994.292950034223168 -5541.000000000000000 -1.166582230478525
plotVals: 1994.320328542094558 -5531.000000000000000 -1.152405846863985
plotVals: 1994.347707049965720 -5521.000000000000000 -1.141167227178812
plotVals: 1994.375085557837110 -5511.000000000000000 -1.126866336911917
plotVals: 1994.402464065708500 -5501.000000000000000 -1.112503204494715
plotVals: 1994.429842573579663 -5491.000000000000000 -1.098077815026045
plotVals: 1994.457221081451053 -5481.000000000000000 -1.083590175956488
plotVals: 1994.484599589322443 -5471.000000000000000 -1.069040283560753
plotVals: 1994.511978097193605 -5461.000000000000000 -1.054428137838840
plotVals: 1994.539356605064995 -5451.000000000000000 -1.036753732711077
plotVals: 1994.566735112936385 -5441.000000000000000 -1.022017084062099
plotVals: 1994.594113620807775 -5431.000000000000000 -1.004218183457851
plotVals: 1994.621492128678938 -5421.000000000000000 -0.986357025802135
plotVals: 1994.648870636550328 -5411.000000000000000 -0.968433618545532
plotVals: 1994.676249144421718 -5401.000000000000000 -0.950447957962751
plotVals: 1994.703627652292880 -5391.000000000000000 -0.932400044053793
plotVals: 1994.731006160164270 -5381.000000000000000 -0.914289869368076
plotVals: 1994.758384668035660 -5371.000000000000000 -0.896117452532053
plotVals: 1994.785763175906823 -5361.000000000000000 -0.877882778644562
plotVals: 1994.813141683778213 -5351.000000000000000 -0.859585858881474
plotVals: 1994.840520191649603 -5341.000000000000000 -0.841226678341627
plotVals: 1994.867898699520765 -5331.000000000000000 -0.819805245846510
plotVals: 1994.895277207392155 -5321.000000000000000 -0.801321566104889
plotVals: 1994.922655715263545 -5311.000000000000000 -0.779775623232126
plotVals: 1994.950034223134935 -5301.000000000000000 -0.761167436838150
plotVals: 1994.977412731006098 -5291.000000000000000 -0.739496998488903
plotVals: 1995.005475701574369 -5281.000000000000000 -0.717764303088188
plotVals: 1995.032854209445532 -5271.000000000000000 -0.695969365537167
plotVals: 1995.060232717316921 -5261.000000000000000 -0.671112161129713
plotVals: 1995.087611225188311 -5251.000000000000000 -0.649192705750465
plotVals: 1995.114989733059474 -5241.000000000000000 -0.624211009591818
plotVals: 1995.142368240930864 -5231.000000000000000 -0.602167043834925
plotVals: 1995.169746748802254 -5221.000000000000000 -0.577060841023922
plotVals: 1995.197125256673417 -5211.000000000000000 -0.554892372339964
plotVals: 1995.224503764544806 -5201.000000000000000 -0.532661657780409
plotVals: 1995.251882272416196 -5191.000000000000000 -0.507368687540293
plotVals: 1995.279260780287586 -5181.000000000000000 -0.482013478875160
plotVals: 1995.306639288158749 -5171.000000000000000 -0.459595996886492
plotVals: 1995.334017796030139 -5161.000000000000000 -0.434116270393133
plotVals: 1995.361396303901529 -5151.000000000000000 -0.411574292927980
plotVals: 1995.388774811772691 -5141.000000000000000 -0.388970062136650
plotVals: 1995.416153319644081 -5131.000000000000000 -0.363303575664759
plotVals: 1995.443531827515471 -5121.000000000000000 -0.340574845671654
plotVals: 1995.470910335386634 -5111.000000000000000 -0.317783851176500
plotVals: 1995.498288843258024 -5101.000000000000000 -0.294930610805750
plotVals: 1995.525667351129414 -5091.000000000000000 -0.272015120834112
plotVals: 1995.553045859000576 -5081.000000000000000 -0.249037373811007
plotVals: 1995.580424366871966 -5071.000000000000000 -0.225997369736433
plotVals: 1995.607802874743356 -5061.000000000000000 -0.205895114690065
plotVals: 1995.635181382614746 -5051.000000000000000 -0.182730611413717
plotVals: 1995.662559890485909 -5041.000000000000000 -0.159503858536482
plotVals: 1995.689938398357299 -5031.000000000000000 -0.142214845865965
plotVals: 1995.717316906228689 -5021.000000000000000 -0.121863584965467
plotVals: 1995.744695414099851 -5011.000000000000000 -0.101450067013502
plotVals: 1995.772073921971241 -5001.000000000000000 -0.080974299460649
plotVals: 1995.799452429842631 -4991.000000000000000 -0.063436280936003
plotVals: 1995.826830937713794 -4981.000000000000000 -0.042836006730795
plotVals: 1995.854209445585184 -4971.000000000000000 -0.025173477828503
plotVals: 1995.881587953456574 -4961.000000000000000 -0.007448699325323
plotVals: 1995.908966461327964 -4951.000000000000000 0.013338334858418
plotVals: 1995.936344969199126 -4941.000000000000000 0.031187612563372
plotVals: 1995.963723477070516 -4931.000000000000000 0.052099157124758
plotVals: 1995.991101984941906 -4921.000000000000000 0.070072945207357
plotVals: 1996.019164955509950 -4911.000000000000000 0.088108986616135
plotVals: 1996.046543463381340 -4901.000000000000000 0.109207283705473
plotVals: 1996.073921971252503 -4891.000000000000000 0.127367831766605
plotVals: 1996.101300479123893 -4881.000000000000000 0.148590628057718
plotVals: 1996.128678986995283 -4871.000000000000000 0.169875685125589
plotVals: 1996.156057494866445 -4861.000000000000000 0.191222995519638
plotVals: 1996.183436002737835 -4851.000000000000000 0.212632548063993
plotVals: 1996.210814510609225 -4841.000000000000000 0.234104353934526
plotVals: 1996.238193018480388 -4831.000000000000000 0.255638424307108
plotVals: 1996.265571526351778 -4821.000000000000000 0.280234735459089
plotVals: 1996.292950034223168 -4811.000000000000000 0.301893305033445
plotVals: 1996.320328542094558 -4801.000000000000000 0.329614128917456
plotVals: 1996.347707049965720 -4791.000000000000000 0.351397205144167
plotVals: 1996.375085557837110 -4781.000000000000000 0.376242529600859
plotVals: 1996.402464065708500 -4771.000000000000000 0.401150107383728
plotVals: 1996.429842573579663 -4761.000000000000000 0.429119940847158
plotVals: 1996.457221081451053 -4751.000000000000000 0.457152027636766
plotVals: 1996.484599589322443 -4741.000000000000000 0.485246364027262
plotVals: 1996.511978097193605 -4731.000000000000000 0.513402950018644
plotVals: 1996.539356605064995 -4721.000000000000000 0.541621796786785
plotVals: 1996.566735112936385 -4711.000000000000000 0.569902893155813
plotVals: 1996.594113620807775 -4701.000000000000000 0.598246242851019
plotVals: 1996.621492128678938 -4691.000000000000000 0.629651840776205
plotVals: 1996.648870636550328 -4681.000000000000000 0.661119692027569
plotVals: 1996.676249144421718 -4671.000000000000000 0.692649800330400
plotVals: 1996.703627652292880 -4661.000000000000000 0.721242155879736
plotVals: 1996.731006160164270 -4651.000000000000000 0.749896772205830
plotVals: 1996.758384668035660 -4641.000000000000000 0.778613638132811
plotVals: 1996.785763175906823 -4631.000000000000000 0.810392752289772
plotVals: 1996.813141683778213 -4621.000000000000000 0.842234123498201
plotVals: 1996.840520191649603 -4611.000000000000000 0.871137745678425
plotVals: 1996.867898699520765 -4601.000000000000000 0.900103621184826
plotVals: 1996.895277207392155 -4591.000000000000000 0.929131742566824
plotVals: 1996.922655715263545 -4581.000000000000000 0.958222128450871
plotVals: 1996.950034223134935 -4571.000000000000000 0.990374755114317
plotVals: 1996.977412731006098 -4561.000000000000000 1.019589643925428
plotVals: 1997.002737850787071 -4551.000000000000000 1.048866786062717
plotVals: 1997.030116358658461 -4541.000000000000000 1.078206174075603
plotVals: 1997.057494866529851 -4531.000000000000000 1.104607820510864
plotVals: 1997.084873374401013 -4521.000000000000000 1.134071718901396
plotVals: 1997.112251882272403 -4511.000000000000000 1.163597863167524
plotVals: 1997.139630390143793 -4501.000000000000000 1.193186260759830
plotVals: 1997.167008898014956 -4491.000000000000000 1.219836924225092
plotVals: 1997.194387405886346 -4481.000000000000000 1.246549826115370
plotVals: 1997.221765913757736 -4471.000000000000000 1.273324981331825
plotVals: 1997.249144421629126 -4461.000000000000000 1.297162398695946
plotVals: 1997.276522929500288 -4451.000000000000000 1.324062060564756
plotVals: 1997.303901437371678 -4441.000000000000000 1.351023979485035
plotVals: 1997.331279945243068 -4431.000000000000000 1.375048156827688
plotVals: 1997.358658453114231 -4421.000000000000000 1.396134570240974
plotVals: 1997.386036960985621 -4411.000000000000000 1.417283244431019
plotVals: 1997.413415468857011 -4401.000000000000000 1.438494179397821
plotVals: 1997.440793976728173 -4391.000000000000000 1.459767352789640
plotVals: 1997.468172484599563 -4381.000000000000000 1.481102786958218
plotVals: 1997.495550992470953 -4371.000000000000000 1.499500472098589
plotVals: 1997.522929500342343 -4361.000000000000000 1.514960415661335
plotVals: 1997.550308008213506 -4351.000000000000000 1.530482601374388
plotVals: 1997.577686516084896 -4341.000000000000000 1.543067049235106
plotVals: 1997.605065023956286 -4331.000000000000000 1.555713750422001
plotVals: 1997.632443531827448 -4321.000000000000000 1.568422693759203
plotVals: 1997.659822039698838 -4311.000000000000000 1.581193901598454
plotVals: 1997.687200547570228 -4301.000000000000000 1.588027354329824
plotVals: 1997.714579055441391 -4291.000000000000000 1.591923065483570
plotVals: 1997.741957563312781 -4281.000000000000000 1.595881018787622
plotVals: 1997.769336071184171 -4271.000000000000000 1.599901236593723
plotVals: 1997.796714579055333 -4261.000000000000000 1.603983692824841
plotVals: 1997.824093086926723 -4251.000000000000000 1.608128417283297
plotVals: 1997.851471594798113 -4241.000000000000000 1.603335388004780
plotVals: 1997.878850102669503 -4231.000000000000000 1.598604608327150
plotVals: 1997.906228610540666 -4221.000000000000000 1.593936089426279
plotVals: 1997.933607118412056 -4211.000000000000000 1.589329816401005
plotVals: 1997.960985626283446 -4201.000000000000000 1.581785801798105
plotVals: 1997.988364134154608 -4191.000000000000000 1.574304029345512
plotVals: 1998.016427104722879 -4181.000000000000000 1.563884519040585
plotVals: 1998.043805612594042 -4171.000000000000000 1.553527262061834
plotVals: 1998.071184120465432 -4161.000000000000000 1.543232250958681
plotVals: 1998.098562628336822 -4151.000000000000000 1.529999498277903
plotVals: 1998.125941136207985 -4141.000000000000000 1.513828989118338
plotVals: 1998.153319644079374 -4131.000000000000000 1.497720740735531
plotVals: 1998.180698151950764 -4121.000000000000000 1.478674743324518
plotVals: 1998.208076659821927 -4111.000000000000000 1.456691000610590
plotVals: 1998.235455167693317 -4101.000000000000000 1.437769509851933
plotVals: 1998.262833675564707 -4091.000000000000000 1.415910270065069
plotVals: 1998.290212183436097 -4081.000000000000000 1.391113281250000
plotVals: 1998.317590691307259 -4071.000000000000000 1.366378545761108
plotVals: 1998.344969199178649 -4061.000000000000000 1.341706067323685
plotVals: 1998.372347707050039 -4051.000000000000000 1.317095838487148
plotVals: 1998.399726214921202 -4041.000000000000000 1.289547860622406
plotVals: 1998.427104722792592 -4031.000000000000000 1.265062142163515
plotVals: 1998.454483230663982 -4021.000000000000000 1.237638670951128
plotVals: 1998.481861738535144 -4011.000000000000000 1.210277449339628
plotVals: 1998.509240246406534 -4001.000000000000000 1.182978481054306
plotVals: 1998.536618754277924 -3991.000000000000000 1.155741769820452
plotVals: 1998.563997262149314 -3981.000000000000000 1.128567308187485
plotVals: 1998.591375770020477 -3971.000000000000000 1.101455107331276
plotVals: 1998.618754277891867 -3961.000000000000000 1.071405149996281
plotVals: 1998.646132785763257 -3951.000000000000000 1.044417444616556
plotVals: 1998.673511293634419 -3941.000000000000000 1.017492000013590
plotVals: 1998.700889801505809 -3931.000000000000000 0.987628802657127
plotVals: 1998.728268309377199 -3921.000000000000000 0.960827857255936
plotVals: 1998.755646817248362 -3911.000000000000000 0.934089168906212
plotVals: 1998.783025325119752 -3901.000000000000000 0.904412727802992
plotVals: 1998.810403832991142 -3891.000000000000000 0.877798538655043
plotVals: 1998.837782340862532 -3881.000000000000000 0.851246610283852
plotVals: 1998.865160848733694 -3871.000000000000000 0.824756927788258
plotVals: 1998.892539356605084 -3861.000000000000000 0.798329502344131
plotVals: 1998.919917864476474 -3851.000000000000000 0.771964322775602
plotVals: 1998.947296372347637 -3841.000000000000000 0.745661407709122
plotVals: 1998.974674880219027 -3831.000000000000000 0.719420731067657
plotVals: 1999.002737850787071 -3821.000000000000000 0.693242307752371
plotVals: 1999.030116358658461 -3811.000000000000000 0.670126147568226
plotVals: 1999.057494866529851 -3801.000000000000000 0.644072238355875
plotVals: 1999.084873374401013 -3791.000000000000000 0.621080581098795
plotVals: 1999.112251882272403 -3781.000000000000000 0.598151173442602
plotVals: 1999.139630390143793 -3771.000000000000000 0.575284015387297
plotVals: 1999.167008898014956 -3761.000000000000000 0.552479118108749
plotVals: 1999.194387405886346 -3751.000000000000000 0.532736469060183
plotVals: 1999.221765913757736 -3741.000000000000000 0.513056065887213
plotVals: 1999.249144421629126 -3731.000000000000000 0.493437927216291
plotVals: 1999.276522929500288 -3721.000000000000000 0.473882038146257
plotVals: 1999.303901437371678 -3711.000000000000000 0.457388393580914
plotVals: 1999.331279945243068 -3701.000000000000000 0.437957011163235
plotVals: 1999.358658453114231 -3691.000000000000000 0.421587876975536
plotVals: 1999.386036960985621 -3681.000000000000000 0.402281001210213
plotVals: 1999.413415468857011 -3671.000000000000000 0.386036373674870
plotVals: 1999.440793976728173 -3661.000000000000000 0.369853995740414
plotVals: 1999.468172484599563 -3651.000000000000000 0.353733871132135
plotVals: 1999.495550992470953 -3641.000000000000000 0.337676007300615
plotVals: 1999.522929500342343 -3631.000000000000000 0.321680389344692
plotVals: 1999.550308008213506 -3621.000000000000000 0.305747024714947
plotVals: 1999.577686516084896 -3611.000000000000000 0.292875908315182
plotVals: 1999.605065023956286 -3601.000000000000000 0.277067054063082
plotVals: 1999.632443531827448 -3591.000000000000000 0.261320445686579
plotVals: 1999.659822039698838 -3581.000000000000000 0.248636092990637
plotVals: 1999.687200547570228 -3571.000000000000000 0.233013994991779
plotVals: 1999.714579055441391 -3561.000000000000000 0.217454146593809
plotVals: 1999.741957563312781 -3551.000000000000000 0.204956546425819
plotVals: 1999.769336071184171 -3541.000000000000000 0.189521204680204
plotVals: 1999.796714579055333 -3531.000000000000000 0.177148111164570
plotVals: 1999.824093086926723 -3521.000000000000000 0.161837276071310
plotVals: 1999.851471594798113 -3511.000000000000000 0.149588700383902
plotVals: 1999.878850102669503 -3501.000000000000000 0.134402353316545
plotVals: 1999.906228610540666 -3491.000000000000000 0.122278284281492
plotVals: 1999.933607118412056 -3481.000000000000000 0.107216458767653
plotVals: 1999.960985626283446 -3471.000000000000000 0.095216877758503
plotVals: 1999.988364134154608 -3461.000000000000000 0.080279558897018
plotVals: 2000.016427104722879 -3451.000000000000000 0.065404493361712
plotVals: 2000.043805612594042 -3441.000000000000000 0.050591677427292
plotVals: 2000.071184120465432 -3431.000000000000000 0.035841107368469
plotVals: 2000.098562628336822 -3421.000000000000000 0.021152798086405
plotVals: 2000.125941136207985 -3411.000000000000000 0.006526738405228
plotVals: 2000.153319644079374 -3401.000000000000000 -0.005037069320679
plotVals: 2000.180698151950764 -3391.000000000000000 -0.019538618624210
plotVals: 2000.208076659821927 -3381.000000000000000 -0.030977912247181
plotVals: 2000.235455167693317 -3371.000000000000000 -0.042354967445135
plotVals: 2000.262833675564707 -3361.000000000000000 -0.053669761866331
plotVals: 2000.290212183436097 -3351.000000000000000 -0.064922295510769
plotVals: 2000.317590691307259 -3341.000000000000000 -0.076112590730190
plotVals: 2000.344969199178649 -3331.000000000000000 -0.084240630269051
plotVals: 2000.372347707050039 -3321.000000000000000 -0.092306409031153
plotVals: 2000.399726214921202 -3311.000000000000000 -0.100309945642948
plotVals: 2000.427104722792592 -3301.000000000000000 -0.111251220107079
plotVals: 2000.454483230663982 -3291.000000000000000 -0.119130250066519
plotVals: 2000.481861738535144 -3281.000000000000000 -0.129947021603584
plotVals: 2000.509240246406534 -3271.000000000000000 -0.137701541185379
plotVals: 2000.536618754277924 -3261.000000000000000 -0.148393809795380
plotVals: 2000.563997262149314 -3251.000000000000000 -0.156023830175400
plotVals: 2000.591375770020477 -3241.000000000000000 -0.163591593503952
plotVals: 2000.618754277891867 -3231.000000000000000 -0.168097097426653
plotVals: 2000.646132785763257 -3221.000000000000000 -0.175540354102850
plotVals: 2000.673511293634419 -3211.000000000000000 -0.182921368628740
plotVals: 2000.700889801505809 -3201.000000000000000 -0.187240112572908
plotVals: 2000.728268309377199 -3191.000000000000000 -0.194496620446444
plotVals: 2000.755646817248362 -3181.000000000000000 -0.201690863817930
plotVals: 2000.783025325119752 -3171.000000000000000 -0.208822857588530
plotVals: 2000.810403832991142 -3161.000000000000000 -0.215892598032951
plotVals: 2000.837782340862532 -3151.000000000000000 -0.222900085151196
plotVals: 2000.865160848733694 -3141.000000000000000 -0.229845326393843
plotVals: 2000.892539356605084 -3131.000000000000000 -0.239728309214115
plotVals: 2000.919917864476474 -3121.000000000000000 -0.246549043804407
plotVals: 2000.947296372347637 -3111.000000000000000 -0.256307516247034
plotVals: 2000.974674880219027 -3101.000000000000000 -0.266003746539354
plotVals: 2001.002053388090417 -3091.000000000000000 -0.272637717425823
plotVals: 2001.027378507871390 -3081.000000000000000 -0.282209437340498
plotVals: 2001.054757015742553 -3071.000000000000000 -0.288718905299902
plotVals: 2001.082135523613942 -3061.000000000000000 -0.298166122287512
plotVals: 2001.109514031485332 -3051.000000000000000 -0.307551078498363
plotVals: 2001.136892539356495 -3041.000000000000000 -0.316873796284199
plotVals: 2001.164271047227885 -3031.000000000000000 -0.326134253293276
plotVals: 2001.191649555099275 -3021.000000000000000 -0.335332449525595
plotVals: 2001.219028062970665 -3011.000000000000000 -0.341468412429094
plotVals: 2001.246406570841827 -3001.000000000000000 -0.347542107105255
plotVals: 2001.273785078713217 -2991.000000000000000 -0.353553552180529
plotVals: 2001.301163586584607 -2981.000000000000000 -0.359502743929625
plotVals: 2001.328542094455770 -2971.000000000000000 -0.365389682352543
plotVals: 2001.355920602327160 -2961.000000000000000 -0.371214378625154
plotVals: 2001.383299110198550 -2951.000000000000000 -0.376976814121008
plotVals: 2001.410677618069712 -2941.000000000000000 -0.382676992565393
plotVals: 2001.438056125941102 -2931.000000000000000 -0.385314922779799
plotVals: 2001.465434633812492 -2921.000000000000000 -0.387890607118607
plotVals: 2001.492813141683882 -2911.000000000000000 -0.390404023230076
plotVals: 2001.520191649555045 -2901.000000000000000 -0.392855197191238
plotVals: 2001.547570157426435 -2891.000000000000000 -0.392244115471840
plotVals: 2001.574948665297825 -2881.000000000000000 -0.391570787876844
plotVals: 2001.602327173168987 -2871.000000000000000 -0.393835198134184
plotVals: 2001.629705681040377 -2861.000000000000000 -0.396037358790636
plotVals: 2001.657084188911767 -2851.000000000000000 -0.395177271217108
plotVals: 2001.684462696782930 -2841.000000000000000 -0.394254930317402
plotVals: 2001.711841204654320 -2831.000000000000000 -0.393270328640938
plotVals: 2001.739219712525710 -2821.000000000000000 -0.392223481088877
plotVals: 2001.766598220397100 -2811.000000000000000 -0.391114383935928
plotVals: 2001.793976728268262 -2801.000000000000000 -0.389943026006222
plotVals: 2001.821355236139652 -2791.000000000000000 -0.388709418475628
plotVals: 2001.848733744011042 -2781.000000000000000 -0.387413557618856
plotVals: 2001.876112251882205 -2771.000000000000000 -0.383055444806814
plotVals: 2001.903490759753595 -2761.000000000000000 -0.378635086119175
plotVals: 2001.930869267624985 -2751.000000000000000 -0.377152465283871
plotVals: 2001.958247775496147 -2741.000000000000000 -0.375607598572969
plotVals: 2001.985626283367537 -2731.000000000000000 -0.374000478535891
plotVals: 2002.013689253935581 -2721.000000000000000 -0.369331102818251
plotVals: 2002.041067761806971 -2711.000000000000000 -0.364599466323853
plotVals: 2002.068446269678361 -2701.000000000000000 -0.359805591404438
plotVals: 2002.095824777549524 -2691.000000000000000 -0.354949455708265
plotVals: 2002.123203285420914 -2681.000000000000000 -0.353031065315008
plotVals: 2002.150581793292304 -2671.000000000000000 -0.348050430417061
plotVals: 2002.177960301163694 -2661.000000000000000 -0.346007537096739
plotVals: 2002.205338809034856 -2651.000000000000000 -0.340902391821146
plotVals: 2002.232717316906246 -2641.000000000000000 -0.332735005766153
plotVals: 2002.260095824777636 -2631.000000000000000 -0.330505348742008
plotVals: 2002.287474332648799 -2621.000000000000000 -0.325213447213173
plotVals: 2002.314852840520189 -2611.000000000000000 -0.322859294712543
plotVals: 2002.342231348391579 -2601.000000000000000 -0.317442886531353
plotVals: 2002.369609856262741 -2591.000000000000000 -0.311964228749275
plotVals: 2002.396988364134131 -2581.000000000000000 -0.306423310190439
plotVals: 2002.424366872005521 -2571.000000000000000 -0.300820145756006
plotVals: 2002.451745379876684 -2561.000000000000000 -0.298154730349779
plotVals: 2002.479123887748074 -2551.000000000000000 -0.292427055537701
plotVals: 2002.506502395619464 -2541.000000000000000 -0.289637137204409
plotVals: 2002.533880903490854 -2531.000000000000000 -0.283784955739975
plotVals: 2002.561259411362016 -2521.000000000000000 -0.277870528399944
plotVals: 2002.588637919233406 -2511.000000000000000 -0.274893850088120
plotVals: 2002.616016427104796 -2501.000000000000000 -0.271854914724827
plotVals: 2002.643394934975959 -2491.000000000000000 -0.265753731131554
plotVals: 2002.670773442847349 -2481.000000000000000 -0.262590292841196
plotVals: 2002.698151950718739 -2471.000000000000000 -0.256364598870277
plotVals: 2002.725530458589901 -2461.000000000000000 -0.253076653927565
plotVals: 2002.752908966461291 -2451.000000000000000 -0.246726457029581
plotVals: 2002.780287474332681 -2441.000000000000000 -0.243314005434513
plotVals: 2002.807665982204071 -2431.000000000000000 -0.239839300513268
plotVals: 2002.835044490075234 -2421.000000000000000 -0.236302349716425
plotVals: 2002.862422997946624 -2411.000000000000000 -0.229703135788441
plotVals: 2002.889801505818014 -2401.000000000000000 -0.223041675984859
plotVals: 2002.917180013689176 -2391.000000000000000 -0.219317968934774
plotVals: 2002.944558521560566 -2381.000000000000000 -0.215532001107931
plotVals: 2002.971937029431956 -2371.000000000000000 -0.211683776229620
plotVals: 2002.999315537303119 -2361.000000000000000 -0.204773306846619
plotVals: 2003.027378507871390 -2351.000000000000000 -0.200800582766533
plotVals: 2003.054757015742553 -2341.000000000000000 -0.193765606731176
plotVals: 2003.082135523613942 -2331.000000000000000 -0.189668375998735
plotVals: 2003.109514031485332 -2321.000000000000000 -0.185508899390697
plotVals: 2003.136892539356495 -2311.000000000000000 -0.181287158280611
plotVals: 2003.164271047227885 -2301.000000000000000 -0.180003177374601
plotVals: 2003.191649555099275 -2291.000000000000000 -0.175656937062740
plotVals: 2003.219028062970665 -2281.000000000000000 -0.171248439699411
plotVals: 2003.246406570841827 -2271.000000000000000 -0.166777696460485
plotVals: 2003.273785078713217 -2261.000000000000000 -0.165244698524475
plotVals: 2003.301163586584607 -2251.000000000000000 -0.163649447262287
plotVals: 2003.328542094455770 -2241.000000000000000 -0.161991950124502
plotVals: 2003.355920602327160 -2231.000000000000000 -0.160272188484669
plotVals: 2003.383299110198550 -2221.000000000000000 -0.155490182340145
plotVals: 2003.410677618069712 -2211.000000000000000 -0.153645917773247
plotVals: 2003.438056125941102 -2201.000000000000000 -0.151739403605461
plotVals: 2003.465434633812492 -2191.000000000000000 -0.149770639836788
plotVals: 2003.492813141683882 -2181.000000000000000 -0.147739622741938
plotVals: 2003.520191649555045 -2171.000000000000000 -0.145646344870329
plotVals: 2003.547570157426435 -2161.000000000000000 -0.143490821123123
plotVals: 2003.574948665297825 -2151.000000000000000 -0.138273041695356
plotVals: 2003.602327173168987 -2141.000000000000000 -0.132993020117283
plotVals: 2003.629705681040377 -2131.000000000000000 -0.127650730311871
plotVals: 2003.657084188911767 -2121.000000000000000 -0.122246198356152
plotVals: 2003.684462696782930 -2111.000000000000000 -0.116779413074255
plotVals: 2003.711841204654320 -2101.000000000000000 -0.108250364661217
plotVals: 2003.739219712525710 -2091.000000000000000 -0.099659074097872
plotVals: 2003.766598220397100 -2081.000000000000000 -0.094005528837442
plotVals: 2003.793976728268262 -2071.000000000000000 -0.088289730250835
plotVals: 2003.821355236139652 -2061.000000000000000 -0.082511682063341
plotVals: 2003.848733744011042 -2051.000000000000000 -0.073671378195286
plotVals: 2003.876112251882205 -2041.000000000000000 -0.067768815904856
plotVals: 2003.903490759753595 -2031.000000000000000 -0.058804012835026
plotVals: 2003.930869267624985 -2021.000000000000000 -0.055776949971914
plotVals: 2003.958247775496147 -2011.000000000000000 -0.049687635153532
plotVals: 2003.985626283367537 -2001.000000000000000 -0.046536073088646
plotVals: 2004.013689253935581 -1991.000000000000000 -0.043322246521711
plotVals: 2004.041067761806971 -1981.000000000000000 -0.037046175450087
plotVals: 2004.068446269678361 -1971.000000000000000 -0.033707845956087
plotVals: 2004.095824777549524 -1961.000000000000000 -0.033307272940874
plotVals: 2004.123203285420914 -1951.000000000000000 -0.032844442874193
plotVals: 2004.150581793292304 -1941.000000000000000 -0.032319359481335
plotVals: 2004.177960301163694 -1931.000000000000000 -0.031732022762299
plotVals: 2004.205338809034856 -1921.000000000000000 -0.034082431346178
plotVals: 2004.232717316906246 -1911.000000000000000 -0.033370591700077
plotVals: 2004.260095824777636 -1901.000000000000000 -0.035596501082182
plotVals: 2004.287474332648799 -1891.000000000000000 -0.037760153412819
plotVals: 2004.314852840520189 -1881.000000000000000 -0.042861554771662
plotVals: 2004.342231348391579 -1871.000000000000000 -0.044900696724653
plotVals: 2004.369609856262741 -1861.000000000000000 -0.049877595156431
plotVals: 2004.396988364134131 -1851.000000000000000 -0.051792237907648
plotVals: 2004.424366872005521 -1841.000000000000000 -0.056644629687071
plotVals: 2004.451745379876684 -1831.000000000000000 -0.064434766769409
plotVals: 2004.479123887748074 -1821.000000000000000 -0.069162651896477
plotVals: 2004.506502395619464 -1811.000000000000000 -0.073828283697367
plotVals: 2004.533880903490854 -1801.000000000000000 -0.081431668251753
plotVals: 2004.561259411362016 -1791.000000000000000 -0.088972784578800
plotVals: 2004.588637919233406 -1781.000000000000000 -0.096451666206121
plotVals: 2004.616016427104796 -1771.000000000000000 -0.103868290781975
plotVals: 2004.643394934975959 -1761.000000000000000 -0.111222650855780
plotVals: 2004.670773442847349 -1751.000000000000000 -0.118514776229858
plotVals: 2004.698151950718739 -1741.000000000000000 -0.125744633376598
plotVals: 2004.725530458589901 -1731.000000000000000 -0.132912244647741
plotVals: 2004.752908966461291 -1721.000000000000000 -0.140017610043287
plotVals: 2004.780287474332681 -1711.000000000000000 -0.147060710936785
plotVals: 2004.807665982204071 -1701.000000000000000 -0.151041559875011
plotVals: 2004.835044490075234 -1691.000000000000000 -0.157960165292025
plotVals: 2004.862422997946624 -1681.000000000000000 -0.164816513657570
plotVals: 2004.889801505818014 -1671.000000000000000 -0.168610610067844
plotVals: 2004.917180013689176 -1661.000000000000000 -0.172342449426651
plotVals: 2004.944558521560566 -1651.000000000000000 -0.179012037813663
plotVals: 2004.971937029431956 -1641.000000000000000 -0.182619377970695
plotVals: 2004.999315537303119 -1631.000000000000000 -0.186164461076260
plotVals: 2005.024640657084092 -1621.000000000000000 -0.189647290855646
plotVals: 2005.052019164955482 -1611.000000000000000 -0.193067871034145
plotVals: 2005.079397672826872 -1601.000000000000000 -0.193426199257374
plotVals: 2005.106776180698262 -1591.000000000000000 -0.196722272783518
plotVals: 2005.134154688569424 -1581.000000000000000 -0.196956090629101
plotVals: 2005.161533196440814 -1571.000000000000000 -0.200127664953470
plotVals: 2005.188911704312204 -1561.000000000000000 -0.200236976146698
plotVals: 2005.216290212183367 -1551.000000000000000 -0.200284034013748
plotVals: 2005.243668720054757 -1541.000000000000000 -0.200268853455782
plotVals: 2005.271047227926147 -1531.000000000000000 -0.203191407024860
plotVals: 2005.298425735797309 -1521.000000000000000 -0.203051712363958
plotVals: 2005.325804243668699 -1511.000000000000000 -0.202849764376879
plotVals: 2005.353182751540089 -1501.000000000000000 -0.199585560709238
plotVals: 2005.380561259411252 -1491.000000000000000 -0.199259109795094
plotVals: 2005.407939767282642 -1481.000000000000000 -0.198870409280062
plotVals: 2005.435318275154032 -1471.000000000000000 -0.198419444262981
plotVals: 2005.462696783025422 -1461.000000000000000 -0.194906238466501
plotVals: 2005.490075290896584 -1451.000000000000000 -0.194330770522356
plotVals: 2005.517453798767974 -1441.000000000000000 -0.193693056702614
plotVals: 2005.544832306639364 -1431.000000000000000 -0.192993089556694
plotVals: 2005.572210814510527 -1421.000000000000000 -0.192230857908726
plotVals: 2005.599589322381917 -1411.000000000000000 -0.191406391561031
plotVals: 2005.626967830253307 -1401.000000000000000 -0.190519664436579
plotVals: 2005.654346338124469 -1391.000000000000000 -0.189570680260658
plotVals: 2005.681724845995859 -1381.000000000000000 -0.188559453934431
plotVals: 2005.709103353867249 -1371.000000000000000 -0.190485965460539
plotVals: 2005.736481861738639 -1361.000000000000000 -0.189350228756666
plotVals: 2005.763860369609802 -1351.000000000000000 -0.191152241080999
plotVals: 2005.791238877481192 -1341.000000000000000 -0.192891992628574
plotVals: 2005.818617385352582 -1331.000000000000000 -0.191569499671459
plotVals: 2005.845995893223744 -1321.000000000000000 -0.193184752017260
plotVals: 2005.873374401095134 -1311.000000000000000 -0.194737751036882
plotVals: 2005.900752908966524 -1301.000000000000000 -0.196228496730328
plotVals: 2005.928131416837687 -1291.000000000000000 -0.200656991451979
plotVals: 2005.955509924709077 -1281.000000000000000 -0.202023234218359
plotVals: 2005.982888432580467 -1271.000000000000000 -0.206327222287655
plotVals: 2006.010951403148511 -1261.000000000000000 -0.207568962126970
plotVals: 2006.038329911019900 -1251.000000000000000 -0.211748436093330
plotVals: 2006.065708418891063 -1241.000000000000000 -0.215865667909384
plotVals: 2006.093086926762453 -1231.000000000000000 -0.219920653849840
plotVals: 2006.120465434633843 -1221.000000000000000 -0.226913377642632
plotVals: 2006.147843942505233 -1211.000000000000000 -0.230843845754862
plotVals: 2006.175222450376395 -1201.000000000000000 -0.234712067991495
plotVals: 2006.202600958247785 -1191.000000000000000 -0.241518031805754
plotVals: 2006.229979466119175 -1181.000000000000000 -0.245261743664742
plotVals: 2006.257357973990338 -1171.000000000000000 -0.248943209648132
plotVals: 2006.284736481861728 -1161.000000000000000 -0.255562417209148
plotVals: 2006.312114989733118 -1151.000000000000000 -0.262119371443987
plotVals: 2006.339493497604280 -1141.000000000000000 -0.265614081174135
plotVals: 2006.366872005475670 -1131.000000000000000 -0.272046532481909
plotVals: 2006.394250513347060 -1121.000000000000000 -0.278416726738214
plotVals: 2006.421629021218450 -1111.000000000000000 -0.281724680215120
plotVals: 2006.449007529089613 -1101.000000000000000 -0.287970371544361
plotVals: 2006.476386036961003 -1091.000000000000000 -0.294153809547424
plotVals: 2006.503764544832393 -1081.000000000000000 -0.297274995595217
plotVals: 2006.531143052703555 -1071.000000000000000 -0.303333930671215
plotVals: 2006.558521560574945 -1061.000000000000000 -0.306330610066652
plotVals: 2006.585900068446335 -1051.000000000000000 -0.312265042215586
plotVals: 2006.613278576317498 -1041.000000000000000 -0.318137221038342
plotVals: 2006.640657084188888 -1031.000000000000000 -0.320947144180536
plotVals: 2006.668035592060278 -1021.000000000000000 -0.326694816350937
plotVals: 2006.695414099931440 -1011.000000000000000 -0.329380232840776
plotVals: 2006.722792607802830 -1001.000000000000000 -0.335003398358822
plotVals: 2006.750171115674220 -991.000000000000000 -0.340564321726561
plotVals: 2006.777549623545610 -981.000000000000000 -0.346062980592251
plotVals: 2006.804928131416773 -971.000000000000000 -0.351499389857054
plotVals: 2006.832306639288163 -961.000000000000000 -0.356873545795679
plotVals: 2006.859685147159553 -951.000000000000000 -0.362185448408127
plotVals: 2006.887063655030715 -941.000000000000000 -0.367435097694397
plotVals: 2006.914442162902105 -931.000000000000000 -0.372622489929199
plotVals: 2006.941820670773495 -921.000000000000000 -0.380747638642788
plotVals: 2006.969199178644658 -911.000000000000000 -0.385810535401106
plotVals: 2006.996577686516048 -901.000000000000000 -0.393811166286469
plotVals: 2007.024640657084092 -891.000000000000000 -0.401749562472105
plotVals: 2007.052019164955482 -881.000000000000000 -0.409625690430403
plotVals: 2007.079397672826872 -871.000000000000000 -0.417439576238394
plotVals: 2007.106776180698262 -861.000000000000000 -0.422191206365824
plotVals: 2007.134154688569424 -851.000000000000000 -0.429880578070879
plotVals: 2007.161533196440814 -841.000000000000000 -0.437507703900337
plotVals: 2007.188911704312204 -831.000000000000000 -0.445072576403618
plotVals: 2007.216290212183367 -821.000000000000000 -0.449575189501047
plotVals: 2007.243668720054757 -811.000000000000000 -0.457015562802553
plotVals: 2007.271047227926147 -801.000000000000000 -0.461393676698208
plotVals: 2007.298425735797309 -791.000000000000000 -0.465709533542395
plotVals: 2007.325804243668699 -781.000000000000000 -0.469963140785694
plotVals: 2007.353182751540089 -771.000000000000000 -0.471154503524303
plotVals: 2007.380561259411252 -761.000000000000000 -0.475283604115248
plotVals: 2007.407939767282642 -751.000000000000000 -0.476350445300341
plotVals: 2007.435318275154032 -741.000000000000000 -0.480355050414801
plotVals: 2007.462696783025422 -731.000000000000000 -0.481297388672829
plotVals: 2007.490075290896584 -721.000000000000000 -0.482177484780550
plotVals: 2007.517453798767974 -711.000000000000000 -0.485995326191187
plotVals: 2007.544832306639364 -701.000000000000000 -0.486750908195972
plotVals: 2007.572210814510527 -691.000000000000000 -0.487444240599871
plotVals: 2007.599589322381917 -681.000000000000000 -0.488075330853462
plotVals: 2007.626967830253307 -671.000000000000000 -0.488644152879715
plotVals: 2007.654346338124469 -661.000000000000000 -0.489150729030371
plotVals: 2007.681724845995859 -651.000000000000000 -0.489595051854849
plotVals: 2007.709103353867249 -641.000000000000000 -0.489977125078440
plotVals: 2007.736481861738639 -631.000000000000000 -0.490296941250563
plotVals: 2007.763860369609802 -621.000000000000000 -0.490554507821798
plotVals: 2007.791238877481192 -611.000000000000000 -0.490749821066856
plotVals: 2007.818617385352582 -601.000000000000000 -0.490882877260447
plotVals: 2007.845995893223744 -591.000000000000000 -0.490953687578440
plotVals: 2007.873374401095134 -581.000000000000000 -0.490962244570255
plotVals: 2007.900752908966524 -571.000000000000000 -0.490908544510603
plotVals: 2007.928131416837687 -561.000000000000000 -0.490792594850063
plotVals: 2007.955509924709077 -551.000000000000000 -0.490614388138056
plotVals: 2007.982888432580467 -541.000000000000000 -0.490373935550451
plotVals: 2008.010951403148511 -531.000000000000000 -0.490071229636669
plotVals: 2008.038329911019900 -521.000000000000000 -0.489706262946129
plotVals: 2008.065708418891063 -511.000000000000000 -0.489279050379992
plotVals: 2008.093086926762453 -501.000000000000000 -0.488789588212967
plotVals: 2008.120465434633843 -491.000000000000000 -0.488237865269184
plotVals: 2008.147843942505233 -481.000000000000000 -0.487623896449804
plotVals: 2008.175222450376395 -471.000000000000000 -0.486947670578957
plotVals: 2008.202600958247785 -461.000000000000000 -0.486209191381931
plotVals: 2008.229979466119175 -451.000000000000000 -0.482408460229635
plotVals: 2008.257357973990338 -441.000000000000000 -0.481545478105545
plotVals: 2008.284736481861728 -431.000000000000000 -0.480620242655277
plotVals: 2008.312114989733118 -421.000000000000000 -0.479632753878832
plotVals: 2008.339493497604280 -411.000000000000000 -0.478583008050919
plotVals: 2008.366872005475670 -401.000000000000000 -0.474471025168896
plotVals: 2008.394250513347060 -391.000000000000000 -0.473296772688627
plotVals: 2008.421629021218450 -381.000000000000000 -0.472060278058052
plotVals: 2008.449007529089613 -371.000000000000000 -0.467761527746916
plotVals: 2008.476386036961003 -361.000000000000000 -0.466400526463985
plotVals: 2008.503764544832393 -351.000000000000000 -0.464977260679007
plotVals: 2008.531143052703555 -341.000000000000000 -0.463491760194302
plotVals: 2008.558521560574945 -331.000000000000000 -0.461943991482258
plotVals: 2008.585900068446335 -321.000000000000000 -0.460333976894617
plotVals: 2008.613278576317498 -311.000000000000000 -0.458661716431379
plotVals: 2008.640657084188888 -301.000000000000000 -0.453927192837000
plotVals: 2008.668035592060278 -291.000000000000000 -0.452130414545536
plotVals: 2008.695414099931440 -281.000000000000000 -0.450271397829056
plotVals: 2008.722792607802830 -271.000000000000000 -0.445350117981434
plotVals: 2008.750171115674220 -261.000000000000000 -0.443366590887308
plotVals: 2008.777549623545610 -251.000000000000000 -0.438320808112621
plotVals: 2008.804928131416773 -241.000000000000000 -0.436212766915560
plotVals: 2008.832306639288163 -231.000000000000000 -0.431042481213808
plotVals: 2008.859685147159553 -221.000000000000000 -0.425809942185879
plotVals: 2008.887063655030715 -211.000000000000000 -0.420515142381191
plotVals: 2008.914442162902105 -201.000000000000000 -0.415158096700907
plotVals: 2008.941820670773495 -191.000000000000000 -0.409738801419735
plotVals: 2008.969199178644658 -181.000000000000000 -0.404257245361805
plotVals: 2008.996577686516048 -171.000000000000000 -0.398713435977697
plotVals: 2009.021902806297021 -161.000000000000000 -0.393107391893864
plotVals: 2009.049281314168411 -151.000000000000000 -0.384439073503017
plotVals: 2009.076659822039801 -141.000000000000000 -0.378708511590958
plotVals: 2009.104038329910964 -131.000000000000000 -0.372915703803301
plotVals: 2009.131416837782353 -121.000000000000000 -0.364060629159212
plotVals: 2009.158795345653743 -111.000000000000000 -0.358143307268620
plotVals: 2009.186173853524906 -101.000000000000000 -0.349163740873337
plotVals: 2009.213552361396296 -91.000000000000000 -0.343121908605099
plotVals: 2009.240930869267686 -81.000000000000000 -0.334017831832170
plotVals: 2009.268309377138849 -71.000000000000000 -0.327851504087448
plotVals: 2009.295687885010238 -61.000000000000000 -0.318622920662165
plotVals: 2009.323066392881628 -51.000000000000000 -0.309332080185413
plotVals: 2009.350444900753018 -41.000000000000000 -0.302978992462158
plotVals: 2009.377823408624181 -31.000000000000000 -0.293563652783632
plotVals: 2009.405201916495571 -21.000000000000000 -0.287086054682732
plotVals: 2009.432580424366961 -11.000000000000000 -0.277546212077141
plotVals: 2009.459958932238123 -1.000000000000000 -0.270944107323885
plotVals: 2009.487337440109513 9.000000000000000 -0.261279758065939
plotVals: 2009.514715947980903 19.000000000000000 -0.251553151756525
plotVals: 2009.542094455852066 29.000000000000000 -0.244764298200607
plotVals: 2009.569472963723456 39.000000000000000 -0.234913181513548
plotVals: 2009.596851471594846 49.000000000000000 -0.227999821305275
plotVals: 2009.624229979466008 59.000000000000000 -0.221024207770824
plotVals: 2009.651608487337398 69.000000000000000 -0.210986334830523
plotVals: 2009.678986995208788 79.000000000000000 -0.203886210918427
plotVals: 2009.706365503080178 89.000000000000000 -0.196723841130733
plotVals: 2009.733744010951341 99.000000000000000 -0.189499218016863
plotVals: 2009.761122518822731 109.000000000000000 -0.182212337851524
plotVals: 2009.788501026694121 119.000000000000000 -0.174863204360008
plotVals: 2009.815879534565283 129.000000000000000 -0.167451821267605
plotVals: 2009.843258042436673 139.000000000000000 -0.162978183478117
plotVals: 2009.870636550308063 149.000000000000000 -0.155442297458649
plotVals: 2009.898015058179226 159.000000000000000 -0.150844149291515
plotVals: 2009.925393566050616 169.000000000000000 -0.143183756619692
plotVals: 2009.952772073922006 179.000000000000000 -0.135461114346981
plotVals: 2009.980150581793396 189.000000000000000 -0.130676206201315
plotVals: 2010.008213552361440 199.000000000000000 -0.122829053550959
plotVals: 2010.035592060232830 209.000000000000000 -0.114919655025005
plotVals: 2010.062970568103992 219.000000000000000 -0.106947991997004
plotVals: 2010.090349075975382 229.000000000000000 -0.101914077997208
plotVals: 2010.117727583846772 239.000000000000000 -0.093817915767431
plotVals: 2010.145106091717935 249.000000000000000 -0.085659503936768
plotVals: 2010.172484599589325 259.000000000000000 -0.077438835054636
plotVals: 2010.199863107460715 269.000000000000000 -0.069155912846327
plotVals: 2010.227241615331877 279.000000000000000 -0.057810742408037
plotVals: 2010.254620123203267 289.000000000000000 -0.049403309822083
plotVals: 2010.281998631074657 299.000000000000000 -0.037933629006147
plotVals: 2010.309377138945820 309.000000000000000 -0.029401693493128
plotVals: 2010.336755646817210 319.000000000000000 -0.017807509750128
plotVals: 2010.364134154688600 329.000000000000000 -0.006151080131531
plotVals: 2010.391512662559990 339.000000000000000 0.005567613989115
plotVals: 2010.418891170431152 349.000000000000000 0.017348561435938
plotVals: 2010.446269678302542 359.000000000000000 0.029191751033068
plotVals: 2010.473648186173932 369.000000000000000 0.041097197681665
plotVals: 2010.501026694045095 379.000000000000000 0.053064905107021
plotVals: 2010.528405201916485 389.000000000000000 0.065094854682684
plotVals: 2010.555783709787875 399.000000000000000 0.077187061309814
plotVals: 2010.583162217659037 409.000000000000000 0.092341519892216
plotVals: 2010.610540725530427 419.000000000000000 0.104558236896992
plotVals: 2010.637919233401817 429.000000000000000 0.116837199777365
plotVals: 2010.665297741273207 439.000000000000000 0.132178418338299
plotVals: 2010.692676249144370 449.000000000000000 0.144581884145737
plotVals: 2010.720054757015760 459.000000000000000 0.160047605633736
plotVals: 2010.747433264887150 469.000000000000000 0.172575578093529
plotVals: 2010.774811772758312 479.000000000000000 0.188165806233883
plotVals: 2010.802190280629702 489.000000000000000 0.200818285346031
plotVals: 2010.829568788501092 499.000000000000000 0.216533023864031
plotVals: 2010.856947296372255 509.000000000000000 0.229310002177954
plotVals: 2010.884325804243645 519.000000000000000 0.245149247348309
plotVals: 2010.911704312115035 529.000000000000000 0.258050736039877
plotVals: 2010.939082819986197 539.000000000000000 0.274014476686716
plotVals: 2010.966461327857587 549.000000000000000 0.287040479481220
plotVals: 2010.993839835728977 559.000000000000000 0.303128723055124
plotVals: 2011.021902806297021 569.000000000000000 0.316279228776693
plotVals: 2011.049281314168411 579.000000000000000 0.332491975277662
plotVals: 2011.076659822039801 589.000000000000000 0.345766987651587
plotVals: 2011.104038329910964 599.000000000000000 0.362104251980782
plotVals: 2011.131416837782353 609.000000000000000 0.375503759831190
plotVals: 2011.158795345653743 619.000000000000000 0.388965521007776
plotVals: 2011.186173853524906 629.000000000000000 0.405489541590214
plotVals: 2011.213552361396296 639.000000000000000 0.419075809419155
plotVals: 2011.240930869267686 649.000000000000000 0.432724338024855
plotVals: 2011.268309377138849 659.000000000000000 0.449435107409954
plotVals: 2011.295687885010238 669.000000000000000 0.463208138942719
plotVals: 2011.323066392881628 679.000000000000000 0.477043416351080
plotVals: 2011.350444900753018 689.000000000000000 0.490940950810909
plotVals: 2011.377823408624181 699.000000000000000 0.504900738596916
plotVals: 2011.405201916495571 709.000000000000000 0.521922778338194
plotVals: 2011.432580424366961 719.000000000000000 0.536007072776556
plotVals: 2011.459958932238123 729.000000000000000 0.550153613090515
plotVals: 2011.487337440109513 739.000000000000000 0.564362414181232
plotVals: 2011.514715947980903 749.000000000000000 0.578633461147547
plotVals: 2011.542094455852066 759.000000000000000 0.589966762810946
plotVals: 2011.569472963723456 769.000000000000000 0.604362316429615
plotVals: 2011.596851471594846 779.000000000000000 0.618820119649172
plotVals: 2011.624229979466008 789.000000000000000 0.630340181291103
plotVals: 2011.651608487337398 799.000000000000000 0.644922498613596
plotVals: 2011.678986995208788 809.000000000000000 0.656567059457302
plotVals: 2011.706365503080178 819.000000000000000 0.671273879706860
plotVals: 2011.733744010951341 829.000000000000000 0.683042954653502
plotVals: 2011.761122518822731 839.000000000000000 0.694874271750450
plotVals: 2011.788501026694121 849.000000000000000 0.706767845898867
plotVals: 2011.815879534565283 859.000000000000000 0.718723677098751
plotVals: 2011.843258042436673 869.000000000000000 0.730741761624813
plotVals: 2011.870636550308063 879.000000000000000 0.739822089672089
plotVals: 2011.898015058179226 889.000000000000000 0.751964677125216
plotVals: 2011.925393566050616 899.000000000000000 0.761169523000717
plotVals: 2011.952772073922006 909.000000000000000 0.770436611026525
plotVals: 2011.980150581793396 919.000000000000000 0.779765952378511
plotVals: 2012.008213552361440 929.000000000000000 0.789157554507256
plotVals: 2012.035592060232830 939.000000000000000 0.798611402511597
plotVals: 2012.062970568103992 949.000000000000000 0.808127511292696
plotVals: 2012.090349075975382 959.000000000000000 0.817705862224102
plotVals: 2012.117727583846772 969.000000000000000 0.827346462756395
plotVals: 2012.145106091717935 979.000000000000000 0.837049331516027
plotVals: 2012.172484599589325 989.000000000000000 0.846814442425966
plotVals: 2012.199863107460715 999.000000000000000 0.853641808032990
plotVals: 2012.227241615331877 1009.000000000000000 0.863531429320574
plotVals: 2012.254620123203267 1019.000000000000000 0.873483303934336
plotVals: 2012.281998631074657 1029.000000000000000 0.880497422069311
plotVals: 2012.309377138945820 1039.000000000000000 0.890573799610138
plotVals: 2012.336755646817210 1049.000000000000000 0.897712431848049
plotVals: 2012.364134154688600 1059.000000000000000 0.904913313686848
plotVals: 2012.391512662559990 1069.000000000000000 0.912176445126534
plotVals: 2012.418891170431152 1079.000000000000000 0.919501833617687
plotVals: 2012.446269678302542 1089.000000000000000 0.926889475435019
plotVals: 2012.473648186173932 1099.000000000000000 0.934339366853237
plotVals: 2012.501026694045095 1109.000000000000000 0.941851515322924
plotVals: 2012.528405201916485 1119.000000000000000 0.946425907313824
plotVals: 2012.555783709787875 1129.000000000000000 0.951062563806772
plotVals: 2012.583162217659037 1139.000000000000000 0.955761462450027
plotVals: 2012.610540725530427 1149.000000000000000 0.960522625595331
plotVals: 2012.637919233401817 1159.000000000000000 0.965346027165651
plotVals: 2012.665297741273207 1169.000000000000000 0.970231693238020
plotVals: 2012.692676249144370 1179.000000000000000 0.972179606556892
plotVals: 2012.720054757015760 1189.000000000000000 0.974189769476652
plotVals: 2012.747433264887150 1199.000000000000000 0.976262189447880
plotVals: 2012.774811772758312 1209.000000000000000 0.978396862745285
plotVals: 2012.802190280629702 1219.000000000000000 0.980593785643578
plotVals: 2012.829568788501092 1229.000000000000000 0.982852965593338
plotVals: 2012.856947296372255 1239.000000000000000 0.985174395143986
plotVals: 2012.884325804243645 1249.000000000000000 0.987558074295521
plotVals: 2012.911704312115035 1259.000000000000000 0.990004014223814
plotVals: 2012.939082819986197 1269.000000000000000 0.992512200027704
plotVals: 2012.966461327857587 1279.000000000000000 0.995082639157772
plotVals: 2012.993839835728977 1289.000000000000000 0.994715332984924
plotVals: 2013.019164955509950 1299.000000000000000 0.997410278767347
plotVals: 2013.046543463381340 1309.000000000000000 1.000167474150658
plotVals: 2013.073921971252503 1319.000000000000000 1.002986926585436
plotVals: 2013.101300479123893 1329.000000000000000 1.005868632346392
plotVals: 2013.128678986995283 1339.000000000000000 1.008812587708235
plotVals: 2013.156057494866445 1349.000000000000000 1.011818796396255
plotVals: 2013.183436002737835 1359.000000000000000 1.014887258410454
plotVals: 2013.210814510609225 1369.000000000000000 1.018017973750830
plotVals: 2013.238193018480388 1379.000000000000000 1.021210938692093
plotVals: 2013.265571526351778 1389.000000000000000 1.024466160684824
plotVals: 2013.292950034223168 1399.000000000000000 1.027783632278442
plotVals: 2013.320328542094558 1409.000000000000000 1.031163357198238
plotVals: 2013.347707049965720 1419.000000000000000 1.034605335444212
plotVals: 2013.375085557837110 1429.000000000000000 1.038109563291073
plotVals: 2013.402464065708500 1439.000000000000000 1.041676048189402
plotVals: 2013.429842573579663 1449.000000000000000 1.045304786413908
plotVals: 2013.457221081451053 1459.000000000000000 1.045995775610209
plotVals: 2013.484599589322443 1469.000000000000000 1.049749020487070
plotVals: 2013.511978097193605 1479.000000000000000 1.053564514964819
plotVals: 2013.539356605064995 1489.000000000000000 1.057442259043455
plotVals: 2013.566735112936385 1499.000000000000000 1.061382260173559
plotVals: 2013.594113620807775 1509.000000000000000 1.065384510904551
plotVals: 2013.621492128678938 1519.000000000000000 1.069449014961720
plotVals: 2013.648870636550328 1529.000000000000000 1.073575772345066
plotVals: 2013.676249144421718 1539.000000000000000 1.077764783054590
plotVals: 2013.703627652292880 1549.000000000000000 1.082016047090292
plotVals: 2013.731006160164270 1559.000000000000000 1.086329560726881
plotVals: 2013.758384668035660 1569.000000000000000 1.090705327689648
plotVals: 2013.785763175906823 1579.000000000000000 1.095143351703882
plotVals: 2013.813141683778213 1589.000000000000000 1.099643621593714
plotVals: 2013.840520191649603 1599.000000000000000 1.104206148535013
plotVals: 2013.867898699520765 1609.000000000000000 1.108830928802490
plotVals: 2013.895277207392155 1619.000000000000000 1.113517954945564
plotVals: 2013.922655715263545 1629.000000000000000 1.118267241865396
plotVals: 2013.950034223134935 1639.000000000000000 1.123078778386116
plotVals: 2013.977412731006098 1649.000000000000000 1.127952564507723
plotVals: 2023.153319644079374 5000.000000000000000 6.266828037798405
