OUTPUT3: 1993.86 1.46709 0.428588 2.56549
OUTPUT3: 1993.86 1.46173 0.42892 2.55442
OUTPUT3: 1993.87 1.43168 0.395786 2.52074
OUTPUT3: 1993.87 1.41587 0.387408 2.49855
OUTPUT3: 1993.89 1.37865 0.36864 2.43254
OUTPUT3: 1993.9 1.36707 0.372265 2.40753
OUTPUT3: 1993.9 1.33815 0.346168 2.37095
OUTPUT3: 1993.94 1.23481 0.276809 2.21986
OUTPUT3: 1993.94 1.23946 0.290701 2.21935
OUTPUT3: 1993.94 1.22186 0.271325 2.19964
OUTPUT3: 1993.95 1.23432 0.29373 2.20707
OUTPUT3: 1993.95 1.20888 0.263964 2.17969
OUTPUT3: 1993.96 1.21143 0.28158 2.16893
OUTPUT3: 1993.96 1.18903 0.262333 2.14179
OUTPUT3: 1993.97 1.18692 0.258634 2.13782
OUTPUT3: 1993.99 1.17858 0.275264 2.10436
OUTPUT3: 1994.03 1.16106 0.307314 2.04216
OUTPUT3: 1994.06 1.07688 0.249376 1.93142
OUTPUT3: 1994.06 1.07682 0.249313 1.93135
OUTPUT3: 1994.19 0.918997 0.227043 1.65993
OUTPUT3: 1994.19 0.918871 0.226929 1.65979
OUTPUT3: 1994.51 0.660478 0.200699 1.1695
OUTPUT3: 1994.52 0.672577 0.21974 1.17884
OUTPUT3: 1994.52 0.657305 0.205367 1.15973
OUTPUT3: 1994.65 0.621133 0.177917 1.05061
OUTPUT3: 1994.8 0.625756 0.188684 1.02372
OUTPUT3: 1994.98 0.614963 0.214959 0.992576
OUTPUT3: 1994.98 0.614917 0.214882 0.992526
OUTPUT3: 1995.03 0.642204 0.258499 1.00745
OUTPUT3: 1995.03 0.641728 0.257986 1.00691
OUTPUT3: 1995.03 0.641654 0.257905 1.00682
OUTPUT3: 1995.03 0.641515 0.25775 1.00667
OUTPUT3: 1995.03 0.637293 0.253423 1.00192
OUTPUT3: 1995.04 0.642877 0.260053 1.00757
OUTPUT3: 1995.04 0.608689 0.227461 0.971147
OUTPUT3: 1995.04 0.608331 0.227197 0.970728
OUTPUT3: 1995.04 0.607825 0.226837 0.970132
OUTPUT3: 1995.04 0.607597 0.226681 0.969861
OUTPUT3: 1995.04 0.607389 0.226543 0.96961
OUTPUT3: 1995.05 0.621698 0.242416 0.983583
OUTPUT3: 1995.05 0.624589 0.245235 0.986577
OUTPUT3: 1995.05 0.625461 0.246082 0.987481
OUTPUT3: 1995.05 0.635515 0.256121 0.997511
OUTPUT3: 1995.05 0.632748 0.253563 0.994535
OUTPUT3: 1995.05 0.630978 0.251923 0.992636
OUTPUT3: 1995.05 0.620357 0.242011 0.981264
OUTPUT3: 1995.05 0.623034 0.245146 0.983462
OUTPUT3: 1995.05 0.623187 0.245343 0.983605
OUTPUT3: 1995.05 0.623401 0.245633 0.983797
OUTPUT3: 1995.06 0.62337 0.246776 0.982665
OUTPUT3: 1995.55 0.81835 0.458116 1.16481
OUTPUT3: 1995.55 0.812389 0.450429 1.15911
OUTPUT3: 1995.55 0.812074 0.450054 1.1588
OUTPUT3: 1995.56 0.811532 0.449426 1.15825
OUTPUT3: 1995.56 0.806782 0.442916 1.1537
OUTPUT3: 1995.56 0.806696 0.442791 1.15362
OUTPUT3: 1995.56 0.806657 0.442735 1.15359
OUTPUT3: 1995.56 0.812913 0.451436 1.15934
OUTPUT3: 1995.56 0.825377 0.467909 1.17102
OUTPUT3: 1995.56 0.826001 0.468697 1.17162
OUTPUT3: 1995.56 0.82816 0.471383 1.1737
OUTPUT3: 1995.56 0.829024 0.472438 1.17454
OUTPUT3: 1995.65 0.849638 0.483054 1.20028
OUTPUT3: 1995.65 0.829727 0.461609 1.17991
OUTPUT3: 1995.65 0.82133 0.450917 1.17214
OUTPUT3: 1995.65 0.821114 0.45066 1.17194
OUTPUT3: 1995.72 0.915831 0.547011 1.26542
OUTPUT3: 1995.72 0.915767 0.54684 1.26539
OUTPUT3: 1995.75 0.905916 0.538883 1.2539
OUTPUT3: 1995.75 0.905916 0.538883 1.2539
OUTPUT3: 1995.75 0.905905 0.538957 1.25385
OUTPUT3: 1995.75 0.905905 0.538957 1.25385
OUTPUT3: 1995.75 0.905865 0.539146 1.25371
OUTPUT3: 1995.84 0.879795 0.512333 1.22326
OUTPUT3: 1995.84 0.888289 0.524802 1.23117
OUTPUT3: 1995.84 0.888885 0.525101 1.23199
OUTPUT3: 1995.84 0.888901 0.525089 1.23202
OUTPUT3: 1995.84 0.888901 0.525089 1.23202
OUTPUT3: 1995.84 0.888919 0.525064 1.23206
OUTPUT3: 1995.84 0.888928 0.52503 1.2321
OUTPUT3: 1996.09 0.766059 0.43784 1.0726
OUTPUT3: 1996.09 0.766058 0.43784 1.0726
OUTPUT3: 1996.09 0.764511 0.435737 1.0712
OUTPUT3: 1996.09 0.761728 0.432876 1.0683
OUTPUT3: 1996.09 0.761694 0.432919 1.06823
OUTPUT3: 1996.09 0.761657 0.432964 1.06816
OUTPUT3: 1996.09 0.76073 0.433119 1.06671
OUTPUT3: 1996.1 0.747893 0.419093 1.05327
OUTPUT3: 1996.16 0.628618 0.311861 0.922469
OUTPUT3: 1996.17 0.627062 0.311842 0.919756
OUTPUT3: 1996.17 0.627062 0.311842 0.919756
OUTPUT3: 1996.17 0.627046 0.311755 0.919761
OUTPUT3: 1996.17 0.627025 0.311653 0.919764
OUTPUT3: 1996.29 0.538776 0.247707 0.808699
OUTPUT3: 1996.29 0.538776 0.247707 0.808699
OUTPUT3: 1996.29 0.538357 0.247281 0.808233
OUTPUT3: 1996.29 0.538357 0.247281 0.808233
OUTPUT3: 1996.29 0.538268 0.247216 0.80812
OUTPUT3: 1996.29 0.538231 0.247206 0.808062
OUTPUT3: 1996.29 0.538231 0.247206 0.808062
OUTPUT3: 1996.29 0.538791 0.248287 0.808396
OUTPUT3: 1996.29 0.538807 0.248313 0.808409
OUTPUT3: 1996.3 0.541478 0.252292 0.810667
OUTPUT3: 1996.3 0.541979 0.253015 0.811104
OUTPUT3: 1996.3 0.554259 0.270092 0.822148
OUTPUT3: 1996.3 0.559723 0.277414 0.827202
OUTPUT3: 1996.3 0.561791 0.280091 0.829165
OUTPUT3: 1996.3 0.561792 0.280093 0.829166
OUTPUT3: 1996.3 0.562203 0.280591 0.829574
OUTPUT3: 1996.3 0.562203 0.280591 0.829574
OUTPUT3: 1996.3 0.538424 0.252959 0.806107
OUTPUT3: 1996.3 0.53831 0.252918 0.805959
OUTPUT3: 1996.3 0.538248 0.252901 0.805877
OUTPUT3: 1996.3 0.538101 0.252883 0.80567
OUTPUT3: 1996.3 0.538057 0.252888 0.805605
OUTPUT3: 1996.3 0.538025 0.252895 0.805556
OUTPUT3: 1996.3 0.538005 0.252901 0.805525
OUTPUT3: 1996.3 0.537979 0.252913 0.805483
OUTPUT3: 1996.3 0.537962 0.252923 0.805454
OUTPUT3: 1996.3 0.537946 0.252935 0.805425
OUTPUT3: 1996.3 0.53793 0.252949 0.805397
OUTPUT3: 1996.3 0.5379 0.252985 0.80534
OUTPUT3: 1996.3 0.537884 0.253014 0.805305
OUTPUT3: 1996.3 0.537873 0.25304 0.805279
OUTPUT3: 1996.3 0.537866 0.253061 0.80526
OUTPUT3: 1996.3 0.537855 0.253105 0.805227
OUTPUT3: 1996.3 0.537851 0.253129 0.805212
OUTPUT3: 1996.3 0.537847 0.253166 0.805192
OUTPUT3: 1996.3 0.537844 0.253207 0.805173
OUTPUT3: 1996.3 0.537844 0.253239 0.80516
OUTPUT3: 1996.3 0.537861 0.253415 0.805115
OUTPUT3: 1996.3 0.537868 0.253453 0.80511
OUTPUT3: 1996.3 0.537875 0.25349 0.805106
OUTPUT3: 1996.3 0.537883 0.253528 0.805102
OUTPUT3: 1996.3 0.537892 0.253569 0.8051
OUTPUT3: 1996.3 0.537909 0.253634 0.805098
OUTPUT3: 1996.3 0.53792 0.253676 0.805098
OUTPUT3: 1996.3 0.537934 0.253723 0.8051
OUTPUT3: 1996.3 0.537953 0.253785 0.805103
OUTPUT3: 1996.3 0.537982 0.253874 0.80511
OUTPUT3: 1996.3 0.537998 0.25392 0.805115
OUTPUT3: 1996.3 0.538026 0.253998 0.805125
OUTPUT3: 1996.3 0.540542 0.25782 0.807271
OUTPUT3: 1996.3 0.540523 0.257784 0.807258
OUTPUT3: 1996.3 0.540504 0.257749 0.807244
OUTPUT3: 1996.3 0.540484 0.257713 0.807229
OUTPUT3: 1996.3 0.54045 0.25765 0.807204
OUTPUT3: 1996.3 0.540419 0.257595 0.807181
OUTPUT3: 1996.3 0.540385 0.257535 0.807155
OUTPUT3: 1996.3 0.540359 0.257489 0.807135
OUTPUT3: 1996.3 0.540324 0.25743 0.807108
OUTPUT3: 1996.3 0.54028 0.257354 0.807074
OUTPUT3: 1996.3 0.54026 0.257321 0.807058
OUTPUT3: 1996.3 0.540233 0.257274 0.807036
OUTPUT3: 1996.3 0.540189 0.257202 0.807002
OUTPUT3: 1996.3 0.540134 0.25711 0.806957
OUTPUT3: 1996.3 0.540101 0.257056 0.806931
OUTPUT3: 1996.3 0.540051 0.256974 0.80689
OUTPUT3: 1996.3 0.54 0.256893 0.806849
OUTPUT3: 1996.3 0.53995 0.256813 0.806808
OUTPUT3: 1996.3 0.539892 0.256721 0.806759
OUTPUT3: 1996.3 0.539832 0.256626 0.806709
OUTPUT3: 1996.3 0.53977 0.256528 0.806657
OUTPUT3: 1996.3 0.539698 0.256417 0.806597
OUTPUT3: 1996.3 0.539642 0.25633 0.806549
OUTPUT3: 1996.3 0.539537 0.256169 0.806459
OUTPUT3: 1996.3 0.539477 0.256078 0.806408
OUTPUT3: 1996.3 0.539411 0.25598 0.806352
OUTPUT3: 1996.3 0.539346 0.255882 0.806296
OUTPUT3: 1996.3 0.539272 0.25577 0.806231
OUTPUT3: 1996.3 0.539203 0.255669 0.806172
OUTPUT3: 1996.3 0.539137 0.255571 0.806114
OUTPUT3: 1996.3 0.539087 0.255498 0.806071
OUTPUT3: 1996.3 0.539002 0.255373 0.805996
OUTPUT3: 1996.3 0.538918 0.255252 0.805922
OUTPUT3: 1996.3 0.538867 0.255178 0.805877
OUTPUT3: 1996.3 0.538803 0.255086 0.80582
OUTPUT3: 1996.3 0.53873 0.254981 0.805755
OUTPUT3: 1996.3 0.538641 0.254854 0.805675
OUTPUT3: 1996.3 0.538562 0.254741 0.805605
OUTPUT3: 1996.3 0.538484 0.254631 0.805535
OUTPUT3: 1996.3 0.538395 0.254505 0.805454
OUTPUT3: 1996.3 0.53834 0.254429 0.805405
OUTPUT3: 1996.3 0.538284 0.254351 0.805355
OUTPUT3: 1996.3 0.538224 0.254267 0.8053
OUTPUT3: 1996.3 0.53809 0.254081 0.805178
OUTPUT3: 1996.3 0.537988 0.253942 0.805085
OUTPUT3: 1996.3 0.537885 0.2538 0.80499
OUTPUT3: 1996.32 0.504636 0.222866 0.769279
OUTPUT3: 1996.32 0.504521 0.222791 0.769143
OUTPUT3: 1996.32 0.504435 0.222737 0.769043
OUTPUT3: 1996.32 0.50428 0.222639 0.768859
OUTPUT3: 1996.32 0.504176 0.222573 0.768736
OUTPUT3: 1996.32 0.504056 0.222499 0.768594
OUTPUT3: 1996.32 0.503809 0.222349 0.768301
OUTPUT3: 1996.32 0.503602 0.222226 0.768054
OUTPUT3: 1996.32 0.503475 0.222151 0.767902
OUTPUT3: 1996.32 0.5034 0.222107 0.767811
OUTPUT3: 1996.32 0.503321 0.222061 0.767717
OUTPUT3: 1996.32 0.503243 0.222016 0.767623
OUTPUT3: 1996.32 0.50312 0.221946 0.767476
OUTPUT3: 1996.32 0.500447 0.22049 0.764234
OUTPUT3: 1996.32 0.500381 0.220453 0.764154
OUTPUT3: 1996.32 0.492103 0.212052 0.755536
OUTPUT3: 1996.32 0.492033 0.211934 0.755481
OUTPUT3: 1996.32 0.491897 0.211698 0.755375
OUTPUT3: 1996.36 0.481239 0.208367 0.73907
OUTPUT3: 1996.36 0.477072 0.204552 0.734593
OUTPUT3: 1996.36 0.471331 0.199258 0.728484
OUTPUT3: 1996.36 0.469827 0.197453 0.727163
OUTPUT3: 1996.36 0.469851 0.197466 0.727195
OUTPUT3: 1996.36 0.470695 0.198164 0.728207
OUTPUT3: 1996.36 0.47128 0.198752 0.72885
OUTPUT3: 1996.36 0.471351 0.198828 0.728927
OUTPUT3: 1996.36 0.471626 0.199125 0.729219
OUTPUT3: 1996.36 0.473849 0.20194 0.731397
OUTPUT3: 1996.36 0.473991 0.20215 0.731524
OUTPUT3: 1996.36 0.474477 0.202905 0.731941
OUTPUT3: 1996.36 0.474978 0.203775 0.732334
OUTPUT3: 1996.36 0.475383 0.206292 0.731919
OUTPUT3: 1996.36 0.475348 0.206291 0.731867
OUTPUT3: 1996.36 0.473949 0.205543 0.730097
OUTPUT3: 1996.36 0.473895 0.205502 0.730034
OUTPUT3: 1996.36 0.473767 0.2054 0.729886
OUTPUT3: 1996.36 0.469838 0.201425 0.72567
OUTPUT3: 1996.43 0.410321 0.155923 0.655215
OUTPUT3: 1996.43 0.40979 0.155265 0.654705
OUTPUT3: 1996.44 0.391742 0.133644 0.638763
OUTPUT3: 1996.44 0.391742 0.133643 0.638762
OUTPUT3: 1996.44 0.390289 0.133671 0.636107
OUTPUT3: 1996.5 0.374558 0.137005 0.611587
OUTPUT3: 1996.5 0.371512 0.133523 0.607877
OUTPUT3: 1996.5 0.370509 0.132762 0.606875
OUTPUT3: 1996.5 0.37034 0.132626 0.606703
OUTPUT3: 1996.5 0.370235 0.132542 0.606596
OUTPUT3: 1996.51 0.360809 0.122238 0.595607
OUTPUT3: 1996.51 0.368698 0.131129 0.603759
OUTPUT3: 1996.51 0.368738 0.131179 0.603806
OUTPUT3: 1996.51 0.369278 0.131862 0.604442
OUTPUT3: 1996.51 0.369818 0.132549 0.60508
OUTPUT3: 1996.51 0.369818 0.132549 0.60508
OUTPUT3: 1996.51 0.376715 0.141627 0.613412
OUTPUT3: 1996.51 0.379155 0.14497 0.616429
OUTPUT3: 1996.51 0.385294 0.152856 0.624335
OUTPUT3: 1996.51 0.385293 0.152856 0.624335
OUTPUT3: 1996.51 0.384367 0.152172 0.623204
OUTPUT3: 1996.51 0.382749 0.151067 0.621184
OUTPUT3: 1996.51 0.381197 0.149346 0.619226
OUTPUT3: 1996.51 0.380356 0.148245 0.61816
OUTPUT3: 1996.51 0.379315 0.146871 0.616838
OUTPUT3: 1996.51 0.372964 0.138364 0.608727
OUTPUT3: 1996.51 0.360854 0.12348 0.595399
OUTPUT3: 1996.51 0.360745 0.123511 0.595206
OUTPUT3: 1996.51 0.360184 0.124974 0.594277
OUTPUT3: 1996.51 0.359751 0.125278 0.5942
OUTPUT3: 1996.51 0.35883 0.125026 0.593571
OUTPUT3: 1996.52 0.356336 0.12302 0.591175
OUTPUT3: 1996.52 0.350774 0.116868 0.584932
OUTPUT3: 1996.52 0.349495 0.115313 0.58342
OUTPUT3: 1996.52 0.349367 0.115155 0.583268
OUTPUT3: 1996.52 0.346232 0.111191 0.580218
OUTPUT3: 1996.52 0.342763 0.106578 0.577805
OUTPUT3: 1996.52 0.342194 0.105794 0.57743
OUTPUT3: 1996.52 0.33925 0.101352 0.575785
OUTPUT3: 1996.52 0.339479 0.101339 0.576193
OUTPUT3: 1996.58 0.302088 0.0652465 0.53402
OUTPUT3: 1996.58 0.302088 0.0652467 0.53402
OUTPUT3: 1996.58 0.302165 0.0653117 0.534115
OUTPUT3: 1996.58 0.302235 0.0653726 0.534199
OUTPUT3: 1996.58 0.302332 0.065576 0.533991
OUTPUT3: 1996.58 0.302233 0.0655143 0.5338
OUTPUT3: 1996.58 0.302052 0.065393 0.533472
OUTPUT3: 1996.58 0.290587 0.0544623 0.524034
OUTPUT3: 1996.64 0.280749 0.0401021 0.513809
OUTPUT3: 1996.64 0.280757 0.0401124 0.513818
OUTPUT3: 1996.64 0.282758 0.0422584 0.515955
OUTPUT3: 1996.64 0.283306 0.0427548 0.516549
OUTPUT3: 1996.65 0.239712 -0.00272861 0.473706
OUTPUT3: 1996.65 0.239712 -0.00272877 0.473706
OUTPUT3: 1996.65 0.239666 -0.0027655 0.47367
OUTPUT3: 1996.65 0.239638 -0.00277652 0.47367
OUTPUT3: 1996.65 0.239638 -0.00277652 0.47367
OUTPUT3: 1996.65 0.239765 -0.00264076 0.473841
OUTPUT3: 1996.65 0.239766 -0.0026405 0.473841
OUTPUT3: 1996.65 0.239847 -0.00256014 0.473939
OUTPUT3: 1996.65 0.24187 -0.000677603 0.476205
OUTPUT3: 1996.65 0.242595 -2.13508e-05 0.477001
OUTPUT3: 1996.65 0.245328 0.00239865 0.480688
OUTPUT3: 1996.65 0.247863 0.00453436 0.484993
OUTPUT3: 1996.65 0.247915 0.00457475 0.485094
OUTPUT3: 1996.65 0.248005 0.00464308 0.485276
OUTPUT3: 1996.65 0.248085 0.00470053 0.485448
OUTPUT3: 1996.65 0.248046 0.00459467 0.485671
OUTPUT3: 1996.65 0.246414 0.00311757 0.483423
OUTPUT3: 1996.65 0.243211 0.000894951 0.477524
OUTPUT3: 1996.65 0.243349 0.00106714 0.477659
OUTPUT3: 1996.65 0.243725 0.0015005 0.478035
OUTPUT3: 1996.65 0.248607 0.00642875 0.483114
OUTPUT3: 1996.65 0.249082 0.0068886 0.483613
OUTPUT3: 1996.66 0.250561 0.00831091 0.485188
OUTPUT3: 1996.66 0.255688 0.0131631 0.491871
OUTPUT3: 1996.66 0.257008 0.0143969 0.493637
OUTPUT3: 1996.66 0.265373 0.0220841 0.505239
OUTPUT3: 1996.66 0.265373 0.0220845 0.50524
OUTPUT3: 1996.66 0.266109 0.0227404 0.506329
OUTPUT3: 1996.66 0.266109 0.0227405 0.50633
OUTPUT3: 1996.66 0.265849 0.0223634 0.506496
OUTPUT3: 1996.66 0.260212 0.0170506 0.499281
OUTPUT3: 1996.67 0.221383 -0.0221137 0.456614
OUTPUT3: 1996.67 0.221233 -0.0222906 0.456469
OUTPUT3: 1996.67 0.227723 -0.0168925 0.465069
OUTPUT3: 1996.67 0.227932 -0.0166781 0.465311
OUTPUT3: 1996.67 0.228205 -0.0163953 0.465623
OUTPUT3: 1996.67 0.228382 -0.0162112 0.465822
OUTPUT3: 1996.71 0.151163 -0.0977337 0.394894
OUTPUT3: 1996.71 0.1522 -0.0967489 0.396227
OUTPUT3: 1996.71 0.153011 -0.095977 0.397264
OUTPUT3: 1996.71 0.162448 -0.0866888 0.408376
OUTPUT3: 1996.71 0.163166 -0.0857904 0.408613
OUTPUT3: 1996.71 0.16309 -0.0857078 0.408018
OUTPUT3: 1996.71 0.167292 -0.0819874 0.412983
OUTPUT3: 1996.71 0.166621 -0.0826434 0.412164
OUTPUT3: 1996.71 0.164718 -0.0844579 0.409726
OUTPUT3: 1996.75 0.0841404 -0.166954 0.327584
OUTPUT3: 1996.75 0.0845398 -0.16658 0.328001
OUTPUT3: 1996.75 0.0850359 -0.166116 0.328629
OUTPUT3: 1996.76 0.0817347 -0.168396 0.324871
OUTPUT3: 1996.76 0.0917849 -0.160164 0.341188
OUTPUT3: 1996.76 0.0865228 -0.164908 0.334184
OUTPUT3: 1996.76 0.0861437 -0.165259 0.33369
OUTPUT3: 1996.76 0.0856336 -0.165732 0.333027
OUTPUT3: 1996.76 0.0841279 -0.167134 0.331085
OUTPUT3: 1996.76 0.0733489 -0.177483 0.31795
OUTPUT3: 1996.76 0.0674044 -0.183533 0.311641
OUTPUT3: 1996.76 0.0670098 -0.183952 0.311274
OUTPUT3: 1996.77 0.063818 -0.187719 0.309426
OUTPUT3: 1996.77 0.0637809 -0.187804 0.309532
OUTPUT3: 1996.77 0.0639763 -0.187879 0.310602
OUTPUT3: 1996.77 0.0680969 -0.184322 0.317409
OUTPUT3: 1996.77 0.0685769 -0.18384 0.318029
OUTPUT3: 1996.77 0.0687784 -0.183633 0.318281
OUTPUT3: 1996.77 0.0689368 -0.183468 0.318475
OUTPUT3: 1996.77 0.0690851 -0.183312 0.318652
OUTPUT3: 1996.77 0.0625749 -0.189477 0.310955
OUTPUT3: 1996.77 0.062039 -0.19004 0.310407
OUTPUT3: 1996.77 0.0615413 -0.190566 0.309902
OUTPUT3: 1996.79 0.00446973 -0.248552 0.250023
OUTPUT3: 1996.79 0.00747051 -0.245583 0.253146
OUTPUT3: 1996.79 0.00786714 -0.245198 0.253561
OUTPUT3: 1996.86 -0.039585 -0.296551 0.217356
OUTPUT3: 1996.86 -0.0407185 -0.297643 0.215961
OUTPUT3: 1996.86 -0.0439413 -0.300873 0.212271
OUTPUT3: 1996.86 -0.0526583 -0.310166 0.203615
OUTPUT3: 1996.86 -0.0576166 -0.315516 0.198918
OUTPUT3: 1996.87 -0.058875 -0.31684 0.197665
OUTPUT3: 1996.96 -0.248932 -0.507755 0.0120034
OUTPUT3: 1997.03 -0.335012 -0.591023 -0.075223
OUTPUT3: 1997.03 -0.335303 -0.591303 -0.0755841
OUTPUT3: 1997.03 -0.338656 -0.59551 -0.0773403
OUTPUT3: 1997.03 -0.337818 -0.595008 -0.0755643
OUTPUT3: 1997.03 -0.33778 -0.594995 -0.075462
OUTPUT3: 1997.03 -0.353841 -0.610253 -0.0960095
OUTPUT3: 1997.03 -0.35655 -0.612817 -0.0994664
OUTPUT3: 1997.03 -0.35655 -0.612817 -0.0994664
OUTPUT3: 1997.03 -0.357593 -0.613813 -0.100775
OUTPUT3: 1997.03 -0.357593 -0.613813 -0.100775
OUTPUT3: 1997.03 -0.358023 -0.614225 -0.10131
OUTPUT3: 1997.03 -0.358584 -0.614764 -0.102004
OUTPUT3: 1997.03 -0.359398 -0.615549 -0.102997
OUTPUT3: 1997.03 -0.359173 -0.616273 -0.0997138
OUTPUT3: 1997.03 -0.358772 -0.615907 -0.0991387
OUTPUT3: 1997.03 -0.356735 -0.61402 -0.0963042
OUTPUT3: 1997.03 -0.354495 -0.61188 -0.0933473
OUTPUT3: 1997.04 -0.350385 -0.607662 -0.0886254
OUTPUT3: 1997.04 -0.350385 -0.607662 -0.0886254
OUTPUT3: 1997.04 -0.349979 -0.607188 -0.088291
OUTPUT3: 1997.04 -0.349979 -0.607188 -0.088291
OUTPUT3: 1997.04 -0.349808 -0.606321 -0.0897856
OUTPUT3: 1997.04 -0.3499 -0.606378 -0.0899858
OUTPUT3: 1997.04 -0.350287 -0.606646 -0.0907771
OUTPUT3: 1997.04 -0.340913 -0.596825 -0.0829179
OUTPUT3: 1997.04 -0.34095 -0.596838 -0.083002
OUTPUT3: 1997.13 -0.435244 -0.687147 -0.179063
OUTPUT3: 1997.13 -0.434609 -0.686554 -0.178209
OUTPUT3: 1997.13 -0.433966 -0.685953 -0.177349
OUTPUT3: 1997.13 -0.426656 -0.677746 -0.170942
OUTPUT3: 1997.14 -0.422058 -0.671754 -0.16596
OUTPUT3: 1997.14 -0.422055 -0.671751 -0.165956
OUTPUT3: 1997.14 -0.419004 -0.668767 -0.162052
OUTPUT3: 1997.14 -0.419003 -0.668766 -0.162051
OUTPUT3: 1997.14 -0.412925 -0.663374 -0.153024
OUTPUT3: 1997.14 -0.414439 -0.665096 -0.154366
OUTPUT3: 1997.14 -0.414624 -0.665282 -0.154589
OUTPUT3: 1997.14 -0.414911 -0.665568 -0.154941
OUTPUT3: 1997.14 -0.415217 -0.66587 -0.15532
OUTPUT3: 1997.19 -0.579187 -0.825525 -0.329074
OUTPUT3: 1997.23 -0.624717 -0.86665 -0.379484
OUTPUT3: 1997.24 -0.623612 -0.863781 -0.378622
OUTPUT3: 1997.24 -0.623612 -0.863781 -0.378622
OUTPUT3: 1997.24 -0.623036 -0.863225 -0.377867
OUTPUT3: 1997.24 -0.619968 -0.86082 -0.372001
OUTPUT3: 1997.24 -0.626022 -0.867138 -0.377602
OUTPUT3: 1997.24 -0.641826 -0.881901 -0.397372
OUTPUT3: 1997.24 -0.642104 -0.882146 -0.397753
OUTPUT3: 1997.24 -0.642748 -0.882709 -0.398641
OUTPUT3: 1997.24 -0.643463 -0.883327 -0.399641
OUTPUT3: 1997.24 -0.644007 -0.88379 -0.400413
OUTPUT3: 1997.25 -0.645074 -0.884503 -0.402158
OUTPUT3: 1997.25 -0.6439 -0.883332 -0.400634
OUTPUT3: 1997.25 -0.643709 -0.88315 -0.400375
OUTPUT3: 1997.25 -0.63647 -0.877371 -0.387775
OUTPUT3: 1997.25 -0.63647 -0.877371 -0.387775
OUTPUT3: 1997.25 -0.636819 -0.877715 -0.388187
OUTPUT3: 1997.25 -0.636819 -0.877715 -0.388187
OUTPUT3: 1997.35 -0.717653 -0.952761 -0.475358
OUTPUT3: 1997.38 -0.699117 -0.931755 -0.45927
OUTPUT3: 1997.45 -0.758089 -0.990359 -0.517094
OUTPUT3: 1997.45 -0.758088 -0.990359 -0.517093
OUTPUT3: 1997.45 -0.757822 -0.99023 -0.5167
OUTPUT3: 1997.45 -0.757822 -0.99023 -0.5167
OUTPUT3: 1997.45 -0.766174 -0.997738 -0.526952
OUTPUT3: 1997.53 -0.77021 -1.00138 -0.533262
OUTPUT3: 1997.53 -0.768132 -0.998909 -0.530662
OUTPUT3: 1997.53 -0.766094 -0.996477 -0.528099
OUTPUT3: 1997.53 -0.764914 -0.995068 -0.526611
OUTPUT3: 1997.53 -0.75591 -0.987116 -0.51598
OUTPUT3: 1997.53 -0.75614 -0.987229 -0.516376
OUTPUT3: 1997.53 -0.756416 -0.987376 -0.516831
OUTPUT3: 1997.53 -0.756666 -0.987516 -0.517231
OUTPUT3: 1997.53 -0.757825 -0.988213 -0.519026
OUTPUT3: 1997.53 -0.758641 -0.988759 -0.520245
OUTPUT3: 1997.53 -0.758642 -0.988759 -0.520245
OUTPUT3: 1997.53 -0.756346 -0.987641 -0.516712
OUTPUT3: 1997.53 -0.755337 -0.98709 -0.515178
OUTPUT3: 1997.53 -0.754485 -0.986624 -0.51388
OUTPUT3: 1997.53 -0.752224 -0.985465 -0.510331
OUTPUT3: 1997.53 -0.752183 -0.985458 -0.510248
OUTPUT3: 1997.53 -0.752183 -0.985458 -0.510248
OUTPUT3: 1997.53 -0.75263 -0.985869 -0.51073
OUTPUT3: 1997.54 -0.772549 -1.00283 -0.535087
OUTPUT3: 1997.54 -0.771878 -1.00178 -0.533429
OUTPUT3: 1997.54 -0.771233 -1.00174 -0.532026
OUTPUT3: 1997.54 -0.770923 -1.00171 -0.53137
OUTPUT3: 1997.54 -0.769627 -1.00186 -0.528258
OUTPUT3: 1997.54 -0.774234 -1.00556 -0.533827
OUTPUT3: 1997.54 -0.775275 -1.00627 -0.535247
OUTPUT3: 1997.54 -0.776403 -1.00703 -0.536797
OUTPUT3: 1997.54 -0.777599 -1.00783 -0.538447
OUTPUT3: 1997.54 -0.779086 -1.00881 -0.540506
OUTPUT3: 1997.54 -0.780536 -1.01058 -0.54252
OUTPUT3: 1997.54 -0.782606 -1.01321 -0.545395
OUTPUT3: 1997.54 -0.785742 -1.0172 -0.549749
OUTPUT3: 1997.54 -0.785742 -1.0172 -0.549749
OUTPUT3: 1997.54 -0.786163 -1.01773 -0.550331
OUTPUT3: 1997.54 -0.786163 -1.01773 -0.550331
OUTPUT3: 1997.54 -0.786328 -1.01794 -0.55056
OUTPUT3: 1997.54 -0.786328 -1.01794 -0.55056
OUTPUT3: 1997.54 -0.771249 -1.00224 -0.531028
OUTPUT3: 1997.54 -0.770558 -1.00169 -0.530181
OUTPUT3: 1997.54 -0.770557 -1.00169 -0.530179
OUTPUT3: 1997.55 -0.767222 -0.997971 -0.529893
OUTPUT3: 1997.55 -0.767222 -0.997971 -0.529893
OUTPUT3: 1997.55 -0.779054 -1.01024 -0.541679
OUTPUT3: 1997.55 -0.778854 -1.00994 -0.54133
OUTPUT3: 1997.55 -0.778631 -1.00962 -0.540953
OUTPUT3: 1997.55 -0.778631 -1.00962 -0.540953
OUTPUT3: 1997.67 -0.773831 -1.00605 -0.533065
OUTPUT3: 1997.67 -0.773636 -1.00597 -0.532746
OUTPUT3: 1997.67 -0.767404 -1.00416 -0.521526
OUTPUT3: 1997.67 -0.769015 -1.00551 -0.5234
OUTPUT3: 1997.68 -0.795714 -1.02676 -0.556004
OUTPUT3: 1997.68 -0.795714 -1.02676 -0.556004
OUTPUT3: 1997.68 -0.795517 -1.02654 -0.555796
OUTPUT3: 1997.68 -0.795517 -1.02654 -0.555796
OUTPUT3: 1997.68 -0.79127 -1.02288 -0.550412
OUTPUT3: 1997.68 -0.790351 -1.02227 -0.549164
OUTPUT3: 1997.68 -0.789323 -1.0216 -0.547753
OUTPUT3: 1997.68 -0.787828 -1.02063 -0.545681
OUTPUT3: 1997.68 -0.786249 -1.01962 -0.543477
OUTPUT3: 1997.68 -0.785229 -1.01897 -0.542046
OUTPUT3: 1997.68 -0.779926 -1.01562 -0.53456
OUTPUT3: 1997.68 -0.779926 -1.01562 -0.53456
OUTPUT3: 1997.68 -0.778691 -1.01502 -0.532664
OUTPUT3: 1997.68 -0.77944 -1.01557 -0.533655
OUTPUT3: 1997.68 -0.780436 -1.0163 -0.534971
OUTPUT3: 1997.68 -0.782016 -1.01745 -0.537051
OUTPUT3: 1997.68 -0.783186 -1.0183 -0.538584
OUTPUT3: 1997.68 -0.814478 -1.0461 -0.575494
OUTPUT3: 1997.68 -0.817161 -1.04851 -0.577682
OUTPUT3: 1997.69 -0.818967 -1.05047 -0.577266
OUTPUT3: 1997.69 -0.818967 -1.05047 -0.577266
OUTPUT3: 1997.69 -0.818616 -1.05058 -0.576342
OUTPUT3: 1997.69 -0.818616 -1.05058 -0.576342
OUTPUT3: 1997.69 -0.81482 -1.04835 -0.57089
OUTPUT3: 1997.69 -0.813134 -1.0467 -0.569375
OUTPUT3: 1997.69 -0.812484 -1.04592 -0.568985
OUTPUT3: 1997.69 -0.812185 -1.04552 -0.568866
OUTPUT3: 1997.69 -0.811557 -1.04271 -0.571359
OUTPUT3: 1997.69 -0.81168 -1.0428 -0.571495
OUTPUT3: 1997.69 -0.811762 -1.04292 -0.571483
OUTPUT3: 1997.69 -0.811794 -1.04306 -0.571336
OUTPUT3: 1997.69 -0.811776 -1.04319 -0.571071
OUTPUT3: 1997.69 -0.808882 -1.04254 -0.564939
OUTPUT3: 1997.69 -0.808369 -1.04183 -0.564695
OUTPUT3: 1997.69 -0.808224 -1.04153 -0.564768
OUTPUT3: 1997.69 -0.808082 -1.04107 -0.565056
OUTPUT3: 1997.69 -0.808082 -1.04107 -0.565056
OUTPUT3: 1997.69 -0.808039 -1.04068 -0.565489
OUTPUT3: 1997.69 -0.808039 -1.04068 -0.565489
OUTPUT3: 1997.69 -0.808049 -1.04052 -0.56572
OUTPUT3: 1997.69 -0.808049 -1.04052 -0.56572
OUTPUT3: 1997.69 -0.808056 -1.04046 -0.565814
OUTPUT3: 1997.69 -0.808056 -1.04046 -0.565814
OUTPUT3: 1997.7 -0.809307 -1.04024 -0.569058
OUTPUT3: 1997.7 -0.809631 -1.04066 -0.56947
OUTPUT3: 1997.7 -0.810086 -1.0412 -0.569945
OUTPUT3: 1997.7 -0.810477 -1.04161 -0.570288
OUTPUT3: 1997.7 -0.81073 -1.04187 -0.570486
OUTPUT3: 1997.78 -0.872449 -1.10734 -0.62971
OUTPUT3: 1997.91 -0.895458 -1.13745 -0.63794
OUTPUT3: 1997.91 -0.894683 -1.13689 -0.636957
OUTPUT3: 1997.91 -0.894093 -1.13642 -0.636244
OUTPUT3: 1997.91 -0.894132 -1.13633 -0.636421
OUTPUT3: 1997.91 -0.894906 -1.13675 -0.637551
OUTPUT3: 1997.91 -0.896029 -1.13742 -0.63913
OUTPUT3: 1997.91 -0.912744 -1.15159 -0.661466
OUTPUT3: 1997.91 -0.92105 -1.15956 -0.672043
OUTPUT3: 1997.91 -0.923522 -1.16198 -0.675088
OUTPUT3: 1997.91 -0.925664 -1.16437 -0.677661
OUTPUT3: 1997.91 -0.927408 -1.1663 -0.679685
OUTPUT3: 1997.91 -0.928949 -1.16797 -0.681375
OUTPUT3: 1997.91 -0.929576 -1.16864 -0.682009
OUTPUT3: 1997.91 -0.929948 -1.16899 -0.681204
OUTPUT3: 1997.91 -0.912647 -1.15279 -0.658606
OUTPUT3: 1997.91 -0.90187 -1.14078 -0.649758
OUTPUT3: 1997.91 -0.901586 -1.14043 -0.649643
OUTPUT3: 1997.91 -0.901159 -1.13994 -0.649382
OUTPUT3: 1997.91 -0.900662 -1.13942 -0.648965
OUTPUT3: 1997.91 -0.90012 -1.13888 -0.648419
OUTPUT3: 1997.92 -0.885029 -1.12464 -0.63004
OUTPUT3: 1997.92 -0.882278 -1.12193 -0.626926
OUTPUT3: 1997.92 -0.879626 -1.11929 -0.624041
OUTPUT3: 1997.92 -0.877813 -1.11745 -0.622143
OUTPUT3: 1997.92 -0.866504 -1.10531 -0.61254
OUTPUT3: 1997.92 -0.866045 -1.10478 -0.612346
OUTPUT3: 1997.92 -0.865734 -1.10441 -0.612264
OUTPUT3: 1997.92 -0.865578 -1.10423 -0.61226
OUTPUT3: 1997.92 -0.865476 -1.10411 -0.61231
OUTPUT3: 1997.92 -0.865464 -1.10411 -0.612416
OUTPUT3: 1997.92 -0.865521 -1.10419 -0.612534
OUTPUT3: 1997.92 -0.867748 -1.10722 -0.613902
OUTPUT3: 1997.92 -0.867948 -1.10749 -0.613988
OUTPUT3: 1997.92 -0.868075 -1.10766 -0.614041
OUTPUT3: 1997.92 -0.868134 -1.10773 -0.61406
OUTPUT3: 1997.92 -0.868111 -1.1077 -0.614038
OUTPUT3: 1997.92 -0.868038 -1.10761 -0.613986
OUTPUT3: 1997.97 -0.910236 -1.15316 -0.653509
OUTPUT3: 1997.98 -0.907726 -1.15157 -0.648167
OUTPUT3: 1997.98 -0.907826 -1.15171 -0.648183
OUTPUT3: 1997.98 -0.908168 -1.15215 -0.648355
OUTPUT3: 1997.98 -0.908168 -1.15215 -0.648355
OUTPUT3: 1997.98 -0.908488 -1.15253 -0.648593
OUTPUT3: 1998.08 -0.971833 -1.2202 -0.704901
OUTPUT3: 1998.12 -1.00607 -1.25473 -0.745856
OUTPUT3: 1998.14 -0.962371 -1.21167 -0.695176
OUTPUT3: 1998.14 -0.962589 -1.21185 -0.695504
OUTPUT3: 1998.14 -0.980066 -1.22975 -0.716007
OUTPUT3: 1998.14 -0.979985 -1.22969 -0.715907
OUTPUT3: 1998.16 -0.950419 -1.20071 -0.684692
OUTPUT3: 1998.17 -0.963922 -1.2138 -0.702322
OUTPUT3: 1998.17 -0.962304 -1.21211 -0.700881
OUTPUT3: 1998.17 -0.957488 -1.20739 -0.695408
OUTPUT3: 1998.17 -0.957488 -1.20739 -0.695408
OUTPUT3: 1998.17 -0.938759 -1.18946 -0.672784
OUTPUT3: 1998.17 -0.938132 -1.18884 -0.672096
OUTPUT3: 1998.17 -0.936028 -1.18663 -0.670069
OUTPUT3: 1998.17 -0.935887 -1.18647 -0.669963
OUTPUT3: 1998.17 -0.93558 -1.18611 -0.669761
OUTPUT3: 1998.17 -0.935271 -1.18574 -0.669602
OUTPUT3: 1998.17 -0.933852 -1.18382 -0.669267
OUTPUT3: 1998.17 -0.933626 -1.18353 -0.669156
OUTPUT3: 1998.17 -0.933208 -1.18302 -0.668889
OUTPUT3: 1998.17 -0.932599 -1.18233 -0.668403
OUTPUT3: 1998.17 -0.931862 -1.18152 -0.667712
OUTPUT3: 1998.17 -0.930355 -1.17995 -0.666105
OUTPUT3: 1998.17 -0.92964 -1.17923 -0.665284
OUTPUT3: 1998.17 -0.926531 -1.1762 -0.661468
OUTPUT3: 1998.17 -0.925821 -1.17552 -0.660556
OUTPUT3: 1998.17 -0.923741 -1.17357 -0.657823
OUTPUT3: 1998.17 -0.916088 -1.16682 -0.646885
OUTPUT3: 1998.17 -0.916082 -1.16695 -0.64661
OUTPUT3: 1998.17 -0.916566 -1.16748 -0.647122
OUTPUT3: 1998.17 -0.924066 -1.17473 -0.656795
OUTPUT3: 1998.17 -0.924066 -1.17473 -0.656795
OUTPUT3: 1998.22 -0.92124 -1.17425 -0.649955
OUTPUT3: 1998.22 -0.92126 -1.17427 -0.649975
OUTPUT3: 1998.22 -0.941445 -1.19446 -0.67423
OUTPUT3: 1998.22 -0.941083 -1.19413 -0.673738
OUTPUT3: 1998.22 -0.938117 -1.19145 -0.669753
OUTPUT3: 1998.22 -0.938117 -1.19145 -0.669753
OUTPUT3: 1998.24 -0.922396 -1.17572 -0.654655
OUTPUT3: 1998.31 -0.90116 -1.15701 -0.628499
OUTPUT3: 1998.32 -0.890419 -1.14653 -0.616401
OUTPUT3: 1998.32 -0.889103 -1.14538 -0.614633
OUTPUT3: 1998.32 -0.887466 -1.14399 -0.612395
OUTPUT3: 1998.32 -0.886989 -1.14362 -0.611727
OUTPUT3: 1998.32 -0.898905 -1.15519 -0.627693
OUTPUT3: 1998.32 -0.901271 -1.15743 -0.630862
OUTPUT3: 1998.32 -0.90385 -1.15986 -0.634295
OUTPUT3: 1998.32 -0.905869 -1.16178 -0.636961
OUTPUT3: 1998.32 -0.908312 -1.1641 -0.640151
OUTPUT3: 1998.32 -0.909623 -1.16536 -0.641837
OUTPUT3: 1998.32 -0.913953 -1.16966 -0.64706
OUTPUT3: 1998.32 -0.902509 -1.1602 -0.628617
OUTPUT3: 1998.32 -0.902887 -1.16045 -0.629205
OUTPUT3: 1998.32 -0.903326 -1.16082 -0.629841
OUTPUT3: 1998.32 -0.906144 -1.16326 -0.633826
OUTPUT3: 1998.32 -0.906487 -1.16357 -0.634304
OUTPUT3: 1998.32 -0.906487 -1.16357 -0.634304
OUTPUT3: 1998.32 -0.906836 -1.16387 -0.634788
OUTPUT3: 1998.32 -0.907406 -1.16438 -0.635576
OUTPUT3: 1998.32 -0.908464 -1.16532 -0.63703
OUTPUT3: 1998.32 -0.909792 -1.16651 -0.638837
OUTPUT3: 1998.32 -0.911561 -1.16811 -0.641211
OUTPUT3: 1998.32 -0.912584 -1.16904 -0.642564
OUTPUT3: 1998.33 -0.917498 -1.17385 -0.648014
OUTPUT3: 1998.43 -0.852926 -1.11422 -0.575809
OUTPUT3: 1998.43 -0.870005 -1.13112 -0.595645
OUTPUT3: 1998.46 -0.8365 -1.09832 -0.56192
OUTPUT3: 1998.46 -0.823652 -1.08551 -0.548194
OUTPUT3: 1998.46 -0.823652 -1.08551 -0.548194
OUTPUT3: 1998.46 -0.823278 -1.0851 -0.547897
OUTPUT3: 1998.46 -0.820761 -1.08224 -0.545995
OUTPUT3: 1998.46 -0.820584 -1.08204 -0.545859
OUTPUT3: 1998.47 -0.772649 -1.03361 -0.494168
OUTPUT3: 1998.47 -0.783059 -1.04476 -0.50469
OUTPUT3: 1998.47 -0.782852 -1.0448 -0.50455
OUTPUT3: 1998.47 -0.782872 -1.04481 -0.504612
OUTPUT3: 1998.54 -0.745685 -1.01021 -0.466281
OUTPUT3: 1998.54 -0.74357 -1.00842 -0.463676
OUTPUT3: 1998.54 -0.743917 -1.00872 -0.464194
OUTPUT3: 1998.54 -0.746115 -1.01062 -0.467508
OUTPUT3: 1998.54 -0.746267 -1.01075 -0.467739
OUTPUT3: 1998.54 -0.746516 -1.01096 -0.468121
OUTPUT3: 1998.55 -0.748567 -1.01377 -0.468336
OUTPUT3: 1998.55 -0.749541 -1.01471 -0.469546
OUTPUT3: 1998.55 -0.750278 -1.01542 -0.470463
OUTPUT3: 1998.55 -0.750365 -1.01551 -0.470571
OUTPUT3: 1998.55 -0.778356 -1.04337 -0.503869
OUTPUT3: 1998.56 -0.745407 -1.01052 -0.466335
OUTPUT3: 1998.57 -0.752148 -1.01744 -0.474282
OUTPUT3: 1998.57 -0.766881 -1.0332 -0.488308
OUTPUT3: 1998.58 -0.771161 -1.03722 -0.493802
OUTPUT3: 1998.58 -0.768319 -1.03354 -0.492638
OUTPUT3: 1998.58 -0.762385 -1.02778 -0.485391
OUTPUT3: 1998.59 -0.775999 -1.04069 -0.501188
OUTPUT3: 1998.59 -0.776074 -1.04079 -0.501177
OUTPUT3: 1998.59 -0.776219 -1.04109 -0.500827
OUTPUT3: 1998.59 -0.77619 -1.04113 -0.500575
OUTPUT3: 1998.59 -0.77619 -1.04113 -0.500575
OUTPUT3: 1998.59 -0.776164 -1.04114 -0.500442
OUTPUT3: 1998.59 -0.775657 -1.04093 -0.498909
OUTPUT3: 1998.6 -0.793957 -1.05852 -0.519481
OUTPUT3: 1998.61 -0.7875 -1.05249 -0.510094
OUTPUT3: 1998.61 -0.811199 -1.07659 -0.537776
OUTPUT3: 1998.62 -0.80026 -1.06547 -0.522802
OUTPUT3: 1998.63 -0.819463 -1.0837 -0.545363
OUTPUT3: 1998.63 -0.819374 -1.08358 -0.545328
OUTPUT3: 1998.63 -0.819373 -1.08358 -0.545328
OUTPUT3: 1998.63 -0.819234 -1.08341 -0.545209
OUTPUT3: 1998.63 -0.818951 -1.08311 -0.544929
OUTPUT3: 1998.63 -0.818569 -1.08271 -0.544522
OUTPUT3: 1998.63 -0.817457 -1.08158 -0.543267
OUTPUT3: 1998.63 -0.817457 -1.08158 -0.543267
OUTPUT3: 1998.63 -0.806533 -1.07102 -0.529955
OUTPUT3: 1998.63 -0.796825 -1.06181 -0.518116
OUTPUT3: 1998.64 -0.798871 -1.06356 -0.521648
OUTPUT3: 1998.64 -0.799575 -1.06419 -0.522682
OUTPUT3: 1998.64 -0.800335 -1.06488 -0.523788
OUTPUT3: 1998.64 -0.801405 -1.06584 -0.525331
OUTPUT3: 1998.64 -0.80715 -1.07103 -0.533478
OUTPUT3: 1998.64 -0.808094 -1.07189 -0.534796
OUTPUT3: 1998.64 -0.808678 -1.07242 -0.535605
OUTPUT3: 1998.64 -0.807819 -1.07169 -0.534218
OUTPUT3: 1998.64 -0.807046 -1.07099 -0.533122
OUTPUT3: 1998.66 -0.768771 -1.03226 -0.496534
OUTPUT3: 1998.66 -0.75819 -1.02258 -0.481456
OUTPUT3: 1998.66 -0.756376 -1.02029 -0.48046
OUTPUT3: 1998.68 -0.755452 -1.01882 -0.480274
OUTPUT3: 1998.69 -0.778851 -1.04197 -0.507608
OUTPUT3: 1998.7 -0.733893 -0.995866 -0.460675
OUTPUT3: 1998.71 -0.745818 -1.00824 -0.474631
OUTPUT3: 1998.87 -0.571914 -0.824795 -0.317083
OUTPUT3: 1998.87 -0.570807 -0.823711 -0.315659
OUTPUT3: 1998.87 -0.570208 -0.823111 -0.314915
OUTPUT3: 1998.87 -0.564756 -0.816317 -0.310942
OUTPUT3: 1998.87 -0.564381 -0.815869 -0.310653
OUTPUT3: 1998.87 -0.563992 -0.815427 -0.310308
OUTPUT3: 1998.87 -0.563534 -0.814926 -0.30986
OUTPUT3: 1998.87 -0.563013 -0.814373 -0.309314
OUTPUT3: 1998.87 -0.561941 -0.813274 -0.308112
OUTPUT3: 1998.87 -0.561264 -0.812598 -0.307318
OUTPUT3: 1998.87 -0.560825 -0.812163 -0.306791
OUTPUT3: 1998.87 -0.553895 -0.805536 -0.298024
OUTPUT3: 1998.87 -0.553659 -0.805313 -0.297719
OUTPUT3: 1998.87 -0.553252 -0.804929 -0.297195
OUTPUT3: 1998.88 -0.550739 -0.802542 -0.293969
OUTPUT3: 1998.88 -0.55033 -0.802148 -0.293455
OUTPUT3: 1998.88 -0.550057 -0.801879 -0.29312
OUTPUT3: 1998.88 -0.549898 -0.801716 -0.292936
OUTPUT3: 1998.88 -0.549864 -0.801669 -0.292917
OUTPUT3: 1998.88 -0.549958 -0.80174 -0.293065
OUTPUT3: 1998.88 -0.557199 -0.808439 -0.302445
OUTPUT3: 1998.88 -0.558149 -0.809341 -0.303628
OUTPUT3: 1998.88 -0.586187 -0.837875 -0.334074
OUTPUT3: 1998.89 -0.588484 -0.839289 -0.338161
OUTPUT3: 1998.89 -0.587882 -0.838747 -0.337276
OUTPUT3: 1998.89 -0.560058 -0.81069 -0.305479
OUTPUT3: 1998.89 -0.554517 -0.804367 -0.301353
OUTPUT3: 1998.89 -0.5537 -0.80344 -0.300756
OUTPUT3: 1998.89 -0.553145 -0.802819 -0.300336
OUTPUT3: 1998.89 -0.55163 -0.801202 -0.299032
OUTPUT3: 1998.89 -0.55159 -0.801162 -0.298991
OUTPUT3: 1999.07 -0.326615 -0.562205 -0.0970819
OUTPUT3: 1999.07 -0.319076 -0.55502 -0.0875045
OUTPUT3: 1999.07 -0.318166 -0.554144 -0.0863897
OUTPUT3: 1999.07 -0.317273 -0.553278 -0.0853208
OUTPUT3: 1999.07 -0.316147 -0.552173 -0.0840044
OUTPUT3: 1999.07 -0.314617 -0.550652 -0.0822746
OUTPUT3: 1999.07 -0.31364 -0.549669 -0.0812049
OUTPUT3: 1999.07 -0.312647 -0.548661 -0.0801446
OUTPUT3: 1999.07 -0.31194 -0.547938 -0.0794065
OUTPUT3: 1999.07 -0.304273 -0.539815 -0.0721891
OUTPUT3: 1999.07 -0.298471 -0.533442 -0.0674024
OUTPUT3: 1999.08 -0.297902 -0.53282 -0.06693
OUTPUT3: 1999.08 -0.297427 -0.532306 -0.0665265
OUTPUT3: 1999.08 -0.296893 -0.531737 -0.066055
OUTPUT3: 1999.08 -0.301219 -0.536974 -0.0690334
OUTPUT3: 1999.08 -0.300141 -0.534457 -0.0720544
OUTPUT3: 1999.08 -0.297305 -0.531741 -0.069269
OUTPUT3: 1999.08 -0.296707 -0.531173 -0.0684907
OUTPUT3: 1999.08 -0.283729 -0.518879 -0.0513439
OUTPUT3: 1999.08 -0.282076 -0.516998 -0.0500041
OUTPUT3: 1999.08 -0.281999 -0.516887 -0.0500037
OUTPUT3: 1999.09 -0.28022 -0.514244 -0.0503379
OUTPUT3: 1999.09 -0.279783 -0.513692 -0.0501517
OUTPUT3: 1999.09 -0.279291 -0.513098 -0.0498716
OUTPUT3: 1999.09 -0.277875 -0.511479 -0.0488049
OUTPUT3: 1999.09 -0.275354 -0.50878 -0.0463966
OUTPUT3: 1999.09 -0.274725 -0.508129 -0.0457347
OUTPUT3: 1999.12 -0.280974 -0.513197 -0.0521391
OUTPUT3: 1999.15 -0.293882 -0.525993 -0.0623265
OUTPUT3: 1999.16 -0.263073 -0.492643 -0.0328461
OUTPUT3: 1999.16 -0.263347 -0.492974 -0.0330671
OUTPUT3: 1999.19 -0.272902 -0.502528 -0.0412282
OUTPUT3: 1999.19 -0.273834 -0.503198 -0.0423374
OUTPUT3: 1999.2 -0.269768 -0.49806 -0.0406798
OUTPUT3: 1999.2 -0.269786 -0.498078 -0.0407043
OUTPUT3: 1999.21 -0.213885 -0.441332 0.0174618
OUTPUT3: 1999.21 -0.213563 -0.441209 0.017943
OUTPUT3: 1999.21 -0.21323 -0.441072 0.0184303
OUTPUT3: 1999.21 -0.212854 -0.440907 0.0189712
OUTPUT3: 1999.21 -0.21244 -0.440716 0.019557
OUTPUT3: 1999.21 -0.211996 -0.440501 0.0201749
OUTPUT3: 1999.21 -0.211669 -0.440336 0.0206244
OUTPUT3: 1999.21 -0.208745 -0.437917 0.0238778
OUTPUT3: 1999.21 -0.209147 -0.438119 0.0233303
OUTPUT3: 1999.21 -0.209583 -0.438358 0.0227501
OUTPUT3: 1999.21 -0.210087 -0.438651 0.0220959
OUTPUT3: 1999.21 -0.21082 -0.439105 0.021165
OUTPUT3: 1999.21 -0.223291 -0.449888 0.00778539
OUTPUT3: 1999.21 -0.223834 -0.450522 0.00733396
OUTPUT3: 1999.21 -0.224421 -0.451251 0.00687794
OUTPUT3: 1999.21 -0.224953 -0.451974 0.00651528
OUTPUT3: 1999.21 -0.225206 -0.452361 0.00637719
OUTPUT3: 1999.21 -0.225311 -0.452541 0.006334
OUTPUT3: 1999.22 -0.218879 -0.447941 0.0140091
OUTPUT3: 1999.22 -0.218145 -0.447255 0.0147588
OUTPUT3: 1999.22 -0.20787 -0.437641 0.0253551
OUTPUT3: 1999.22 -0.207996 -0.437748 0.0252214
OUTPUT3: 1999.22 -0.20862 -0.438273 0.0245514
OUTPUT3: 1999.22 -0.209571 -0.439061 0.0235147
OUTPUT3: 1999.22 -0.210847 -0.440101 0.0221044
OUTPUT3: 1999.22 -0.211834 -0.440893 0.0210032
OUTPUT3: 1999.23 -0.252511 -0.479325 -0.0225499
OUTPUT3: 1999.23 -0.252389 -0.479244 -0.0223584
OUTPUT3: 1999.23 -0.25223 -0.479135 -0.022111
OUTPUT3: 1999.23 -0.25207 -0.479024 -0.0218664
OUTPUT3: 1999.27 -0.170213 -0.398888 0.0625312
OUTPUT3: 1999.27 -0.170072 -0.39876 0.0625462
OUTPUT3: 1999.27 -0.169986 -0.398678 0.0625771
OUTPUT3: 1999.28 -0.173147 -0.402585 0.0606683
OUTPUT3: 1999.28 -0.172967 -0.402388 0.0609244
OUTPUT3: 1999.35 -0.167195 -0.398136 0.0679455
OUTPUT3: 1999.35 -0.167973 -0.398906 0.0671802
OUTPUT3: 1999.35 -0.168764 -0.399692 0.066417
OUTPUT3: 1999.35 -0.169571 -0.400496 0.0656151
OUTPUT3: 1999.35 -0.170149 -0.401074 0.0650247
OUTPUT3: 1999.35 -0.183273 -0.414472 0.049982
OUTPUT3: 1999.35 -0.184524 -0.415936 0.0488042
OUTPUT3: 1999.35 -0.185702 -0.417616 0.0477287
OUTPUT3: 1999.35 -0.186841 -0.419243 0.0467352
OUTPUT3: 1999.35 -0.187963 -0.420846 0.0459462
OUTPUT3: 1999.35 -0.189076 -0.422429 0.04516
OUTPUT3: 1999.35 -0.19011 -0.423891 0.044423
OUTPUT3: 1999.35 -0.190692 -0.424706 0.0440037
OUTPUT3: 1999.35 -0.194106 -0.428051 0.0408358
OUTPUT3: 1999.35 -0.193544 -0.427078 0.041058
OUTPUT3: 1999.35 -0.192879 -0.425984 0.0413621
OUTPUT3: 1999.35 -0.192115 -0.424777 0.0417478
OUTPUT3: 1999.35 -0.191253 -0.423462 0.0422179
OUTPUT3: 1999.35 -0.190316 -0.422079 0.0428408
OUTPUT3: 1999.35 -0.190023 -0.421655 0.043043
OUTPUT3: 1999.35 -0.189859 -0.42142 0.043157
OUTPUT3: 1999.35 -0.18928 -0.420598 0.0435659
OUTPUT3: 1999.35 -0.173039 -0.403806 0.0609261
OUTPUT3: 1999.35 -0.171759 -0.402511 0.0622293
OUTPUT3: 1999.35 -0.170617 -0.401357 0.0633847
OUTPUT3: 1999.35 -0.169012 -0.399737 0.0650011
OUTPUT3: 1999.35 -0.167886 -0.398602 0.06613
OUTPUT3: 1999.35 -0.166705 -0.397413 0.0673134
OUTPUT3: 1999.35 -0.165675 -0.396376 0.068347
OUTPUT3: 1999.36 -0.159565 -0.390223 0.07516
OUTPUT3: 1999.36 -0.159983 -0.390652 0.0748167
OUTPUT3: 1999.36 -0.160524 -0.391209 0.0743412
OUTPUT3: 1999.36 -0.161104 -0.391806 0.0738109
OUTPUT3: 1999.36 -0.174845 -0.406065 0.0596959
OUTPUT3: 1999.36 -0.175113 -0.406344 0.0594065
OUTPUT3: 1999.36 -0.176345 -0.407626 0.0580732
OUTPUT3: 1999.36 -0.177454 -0.40878 0.0568675
OUTPUT3: 1999.36 -0.178527 -0.409895 0.055697
OUTPUT3: 1999.36 -0.179593 -0.411002 0.0545295
OUTPUT3: 1999.36 -0.180717 -0.412168 0.0532965
OUTPUT3: 1999.36 -0.181319 -0.412791 0.0526353
OUTPUT3: 1999.36 -0.184395 -0.415843 0.0496905
OUTPUT3: 1999.36 -0.184399 -0.415809 0.049634
OUTPUT3: 1999.36 -0.184426 -0.415812 0.0496062
OUTPUT3: 1999.36 -0.184513 -0.415875 0.0495872
OUTPUT3: 1999.36 -0.192306 -0.423922 0.0413919
OUTPUT3: 1999.36 -0.194107 -0.42601 0.0397921
OUTPUT3: 1999.36 -0.194451 -0.426511 0.0395043
OUTPUT3: 1999.45 -0.156818 -0.390708 0.0776288
OUTPUT3: 1999.45 -0.15679 -0.390706 0.0776741
OUTPUT3: 1999.5 -0.0727995 -0.303362 0.161328
OUTPUT3: 1999.5 -0.072947 -0.303588 0.161008
OUTPUT3: 1999.51 -0.0802768 -0.309481 0.153393
OUTPUT3: 1999.51 -0.0802965 -0.309501 0.153368
OUTPUT3: 1999.53 -0.111899 -0.341459 0.118887
OUTPUT3: 1999.54 -0.0754471 -0.303935 0.156751
OUTPUT3: 1999.56 -0.0609319 -0.287267 0.168954
OUTPUT3: 1999.56 -0.0610357 -0.287362 0.168741
OUTPUT3: 1999.59 -0.00799783 -0.23414 0.222767
OUTPUT3: 1999.59 -0.0069509 -0.23337 0.224003
OUTPUT3: 1999.59 -0.00601661 -0.23269 0.225113
OUTPUT3: 1999.59 -0.00595337 -0.231568 0.224503
OUTPUT3: 1999.59 -0.00687794 -0.232007 0.223235
OUTPUT3: 1999.59 -0.00774925 -0.232539 0.22203
OUTPUT3: 1999.59 -0.00861361 -0.233313 0.220825
OUTPUT3: 1999.6 -0.0110166 -0.236687 0.216754
OUTPUT3: 1999.6 -0.0100274 -0.235408 0.217437
OUTPUT3: 1999.6 -0.0095146 -0.234728 0.217777
OUTPUT3: 1999.6 -0.00874845 -0.233695 0.218709
OUTPUT3: 1999.6 -0.00774192 -0.232312 0.219967
OUTPUT3: 1999.6 -0.00686702 -0.231132 0.221073
OUTPUT3: 1999.6 -0.0039798 -0.228567 0.224798
OUTPUT3: 1999.6 0.000282942 -0.22635 0.231235
OUTPUT3: 1999.6 -0.000390917 -0.226835 0.230433
OUTPUT3: 1999.6 -0.0011309 -0.227341 0.229533
OUTPUT3: 1999.6 -0.00210035 -0.227978 0.228333
OUTPUT3: 1999.6 -0.0039244 -0.229172 0.226029
OUTPUT3: 1999.6 -0.00420727 -0.229427 0.225667
OUTPUT3: 1999.6 -0.0096921 -0.234257 0.217593
OUTPUT3: 1999.6 -0.00897313 -0.233422 0.218381
OUTPUT3: 1999.6 -0.00805747 -0.232367 0.219417
OUTPUT3: 1999.6 -0.00713751 -0.231502 0.220479
OUTPUT3: 1999.6 -0.00613147 -0.230563 0.221656
OUTPUT3: 1999.6 -0.00522353 -0.22972 0.222728
OUTPUT3: 1999.68 0.0584899 -0.169394 0.28722
OUTPUT3: 1999.68 0.0581512 -0.169749 0.286844
OUTPUT3: 1999.68 0.0566447 -0.171298 0.285127
OUTPUT3: 1999.68 0.0475427 -0.180565 0.273598
OUTPUT3: 1999.75 0.157727 -0.0736089 0.387237
OUTPUT3: 1999.8 0.142887 -0.0848305 0.367615
OUTPUT3: 1999.8 0.142326 -0.0853778 0.366825
OUTPUT3: 1999.8 0.141856 -0.0858659 0.366217
OUTPUT3: 1999.81 0.141402 -0.086357 0.36566
OUTPUT3: 1999.81 0.141036 -0.0867667 0.365229
OUTPUT3: 1999.81 0.139726 -0.0888453 0.364517
OUTPUT3: 1999.81 0.140078 -0.0885091 0.364891
OUTPUT3: 1999.81 0.1405 -0.0880799 0.365296
OUTPUT3: 1999.81 0.141092 -0.0874536 0.365818
OUTPUT3: 1999.81 0.141976 -0.0864886 0.366542
OUTPUT3: 1999.81 0.142608 -0.0857856 0.367041
OUTPUT3: 1999.81 0.15287 -0.0747768 0.377056
OUTPUT3: 1999.81 0.15354 -0.0741434 0.377866
OUTPUT3: 1999.81 0.15441 -0.0733469 0.378985
OUTPUT3: 1999.81 0.154786 -0.0730127 0.379543
OUTPUT3: 1999.82 0.162917 -0.0648042 0.385756
OUTPUT3: 1999.82 0.164052 -0.0637553 0.387041
OUTPUT3: 1999.82 0.177332 -0.0516883 0.403776
OUTPUT3: 1999.82 0.178586 -0.0504792 0.405068
OUTPUT3: 1999.82 0.180013 -0.0490417 0.406322
OUTPUT3: 1999.82 0.181433 -0.0475174 0.407251
OUTPUT3: 1999.82 0.182025 -0.0468489 0.407528
OUTPUT3: 1999.82 0.189171 -0.0384722 0.411431
OUTPUT3: 1999.85 0.200751 -0.028198 0.423084
OUTPUT3: 1999.85 0.200685 -0.0282641 0.422963
OUTPUT3: 1999.85 0.200552 -0.0284046 0.42281
OUTPUT3: 1999.89 0.294741 0.0642184 0.524884
OUTPUT3: 1999.93 0.2729 0.0431074 0.501075
OUTPUT3: 1999.93 0.272945 0.043146 0.501146
OUTPUT3: 1999.95 0.240277 0.0114512 0.462474
OUTPUT3: 1999.95 0.272761 0.0432451 0.500659
OUTPUT3: 1999.97 0.28434 0.0545376 0.514081
OUTPUT3: 1999.97 0.28365 0.0537657 0.513544
OUTPUT3: 1999.97 0.254173 0.0251822 0.475036
OUTPUT3: 1999.97 0.254174 0.0251831 0.475036
OUTPUT3: 1999.97 0.254282 0.0252967 0.475156
OUTPUT3: 1999.97 0.254283 0.0252976 0.475157
OUTPUT3: 1999.99 0.258569 0.029576 0.484673
OUTPUT3: 1999.99 0.25836 0.0294021 0.484313
OUTPUT3: 1999.99 0.254372 0.0258612 0.478172
OUTPUT3: 1999.99 0.254072 0.0255816 0.477748
OUTPUT3: 2000 0.244011 0.0146724 0.469275
OUTPUT3: 2000 0.242895 0.0134728 0.468007
OUTPUT3: 2000.04 0.252666 0.0233383 0.481991
OUTPUT3: 2000.04 0.243885 0.0156316 0.468603
OUTPUT3: 2000.04 0.242848 0.0147081 0.46706
OUTPUT3: 2000.04 0.235578 0.0080524 0.45674
OUTPUT3: 2000.04 0.235566 0.00804106 0.456724
OUTPUT3: 2000.04 0.23507 0.00756888 0.456071
OUTPUT3: 2000.04 0.235069 0.00756749 0.456069
OUTPUT3: 2000.06 0.260246 0.0312517 0.486693
OUTPUT3: 2000.06 0.259955 0.0309886 0.486256
OUTPUT3: 2000.06 0.255743 0.0271412 0.48007
OUTPUT3: 2000.06 0.255525 0.026938 0.479757
OUTPUT3: 2000.07 0.257826 0.02818 0.484133
OUTPUT3: 2000.07 0.255165 0.0257079 0.480424
OUTPUT3: 2000.07 0.253994 0.0245911 0.47885
OUTPUT3: 2000.07 0.253438 0.0240532 0.478117
OUTPUT3: 2000.07 0.250768 0.0208611 0.475432
OUTPUT3: 2000.07 0.25114 0.0211695 0.475936
OUTPUT3: 2000.07 0.251444 0.0214339 0.476326
OUTPUT3: 2000.08 0.251769 0.0217256 0.47672
OUTPUT3: 2000.08 0.252096 0.0220291 0.477093
OUTPUT3: 2000.08 0.25246 0.022381 0.477473
OUTPUT3: 2000.08 0.252734 0.0226579 0.477726
OUTPUT3: 2000.08 0.251269 0.022067 0.473857
OUTPUT3: 2000.08 0.250903 0.0217447 0.473452
OUTPUT3: 2000.08 0.250686 0.021537 0.47331
OUTPUT3: 2000.08 0.25061 0.0214503 0.473344
OUTPUT3: 2000.08 0.269089 0.0393449 0.497755
OUTPUT3: 2000.08 0.272545 0.0438997 0.498303
OUTPUT3: 2000.08 0.27252 0.0439187 0.498104
OUTPUT3: 2000.08 0.272449 0.0438664 0.497925
OUTPUT3: 2000.08 0.272351 0.0437697 0.49777
OUTPUT3: 2000.09 0.266995 0.0370758 0.494707
OUTPUT3: 2000.09 0.266234 0.0361822 0.494149
OUTPUT3: 2000.09 0.265467 0.0353008 0.493536
OUTPUT3: 2000.09 0.264636 0.0343668 0.492819
OUTPUT3: 2000.09 0.263679 0.0333141 0.491931
OUTPUT3: 2000.09 0.262705 0.0322664 0.490964
OUTPUT3: 2000.09 0.262104 0.0316309 0.490339
OUTPUT3: 2000.09 0.252007 0.0217749 0.47767
OUTPUT3: 2000.09 0.243881 0.0143598 0.466221
OUTPUT3: 2000.09 0.242946 0.0134983 0.464946
OUTPUT3: 2000.09 0.242201 0.0128048 0.463959
OUTPUT3: 2000.09 0.241498 0.0121399 0.46306
OUTPUT3: 2000.09 0.241006 0.0116663 0.462459
OUTPUT3: 2000.1 0.242955 0.0123306 0.467973
OUTPUT3: 2000.11 0.2789 0.0482104 0.502445
OUTPUT3: 2000.11 0.278585 0.0479517 0.501847
OUTPUT3: 2000.11 0.278211 0.0476458 0.501139
OUTPUT3: 2000.11 0.277905 0.0473953 0.500557
OUTPUT3: 2000.12 0.322269 0.0915187 0.550978
OUTPUT3: 2000.12 0.32227 0.0915198 0.550981
OUTPUT3: 2000.12 0.322369 0.0915836 0.551175
OUTPUT3: 2000.12 0.322369 0.0915839 0.551176
OUTPUT3: 2000.14 0.281514 0.0497362 0.508178
OUTPUT3: 2000.14 0.282215 0.0502628 0.509518
OUTPUT3: 2000.15 0.310983 0.0779098 0.541838
OUTPUT3: 2000.15 0.311105 0.0780325 0.541977
OUTPUT3: 2000.21 0.265202 0.030857 0.495134
OUTPUT3: 2000.21 0.265403 0.0310369 0.495438
OUTPUT3: 2000.21 0.261887 0.0279673 0.492955
OUTPUT3: 2000.21 0.261925 0.0280024 0.493009
OUTPUT3: 2000.21 0.26324 0.0292181 0.49485
OUTPUT3: 2000.26 0.270374 0.0371984 0.496857
OUTPUT3: 2000.26 0.270855 0.0374737 0.497935
OUTPUT3: 2000.27 0.258323 0.0250179 0.487398
OUTPUT3: 2000.27 0.25807 0.02475 0.487156
OUTPUT3: 2000.31 0.222925 -0.0091805 0.449508
OUTPUT3: 2000.31 0.222928 -0.00917997 0.449519
OUTPUT3: 2000.31 0.223002 -0.00916234 0.449797
OUTPUT3: 2000.31 0.223012 -0.00915982 0.449829
OUTPUT3: 2000.31 0.217303 -0.014342 0.443291
OUTPUT3: 2000.31 0.216889 -0.0147104 0.442731
OUTPUT3: 2000.32 0.203647 -0.0283479 0.430381
OUTPUT3: 2000.32 0.203511 -0.0285313 0.430397
OUTPUT3: 2000.32 0.174944 -0.0573571 0.398427
OUTPUT3: 2000.32 0.174938 -0.0573637 0.39842
OUTPUT3: 2000.32 0.174601 -0.057723 0.398066
OUTPUT3: 2000.32 0.174572 -0.057754 0.398036
OUTPUT3: 2000.33 0.189271 -0.0418447 0.413
OUTPUT3: 2000.33 0.189095 -0.0419879 0.412693
OUTPUT3: 2000.33 0.188919 -0.0421301 0.41238
OUTPUT3: 2000.33 0.18875 -0.0422653 0.412075
OUTPUT3: 2000.33 0.188589 -0.0423923 0.411777
OUTPUT3: 2000.33 0.188449 -0.0425007 0.411513
OUTPUT3: 2000.34 0.20371 -0.0271456 0.428515
OUTPUT3: 2000.34 0.204105 -0.0267674 0.429023
OUTPUT3: 2000.34 0.204569 -0.0263235 0.429619
OUTPUT3: 2000.34 0.216318 -0.0143424 0.442884
OUTPUT3: 2000.34 0.216218 -0.0144249 0.442721
OUTPUT3: 2000.34 0.216117 -0.0145094 0.442556
OUTPUT3: 2000.34 0.216014 -0.0145959 0.442389
OUTPUT3: 2000.34 0.215909 -0.014684 0.442221
OUTPUT3: 2000.34 0.215479 -0.0150502 0.441541
OUTPUT3: 2000.36 0.206053 -0.024843 0.430823
OUTPUT3: 2000.36 0.206331 -0.0245374 0.431068
OUTPUT3: 2000.36 0.2066 -0.0242409 0.431304
OUTPUT3: 2000.36 0.206868 -0.0239463 0.431537
OUTPUT3: 2000.36 0.207133 -0.0236535 0.431768
OUTPUT3: 2000.37 0.22099 -0.00877908 0.443685
OUTPUT3: 2000.37 0.226071 -0.00373188 0.450663
OUTPUT3: 2000.37 0.226141 -0.0036847 0.450832
OUTPUT3: 2000.37 0.226169 -0.0036658 0.450903
OUTPUT3: 2000.37 0.226196 -0.00364816 0.450972
OUTPUT3: 2000.37 0.226221 -0.00363178 0.451037
OUTPUT3: 2000.37 0.22624 -0.00361965 0.451087
OUTPUT3: 2000.37 0.227515 -0.00159596 0.451321
OUTPUT3: 2000.37 0.227592 -0.00150253 0.451372
OUTPUT3: 2000.37 0.227671 -0.00140686 0.451427
OUTPUT3: 2000.37 0.227752 -0.00130896 0.451486
OUTPUT3: 2000.37 0.227837 -0.00120822 0.45155
OUTPUT3: 2000.37 0.227904 -0.00112814 0.451602
OUTPUT3: 2000.37 0.23427 0.00460348 0.461489
OUTPUT3: 2000.38 0.234173 0.00448806 0.461434
OUTPUT3: 2000.38 0.234067 0.00436247 0.461368
OUTPUT3: 2000.38 0.233972 0.00425181 0.461304
OUTPUT3: 2000.38 0.211282 -0.018039 0.433652
OUTPUT3: 2000.38 0.210993 -0.0183061 0.43325
OUTPUT3: 2000.38 0.210699 -0.0185774 0.43284
OUTPUT3: 2000.38 0.210407 -0.0188473 0.432431
OUTPUT3: 2000.38 0.210131 -0.0191016 0.432044
OUTPUT3: 2000.38 0.209866 -0.0193454 0.431672
OUTPUT3: 2000.38 0.209607 -0.0195831 0.431307
OUTPUT3: 2000.38 0.209397 -0.0197765 0.43101
OUTPUT3: 2000.38 0.210494 -0.0192611 0.434151
OUTPUT3: 2000.38 0.210559 -0.0192213 0.434311
OUTPUT3: 2000.38 0.210617 -0.0191872 0.434463
OUTPUT3: 2000.38 0.21067 -0.0191588 0.434608
OUTPUT3: 2000.38 0.210717 -0.0191363 0.434745
OUTPUT3: 2000.38 0.197925 -0.0320866 0.421714
OUTPUT3: 2000.38 0.189462 -0.0400262 0.410946
OUTPUT3: 2000.38 0.189086 -0.0403764 0.410459
OUTPUT3: 2000.38 0.188705 -0.04073 0.41005
OUTPUT3: 2000.38 0.188344 -0.041065 0.409668
OUTPUT3: 2000.38 0.187989 -0.0413946 0.409291
OUTPUT3: 2000.38 0.187711 -0.0416517 0.408997
OUTPUT3: 2000.39 0.193173 -0.0361966 0.416757
OUTPUT3: 2000.39 0.193468 -0.035918 0.417155
OUTPUT3: 2000.39 0.194463 -0.0349763 0.4185
OUTPUT3: 2000.39 0.194624 -0.0348242 0.418717
OUTPUT3: 2000.39 0.205509 -0.0239305 0.431936
OUTPUT3: 2000.39 0.205334 -0.0240876 0.43168
OUTPUT3: 2000.39 0.205153 -0.0242497 0.431417
OUTPUT3: 2000.39 0.204968 -0.0244167 0.431149
OUTPUT3: 2000.39 0.204778 -0.0245884 0.430875
OUTPUT3: 2000.39 0.204616 -0.024735 0.430643
OUTPUT3: 2000.39 0.190267 -0.0389884 0.412796
OUTPUT3: 2000.39 0.190236 -0.0390319 0.412783
OUTPUT3: 2000.39 0.190208 -0.039073 0.412772
OUTPUT3: 2000.39 0.190182 -0.0391116 0.412763
OUTPUT3: 2000.39 0.190157 -0.0391482 0.412757
OUTPUT3: 2000.39 0.190138 -0.039177 0.412753
OUTPUT3: 2000.39 0.189046 -0.0402657 0.411183
OUTPUT3: 2000.39 0.188158 -0.040931 0.409604
OUTPUT3: 2000.4 0.18868 -0.0403264 0.410835
OUTPUT3: 2000.4 0.191571 -0.037835 0.415454
OUTPUT3: 2000.4 0.192806 -0.0367525 0.417352
OUTPUT3: 2000.4 0.193008 -0.0365747 0.417658
OUTPUT3: 2000.4 0.193191 -0.0364126 0.417935
OUTPUT3: 2000.4 0.193389 -0.0362373 0.418232
OUTPUT3: 2000.4 0.193598 -0.0360519 0.418545
OUTPUT3: 2000.4 0.193743 -0.0359234 0.41876
OUTPUT3: 2000.4 0.199351 -0.0302549 0.424934
OUTPUT3: 2000.4 0.199106 -0.0303664 0.424233
OUTPUT3: 2000.41 0.22559 -0.0026488 0.45259
OUTPUT3: 2000.41 0.225572 -0.00264474 0.45251
OUTPUT3: 2000.41 0.225551 -0.0026438 0.452425
OUTPUT3: 2000.41 0.225526 -0.00264603 0.452335
OUTPUT3: 2000.41 0.225498 -0.00265149 0.452242
OUTPUT3: 2000.41 0.225473 -0.00265835 0.452162
OUTPUT3: 2000.41 0.212766 -0.0151021 0.436064
OUTPUT3: 2000.41 0.212536 -0.0153512 0.43584
OUTPUT3: 2000.41 0.212305 -0.0156008 0.435617
OUTPUT3: 2000.41 0.212074 -0.0158509 0.435393
OUTPUT3: 2000.41 0.211843 -0.0161015 0.43517
OUTPUT3: 2000.41 0.211653 -0.0163071 0.434987
OUTPUT3: 2000.42 0.198358 -0.0300562 0.420536
OUTPUT3: 2000.42 0.19836 -0.0300447 0.420513
OUTPUT3: 2000.42 0.198366 -0.0300294 0.420494
OUTPUT3: 2000.42 0.198377 -0.0300068 0.420479
OUTPUT3: 2000.42 0.198396 -0.0299752 0.420468
OUTPUT3: 2000.42 0.202237 -0.026217 0.425377
OUTPUT3: 2000.42 0.202251 -0.026221 0.425451
OUTPUT3: 2000.42 0.202257 -0.0262337 0.425517
OUTPUT3: 2000.42 0.202255 -0.0262527 0.425568
OUTPUT3: 2000.42 0.20225 -0.0262686 0.425597
OUTPUT3: 2000.42 0.181744 -0.04698 0.403203
OUTPUT3: 2000.42 0.181428 -0.0472812 0.402811
OUTPUT3: 2000.42 0.181116 -0.0475789 0.402423
OUTPUT3: 2000.42 0.180807 -0.047873 0.402039
OUTPUT3: 2000.42 0.180502 -0.0481632 0.401659
OUTPUT3: 2000.42 0.180259 -0.0483941 0.401357
OUTPUT3: 2000.42 0.176158 -0.0527487 0.398797
OUTPUT3: 2000.42 0.176289 -0.0526393 0.399025
OUTPUT3: 2000.42 0.17642 -0.0525305 0.399252
OUTPUT3: 2000.42 0.176551 -0.0524223 0.399477
OUTPUT3: 2000.42 0.176681 -0.0523149 0.399702
OUTPUT3: 2000.42 0.176803 -0.0522134 0.399915
OUTPUT3: 2000.43 0.175314 -0.0536175 0.397886
OUTPUT3: 2000.43 0.175206 -0.0536981 0.397673
OUTPUT3: 2000.43 0.175101 -0.0537759 0.397462
OUTPUT3: 2000.43 0.174998 -0.0538508 0.397254
OUTPUT3: 2000.43 0.174898 -0.0539225 0.397049
OUTPUT3: 2000.43 0.174823 -0.053976 0.396892
OUTPUT3: 2000.43 0.198627 -0.0299526 0.423368
OUTPUT3: 2000.43 0.199055 -0.0295472 0.423935
OUTPUT3: 2000.43 0.19948 -0.0291452 0.424498
OUTPUT3: 2000.43 0.199901 -0.028747 0.425056
OUTPUT3: 2000.43 0.200318 -0.0283526 0.425608
OUTPUT3: 2000.43 0.200715 -0.0279767 0.426135
OUTPUT3: 2000.43 0.210383 -0.0181424 0.437361
OUTPUT3: 2000.43 0.210258 -0.0182424 0.437146
OUTPUT3: 2000.43 0.210131 -0.0183445 0.436928
OUTPUT3: 2000.43 0.210002 -0.0184485 0.436707
OUTPUT3: 2000.43 0.209871 -0.0185542 0.436484
OUTPUT3: 2000.43 0.209766 -0.0186389 0.436305
OUTPUT3: 2000.44 0.211576 -0.0169584 0.436292
OUTPUT3: 2000.44 0.211317 -0.0172026 0.435936
OUTPUT3: 2000.44 0.211052 -0.0174517 0.435574
OUTPUT3: 2000.44 0.210782 -0.0177055 0.435204
OUTPUT3: 2000.44 0.210507 -0.0179639 0.434829
OUTPUT3: 2000.44 0.210282 -0.0181753 0.434522
OUTPUT3: 2000.44 0.194122 -0.0336399 0.414219
OUTPUT3: 2000.44 0.195374 -0.0325501 0.415488
OUTPUT3: 2000.44 0.195535 -0.0324032 0.415655
OUTPUT3: 2000.44 0.195705 -0.0322473 0.415831
OUTPUT3: 2000.44 0.195884 -0.0320825 0.416078
OUTPUT3: 2000.44 0.196072 -0.0319091 0.416338
OUTPUT3: 2000.44 0.196233 -0.0317605 0.416559
OUTPUT3: 2000.45 0.21677 -0.0115005 0.443269
OUTPUT3: 2000.45 0.216516 -0.011775 0.443035
OUTPUT3: 2000.45 0.216259 -0.0120515 0.442798
OUTPUT3: 2000.45 0.216 -0.0123301 0.442557
OUTPUT3: 2000.45 0.215738 -0.0126107 0.442313
OUTPUT3: 2000.45 0.215529 -0.0128343 0.442117
OUTPUT3: 2000.45 0.188266 -0.0396808 0.4095
OUTPUT3: 2000.45 0.187923 -0.0400027 0.409048
OUTPUT3: 2000.45 0.187583 -0.0403224 0.4086
OUTPUT3: 2000.45 0.187245 -0.0406397 0.408156
OUTPUT3: 2000.45 0.186911 -0.0409545 0.407716
OUTPUT3: 2000.45 0.186643 -0.0412061 0.407364
OUTPUT3: 2000.45 0.17545 -0.0527832 0.396179
OUTPUT3: 2000.45 0.175492 -0.0527714 0.396234
OUTPUT3: 2000.45 0.175538 -0.0527556 0.396294
OUTPUT3: 2000.45 0.175588 -0.0527362 0.396435
OUTPUT3: 2000.45 0.175642 -0.052713 0.396591
OUTPUT3: 2000.45 0.175686 -0.0526924 0.396715
OUTPUT3: 2000.46 0.180786 -0.0481432 0.405847
OUTPUT3: 2000.46 0.180737 -0.0481767 0.405755
OUTPUT3: 2000.46 0.180685 -0.0482126 0.40566
OUTPUT3: 2000.46 0.18063 -0.048251 0.405561
OUTPUT3: 2000.46 0.18057 -0.0482936 0.405454
OUTPUT3: 2000.46 0.150466 -0.078184 0.372903
OUTPUT3: 2000.46 0.150425 -0.0782121 0.372841
OUTPUT3: 2000.46 0.15039 -0.0782334 0.372786
OUTPUT3: 2000.46 0.150362 -0.0782479 0.372737
OUTPUT3: 2000.46 0.150341 -0.0782556 0.372696
OUTPUT3: 2000.46 0.150328 -0.0782568 0.372668
OUTPUT3: 2000.47 0.165332 -0.0629701 0.390248
OUTPUT3: 2000.47 0.165573 -0.0627433 0.390566
OUTPUT3: 2000.47 0.165767 -0.0625608 0.390824
OUTPUT3: 2000.47 0.157447 -0.0711508 0.381179
OUTPUT3: 2000.47 0.157136 -0.0714466 0.380761
OUTPUT3: 2000.47 0.156826 -0.0717409 0.380344
OUTPUT3: 2000.47 0.156517 -0.0720335 0.379929
OUTPUT3: 2000.47 0.15621 -0.0723243 0.379516
OUTPUT3: 2000.47 0.155978 -0.0725449 0.379202
OUTPUT3: 2000.47 0.150255 -0.0786974 0.372537
OUTPUT3: 2000.47 0.150362 -0.078615 0.372714
OUTPUT3: 2000.47 0.150466 -0.0785342 0.372888
OUTPUT3: 2000.47 0.150569 -0.0784554 0.37306
OUTPUT3: 2000.47 0.150669 -0.0783787 0.373229
OUTPUT3: 2000.47 0.150748 -0.0783186 0.373362
OUTPUT3: 2000.48 0.142649 -0.0864124 0.364452
OUTPUT3: 2000.48 0.142389 -0.0866476 0.364173
OUTPUT3: 2000.48 0.142131 -0.0868816 0.363896
OUTPUT3: 2000.48 0.141874 -0.0871143 0.363619
OUTPUT3: 2000.48 0.141614 -0.0873496 0.363339
OUTPUT3: 2000.48 0.141435 -0.0875111 0.363146
OUTPUT3: 2000.48 0.149689 -0.0791688 0.371476
OUTPUT3: 2000.48 0.150138 -0.0787449 0.371948
OUTPUT3: 2000.48 0.150591 -0.0783186 0.372423
OUTPUT3: 2000.48 0.151045 -0.0778902 0.372899
OUTPUT3: 2000.48 0.151501 -0.0774599 0.373378
OUTPUT3: 2000.48 0.151959 -0.077028 0.373858
OUTPUT3: 2000.48 0.173329 -0.0555983 0.397515
OUTPUT3: 2000.48 0.173206 -0.0556422 0.397093
OUTPUT3: 2000.48 0.173176 -0.0556551 0.396999
OUTPUT3: 2000.48 0.173145 -0.055669 0.396905
OUTPUT3: 2000.48 0.173086 -0.0556977 0.396726
OUTPUT3: 2000.48 0.173021 -0.0557308 0.396539
OUTPUT3: 2000.48 0.172934 -0.0557777 0.396296
OUTPUT3: 2000.48 0.172932 -0.0557786 0.396291
OUTPUT3: 2000.48 0.17638 -0.0516581 0.397729
OUTPUT3: 2000.48 0.176623 -0.0514335 0.397979
OUTPUT3: 2000.48 0.176862 -0.0512121 0.398226
OUTPUT3: 2000.48 0.177105 -0.0509868 0.398477
OUTPUT3: 2000.48 0.177312 -0.0507953 0.398691
OUTPUT3: 2000.49 0.187169 -0.0409019 0.409075
OUTPUT3: 2000.49 0.187074 -0.0409784 0.40893
OUTPUT3: 2000.49 0.186975 -0.0410578 0.408782
OUTPUT3: 2000.49 0.186896 -0.0411225 0.408663
OUTPUT3: 2000.49 0.182744 -0.044863 0.403949
OUTPUT3: 2000.49 0.182812 -0.0448056 0.404071
OUTPUT3: 2000.49 0.182885 -0.0447436 0.4042
OUTPUT3: 2000.49 0.182963 -0.0446769 0.404334
OUTPUT3: 2000.49 0.183046 -0.0446056 0.404476
OUTPUT3: 2000.49 0.183114 -0.044546 0.404592
OUTPUT3: 2000.49 0.184967 -0.0429438 0.40743
OUTPUT3: 2000.49 0.184934 -0.0429978 0.407441
OUTPUT3: 2000.49 0.184905 -0.0430472 0.407454
OUTPUT3: 2000.5 0.188081 -0.0398869 0.410442
OUTPUT3: 2000.5 0.188177 -0.039767 0.410479
OUTPUT3: 2000.5 0.188271 -0.0396496 0.410516
OUTPUT3: 2000.5 0.188365 -0.0395328 0.410551
OUTPUT3: 2000.5 0.188459 -0.0394152 0.410586
OUTPUT3: 2000.5 0.188532 -0.0393232 0.410614
OUTPUT3: 2000.5 0.197091 -0.0301126 0.419324
OUTPUT3: 2000.5 0.197166 -0.0300602 0.419492
OUTPUT3: 2000.5 0.197237 -0.0300113 0.419656
OUTPUT3: 2000.5 0.194401 -0.0336794 0.420648
OUTPUT3: 2000.5 0.194279 -0.0337812 0.42047
OUTPUT3: 2000.5 0.194157 -0.0338829 0.420288
OUTPUT3: 2000.5 0.194035 -0.0339844 0.420105
OUTPUT3: 2000.5 0.193912 -0.0340855 0.419921
OUTPUT3: 2000.5 0.193813 -0.0341667 0.419771
OUTPUT3: 2000.51 0.189714 -0.0374815 0.41376
OUTPUT3: 2000.51 0.189747 -0.0374698 0.413861
OUTPUT3: 2000.51 0.189783 -0.0374579 0.413972
OUTPUT3: 2000.51 0.189817 -0.0374475 0.414079
OUTPUT3: 2000.51 0.189848 -0.0374385 0.41418
OUTPUT3: 2000.51 0.18988 -0.0374301 0.414286
OUTPUT3: 2000.51 0.185668 -0.0425054 0.411566
OUTPUT3: 2000.51 0.185445 -0.0427152 0.41126
OUTPUT3: 2000.51 0.185254 -0.0428948 0.410996
OUTPUT3: 2000.51 0.185081 -0.0430565 0.410756
OUTPUT3: 2000.51 0.184906 -0.0432199 0.410513
OUTPUT3: 2000.51 0.165292 -0.0623351 0.38633
OUTPUT3: 2000.51 0.165116 -0.0625262 0.386153
OUTPUT3: 2000.51 0.164941 -0.0627155 0.385978
OUTPUT3: 2000.51 0.164767 -0.0629048 0.385803
OUTPUT3: 2000.51 0.164593 -0.0630942 0.385627
OUTPUT3: 2000.51 0.164453 -0.0632468 0.385486
OUTPUT3: 2000.51 0.154042 -0.0740514 0.375704
OUTPUT3: 2000.51 0.153961 -0.0741243 0.375605
OUTPUT3: 2000.51 0.153887 -0.0741901 0.375513
OUTPUT3: 2000.51 0.153831 -0.0742387 0.375444
OUTPUT3: 2000.52 0.159408 -0.0686336 0.382352
OUTPUT3: 2000.52 0.159481 -0.0685753 0.38247
OUTPUT3: 2000.52 0.159549 -0.0685215 0.382583
OUTPUT3: 2000.52 0.159614 -0.0684708 0.382694
OUTPUT3: 2000.52 0.159679 -0.0684221 0.382807
OUTPUT3: 2000.52 0.14416 -0.083885 0.365126
OUTPUT3: 2000.52 0.143773 -0.0842442 0.364709
OUTPUT3: 2000.52 0.143385 -0.0846027 0.364293
OUTPUT3: 2000.52 0.142998 -0.0849595 0.363876
OUTPUT3: 2000.52 0.145969 -0.0813569 0.36658
OUTPUT3: 2000.52 0.148726 -0.0786924 0.369457
OUTPUT3: 2000.52 0.160707 -0.0671994 0.382648
OUTPUT3: 2000.52 0.178453 -0.0494844 0.404158
OUTPUT3: 2000.52 0.178184 -0.0497213 0.403768
OUTPUT3: 2000.52 0.177858 -0.050009 0.403299
OUTPUT3: 2000.52 0.177523 -0.0503055 0.402819
OUTPUT3: 2000.53 0.152939 -0.0752074 0.376795
OUTPUT3: 2000.53 0.133582 -0.0938328 0.354174
OUTPUT3: 2000.53 0.133743 -0.0936923 0.354347
OUTPUT3: 2000.53 0.133928 -0.0935302 0.354546
OUTPUT3: 2000.53 0.134112 -0.093368 0.354744
OUTPUT3: 2000.53 0.134299 -0.0932021 0.354946
OUTPUT3: 2000.54 0.128386 -0.0991178 0.349874
OUTPUT3: 2000.54 0.128316 -0.0992073 0.349857
OUTPUT3: 2000.54 0.128248 -0.0992941 0.349842
OUTPUT3: 2000.54 0.128183 -0.0993781 0.34983
OUTPUT3: 2000.54 0.128121 -0.0994592 0.34982
OUTPUT3: 2000.54 0.128074 -0.0995204 0.349815
OUTPUT3: 2000.55 0.13241 -0.0949625 0.35566
OUTPUT3: 2000.55 0.132393 -0.0949856 0.355662
OUTPUT3: 2000.55 0.132329 -0.0950737 0.355669
OUTPUT3: 2000.55 0.132244 -0.0951895 0.355674
OUTPUT3: 2000.55 0.132154 -0.0953097 0.355674
OUTPUT3: 2000.55 0.13206 -0.0954333 0.355669
OUTPUT3: 2000.55 0.120353 -0.108125 0.345697
OUTPUT3: 2000.55 0.11171 -0.116474 0.335052
OUTPUT3: 2000.55 0.111331 -0.116832 0.33456
OUTPUT3: 2000.55 0.110961 -0.117181 0.334077
OUTPUT3: 2000.55 0.110597 -0.117524 0.3336
OUTPUT3: 2000.55 0.110211 -0.117887 0.333093
OUTPUT3: 2000.55 0.109915 -0.118165 0.332704
OUTPUT3: 2000.55 0.0867886 -0.140541 0.308051
OUTPUT3: 2000.55 0.0866061 -0.140741 0.30787
OUTPUT3: 2000.55 0.0864153 -0.14095 0.307681
OUTPUT3: 2000.55 0.086233 -0.14115 0.3075
OUTPUT3: 2000.55 0.0860522 -0.141349 0.307321
OUTPUT3: 2000.55 0.085912 -0.141504 0.307182
OUTPUT3: 2000.56 0.0822758 -0.144809 0.303403
OUTPUT3: 2000.56 0.0826544 -0.14444 0.303794
OUTPUT3: 2000.56 0.0829556 -0.144146 0.304105
OUTPUT3: 2000.56 0.0832611 -0.143848 0.304421
OUTPUT3: 2000.56 0.0836682 -0.143451 0.304842
OUTPUT3: 2000.56 0.0940974 -0.132847 0.316868
OUTPUT3: 2000.56 0.0940235 -0.132905 0.316745
OUTPUT3: 2000.56 0.0939479 -0.132965 0.31662
OUTPUT3: 2000.56 0.0938705 -0.133026 0.316492
OUTPUT3: 2000.56 0.0937916 -0.133089 0.316363
OUTPUT3: 2000.56 0.0937127 -0.133153 0.316234
OUTPUT3: 2000.57 0.0878066 -0.139059 0.309547
OUTPUT3: 2000.57 0.0877175 -0.139165 0.309491
OUTPUT3: 2000.57 0.0876223 -0.139278 0.30943
OUTPUT3: 2000.57 0.087526 -0.139391 0.309367
OUTPUT3: 2000.57 0.0874286 -0.139505 0.309302
OUTPUT3: 2000.57 0.0873522 -0.139594 0.30925
OUTPUT3: 2000.58 0.0782834 -0.149283 0.301005
OUTPUT3: 2000.58 0.0782422 -0.149303 0.300905
OUTPUT3: 2000.58 0.078192 -0.149332 0.300794
OUTPUT3: 2000.58 0.0781302 -0.149371 0.300665
OUTPUT3: 2000.58 0.0712881 -0.155639 0.293065
OUTPUT3: 2000.58 0.0714948 -0.155419 0.293269
OUTPUT3: 2000.58 0.0716994 -0.155199 0.293469
OUTPUT3: 2000.58 0.0719018 -0.154982 0.293665
OUTPUT3: 2000.58 0.072102 -0.154767 0.293856
OUTPUT3: 2000.58 0.0722587 -0.154598 0.294005
OUTPUT3: 2000.59 0.079463 -0.146684 0.300322
OUTPUT3: 2000.59 0.0794756 -0.146681 0.300331
OUTPUT3: 2000.59 0.0794873 -0.146679 0.300339
OUTPUT3: 2000.59 0.079498 -0.146679 0.300345
OUTPUT3: 2000.59 0.0795077 -0.14668 0.300351
OUTPUT3: 2000.59 0.0795162 -0.146682 0.300356
OUTPUT3: 2000.59 0.0782508 -0.148475 0.29887
OUTPUT3: 2000.59 0.0782087 -0.148505 0.298824
OUTPUT3: 2000.59 0.0781674 -0.148535 0.29878
OUTPUT3: 2000.59 0.0781247 -0.148564 0.298734
OUTPUT3: 2000.59 0.0780873 -0.14859 0.298693
OUTPUT3: 2000.6 0.0874967 -0.138114 0.308098
OUTPUT3: 2000.6 0.0875589 -0.138063 0.308165
OUTPUT3: 2000.6 0.0876215 -0.138014 0.308233
OUTPUT3: 2000.6 0.0876801 -0.137969 0.308297
OUTPUT3: 2000.6 0.0883749 -0.137563 0.309329
OUTPUT3: 2000.6 0.0884367 -0.137565 0.309603
OUTPUT3: 2000.6 0.0834693 -0.143256 0.305802
OUTPUT3: 2000.6 0.0833369 -0.143377 0.305607
OUTPUT3: 2000.6 0.0832049 -0.143497 0.30541
OUTPUT3: 2000.6 0.0830735 -0.143616 0.305211
OUTPUT3: 2000.6 0.0829429 -0.143733 0.305011
OUTPUT3: 2000.61 0.0885172 -0.138213 0.312274
OUTPUT3: 2000.61 0.0883322 -0.138389 0.31206
OUTPUT3: 2000.61 0.08815 -0.138563 0.311848
OUTPUT3: 2000.61 0.0879676 -0.138736 0.311633
OUTPUT3: 2000.61 0.087783 -0.138911 0.311414
OUTPUT3: 2000.61 0.0774844 -0.148465 0.298086
OUTPUT3: 2000.61 0.0774936 -0.148469 0.298124
OUTPUT3: 2000.61 0.0775022 -0.148473 0.29816
OUTPUT3: 2000.61 0.0775103 -0.148476 0.298195
OUTPUT3: 2000.61 0.0775182 -0.148481 0.29823
OUTPUT3: 2000.61 0.0775239 -0.148485 0.298257
OUTPUT3: 2000.62 0.067561 -0.158048 0.287788
OUTPUT3: 2000.62 0.0677482 -0.157893 0.287989
OUTPUT3: 2000.63 0.078703 -0.146402 0.29853
OUTPUT3: 2000.63 0.0785014 -0.14661 0.298315
OUTPUT3: 2000.63 0.0783514 -0.146765 0.298155
OUTPUT3: 2000.63 0.0782104 -0.146913 0.298005
OUTPUT3: 2000.63 0.0780756 -0.147055 0.297861
OUTPUT3: 2000.63 0.0779446 -0.147193 0.297722
OUTPUT3: 2000.63 0.077813 -0.147334 0.297582
OUTPUT3: 2000.63 0.0776925 -0.147463 0.297454
OUTPUT3: 2000.63 0.0775768 -0.147589 0.297332
OUTPUT3: 2000.63 0.0774662 -0.14771 0.297215
OUTPUT3: 2000.63 0.0773807 -0.147805 0.297124
OUTPUT3: 2000.63 0.0768831 -0.148374 0.296601
OUTPUT3: 2000.63 0.0768023 -0.148472 0.296517
OUTPUT3: 2000.63 0.0767347 -0.148555 0.296446
OUTPUT3: 2000.63 0.0766644 -0.148645 0.296374
OUTPUT3: 2000.63 0.0766007 -0.148728 0.296308
OUTPUT3: 2000.63 0.0765484 -0.148799 0.296254
OUTPUT3: 2000.63 0.0765068 -0.148859 0.296212
OUTPUT3: 2000.63 0.0764718 -0.148912 0.296177
OUTPUT3: 2000.63 0.0764424 -0.148959 0.296148
OUTPUT3: 2000.63 0.0764237 -0.148992 0.29613
OUTPUT3: 2000.63 0.080882 -0.145364 0.302631
OUTPUT3: 2000.63 0.0810436 -0.145207 0.302838
OUTPUT3: 2000.63 0.0812215 -0.145034 0.303063
OUTPUT3: 2000.63 0.0813919 -0.144867 0.303276
OUTPUT3: 2000.63 0.0815668 -0.144694 0.303491
OUTPUT3: 2000.63 0.0817488 -0.144514 0.303712
OUTPUT3: 2000.63 0.0819092 -0.144353 0.303904
OUTPUT3: 2000.63 0.0820816 -0.14418 0.304107
OUTPUT3: 2000.63 0.0822281 -0.144032 0.304277
OUTPUT3: 2000.63 0.0823848 -0.143873 0.304456
OUTPUT3: 2000.63 0.0825331 -0.143721 0.304623
OUTPUT3: 2000.63 0.0826997 -0.143549 0.304807
OUTPUT3: 2000.63 0.0828356 -0.143408 0.304955
OUTPUT3: 2000.63 0.0829684 -0.143269 0.305096
OUTPUT3: 2000.63 0.0831098 -0.143121 0.305244
OUTPUT3: 2000.63 0.0832364 -0.142986 0.305373
OUTPUT3: 2000.63 0.0833784 -0.142834 0.305515
OUTPUT3: 2000.63 0.0835078 -0.142695 0.30564
OUTPUT3: 2000.63 0.0836229 -0.142569 0.305748
OUTPUT3: 2000.63 0.0837315 -0.14245 0.305847
OUTPUT3: 2000.63 0.0838357 -0.142334 0.305939
OUTPUT3: 2000.63 0.0839356 -0.142221 0.306023
OUTPUT3: 2000.63 0.0840247 -0.14212 0.306095
OUTPUT3: 2000.63 0.0841163 -0.142014 0.306166
OUTPUT3: 2000.63 0.0841898 -0.141928 0.306219
OUTPUT3: 2000.63 0.0842729 -0.14183 0.306274
OUTPUT3: 2000.63 0.0843551 -0.14173 0.306324
OUTPUT3: 2000.63 0.0844406 -0.141623 0.306367
OUTPUT3: 2000.63 0.0845212 -0.141518 0.306397
OUTPUT3: 2000.64 0.0834569 -0.142086 0.304023
OUTPUT3: 2000.64 0.0832544 -0.142265 0.303814
OUTPUT3: 2000.64 0.0830072 -0.142487 0.303557
OUTPUT3: 2000.64 0.0794728 -0.145873 0.299877
OUTPUT3: 2000.64 0.0792488 -0.146096 0.299643
OUTPUT3: 2000.64 0.078984 -0.146359 0.299367
OUTPUT3: 2000.64 0.0788002 -0.146543 0.299175
OUTPUT3: 2000.64 0.0784428 -0.146901 0.298802
OUTPUT3: 2000.64 0.0781897 -0.147156 0.298538
OUTPUT3: 2000.64 0.0779334 -0.147414 0.29827
OUTPUT3: 2000.64 0.0776817 -0.147669 0.298007
OUTPUT3: 2000.64 0.0774215 -0.147932 0.297735
OUTPUT3: 2000.64 0.0771741 -0.148184 0.297477
OUTPUT3: 2000.64 0.0768002 -0.148564 0.297086
OUTPUT3: 2000.64 0.0764524 -0.14892 0.296723
OUTPUT3: 2000.64 0.0761625 -0.149217 0.29642
OUTPUT3: 2000.64 0.0759026 -0.149484 0.296148
OUTPUT3: 2000.64 0.0756034 -0.149791 0.295835
OUTPUT3: 2000.64 0.0752957 -0.150108 0.295514
OUTPUT3: 2000.64 0.0749881 -0.150426 0.295192
OUTPUT3: 2000.64 0.0747785 -0.150643 0.294973
OUTPUT3: 2000.64 0.0744826 -0.150949 0.294664
OUTPUT3: 2000.64 0.0742316 -0.15121 0.294401
OUTPUT3: 2000.64 0.0739307 -0.151523 0.294087
OUTPUT3: 2000.64 0.073665 -0.151799 0.293809
OUTPUT3: 2000.64 0.0733784 -0.152098 0.29351
OUTPUT3: 2000.64 0.0730694 -0.15242 0.293186
OUTPUT3: 2000.64 0.0727588 -0.152745 0.292862
OUTPUT3: 2000.64 0.0724509 -0.153067 0.29254
OUTPUT3: 2000.64 0.0722018 -0.153329 0.292279
OUTPUT3: 2000.64 0.0719053 -0.15364 0.291969
OUTPUT3: 2000.64 0.0716217 -0.153938 0.291673
OUTPUT3: 2000.64 0.0713328 -0.154241 0.291371
OUTPUT3: 2000.64 0.0621284 -0.163861 0.281725
OUTPUT3: 2000.64 0.0620775 -0.163907 0.281671
OUTPUT3: 2000.64 0.0620254 -0.163952 0.281615
OUTPUT3: 2000.64 0.0619816 -0.163987 0.281568
OUTPUT3: 2000.64 0.0619489 -0.164011 0.281533
OUTPUT3: 2000.64 0.0619254 -0.164025 0.281507
OUTPUT3: 2000.64 0.0619121 -0.164029 0.281492
OUTPUT3: 2000.64 0.0619059 -0.164024 0.281484
OUTPUT3: 2000.64 0.0619077 -0.164012 0.281485
OUTPUT3: 2000.64 0.0619191 -0.163987 0.281496
OUTPUT3: 2000.64 0.0619393 -0.163954 0.281515
OUTPUT3: 2000.64 0.061968 -0.163911 0.281544
OUTPUT3: 2000.64 0.0620061 -0.163859 0.281583
OUTPUT3: 2000.64 0.0620465 -0.163805 0.281624
OUTPUT3: 2000.64 0.0620972 -0.16374 0.281676
OUTPUT3: 2000.64 0.0621543 -0.163668 0.281734
OUTPUT3: 2000.64 0.0622215 -0.163584 0.281803
OUTPUT3: 2000.64 0.0622909 -0.1635 0.281875
OUTPUT3: 2000.64 0.0623787 -0.163394 0.281965
OUTPUT3: 2000.64 0.0624739 -0.163281 0.282064
OUTPUT3: 2000.64 0.0765023 -0.148645 0.296757
OUTPUT3: 2000.64 0.076789 -0.148367 0.297059
OUTPUT3: 2000.64 0.0770911 -0.148074 0.297378
OUTPUT3: 2000.64 0.0773583 -0.147816 0.29766
OUTPUT3: 2000.64 0.0776724 -0.147514 0.297992
OUTPUT3: 2000.64 0.0779827 -0.147216 0.298319
OUTPUT3: 2000.64 0.0782637 -0.146948 0.298616
OUTPUT3: 2000.64 0.0786033 -0.146624 0.299013
OUTPUT3: 2000.64 0.078961 -0.146285 0.299503
OUTPUT3: 2000.64 0.0793259 -0.145941 0.300008
OUTPUT3: 2000.64 0.0796903 -0.145599 0.300518
OUTPUT3: 2000.64 0.0799985 -0.145311 0.300952
OUTPUT3: 2000.64 0.080295 -0.145036 0.301375
OUTPUT3: 2000.64 0.0805591 -0.144792 0.301755
OUTPUT3: 2000.64 0.0807938 -0.144576 0.302095
OUTPUT3: 2000.64 0.0810345 -0.144355 0.302447
OUTPUT3: 2000.64 0.0812751 -0.144136 0.302802
OUTPUT3: 2000.64 0.0815164 -0.143918 0.303162
OUTPUT3: 2000.64 0.081708 -0.143745 0.303451
OUTPUT3: 2000.64 0.0819287 -0.143547 0.303787
OUTPUT3: 2000.64 0.0821179 -0.143379 0.304078
OUTPUT3: 2000.64 0.0823547 -0.14317 0.304447
OUTPUT3: 2000.64 0.0825319 -0.143015 0.304727
OUTPUT3: 2000.64 0.0827159 -0.142855 0.305021
OUTPUT3: 2000.64 0.082879 -0.142715 0.305286
OUTPUT3: 2000.64 0.0830376 -0.142579 0.305547
OUTPUT3: 2000.64 0.083182 -0.142457 0.305789
OUTPUT3: 2000.64 0.0833222 -0.142341 0.306028
OUTPUT3: 2000.64 0.0834607 -0.142227 0.306268
OUTPUT3: 2000.64 0.0835835 -0.142127 0.306486
OUTPUT3: 2000.64 0.0836679 -0.14206 0.306639
OUTPUT3: 2000.64 0.0802248 -0.146165 0.304559
OUTPUT3: 2000.64 0.0780332 -0.148343 0.301921
OUTPUT3: 2000.64 0.0777039 -0.148667 0.301515
OUTPUT3: 2000.64 0.0772955 -0.149068 0.301009
OUTPUT3: 2000.64 0.0768904 -0.149465 0.300503
OUTPUT3: 2000.64 0.0764826 -0.149863 0.299991
OUTPUT3: 2000.64 0.0761059 -0.15023 0.299517
OUTPUT3: 2000.64 0.0757148 -0.15061 0.299022
OUTPUT3: 2000.64 0.0752612 -0.151051 0.298445
OUTPUT3: 2000.64 0.0748452 -0.151454 0.297913
OUTPUT3: 2000.64 0.0744135 -0.151871 0.29736
OUTPUT3: 2000.64 0.0739865 -0.152284 0.29681
OUTPUT3: 2000.64 0.0735508 -0.152704 0.296247
OUTPUT3: 2000.64 0.0731059 -0.153132 0.295671
OUTPUT3: 2000.64 0.0726874 -0.153534 0.295127
OUTPUT3: 2000.64 0.0722525 -0.153951 0.294559
OUTPUT3: 2000.64 0.0717806 -0.154404 0.293942
OUTPUT3: 2000.64 0.0713106 -0.154854 0.293326
OUTPUT3: 2000.64 0.0708777 -0.155268 0.292757
OUTPUT3: 2000.64 0.0704109 -0.155714 0.292142
OUTPUT3: 2000.64 0.0699965 -0.156109 0.291594
OUTPUT3: 2000.64 0.0695163 -0.156567 0.290959
OUTPUT3: 2000.64 0.0690608 -0.157001 0.290355
OUTPUT3: 2000.64 0.0686015 -0.157438 0.289745
OUTPUT3: 2000.65 0.0478876 -0.17734 0.267637
OUTPUT3: 2000.65 0.0476965 -0.17754 0.267447
OUTPUT3: 2000.65 0.047496 -0.177751 0.267248
OUTPUT3: 2000.65 0.0473133 -0.177946 0.267068
OUTPUT3: 2000.65 0.0471174 -0.178156 0.266874
OUTPUT3: 2000.65 0.0469262 -0.178363 0.266686
OUTPUT3: 2000.65 0.0467524 -0.178553 0.266516
OUTPUT3: 2000.65 0.0465957 -0.178727 0.266363
OUTPUT3: 2000.65 0.0464514 -0.178889 0.266222
OUTPUT3: 2000.65 0.0463103 -0.17905 0.266086
OUTPUT3: 2000.65 0.046189 -0.179189 0.265969
OUTPUT3: 2000.65 0.0460698 -0.179329 0.265854
OUTPUT3: 2000.65 0.0459442 -0.179478 0.265734
OUTPUT3: 2000.65 0.0458535 -0.179587 0.265647
OUTPUT3: 2000.65 0.0457511 -0.179713 0.26555
OUTPUT3: 2000.65 0.04566 -0.179828 0.265465
OUTPUT3: 2000.65 0.0455746 -0.179937 0.265385
OUTPUT3: 2000.65 0.0455053 -0.180028 0.26532
OUTPUT3: 2000.65 0.0454281 -0.180132 0.265249
OUTPUT3: 2000.65 0.0453659 -0.180217 0.265193
OUTPUT3: 2000.65 0.0453031 -0.180307 0.265136
OUTPUT3: 2000.65 0.0452411 -0.180398 0.265081
OUTPUT3: 2000.65 0.046979 -0.179843 0.266948
OUTPUT3: 2000.65 0.0470673 -0.17975 0.267031
OUTPUT3: 2000.65 0.0471555 -0.179655 0.267114
OUTPUT3: 2000.65 0.047255 -0.179548 0.267208
OUTPUT3: 2000.65 0.0473455 -0.179449 0.267293
OUTPUT3: 2000.65 0.0474448 -0.17934 0.267387
OUTPUT3: 2000.65 0.047536 -0.179239 0.267472
OUTPUT3: 2000.65 0.0476407 -0.179122 0.267571
OUTPUT3: 2000.65 0.0477471 -0.179003 0.267671
OUTPUT3: 2000.65 0.0478603 -0.178875 0.267778
OUTPUT3: 2000.65 0.0479782 -0.178742 0.267889
OUTPUT3: 2000.65 0.0480981 -0.178606 0.268003
OUTPUT3: 2000.65 0.0482204 -0.178467 0.268118
OUTPUT3: 2000.65 0.0483497 -0.178319 0.268241
OUTPUT3: 2000.65 0.0484955 -0.178153 0.268379
OUTPUT3: 2000.65 0.0486208 -0.178009 0.268498
OUTPUT3: 2000.65 0.0487547 -0.177856 0.268626
OUTPUT3: 2000.65 0.0488951 -0.177695 0.26876
OUTPUT3: 2000.65 0.0490565 -0.17751 0.268914
OUTPUT3: 2000.65 0.049206 -0.177338 0.269057
OUTPUT3: 2000.65 0.0493721 -0.177148 0.269217
OUTPUT3: 2000.65 0.0495498 -0.176944 0.269387
OUTPUT3: 2000.65 0.0694869 -0.155807 0.289402
OUTPUT3: 2000.65 0.0700219 -0.155268 0.289949
OUTPUT3: 2000.65 0.105964 -0.120061 0.329571
OUTPUT3: 2000.65 0.106188 -0.119833 0.329813
OUTPUT3: 2000.65 0.106416 -0.119599 0.330056
OUTPUT3: 2000.66 0.106622 -0.119386 0.330272
OUTPUT3: 2000.66 0.106809 -0.119193 0.330465
OUTPUT3: 2000.66 0.106989 -0.119004 0.330649
OUTPUT3: 2000.66 0.107163 -0.118823 0.330822
OUTPUT3: 2000.66 0.108707 -0.117141 0.332172
OUTPUT3: 2000.66 0.108815 -0.117017 0.332248
OUTPUT3: 2000.66 0.117682 -0.107018 0.338403
OUTPUT3: 2000.67 0.107581 -0.118389 0.329465
OUTPUT3: 2000.67 0.0829371 -0.142033 0.302299
OUTPUT3: 2000.69 0.0786542 -0.146867 0.299003
OUTPUT3: 2000.69 0.078417 -0.147118 0.298759
OUTPUT3: 2000.69 0.0781768 -0.147372 0.298513
OUTPUT3: 2000.69 0.0779379 -0.147624 0.298268
OUTPUT3: 2000.69 0.0776997 -0.147877 0.298023
OUTPUT3: 2000.69 0.0653867 -0.160749 0.286465
OUTPUT3: 2000.69 0.0652768 -0.160852 0.286339
OUTPUT3: 2000.69 0.0651537 -0.160966 0.286197
OUTPUT3: 2000.69 0.0736057 -0.151456 0.294011
OUTPUT3: 2000.69 0.0738903 -0.151175 0.294308
OUTPUT3: 2000.69 0.0741877 -0.150884 0.294619
OUTPUT3: 2000.69 0.0744431 -0.150635 0.294912
OUTPUT3: 2000.69 0.0760886 -0.149862 0.298475
OUTPUT3: 2000.69 0.0748401 -0.151085 0.296839
OUTPUT3: 2000.69 0.0746267 -0.151291 0.296553
OUTPUT3: 2000.69 0.0744074 -0.151502 0.296256
OUTPUT3: 2000.69 0.0741937 -0.151708 0.295966
OUTPUT3: 2000.69 0.0739822 -0.15191 0.295677
OUTPUT3: 2000.69 0.0702183 -0.155403 0.290223
OUTPUT3: 2000.69 0.0701867 -0.155431 0.290175
OUTPUT3: 2000.69 0.0694905 -0.156051 0.289181
OUTPUT3: 2000.69 0.0694136 -0.156119 0.289098
OUTPUT3: 2000.7 0.0719194 -0.152667 0.291511
OUTPUT3: 2000.7 0.0722231 -0.152368 0.291831
OUTPUT3: 2000.7 0.0725543 -0.152043 0.292179
OUTPUT3: 2000.7 0.072918 -0.151686 0.292563
OUTPUT3: 2000.7 0.073266 -0.151346 0.292929
OUTPUT3: 2000.7 0.0772376 -0.148932 0.300329
OUTPUT3: 2000.7 0.077098 -0.149082 0.300185
OUTPUT3: 2000.7 0.076977 -0.14921 0.300057
OUTPUT3: 2000.7 0.0768636 -0.149329 0.299934
OUTPUT3: 2000.7 0.0767502 -0.149447 0.299809
OUTPUT3: 2000.72 0.0939564 -0.131288 0.313878
OUTPUT3: 2000.72 0.094078 -0.131189 0.314
OUTPUT3: 2000.72 0.0942075 -0.131082 0.314132
OUTPUT3: 2000.72 0.0943571 -0.130958 0.314284
OUTPUT3: 2000.72 0.117028 -0.109142 0.341559
OUTPUT3: 2000.72 0.117294 -0.108854 0.341787
OUTPUT3: 2000.72 0.117534 -0.108593 0.34199
OUTPUT3: 2000.72 0.117788 -0.108316 0.342201
OUTPUT3: 2000.72 0.118045 -0.108035 0.34241
OUTPUT3: 2000.72 0.126703 -0.0982006 0.347877
OUTPUT3: 2000.72 0.126777 -0.0981484 0.348015
OUTPUT3: 2000.72 0.126849 -0.0980984 0.34815
OUTPUT3: 2000.72 0.126919 -0.0980507 0.348281
OUTPUT3: 2000.72 0.12699 -0.0980018 0.348419
OUTPUT3: 2000.72 0.12704 -0.0979684 0.348514
OUTPUT3: 2000.73 0.133262 -0.0922074 0.355095
OUTPUT3: 2000.73 0.133319 -0.0921574 0.355189
OUTPUT3: 2000.73 0.133369 -0.0921149 0.355274
OUTPUT3: 2000.73 0.133414 -0.0920781 0.355352
OUTPUT3: 2000.73 0.133454 -0.0920462 0.355427
OUTPUT3: 2000.73 0.133488 -0.0920205 0.355493
OUTPUT3: 2000.74 0.126846 -0.0988579 0.348363
OUTPUT3: 2000.74 0.126718 -0.0989719 0.348174
OUTPUT3: 2000.74 0.126597 -0.0990801 0.347992
OUTPUT3: 2000.74 0.126483 -0.0991809 0.347819
OUTPUT3: 2000.74 0.126366 -0.0992835 0.347641
OUTPUT3: 2000.74 0.126246 -0.0993886 0.347456
OUTPUT3: 2000.74 0.126379 -0.0990068 0.347018
OUTPUT3: 2000.74 0.126403 -0.0990051 0.347054
OUTPUT3: 2000.74 0.126427 -0.0990093 0.347093
OUTPUT3: 2000.74 0.126444 -0.0990208 0.347125
OUTPUT3: 2000.74 0.126454 -0.0990379 0.347147
OUTPUT3: 2000.74 0.109157 -0.117188 0.329485
OUTPUT3: 2000.74 0.108771 -0.117555 0.32908
OUTPUT3: 2000.74 0.108336 -0.117967 0.328624
OUTPUT3: 2000.74 0.107818 -0.118457 0.32808
OUTPUT3: 2000.75 0.12407 -0.102791 0.348857
OUTPUT3: 2000.75 0.12396 -0.102908 0.348772
OUTPUT3: 2000.77 0.123973 -0.101346 0.344634
OUTPUT3: 2000.77 0.12393 -0.101407 0.344581
OUTPUT3: 2000.77 0.123891 -0.101463 0.344532
OUTPUT3: 2000.78 0.124215 -0.101136 0.344671
OUTPUT3: 2000.78 0.124126 -0.101233 0.344579
OUTPUT3: 2000.78 0.124035 -0.101332 0.344487
OUTPUT3: 2000.78 0.123942 -0.101434 0.344391
OUTPUT3: 2000.79 0.105354 -0.119629 0.325477
OUTPUT3: 2000.79 0.105446 -0.119533 0.325581
OUTPUT3: 2000.79 0.109261 -0.116074 0.330395
OUTPUT3: 2000.79 0.109338 -0.116016 0.330558
OUTPUT3: 2000.79 0.109397 -0.115973 0.330685
OUTPUT3: 2000.79 0.0973525 -0.128576 0.32024
OUTPUT3: 2000.79 0.097021 -0.128891 0.319838
OUTPUT3: 2000.79 0.0958703 -0.129981 0.31843
OUTPUT3: 2000.79 0.0956886 -0.130152 0.318206
OUTPUT3: 2000.79 0.0865308 -0.138447 0.307807
OUTPUT3: 2000.8 0.0523919 -0.1728 0.272395
OUTPUT3: 2000.8 0.0524003 -0.172806 0.272412
OUTPUT3: 2000.8 0.0524183 -0.172801 0.272438
OUTPUT3: 2000.8 0.0524455 -0.172788 0.272474
OUTPUT3: 2000.81 0.0509078 -0.175313 0.272591
OUTPUT3: 2000.81 0.0508228 -0.175381 0.272448
OUTPUT3: 2000.82 0.0536099 -0.172359 0.278508
OUTPUT3: 2000.82 0.0534199 -0.172535 0.278256
OUTPUT3: 2000.82 0.0532239 -0.172716 0.277995
OUTPUT3: 2000.82 0.0530195 -0.172905 0.277722
OUTPUT3: 2000.82 0.0528487 -0.173063 0.277493
OUTPUT3: 2000.83 0.0362609 -0.188967 0.257299
OUTPUT3: 2000.83 0.0363389 -0.188893 0.257379
OUTPUT3: 2000.83 0.0364183 -0.188819 0.257461
OUTPUT3: 2000.83 0.0365003 -0.188743 0.257545
OUTPUT3: 2000.83 0.0365569 -0.188691 0.257603
OUTPUT3: 2000.83 0.032183 -0.193933 0.255323
OUTPUT3: 2000.83 0.0320639 -0.194048 0.2552
OUTPUT3: 2000.83 0.0319477 -0.19416 0.255079
OUTPUT3: 2000.83 0.0318427 -0.19426 0.254968
OUTPUT3: 2000.83 0.0317396 -0.194358 0.254859
OUTPUT3: 2000.83 0.0212082 -0.205175 0.245544
OUTPUT3: 2000.84 -0.00712788 -0.232966 0.213852
OUTPUT3: 2000.84 -0.00700757 -0.232867 0.213989
OUTPUT3: 2000.84 -0.00687309 -0.232756 0.214143
OUTPUT3: 2000.84 -0.00673688 -0.232643 0.214298
OUTPUT3: 2000.84 -0.00663879 -0.232562 0.214409
OUTPUT3: 2000.85 0.018028 -0.207446 0.2419
OUTPUT3: 2000.85 0.0179171 -0.207533 0.24171
OUTPUT3: 2000.85 0.0137495 -0.211391 0.235976
OUTPUT3: 2000.85 0.0136427 -0.211501 0.235855
OUTPUT3: 2000.85 0.0135437 -0.211604 0.235745
OUTPUT3: 2000.85 0.0134363 -0.211716 0.235626
OUTPUT3: 2000.87 -0.00219597 -0.227042 0.218508
OUTPUT3: 2000.87 -0.00209776 -0.226951 0.21861
OUTPUT3: 2000.87 -0.00194109 -0.226807 0.218771
OUTPUT3: 2000.87 -0.00193693 -0.226804 0.218776
OUTPUT3: 2000.87 -0.00167013 -0.226561 0.219052
OUTPUT3: 2000.87 -0.0015541 -0.226457 0.219172
OUTPUT3: 2000.87 0.00554804 -0.220788 0.230585
OUTPUT3: 2000.87 0.00558797 -0.220765 0.230674
OUTPUT3: 2000.87 0.00562177 -0.220746 0.230751
OUTPUT3: 2000.87 0.0056535 -0.220729 0.230826
OUTPUT3: 2000.88 -0.00420966 -0.229418 0.217458
OUTPUT3: 2000.88 -0.00408781 -0.229295 0.217597
OUTPUT3: 2000.88 -0.00396839 -0.229176 0.217735
OUTPUT3: 2000.88 -0.00385458 -0.229063 0.217868
OUTPUT3: 2000.88 -0.0068313 -0.232055 0.213977
OUTPUT3: 2000.88 -0.00661216 -0.231845 0.214213
OUTPUT3: 2000.88 -0.00649831 -0.231737 0.214335
OUTPUT3: 2000.88 -0.00638692 -0.231631 0.214455
OUTPUT3: 2000.88 -0.00627678 -0.231528 0.214573
OUTPUT3: 2000.89 -0.0254208 -0.250224 0.194754
OUTPUT3: 2000.89 -0.0252284 -0.250041 0.194961
OUTPUT3: 2000.89 -0.0250147 -0.249837 0.19519
OUTPUT3: 2000.89 -0.0247869 -0.249621 0.195434
OUTPUT3: 2000.89 -0.0245616 -0.249407 0.195675
OUTPUT3: 2000.89 -0.027714 -0.252002 0.19229
OUTPUT3: 2000.89 -0.0277401 -0.252037 0.192266
OUTPUT3: 2000.89 -0.0277565 -0.252063 0.192253
OUTPUT3: 2000.89 -0.0277633 -0.252081 0.19225
OUTPUT3: 2000.89 -0.0277603 -0.252089 0.192257
OUTPUT3: 2000.9 -0.0136061 -0.239682 0.210636
OUTPUT3: 2000.9 -0.0136335 -0.239701 0.210587
OUTPUT3: 2000.9 -0.013671 -0.239729 0.210523
OUTPUT3: 2000.91 -0.0149256 -0.240809 0.208262
OUTPUT3: 2000.91 -0.0148438 -0.240717 0.208339
OUTPUT3: 2000.91 -0.0147585 -0.240621 0.208416
OUTPUT3: 2000.91 -0.0146779 -0.240529 0.208487
OUTPUT3: 2000.91 -0.0145997 -0.240439 0.208553
OUTPUT3: 2000.92 -0.0143538 -0.239506 0.208094
OUTPUT3: 2000.92 -0.0146369 -0.239773 0.20774
OUTPUT3: 2000.92 -0.0148984 -0.240021 0.207413
OUTPUT3: 2000.92 -0.0151445 -0.240254 0.207107
OUTPUT3: 2000.92 -0.0153974 -0.240494 0.206794
OUTPUT3: 2000.92 -0.015652 -0.240736 0.20648
OUTPUT3: 2000.92 -0.0159083 -0.24098 0.206164
OUTPUT3: 2000.92 -0.0161664 -0.241227 0.205847
OUTPUT3: 2000.92 -0.0164262 -0.241475 0.20553
OUTPUT3: 2000.92 -0.0166876 -0.241726 0.205211
OUTPUT3: 2000.92 -0.0170158 -0.242041 0.204813
OUTPUT3: 2000.92 -0.0172889 -0.242304 0.204483
OUTPUT3: 2000.92 -0.0175555 -0.242562 0.204163
OUTPUT3: 2000.93 -0.0178236 -0.242821 0.203842
OUTPUT3: 2000.93 -0.0180932 -0.243082 0.20352
OUTPUT3: 2000.93 -0.0183642 -0.243345 0.203198
OUTPUT3: 2000.93 -0.0186215 -0.243596 0.202893
OUTPUT3: 2000.93 -0.0188954 -0.243863 0.20257
OUTPUT3: 2000.93 -0.0191706 -0.244132 0.202247
OUTPUT3: 2000.93 -0.0194473 -0.244403 0.201924
OUTPUT3: 2000.93 -0.0196506 -0.244602 0.201687
OUTPUT3: 2000.93 -0.0205896 -0.245527 0.20061
OUTPUT3: 2000.93 -0.020922 -0.245856 0.200275
OUTPUT3: 2000.93 -0.0212714 -0.246202 0.199922
OUTPUT3: 2000.93 -0.0215991 -0.246528 0.199591
OUTPUT3: 2000.93 -0.0219266 -0.246854 0.19926
OUTPUT3: 2000.93 -0.0222851 -0.247212 0.198898
OUTPUT3: 2000.93 -0.0226316 -0.247559 0.198548
OUTPUT3: 2000.93 -0.0229751 -0.247904 0.198201
OUTPUT3: 2000.93 -0.023294 -0.248224 0.197879
OUTPUT3: 2000.93 -0.0235873 -0.24852 0.197582
OUTPUT3: 2000.93 -0.0411577 -0.266655 0.179737
OUTPUT3: 2000.93 -0.041582 -0.267093 0.179302
OUTPUT3: 2000.93 -0.042045 -0.26757 0.178828
OUTPUT3: 2000.93 -0.0424704 -0.268007 0.178393
OUTPUT3: 2000.93 -0.0428859 -0.268434 0.177967
OUTPUT3: 2000.93 -0.0433108 -0.268871 0.177532
OUTPUT3: 2000.93 -0.0437341 -0.269305 0.177098
OUTPUT3: 2000.93 -0.044161 -0.269742 0.17666
OUTPUT3: 2000.93 -0.0445827 -0.270174 0.176227
OUTPUT3: 2000.93 -0.0450169 -0.270618 0.175782
OUTPUT3: 2000.93 -0.045408 -0.271017 0.17538
OUTPUT3: 2000.93 -0.0459199 -0.271539 0.174855
OUTPUT3: 2000.93 -0.046365 -0.271992 0.174398
OUTPUT3: 2000.93 -0.0467871 -0.272421 0.173964
OUTPUT3: 2000.93 -0.0472373 -0.272878 0.173501
OUTPUT3: 2000.93 -0.0476595 -0.273306 0.173067
OUTPUT3: 2000.93 -0.048101 -0.273753 0.172613
OUTPUT3: 2000.93 -0.048476 -0.274132 0.172228
OUTPUT3: 2000.93 -0.0489052 -0.274565 0.171786
OUTPUT3: 2000.93 -0.0493073 -0.27497 0.171372
OUTPUT3: 2000.93 -0.0497396 -0.275405 0.170927
OUTPUT3: 2000.93 -0.0501144 -0.275782 0.170542
OUTPUT3: 2000.93 -0.0505373 -0.276206 0.170106
OUTPUT3: 2000.93 -0.050928 -0.276597 0.169704
OUTPUT3: 2000.93 -0.0512521 -0.276921 0.16937
OUTPUT3: 2000.93 -0.0515602 -0.277229 0.169052
OUTPUT3: 2000.93 -0.0519017 -0.277569 0.1687
OUTPUT3: 2000.93 -0.0522453 -0.277912 0.168346
OUTPUT3: 2000.93 -0.0525849 -0.278249 0.167996
OUTPUT3: 2000.93 -0.0528784 -0.278541 0.167694
OUTPUT3: 2000.93 -0.0538046 -0.279457 0.166739
OUTPUT3: 2000.93 -0.0541392 -0.279787 0.166394
OUTPUT3: 2000.93 -0.0612413 -0.286433 0.159152
OUTPUT3: 2000.93 -0.0611582 -0.286344 0.159244
OUTPUT3: 2000.93 -0.0610512 -0.286232 0.159361
OUTPUT3: 2000.93 -0.0609493 -0.286125 0.159472
OUTPUT3: 2000.93 -0.060832 -0.286004 0.159599
OUTPUT3: 2000.93 -0.0606985 -0.285867 0.159744
OUTPUT3: 2000.93 -0.0605519 -0.285718 0.159903
OUTPUT3: 2000.93 -0.0603848 -0.285549 0.160083
OUTPUT3: 2000.93 -0.0602266 -0.28539 0.160254
OUTPUT3: 2000.93 -0.0600447 -0.285207 0.16045
OUTPUT3: 2000.93 -0.0598491 -0.285012 0.16066
OUTPUT3: 2000.93 -0.0596431 -0.284807 0.160882
OUTPUT3: 2000.93 -0.0594485 -0.284614 0.161091
OUTPUT3: 2000.93 -0.0592474 -0.284415 0.161307
OUTPUT3: 2000.93 -0.0590407 -0.284212 0.161528
OUTPUT3: 2000.93 -0.0588205 -0.283995 0.161764
OUTPUT3: 2000.93 -0.0585595 -0.283739 0.162044
OUTPUT3: 2000.93 -0.0582771 -0.283463 0.162346
OUTPUT3: 2000.93 -0.0580703 -0.283262 0.162567
OUTPUT3: 2000.93 -0.0578355 -0.283033 0.162819
OUTPUT3: 2000.93 -0.0574422 -0.282651 0.163239
OUTPUT3: 2000.93 -0.0571784 -0.282395 0.163521
OUTPUT3: 2000.93 -0.0568017 -0.282031 0.163924
OUTPUT3: 2000.93 -0.0564776 -0.281718 0.16427
OUTPUT3: 2000.93 -0.0561788 -0.281431 0.16459
OUTPUT3: 2000.93 -0.0558651 -0.281129 0.164925
OUTPUT3: 2000.93 -0.0555323 -0.28081 0.16528
OUTPUT3: 2000.93 -0.0552225 -0.280513 0.165611
OUTPUT3: 2000.93 -0.0549051 -0.280209 0.16595
OUTPUT3: 2000.93 -0.0545946 -0.279913 0.166281
OUTPUT3: 2000.93 -0.0437213 -0.269769 0.180074
OUTPUT3: 2000.93 -0.0436613 -0.269716 0.180175
OUTPUT3: 2000.93 -0.043605 -0.269667 0.180274
OUTPUT3: 2000.93 -0.0435651 -0.269634 0.180348
OUTPUT3: 2000.93 -0.043534 -0.269608 0.180412
OUTPUT3: 2000.93 -0.0435152 -0.269594 0.180458
OUTPUT3: 2000.93 -0.0435079 -0.26959 0.180488
OUTPUT3: 2000.93 -0.0435125 -0.269598 0.180504
OUTPUT3: 2000.93 -0.0435294 -0.269616 0.180502
OUTPUT3: 2000.93 -0.0435577 -0.269646 0.180483
OUTPUT3: 2000.93 -0.0435939 -0.269682 0.180452
OUTPUT3: 2000.93 -0.0436368 -0.269724 0.180411
OUTPUT3: 2000.93 -0.0436827 -0.269769 0.180364
OUTPUT3: 2000.93 -0.0437269 -0.269812 0.180316
OUTPUT3: 2000.93 -0.0437831 -0.269866 0.180254
OUTPUT3: 2000.93 -0.0438405 -0.26992 0.180189
OUTPUT3: 2000.93 -0.0439098 -0.269987 0.180109
OUTPUT3: 2000.93 -0.043977 -0.270051 0.18003
OUTPUT3: 2000.93 -0.0440448 -0.270115 0.179949
OUTPUT3: 2000.93 -0.0441503 -0.270215 0.179821
OUTPUT3: 2000.93 -0.0442709 -0.270328 0.179674
OUTPUT3: 2000.93 -0.0444073 -0.270457 0.179505
OUTPUT3: 2000.93 -0.0445474 -0.270588 0.17933
OUTPUT3: 2000.93 -0.0447395 -0.270768 0.179088
OUTPUT3: 2000.93 -0.0448905 -0.270909 0.178897
OUTPUT3: 2000.93 -0.0450614 -0.271069 0.178678
OUTPUT3: 2000.93 -0.0452276 -0.271224 0.178465
OUTPUT3: 2000.93 -0.0453974 -0.271382 0.178246
OUTPUT3: 2000.93 -0.0455492 -0.271523 0.17805
OUTPUT3: 2000.93 -0.0457257 -0.271687 0.177821
OUTPUT3: 2000.93 -0.0459086 -0.271857 0.177583
OUTPUT3: 2000.93 -0.0461004 -0.272035 0.177332
OUTPUT3: 2000.93 -0.0462697 -0.272192 0.17711
OUTPUT3: 2000.93 -0.0464556 -0.272364 0.176866
OUTPUT3: 2000.93 -0.046666 -0.272559 0.176589
OUTPUT3: 2000.93 -0.0468717 -0.27275 0.176318
OUTPUT3: 2000.94 -0.0600802 -0.284861 0.160522
OUTPUT3: 2000.94 -0.0602132 -0.284983 0.160382
OUTPUT3: 2000.94 -0.0603511 -0.285109 0.160236
OUTPUT3: 2000.94 -0.0604877 -0.285235 0.160092
OUTPUT3: 2000.94 -0.0605951 -0.285334 0.159979
OUTPUT3: 2000.94 -0.060722 -0.28545 0.159845
OUTPUT3: 2000.94 -0.0608206 -0.285541 0.159741
OUTPUT3: 2000.94 -0.0609139 -0.285627 0.159643
OUTPUT3: 2000.94 -0.0609976 -0.285705 0.159555
OUTPUT3: 2000.94 -0.0610823 -0.285783 0.159466
OUTPUT3: 2000.94 -0.0611832 -0.285876 0.15936
OUTPUT3: 2000.94 -0.0612785 -0.285965 0.15926
OUTPUT3: 2000.94 -0.0613758 -0.286056 0.159158
OUTPUT3: 2000.94 -0.0614597 -0.286134 0.159071
OUTPUT3: 2000.94 -0.0615398 -0.28621 0.158988
OUTPUT3: 2000.94 -0.0615982 -0.286265 0.158927
OUTPUT3: 2000.94 -0.0616483 -0.286313 0.158876
OUTPUT3: 2000.94 -0.0616841 -0.286348 0.15884
OUTPUT3: 2000.94 -0.0617156 -0.286379 0.158808
OUTPUT3: 2000.94 -0.0617353 -0.286399 0.158789
OUTPUT3: 2000.94 -0.0617496 -0.286415 0.158775
OUTPUT3: 2000.94 -0.0617545 -0.286422 0.158772
OUTPUT3: 2000.94 -0.0617526 -0.286423 0.158776
OUTPUT3: 2000.94 -0.0617454 -0.286419 0.158785
OUTPUT3: 2000.94 -0.0617276 -0.286406 0.158806
OUTPUT3: 2000.94 -0.061698 -0.286383 0.15884
OUTPUT3: 2000.94 -0.0616585 -0.286351 0.158885
OUTPUT3: 2000.94 -0.061614 -0.286314 0.158934
OUTPUT3: 2000.94 -0.0615546 -0.286264 0.159
OUTPUT3: 2000.94 -0.0614913 -0.286211 0.15907
OUTPUT3: 2000.94 -0.0614108 -0.286142 0.159158
OUTPUT3: 2000.94 -0.0613336 -0.286076 0.159243
OUTPUT3: 2000.94 -0.0612309 -0.285988 0.159355
OUTPUT3: 2000.94 -0.0611312 -0.285902 0.159463
OUTPUT3: 2000.94 -0.0610167 -0.285803 0.159588
OUTPUT3: 2000.94 -0.0609079 -0.285708 0.159706
OUTPUT3: 2000.94 -0.060778 -0.285596 0.159847
OUTPUT3: 2000.94 -0.0526446 -0.278515 0.170162
OUTPUT3: 2000.94 -0.0517977 -0.277798 0.171451
OUTPUT3: 2000.94 -0.0516875 -0.277706 0.171621
OUTPUT3: 2000.94 -0.05158 -0.277618 0.171788
OUTPUT3: 2000.94 -0.0514963 -0.277549 0.171919
OUTPUT3: 2000.94 -0.0514095 -0.277479 0.172055
OUTPUT3: 2000.94 -0.051333 -0.277419 0.172177
OUTPUT3: 2000.94 -0.0512709 -0.277371 0.172278
OUTPUT3: 2000.94 -0.0512204 -0.277334 0.172361
OUTPUT3: 2000.94 -0.0511799 -0.277305 0.172431
OUTPUT3: 2000.94 -0.0511501 -0.277287 0.172485
OUTPUT3: 2000.94 -0.0511326 -0.277279 0.172521
OUTPUT3: 2000.94 -0.0511272 -0.277283 0.17254
OUTPUT3: 2000.94 -0.0511327 -0.277295 0.172542
OUTPUT3: 2000.94 -0.0511507 -0.27732 0.172527
OUTPUT3: 2000.94 -0.0511778 -0.277352 0.172498
OUTPUT3: 2000.94 -0.0512219 -0.277401 0.172445
OUTPUT3: 2000.94 -0.0512709 -0.277452 0.172385
OUTPUT3: 2000.94 -0.051331 -0.277514 0.172308
OUTPUT3: 2000.94 -0.0514062 -0.27759 0.17221
OUTPUT3: 2000.94 -0.0514838 -0.277667 0.172108
OUTPUT3: 2000.94 -0.0515804 -0.277763 0.171979
OUTPUT3: 2000.94 -0.0516406 -0.277822 0.171898
OUTPUT3: 2000.94 -0.0516925 -0.277872 0.171828
OUTPUT3: 2000.94 -0.0518277 -0.278003 0.171645
OUTPUT3: 2000.94 -0.0519576 -0.278128 0.171468
OUTPUT3: 2000.94 -0.0521094 -0.278273 0.17126
OUTPUT3: 2000.94 -0.0522604 -0.278418 0.171053
OUTPUT3: 2000.94 -0.0524373 -0.278586 0.170809
OUTPUT3: 2000.94 -0.0526167 -0.278756 0.170561
OUTPUT3: 2000.94 -0.052817 -0.278945 0.170284
OUTPUT3: 2000.94 -0.0529969 -0.279114 0.170034
OUTPUT3: 2000.94 -0.0532107 -0.279316 0.169737
OUTPUT3: 2000.94 -0.0534176 -0.27951 0.169449
OUTPUT3: 2000.94 -0.0535972 -0.279678 0.169199
OUTPUT3: 2000.95 -0.0270942 -0.251671 0.194532
OUTPUT3: 2000.95 -0.0270901 -0.251642 0.194456
OUTPUT3: 2000.95 -0.0270879 -0.251616 0.19438
OUTPUT3: 2000.95 -0.0270874 -0.251592 0.194303
OUTPUT3: 2000.95 -0.0270882 -0.251571 0.194227
OUTPUT3: 2000.95 -0.0270899 -0.251555 0.194164
OUTPUT3: 2000.95 -0.0207482 -0.245761 0.201937
OUTPUT3: 2000.95 -0.0205366 -0.245573 0.202233
OUTPUT3: 2000.95 -0.0203127 -0.245373 0.202545
OUTPUT3: 2000.95 -0.020105 -0.245187 0.202833
OUTPUT3: 2000.96 -0.0121132 -0.236516 0.208311
OUTPUT3: 2000.96 -0.0117647 -0.236141 0.208637
OUTPUT3: 2000.96 -0.0114885 -0.235845 0.2089
OUTPUT3: 2000.96 -0.0102371 -0.234522 0.210169
OUTPUT3: 2000.96 -0.000908405 -0.226403 0.222978
OUTPUT3: 2001 0.00810654 -0.216804 0.231061
OUTPUT3: 2001 0.0050034 -0.219735 0.22699
OUTPUT3: 2001 -0.000773241 -0.225324 0.219866
OUTPUT3: 2001 -0.00180518 -0.226341 0.2188
OUTPUT3: 2001 -0.0018539 -0.226389 0.218749
OUTPUT3: 2001 -0.0020034 -0.226537 0.218595
OUTPUT3: 2001.01 -0.0117588 -0.236519 0.209313
OUTPUT3: 2001.03 0.020053 -0.2052 0.244314
OUTPUT3: 2001.03 0.0200483 -0.205195 0.244292
OUTPUT3: 2001.03 0.0200456 -0.205189 0.244274
OUTPUT3: 2001.03 0.00453131 -0.220845 0.226721
OUTPUT3: 2001.03 0.00421948 -0.221141 0.226322
OUTPUT3: 2001.03 0.00391133 -0.221435 0.225928
OUTPUT3: 2001.03 0.00360703 -0.221725 0.22554
OUTPUT3: 2001.03 0.00330679 -0.222012 0.225159
OUTPUT3: 2001.03 0.00301082 -0.222295 0.224784
OUTPUT3: 2001.03 0.00271925 -0.222574 0.224416
OUTPUT3: 2001.03 0.00243234 -0.22285 0.224054
OUTPUT3: 2001.04 -4.17492e-05 -0.226687 0.224681
OUTPUT3: 2001.04 8.47362e-05 -0.226584 0.224889
OUTPUT3: 2001.04 0.000209764 -0.226482 0.225094
OUTPUT3: 2001.04 0.00033236 -0.226381 0.225295
OUTPUT3: 2001.04 -0.00469457 -0.230498 0.217868
OUTPUT3: 2001.04 -0.00525641 -0.23098 0.217055
OUTPUT3: 2001.04 -0.00543142 -0.23113 0.216804
OUTPUT3: 2001.04 -0.00560389 -0.231279 0.216556
OUTPUT3: 2001.04 -0.00577358 -0.231425 0.216313
OUTPUT3: 2001.04 0.000912647 -0.22559 0.22691
OUTPUT3: 2001.04 0.00117139 -0.225359 0.227279
OUTPUT3: 2001.04 0.00142884 -0.225128 0.227646
OUTPUT3: 2001.04 0.00168478 -0.224898 0.22801
OUTPUT3: 2001.04 0.00193891 -0.22467 0.22837
OUTPUT3: 2001.04 0.00219102 -0.224443 0.228727
OUTPUT3: 2001.04 0.00244081 -0.224218 0.22908
OUTPUT3: 2001.04 0.00268805 -0.223995 0.229428
OUTPUT3: 2001.05 -0.0224814 -0.249156 0.200705
OUTPUT3: 2001.05 -0.0223689 -0.249064 0.200896
OUTPUT3: 2001.05 -0.0222475 -0.248964 0.201097
OUTPUT3: 2001.05 -0.0221172 -0.248854 0.201307
OUTPUT3: 2001.05 -0.021978 -0.248735 0.201527
OUTPUT3: 2001.05 -0.0218575 -0.248631 0.201714
OUTPUT3: 2001.05 0.00577183 -0.22088 0.233791
OUTPUT3: 2001.05 0.00608005 -0.220558 0.234112
OUTPUT3: 2001.05 0.00638352 -0.220241 0.234428
OUTPUT3: 2001.05 0.00668219 -0.219929 0.234738
OUTPUT3: 2001.05 0.0069759 -0.219622 0.235044
OUTPUT3: 2001.05 0.00721684 -0.21937 0.235294
OUTPUT3: 2001.06 -0.0161184 -0.243836 0.209722
OUTPUT3: 2001.06 -0.0162303 -0.243966 0.20965
OUTPUT3: 2001.06 -0.0163456 -0.244099 0.209572
OUTPUT3: 2001.06 -0.0164645 -0.244236 0.20949
OUTPUT3: 2001.06 -0.0165869 -0.244375 0.209402
OUTPUT3: 2001.06 -0.0167129 -0.244517 0.209309
OUTPUT3: 2001.06 -0.0168423 -0.244662 0.20921
OUTPUT3: 2001.06 -0.0169753 -0.24481 0.209106
OUTPUT3: 2001.06 -0.0171289 -0.244979 0.208982
OUTPUT3: 2001.06 -0.0172557 -0.245119 0.208878
OUTPUT3: 2001.06 -0.0316689 -0.25853 0.190844
OUTPUT3: 2001.06 -0.031741 -0.258581 0.190722
OUTPUT3: 2001.06 -0.0318074 -0.258626 0.190635
OUTPUT3: 2001.06 -0.0318681 -0.258666 0.190572
OUTPUT3: 2001.06 -0.0319216 -0.2587 0.190517
OUTPUT3: 2001.06 -0.0319696 -0.258728 0.190467
OUTPUT3: 2001.06 -0.0320132 -0.258753 0.190423
OUTPUT3: 2001.06 -0.0320509 -0.258772 0.190384
OUTPUT3: 2001.06 -0.0320814 -0.258785 0.190353
OUTPUT3: 2001.06 -0.0220293 -0.249456 0.204805
OUTPUT3: 2001.06 -0.0219303 -0.249376 0.204977
OUTPUT3: 2001.06 -0.0218359 -0.2493 0.205144
OUTPUT3: 2001.06 -0.0217462 -0.249229 0.205303
OUTPUT3: 2001.06 -0.0216608 -0.249161 0.205456
OUTPUT3: 2001.06 -0.0215954 -0.24911 0.205575
OUTPUT3: 2001.07 -0.0281669 -0.255046 0.196362
OUTPUT3: 2001.07 -0.0282988 -0.255155 0.196144
OUTPUT3: 2001.07 -0.0284286 -0.255263 0.19593
OUTPUT3: 2001.07 -0.0285484 -0.255362 0.19573
OUTPUT3: 2001.07 -0.0286299 -0.25543 0.195595
OUTPUT3: 2001.07 -0.05148 -0.278157 0.170745
OUTPUT3: 2001.07 -0.0514847 -0.278161 0.17074
OUTPUT3: 2001.07 -0.0514934 -0.278169 0.17073
OUTPUT3: 2001.07 -0.0515886 -0.278247 0.170629
OUTPUT3: 2001.07 -0.0516045 -0.278259 0.170612
OUTPUT3: 2001.09 -0.0659871 -0.292858 0.15892
OUTPUT3: 2001.1 -0.0834814 -0.311224 0.140325
OUTPUT3: 2001.1 -0.083504 -0.311268 0.140358
OUTPUT3: 2001.1 -0.0835227 -0.311307 0.140395
OUTPUT3: 2001.1 -0.0835375 -0.311343 0.140437
OUTPUT3: 2001.1 -0.0835485 -0.311374 0.140483
OUTPUT3: 2001.1 -0.0835547 -0.311398 0.140524
OUTPUT3: 2001.1 -0.0896534 -0.317614 0.134286
OUTPUT3: 2001.1 -0.0898347 -0.317806 0.134102
OUTPUT3: 2001.1 -0.0900157 -0.317998 0.133918
OUTPUT3: 2001.1 -0.0901954 -0.318189 0.133735
OUTPUT3: 2001.1 -0.0903739 -0.318378 0.133553
OUTPUT3: 2001.1 -0.0905215 -0.318534 0.133402
OUTPUT3: 2001.1 -0.0938914 -0.322038 0.129781
OUTPUT3: 2001.11 -0.0588576 -0.28657 0.169521
OUTPUT3: 2001.11 -0.0587598 -0.286487 0.169682
OUTPUT3: 2001.11 -0.0586717 -0.286414 0.169831
OUTPUT3: 2001.11 -0.058595 -0.286352 0.169966
OUTPUT3: 2001.11 -0.0585301 -0.286301 0.170085
OUTPUT3: 2001.11 -0.0584864 -0.286268 0.170168
OUTPUT3: 2001.11 -0.0593179 -0.287253 0.169785
OUTPUT3: 2001.11 -0.0807967 -0.307277 0.142475
OUTPUT3: 2001.12 -0.0846806 -0.31206 0.140044
OUTPUT3: 2001.12 -0.0849312 -0.312287 0.139681
OUTPUT3: 2001.12 -0.0851805 -0.312514 0.139318
OUTPUT3: 2001.12 -0.0854372 -0.312747 0.138944
OUTPUT3: 2001.12 -0.0856785 -0.312966 0.138591
OUTPUT3: 2001.12 -0.0858671 -0.313137 0.138316
OUTPUT3: 2001.12 -0.0721816 -0.299615 0.154651
OUTPUT3: 2001.12 -0.0721855 -0.299603 0.154621
OUTPUT3: 2001.12 -0.0721896 -0.299592 0.154592
OUTPUT3: 2001.12 -0.0721938 -0.299581 0.154563
OUTPUT3: 2001.12 -0.072198 -0.29957 0.154534
OUTPUT3: 2001.12 -0.0722014 -0.299561 0.15451
OUTPUT3: 2001.13 -0.0931986 -0.320773 0.131144
OUTPUT3: 2001.13 -0.0936201 -0.321181 0.130623
OUTPUT3: 2001.13 -0.0940385 -0.321586 0.130106
OUTPUT3: 2001.13 -0.0944537 -0.321988 0.129593
OUTPUT3: 2001.13 -0.0948654 -0.322387 0.129086
OUTPUT3: 2001.13 -0.0951943 -0.322706 0.12868
OUTPUT3: 2001.13 -0.0907576 -0.319403 0.135301
OUTPUT3: 2001.14 -0.0342944 -0.261542 0.18983
OUTPUT3: 2001.14 -0.0339071 -0.261192 0.190358
OUTPUT3: 2001.14 -0.033639 -0.260949 0.190722
OUTPUT3: 2001.14 -0.0333669 -0.260702 0.191092
OUTPUT3: 2001.14 -0.0330987 -0.260458 0.191455
OUTPUT3: 2001.15 0.00916111 -0.217308 0.236673
OUTPUT3: 2001.15 0.00927657 -0.217208 0.236832
OUTPUT3: 2001.15 0.00939096 -0.21711 0.236991
OUTPUT3: 2001.15 0.00950428 -0.217013 0.237149
OUTPUT3: 2001.15 0.00959476 -0.216936 0.237276
OUTPUT3: 2001.16 -0.02041 -0.247976 0.205194
OUTPUT3: 2001.16 -0.0205885 -0.248129 0.204923
OUTPUT3: 2001.16 -0.0207619 -0.248278 0.204659
OUTPUT3: 2001.16 -0.02093 -0.248421 0.204401
OUTPUT3: 2001.16 -0.0210926 -0.248559 0.204149
OUTPUT3: 2001.16 -0.0212195 -0.248666 0.203952
OUTPUT3: 2001.16 -0.0238838 -0.251391 0.20162
OUTPUT3: 2001.16 -0.0242705 -0.251754 0.201129
OUTPUT3: 2001.16 -0.0246557 -0.252116 0.200639
OUTPUT3: 2001.16 -0.0250388 -0.252476 0.200152
OUTPUT3: 2001.16 -0.0253459 -0.252764 0.199762
OUTPUT3: 2001.16 -0.0255002 -0.252909 0.199566
OUTPUT3: 2001.17 -0.0264293 -0.253781 0.198386
OUTPUT3: 2001.17 -0.0330069 -0.260745 0.192192
OUTPUT3: 2001.17 -0.033087 -0.260841 0.19212
OUTPUT3: 2001.17 -0.0331645 -0.260934 0.19205
OUTPUT3: 2001.17 -0.033237 -0.261021 0.191985
OUTPUT3: 2001.18 -0.0320436 -0.259783 0.193905
OUTPUT3: 2001.18 -0.0316288 -0.259393 0.194458
OUTPUT3: 2001.18 -0.0313295 -0.259112 0.194856
OUTPUT3: 2001.18 -0.018395 -0.245317 0.207832
OUTPUT3: 2001.19 -0.00489681 -0.231401 0.219939
OUTPUT3: 2001.19 -0.00478211 -0.231304 0.2201
OUTPUT3: 2001.19 -0.0046694 -0.231209 0.220259
OUTPUT3: 2001.19 -0.00455467 -0.231113 0.220421
OUTPUT3: 2001.19 -0.00444916 -0.231025 0.220571
OUTPUT3: 2001.2 0.00362557 -0.22316 0.229145
OUTPUT3: 2001.2 0.00378984 -0.22298 0.229279
OUTPUT3: 2001.2 0.00395148 -0.222803 0.229412
OUTPUT3: 2001.2 0.00411019 -0.222629 0.229542
OUTPUT3: 2001.2 0.00427625 -0.222447 0.22968
OUTPUT3: 2001.2 0.00440621 -0.222305 0.229788
OUTPUT3: 2001.2 0.0262025 -0.200318 0.253387
OUTPUT3: 2001.2 0.0264133 -0.200116 0.253646
OUTPUT3: 2001.2 0.0266209 -0.199918 0.253902
OUTPUT3: 2001.2 0.0268252 -0.199723 0.254153
OUTPUT3: 2001.2 0.0270318 -0.199526 0.254408
OUTPUT3: 2001.21 0.0506932 -0.175959 0.282494
OUTPUT3: 2001.21 0.0312453 -0.194721 0.257312
OUTPUT3: 2001.21 0.0315481 -0.194448 0.257741
OUTPUT3: 2001.21 0.0318491 -0.194177 0.258169
OUTPUT3: 2001.21 0.0321481 -0.193908 0.258594
OUTPUT3: 2001.21 0.032379 -0.1937 0.258923
OUTPUT3: 2001.21 0.0291664 -0.197177 0.257288
OUTPUT3: 2001.21 0.0283421 -0.197951 0.256255
OUTPUT3: 2001.21 0.0279626 -0.198307 0.25578
OUTPUT3: 2001.21 0.0275621 -0.198683 0.255279
OUTPUT3: 2001.21 0.0271799 -0.199041 0.2548
OUTPUT3: 2001.21 0.0268033 -0.199395 0.254329
OUTPUT3: 2001.22 0.00906518 -0.216921 0.234651
OUTPUT3: 2001.22 0.00906453 -0.216942 0.234714
OUTPUT3: 2001.22 0.00906725 -0.216961 0.234781
OUTPUT3: 2001.22 0.00907314 -0.216976 0.234852
OUTPUT3: 2001.22 0.00908199 -0.216989 0.234928
OUTPUT3: 2001.22 0.00909093 -0.216997 0.234989
OUTPUT3: 2001.22 -0.00353052 -0.23005 0.222358
OUTPUT3: 2001.22 -0.00389933 -0.230405 0.221905
OUTPUT3: 2001.22 -0.00427001 -0.230762 0.221451
OUTPUT3: 2001.22 -0.00464232 -0.23112 0.220995
OUTPUT3: 2001.22 -0.00501603 -0.231481 0.220537
OUTPUT3: 2001.23 -0.0154334 -0.241778 0.21024
OUTPUT3: 2001.23 -0.0157483 -0.242072 0.209831
OUTPUT3: 2001.23 -0.0160625 -0.242366 0.209423
OUTPUT3: 2001.23 -0.016376 -0.242659 0.209018
OUTPUT3: 2001.23 -0.0166991 -0.242961 0.208601
OUTPUT3: 2001.23 -0.0170374 -0.243278 0.208165
OUTPUT3: 2001.23 -0.0173618 -0.243582 0.207748
OUTPUT3: 2001.23 -0.0176705 -0.243872 0.207353
OUTPUT3: 2001.23 -0.0179776 -0.24416 0.20696
OUTPUT3: 2001.23 -0.0182322 -0.2444 0.206636
OUTPUT3: 2001.23 -0.0273681 -0.253356 0.196001
OUTPUT3: 2001.23 -0.0293561 -0.256104 0.195889
OUTPUT3: 2001.23 -0.0293167 -0.25609 0.196003
OUTPUT3: 2001.23 -0.0292717 -0.256071 0.196125
OUTPUT3: 2001.23 -0.0292248 -0.256049 0.196245
OUTPUT3: 2001.23 -0.0291742 -0.256024 0.196369
OUTPUT3: 2001.23 -0.0291201 -0.255994 0.196496
OUTPUT3: 2001.23 -0.0290625 -0.255961 0.196627
OUTPUT3: 2001.23 -0.0290015 -0.255924 0.19676
OUTPUT3: 2001.23 -0.0289373 -0.255883 0.196897
OUTPUT3: 2001.23 -0.0288699 -0.255839 0.197035
OUTPUT3: 2001.23 -0.0287995 -0.255792 0.197177
OUTPUT3: 2001.23 -0.0279938 -0.255183 0.198611
OUTPUT3: 2001.23 -0.0278926 -0.2551 0.198774
OUTPUT3: 2001.23 -0.0277903 -0.255016 0.198936
OUTPUT3: 2001.23 -0.0276908 -0.254932 0.199091
OUTPUT3: 2001.23 -0.0275898 -0.254847 0.199246
OUTPUT3: 2001.23 -0.0274892 -0.254761 0.199398
OUTPUT3: 2001.23 -0.0274082 -0.254691 0.199519
OUTPUT3: 2001.23 -0.027333 -0.254625 0.199629
OUTPUT3: 2001.23 -0.0272597 -0.254561 0.199735
OUTPUT3: 2001.23 -0.0271791 -0.25449 0.199851
OUTPUT3: 2001.23 -0.027109 -0.254428 0.19995
OUTPUT3: 2001.23 -0.0241999 -0.251514 0.203186
OUTPUT3: 2001.24 -0.0238495 -0.251115 0.203447
OUTPUT3: 2001.24 -0.0217194 -0.248353 0.204146
OUTPUT3: 2001.24 -0.021663 -0.248271 0.20414
OUTPUT3: 2001.24 -0.0216205 -0.248208 0.204135
OUTPUT3: 2001.24 -0.021578 -0.248146 0.20413
OUTPUT3: 2001.24 -0.0215318 -0.248077 0.204123
OUTPUT3: 2001.24 -0.02148 -0.248 0.204114
OUTPUT3: 2001.24 -0.0214467 -0.24795 0.204108
OUTPUT3: 2001.24 -0.0157545 -0.241206 0.208037
OUTPUT3: 2001.24 -0.0154683 -0.240942 0.208437
OUTPUT3: 2001.24 0.00401791 -0.222034 0.233162
OUTPUT3: 2001.24 0.0041486 -0.22188 0.233255
OUTPUT3: 2001.24 0.00427805 -0.221728 0.233345
OUTPUT3: 2001.24 0.00442686 -0.221552 0.233445
OUTPUT3: 2001.24 0.00457294 -0.221377 0.23354
OUTPUT3: 2001.24 0.00468649 -0.221241 0.233612
OUTPUT3: 2001.24 0.00480241 -0.221101 0.233682
OUTPUT3: 2001.24 0.00494211 -0.220932 0.233764
OUTPUT3: 2001.24 0.00505494 -0.220794 0.233828
OUTPUT3: 2001.24 0.00516159 -0.220662 0.233885
OUTPUT3: 2001.24 0.00528686 -0.220507 0.233949
OUTPUT3: 2001.24 0.00540072 -0.220365 0.234003
OUTPUT3: 2001.24 0.00549128 -0.220251 0.234044
OUTPUT3: 2001.24 0.00558179 -0.220136 0.234081
OUTPUT3: 2001.24 0.00568686 -0.220001 0.234121
OUTPUT3: 2001.24 0.00576428 -0.219901 0.234147
OUTPUT3: 2001.24 0.0058401 -0.219801 0.23417
OUTPUT3: 2001.24 0.00589401 -0.21973 0.234184
OUTPUT3: 2001.25 0.000312238 -0.225788 0.228349
OUTPUT3: 2001.25 0.000495866 -0.225615 0.228577
OUTPUT3: 2001.25 0.000672451 -0.225449 0.228796
OUTPUT3: 2001.25 0.000841912 -0.225289 0.229005
OUTPUT3: 2001.25 0.000981323 -0.225158 0.229176
OUTPUT3: 2001.26 -0.00607143 -0.232175 0.219926
OUTPUT3: 2001.26 -0.00607313 -0.232197 0.219982
OUTPUT3: 2001.26 -0.00607941 -0.232223 0.220029
OUTPUT3: 2001.26 -0.00608997 -0.232251 0.220067
OUTPUT3: 2001.26 -0.0061056 -0.232285 0.220101
OUTPUT3: 2001.26 -0.0171485 -0.242828 0.208688
OUTPUT3: 2001.26 -0.0168521 -0.242557 0.209115
OUTPUT3: 2001.26 -0.0165464 -0.242277 0.209555
OUTPUT3: 2001.26 -0.0162755 -0.242029 0.209946
OUTPUT3: 2001.26 -0.0160552 -0.241828 0.210264
OUTPUT3: 2001.26 -0.0158667 -0.241656 0.210536
OUTPUT3: 2001.26 -0.0157116 -0.241514 0.210759
OUTPUT3: 2001.27 -0.0115975 -0.23701 0.213665
OUTPUT3: 2001.27 -0.0117458 -0.237134 0.213422
OUTPUT3: 2001.27 -0.01188 -0.237247 0.213207
OUTPUT3: 2001.27 -0.0119757 -0.237328 0.213055
OUTPUT3: 2001.27 -0.0120502 -0.237392 0.212938
OUTPUT3: 2001.27 -0.0121287 -0.237459 0.212815
OUTPUT3: 2001.27 -0.0122048 -0.237525 0.212698
OUTPUT3: 2001.27 -0.0228602 -0.247934 0.199347
OUTPUT3: 2001.27 -0.0227985 -0.247879 0.199434
OUTPUT3: 2001.27 -0.0227369 -0.247825 0.19952
OUTPUT3: 2001.27 -0.0226747 -0.24777 0.199606
OUTPUT3: 2001.27 -0.0226075 -0.24771 0.199699
OUTPUT3: 2001.27 -0.0225388 -0.247648 0.199793
OUTPUT3: 2001.27 -0.0224692 -0.247586 0.199888
OUTPUT3: 2001.27 -0.0223919 -0.247516 0.199993
OUTPUT3: 2001.27 -0.0223133 -0.247445 0.200099
OUTPUT3: 2001.27 -0.0222451 -0.247383 0.20019
OUTPUT3: 2001.27 -0.00381417 -0.228705 0.220473
OUTPUT3: 2001.27 -0.00356002 -0.228434 0.220719
OUTPUT3: 2001.27 -0.0032979 -0.228153 0.220972
OUTPUT3: 2001.27 -0.00305627 -0.227895 0.221206
OUTPUT3: 2001.27 -0.0027979 -0.227618 0.221455
OUTPUT3: 2001.27 -0.00255373 -0.227357 0.22169
OUTPUT3: 2001.28 0.0206006 -0.203779 0.245072
OUTPUT3: 2001.28 0.0206523 -0.203487 0.24439
OUTPUT3: 2001.28 0.0285885 -0.195772 0.253783
OUTPUT3: 2001.28 0.0286244 -0.195745 0.25385
OUTPUT3: 2001.29 0.0283463 -0.195674 0.253405
OUTPUT3: 2001.29 0.0206679 -0.203099 0.242307
OUTPUT3: 2001.29 0.0206339 -0.203153 0.242319
OUTPUT3: 2001.29 0.0205889 -0.203221 0.242332
OUTPUT3: 2001.29 0.0205428 -0.20329 0.242341
OUTPUT3: 2001.3 0.0146531 -0.209239 0.237889
OUTPUT3: 2001.3 0.0147002 -0.209175 0.237937
OUTPUT3: 2001.3 0.0147752 -0.209078 0.238015
OUTPUT3: 2001.3 0.0148593 -0.208972 0.238104
OUTPUT3: 2001.31 0.00674817 -0.217262 0.23219
OUTPUT3: 2001.32 0.0212832 -0.202099 0.246766
OUTPUT3: 2001.33 -0.00515907 -0.228144 0.216299
OUTPUT3: 2001.33 -0.00567691 -0.228692 0.215775
OUTPUT3: 2001.33 -0.00611011 -0.229151 0.215338
OUTPUT3: 2001.33 0.0112952 -0.211191 0.233706
OUTPUT3: 2001.33 0.0121338 -0.210401 0.234807
OUTPUT3: 2001.33 0.012509 -0.210047 0.235302
OUTPUT3: 2001.35 0.0185773 -0.203611 0.243092
OUTPUT3: 2001.35 0.0184792 -0.203743 0.243064
OUTPUT3: 2001.35 0.0184383 -0.203798 0.243049
OUTPUT3: 2001.35 0.018365 -0.203893 0.243019
OUTPUT3: 2001.36 0.000753446 -0.221262 0.223893
OUTPUT3: 2001.36 0.000632859 -0.221346 0.22366
OUTPUT3: 2001.36 0.000511999 -0.221431 0.223429
OUTPUT3: 2001.36 0.000386271 -0.221522 0.223193
OUTPUT3: 2001.36 0.000239982 -0.221628 0.222921
OUTPUT3: 2001.36 0.0163902 -0.204758 0.239438
OUTPUT3: 2001.36 0.0163741 -0.204772 0.239414
OUTPUT3: 2001.36 0.0156722 -0.205395 0.238398
OUTPUT3: 2001.36 0.0156372 -0.205427 0.238348
OUTPUT3: 2001.36 -0.000926043 -0.221538 0.218123
OUTPUT3: 2001.36 -0.00178543 -0.222498 0.217421
OUTPUT3: 2001.36 -0.00194886 -0.222686 0.217303
OUTPUT3: 2001.36 -0.00195001 -0.222687 0.217302
OUTPUT3: 2001.36 -0.00210947 -0.222873 0.217193
OUTPUT3: 2001.36 -0.00225096 -0.22304 0.217102
OUTPUT3: 2001.36 -0.00236432 -0.223175 0.217035
OUTPUT3: 2001.37 -0.000538679 -0.222014 0.221365
OUTPUT3: 2001.37 -0.000596805 -0.222052 0.221228
OUTPUT3: 2001.37 -0.000644549 -0.222083 0.221116
OUTPUT3: 2001.37 -0.000701671 -0.22212 0.220984
OUTPUT3: 2001.37 -0.000746448 -0.22215 0.220881
OUTPUT3: 2001.38 -0.00449314 -0.225745 0.216163
OUTPUT3: 2001.38 -0.00463082 -0.226017 0.216415
OUTPUT3: 2001.39 0.0110527 -0.210598 0.232715
OUTPUT3: 2001.39 0.0111228 -0.210513 0.232752
OUTPUT3: 2001.39 0.011198 -0.210421 0.232791
OUTPUT3: 2001.39 0.0112826 -0.210317 0.232835
OUTPUT3: 2001.39 0.011365 -0.210216 0.232878
OUTPUT3: 2001.39 0.0114533 -0.210109 0.232925
OUTPUT3: 2001.39 0.011542 -0.210001 0.232972
OUTPUT3: 2001.39 0.011623 -0.209902 0.233016
OUTPUT3: 2001.39 0.0117179 -0.209788 0.233069
OUTPUT3: 2001.39 0.011827 -0.209657 0.233132
OUTPUT3: 2001.39 0.0119285 -0.209535 0.233191
OUTPUT3: 2001.39 0.0120201 -0.209426 0.233247
OUTPUT3: 2001.39 0.0121231 -0.209305 0.233311
OUTPUT3: 2001.4 0.0122007 -0.209213 0.233361
OUTPUT3: 2001.4 0.0123017 -0.209095 0.233427
OUTPUT3: 2001.4 0.0124341 -0.208942 0.233517
OUTPUT3: 2001.4 0.0125863 -0.208766 0.233625
OUTPUT3: 2001.4 0.0126968 -0.20864 0.233705
OUTPUT3: 2001.4 0.0127865 -0.208538 0.233772
OUTPUT3: 2001.4 0.0129901 -0.208308 0.233928
OUTPUT3: 2001.4 0.0184511 -0.202642 0.239421
OUTPUT3: 2001.4 0.0253939 -0.195908 0.247645
OUTPUT3: 2001.4 0.0278621 -0.193556 0.250673
OUTPUT3: 2001.4 0.0281358 -0.193296 0.251011
OUTPUT3: 2001.4 0.0284247 -0.193021 0.251367
OUTPUT3: 2001.4 0.0287096 -0.192751 0.251718
OUTPUT3: 2001.4 0.0290406 -0.192436 0.252126
OUTPUT3: 2001.4 0.0295278 -0.191973 0.252727
OUTPUT3: 2001.4 0.0305623 -0.190991 0.254002
OUTPUT3: 2001.4 0.033096 -0.188579 0.257104
OUTPUT3: 2001.4 0.034011 -0.186904 0.255944
OUTPUT3: 2001.4 0.033828 -0.187049 0.255643
OUTPUT3: 2001.4 0.0336679 -0.187176 0.255381
OUTPUT3: 2001.4 0.0410806 -0.179684 0.264562
OUTPUT3: 2001.4 0.0415084 -0.179295 0.265165
OUTPUT3: 2001.4 0.0418718 -0.178964 0.265677
OUTPUT3: 2001.4 0.0422204 -0.178648 0.266169
OUTPUT3: 2001.4 0.046749 -0.174541 0.272572
OUTPUT3: 2001.4 0.0470045 -0.17431 0.272934
OUTPUT3: 2001.4 0.0472228 -0.174112 0.273244
OUTPUT3: 2001.4 0.0474653 -0.173893 0.273588
OUTPUT3: 2001.4 0.0478953 -0.173504 0.274198
OUTPUT3: 2001.4 0.0481735 -0.173252 0.274593
OUTPUT3: 2001.4 0.0514101 -0.170338 0.279244
OUTPUT3: 2001.4 0.0514891 -0.170268 0.279366
OUTPUT3: 2001.4 0.0514893 -0.170268 0.279366
OUTPUT3: 2001.41 0.0127911 -0.207687 0.231691
OUTPUT3: 2001.41 0.0127495 -0.207743 0.231679
OUTPUT3: 2001.41 0.0127037 -0.207806 0.231671
OUTPUT3: 2001.41 0.0126332 -0.207913 0.231682
OUTPUT3: 2001.41 0.01259 -0.207992 0.231723
OUTPUT3: 2001.41 0.0125736 -0.208033 0.231767
OUTPUT3: 2001.41 0.0125683 -0.208056 0.231806
OUTPUT3: 2001.41 0.0125692 -0.208078 0.231867
OUTPUT3: 2001.42 -0.00519717 -0.225975 0.214047
OUTPUT3: 2001.42 -0.00484837 -0.225599 0.214377
OUTPUT3: 2001.44 0.0273808 -0.192546 0.248814
OUTPUT3: 2001.44 0.0274169 -0.192538 0.248911
OUTPUT3: 2001.44 0.0274338 -0.192538 0.248965
OUTPUT3: 2001.44 0.0274452 -0.192542 0.249009
OUTPUT3: 2001.45 0.00838198 -0.211707 0.227215
OUTPUT3: 2001.45 0.00850171 -0.211558 0.227292
OUTPUT3: 2001.45 0.00859515 -0.211443 0.227354
OUTPUT3: 2001.45 0.00867847 -0.21134 0.227409
OUTPUT3: 2001.45 0.0268588 -0.193525 0.249851
OUTPUT3: 2001.46 0.0157206 -0.203974 0.235346
OUTPUT3: 2001.46 0.0153889 -0.204283 0.23491
OUTPUT3: 2001.46 -0.000217126 -0.220117 0.218517
OUTPUT3: 2001.46 0.0167959 -0.203397 0.2399
OUTPUT3: 2001.46 0.0166895 -0.203442 0.239632
OUTPUT3: 2001.46 0.00256824 -0.216974 0.221374
OUTPUT3: 2001.46 0.00250887 -0.217045 0.221325
OUTPUT3: 2001.46 0.00241546 -0.217157 0.221249
OUTPUT3: 2001.46 0.00240473 -0.21717 0.22124
OUTPUT3: 2001.46 0.00232677 -0.217265 0.22118
OUTPUT3: 2001.46 0.00222569 -0.21739 0.221105
OUTPUT3: 2001.47 0.00235318 -0.217215 0.220852
OUTPUT3: 2001.47 0.00236282 -0.217186 0.220833
OUTPUT3: 2001.47 0.00237275 -0.217162 0.220824
OUTPUT3: 2001.47 0.00238796 -0.217131 0.220817
OUTPUT3: 2001.47 0.00241427 -0.217084 0.220816
OUTPUT3: 2001.47 0.016073 -0.20369 0.238397
OUTPUT3: 2001.48 0.00400952 -0.215836 0.223662
OUTPUT3: 2001.49 -0.00778543 -0.228047 0.213976
OUTPUT3: 2001.49 -0.0183895 -0.237798 0.199857
OUTPUT3: 2001.49 -0.0164225 -0.235602 0.200888
OUTPUT3: 2001.49 -0.0114569 -0.230835 0.206666
OUTPUT3: 2001.49 -0.011453 -0.230831 0.20667
OUTPUT3: 2001.49 -0.0106028 -0.230017 0.207678
OUTPUT3: 2001.49 -0.0106 -0.230015 0.207681
OUTPUT3: 2001.5 0.0139627 -0.205255 0.236138
OUTPUT3: 2001.5 0.0136955 -0.205479 0.235707
OUTPUT3: 2001.53 0.0314128 -0.187794 0.248891
OUTPUT3: 2001.53 0.029729 -0.189377 0.246631
OUTPUT3: 2001.55 0.0448339 -0.173838 0.261144
OUTPUT3: 2001.56 0.0705368 -0.148493 0.291481
OUTPUT3: 2001.56 0.0726672 -0.146126 0.293009
OUTPUT3: 2001.58 0.112534 -0.104049 0.327519
OUTPUT3: 2001.58 0.112534 -0.104049 0.327518
OUTPUT3: 2001.58 0.112393 -0.104165 0.327307
OUTPUT3: 2001.58 0.112335 -0.10421 0.32722
OUTPUT3: 2001.58 0.112284 -0.10425 0.32714
OUTPUT3: 2001.58 0.112148 -0.104347 0.326919
OUTPUT3: 2001.58 0.131959 -0.085881 0.353674
OUTPUT3: 2001.58 0.13196 -0.0858805 0.353675
OUTPUT3: 2001.58 0.132184 -0.0856862 0.354003
OUTPUT3: 2001.58 0.132184 -0.0856858 0.354003
OUTPUT3: 2001.61 0.0956554 -0.12136 0.31176
OUTPUT3: 2001.62 0.121263 -0.0944127 0.33634
OUTPUT3: 2001.62 0.121304 -0.0943833 0.336407
OUTPUT3: 2001.62 0.106852 -0.108742 0.318053
OUTPUT3: 2001.62 0.106384 -0.109155 0.317323
OUTPUT3: 2001.62 0.106193 -0.10932 0.317019
OUTPUT3: 2001.63 0.121619 -0.0930998 0.333512
OUTPUT3: 2001.63 0.12176 -0.092983 0.333748
OUTPUT3: 2001.64 0.120203 -0.0948225 0.333741
OUTPUT3: 2001.65 0.108254 -0.107304 0.31919
OUTPUT3: 2001.66 0.14535 -0.0686222 0.356667
OUTPUT3: 2001.66 0.14535 -0.0686217 0.356668
OUTPUT3: 2001.66 0.145735 -0.0682078 0.357047
OUTPUT3: 2001.66 0.145736 -0.0682069 0.357048
OUTPUT3: 2001.66 0.146086 -0.0678322 0.357396
OUTPUT3: 2001.66 0.146108 -0.0678089 0.357417
OUTPUT3: 2001.66 0.16027 -0.0537549 0.373869
OUTPUT3: 2001.66 0.16027 -0.0537547 0.373869
OUTPUT3: 2001.66 0.159035 -0.0549376 0.371967
OUTPUT3: 2001.69 0.204158 -0.0072802 0.414804
OUTPUT3: 2001.69 0.204124 -0.00734145 0.41487
OUTPUT3: 2001.69 0.204081 -0.00741696 0.414937
OUTPUT3: 2001.71 0.161062 -0.0499728 0.371297
OUTPUT3: 2001.71 0.161034 -0.0500027 0.371271
OUTPUT3: 2001.71 0.160709 -0.050346 0.370977
OUTPUT3: 2001.71 0.160647 -0.0504113 0.370921
OUTPUT3: 2001.74 0.157281 -0.0524836 0.366102
OUTPUT3: 2001.75 0.161126 -0.0489565 0.369692
OUTPUT3: 2001.75 0.161126 -0.0489565 0.369692
OUTPUT3: 2001.75 0.15714 -0.0518806 0.361572
OUTPUT3: 2001.82 0.252867 0.0471709 0.457018
OUTPUT3: 2001.83 0.250998 0.0468785 0.451005
OUTPUT3: 2001.83 0.250448 0.0462902 0.450495
OUTPUT3: 2001.83 0.250447 0.0462892 0.450494
OUTPUT3: 2001.83 0.242844 0.0379662 0.444398
OUTPUT3: 2001.83 0.242518 0.0376133 0.444278
OUTPUT3: 2001.83 0.242512 0.037608 0.444279
OUTPUT3: 2001.83 0.242496 0.0375934 0.444288
OUTPUT3: 2001.83 0.242496 0.0375934 0.444288
OUTPUT3: 2001.83 0.24249 0.0375924 0.444305
OUTPUT3: 2001.83 0.244398 0.0400016 0.445838
OUTPUT3: 2001.83 0.244398 0.0400016 0.445838
OUTPUT3: 2001.83 0.244521 0.0401546 0.445924
OUTPUT3: 2001.83 0.244618 0.0402747 0.445992
OUTPUT3: 2001.83 0.246129 0.0421069 0.44713
OUTPUT3: 2001.83 0.246173 0.0421577 0.44717
OUTPUT3: 2001.83 0.246218 0.0422092 0.447212
OUTPUT3: 2001.83 0.246266 0.042264 0.447259
OUTPUT3: 2001.83 0.246304 0.0423066 0.447297
OUTPUT3: 2001.84 0.245175 0.0408679 0.446834
OUTPUT3: 2001.84 0.245175 0.0408679 0.446834
OUTPUT3: 2001.84 0.245028 0.0406974 0.446717
OUTPUT3: 2001.84 0.24485 0.0404935 0.446573
OUTPUT3: 2001.84 0.244806 0.0404432 0.446537
OUTPUT3: 2001.84 0.244517 0.0401147 0.446291
OUTPUT3: 2001.84 0.238936 0.034306 0.440128
OUTPUT3: 2001.84 0.2383 0.033698 0.439284
OUTPUT3: 2001.84 0.237966 0.0333826 0.438828
OUTPUT3: 2001.84 0.234596 0.0304134 0.433804
OUTPUT3: 2001.84 0.234596 0.0304133 0.433804
OUTPUT3: 2001.84 0.234476 0.0303189 0.433684
OUTPUT3: 2001.84 0.234476 0.0303188 0.433683
OUTPUT3: 2001.84 0.234385 0.0302483 0.433593
OUTPUT3: 2001.86 0.232648 0.0285472 0.434317
OUTPUT3: 2001.88 0.213344 0.00998259 0.412388
OUTPUT3: 2001.88 0.213546 0.0101919 0.412641
OUTPUT3: 2001.9 0.222156 0.0197059 0.42083
OUTPUT3: 2001.92 0.220735 0.0195918 0.419142
OUTPUT3: 2001.92 0.221567 0.0211084 0.420564
OUTPUT3: 2001.92 0.225776 0.0237614 0.426504
OUTPUT3: 2001.92 0.225778 0.0236959 0.426586
OUTPUT3: 2001.92 0.225766 0.0235986 0.426675
OUTPUT3: 2001.92 0.225737 0.0234955 0.426733
OUTPUT3: 2001.92 0.225591 0.0232078 0.426747
OUTPUT3: 2001.92 0.213871 0.0133564 0.411386
OUTPUT3: 2001.94 0.235442 0.0358467 0.433267
OUTPUT3: 2001.94 0.235385 0.0358075 0.433171
OUTPUT3: 2001.94 0.235334 0.0357737 0.433084
OUTPUT3: 2001.94 0.235288 0.0357449 0.433004
OUTPUT3: 2001.94 0.235249 0.0357212 0.43294
OUTPUT3: 2001.94 0.23522 0.0357055 0.432932
OUTPUT3: 2001.95 0.224423 0.0246091 0.424164
OUTPUT3: 2001.95 0.224163 0.0243171 0.423972
OUTPUT3: 2001.95 0.223909 0.0240323 0.423784
OUTPUT3: 2001.95 0.223661 0.0237549 0.4236
OUTPUT3: 2001.95 0.223418 0.0234826 0.423419
OUTPUT3: 2001.95 0.223205 0.0232454 0.42326
OUTPUT3: 2001.96 0.23424 0.0329802 0.434417
OUTPUT3: 2001.96 0.234211 0.0329522 0.434386
OUTPUT3: 2001.96 0.234167 0.0329128 0.434338
OUTPUT3: 2001.96 0.234156 0.032903 0.434326
OUTPUT3: 2001.96 0.210283 0.00954751 0.410413
OUTPUT3: 2001.96 0.210279 0.00951041 0.410442
OUTPUT3: 2001.96 0.210275 0.00946341 0.410468
OUTPUT3: 2001.96 0.210269 0.00941544 0.410492
OUTPUT3: 2001.96 0.210262 0.00936769 0.410513
OUTPUT3: 2001.96 0.210256 0.00932868 0.410529
OUTPUT3: 2002.01 0.208849 0.00770224 0.409157
OUTPUT3: 2002.01 0.20763 0.00735653 0.408806
OUTPUT3: 2002.02 0.208289 0.00710585 0.409641
OUTPUT3: 2002.02 0.208353 0.00716086 0.409719
OUTPUT3: 2002.03 0.213737 0.0133095 0.414148
OUTPUT3: 2002.03 0.21335 0.0129011 0.413739
OUTPUT3: 2002.03 0.212924 0.0124524 0.413288
OUTPUT3: 2002.03 0.212565 0.0120743 0.412908
OUTPUT3: 2002.03 0.212213 0.011704 0.412535
OUTPUT3: 2002.04 0.199898 -0.00013979 0.40039
OUTPUT3: 2002.04 0.200042 2.38738e-05 0.400556
OUTPUT3: 2002.04 0.200183 0.000182054 0.400714
OUTPUT3: 2002.04 0.200331 0.000347432 0.400878
OUTPUT3: 2002.04 0.200471 0.000501298 0.401029
OUTPUT3: 2002.05 0.240006 0.0393555 0.441068
OUTPUT3: 2002.05 0.239812 0.0392686 0.4408
OUTPUT3: 2002.05 0.239574 0.0391618 0.440474
OUTPUT3: 2002.05 0.239336 0.0390547 0.440147
OUTPUT3: 2002.05 0.239139 0.0389658 0.439877
OUTPUT3: 2002.05 0.256696 0.0542617 0.458981
OUTPUT3: 2002.07 0.228523 0.0280631 0.428405
OUTPUT3: 2002.07 0.22844 0.0279551 0.428359
OUTPUT3: 2002.07 0.228365 0.0278585 0.428316
OUTPUT3: 2002.07 0.228294 0.0277676 0.428275
OUTPUT3: 2002.07 0.228234 0.0276908 0.428239
OUTPUT3: 2002.07 0.228173 0.0276144 0.428201
OUTPUT3: 2002.07 0.228113 0.0275383 0.428163
OUTPUT3: 2002.07 0.228052 0.0274625 0.428124
OUTPUT3: 2002.07 0.227989 0.0273837 0.428083
OUTPUT3: 2002.07 0.227942 0.0273258 0.428051
OUTPUT3: 2002.07 0.226107 0.025484 0.42609
OUTPUT3: 2002.07 0.226112 0.0255068 0.426067
OUTPUT3: 2002.07 0.226122 0.0255353 0.426047
OUTPUT3: 2002.07 0.227592 0.0274706 0.427212
OUTPUT3: 2002.07 0.227696 0.0275924 0.427341
OUTPUT3: 2002.07 0.227804 0.0277176 0.427472
OUTPUT3: 2002.07 0.22791 0.02784 0.427599
OUTPUT3: 2002.07 0.22824 0.0282176 0.427987
OUTPUT3: 2002.08 0.228374 0.028368 0.42814
OUTPUT3: 2002.08 0.228511 0.0285223 0.428295
OUTPUT3: 2002.08 0.228673 0.0287033 0.428477
OUTPUT3: 2002.08 0.228812 0.0288577 0.428631
OUTPUT3: 2002.08 0.22895 0.0290107 0.428783
OUTPUT3: 2002.08 0.229096 0.0291707 0.428941
OUTPUT3: 2002.08 0.229245 0.0293336 0.429101
OUTPUT3: 2002.08 0.229392 0.0294946 0.429258
OUTPUT3: 2002.08 0.229543 0.029658 0.429417
OUTPUT3: 2002.08 0.229696 0.0298238 0.429578
OUTPUT3: 2002.08 0.229852 0.0299918 0.42974
OUTPUT3: 2002.08 0.230011 0.030162 0.429903
OUTPUT3: 2002.08 0.230172 0.0303342 0.430068
OUTPUT3: 2002.08 0.230336 0.0305085 0.430233
OUTPUT3: 2002.08 0.230502 0.0306845 0.4304
OUTPUT3: 2002.08 0.230671 0.0308624 0.430568
OUTPUT3: 2002.08 0.230842 0.0310419 0.430736
OUTPUT3: 2002.08 0.231015 0.031223 0.430906
OUTPUT3: 2002.08 0.231189 0.0314055 0.431076
OUTPUT3: 2002.08 0.231366 0.0315894 0.431246
OUTPUT3: 2002.08 0.231545 0.0317745 0.431417
OUTPUT3: 2002.08 0.231725 0.0319607 0.431588
OUTPUT3: 2002.08 0.2319 0.0321408 0.431753
OUTPUT3: 2002.08 0.232372 0.0326238 0.432193
OUTPUT3: 2002.08 0.237656 0.0377733 0.437169
OUTPUT3: 2002.08 0.237897 0.0379966 0.43745
OUTPUT3: 2002.08 0.238156 0.0382349 0.437754
OUTPUT3: 2002.08 0.238458 0.0385114 0.438111
OUTPUT3: 2002.08 0.240553 0.0403407 0.440697
OUTPUT3: 2002.08 0.241039 0.0407053 0.441364
OUTPUT3: 2002.08 0.236743 0.0363711 0.436704
OUTPUT3: 2002.09 0.231776 0.0318475 0.431824
OUTPUT3: 2002.09 0.231364 0.0314609 0.431554
OUTPUT3: 2002.09 0.230214 0.0302285 0.430799
OUTPUT3: 2002.09 0.227115 0.0266595 0.42869
OUTPUT3: 2002.09 0.225936 0.0247244 0.429034
OUTPUT3: 2002.09 0.225934 0.0247225 0.429033
OUTPUT3: 2002.09 0.22554 0.0242282 0.428784
OUTPUT3: 2002.09 0.225509 0.0241905 0.428763
OUTPUT3: 2002.11 0.2186 0.017636 0.418992
OUTPUT3: 2002.11 0.214889 0.0145874 0.416007
OUTPUT3: 2002.11 0.215021 0.0147191 0.416155
OUTPUT3: 2002.11 0.215158 0.014858 0.416306
OUTPUT3: 2002.11 0.215308 0.0150098 0.416466
OUTPUT3: 2002.11 0.215452 0.0151577 0.416619
OUTPUT3: 2002.11 0.215565 0.0152743 0.416737
OUTPUT3: 2002.12 0.184384 -0.0164756 0.384505
OUTPUT3: 2002.12 0.184175 -0.0166708 0.384355
OUTPUT3: 2002.12 0.183975 -0.0168572 0.384212
OUTPUT3: 2002.12 0.183779 -0.0170393 0.384073
OUTPUT3: 2002.12 0.18356 -0.0172427 0.383918
OUTPUT3: 2002.13 0.206289 0.00315786 0.407966
OUTPUT3: 2002.13 0.206596 0.00338503 0.408326
OUTPUT3: 2002.14 0.185213 -0.0150576 0.384911
OUTPUT3: 2002.14 0.186658 -0.0160417 0.387782
OUTPUT3: 2002.15 0.180481 -0.0201119 0.380043
OUTPUT3: 2002.15 0.180125 -0.020348 0.3796
OUTPUT3: 2002.15 0.179765 -0.0206613 0.379152
OUTPUT3: 2002.15 0.179401 -0.0209999 0.3787
OUTPUT3: 2002.15 0.179034 -0.0213421 0.378243
OUTPUT3: 2002.15 0.178663 -0.0216878 0.377783
OUTPUT3: 2002.15 0.178288 -0.0220368 0.377319
OUTPUT3: 2002.15 0.177902 -0.0223977 0.37684
OUTPUT3: 2002.15 0.16994 -0.0302427 0.370028
OUTPUT3: 2002.15 0.169933 -0.0302504 0.370024
OUTPUT3: 2002.15 0.16912 -0.0311709 0.36944
OUTPUT3: 2002.15 0.169119 -0.0311714 0.36944
OUTPUT3: 2002.15 0.163798 -0.0374861 0.36254
OUTPUT3: 2002.16 0.172288 -0.0282321 0.371252
OUTPUT3: 2002.16 0.17243 -0.0280654 0.371358
OUTPUT3: 2002.16 0.172683 -0.0277667 0.371545
OUTPUT3: 2002.16 0.172756 -0.0276796 0.371599
OUTPUT3: 2002.16 0.172828 -0.0275944 0.371652
OUTPUT3: 2002.16 0.172898 -0.0275111 0.371704
OUTPUT3: 2002.16 0.172951 -0.0274489 0.371742
OUTPUT3: 2002.17 0.142101 -0.059161 0.342645
OUTPUT3: 2002.17 0.153536 -0.0474949 0.351471
OUTPUT3: 2002.17 0.153472 -0.0475335 0.351447
OUTPUT3: 2002.17 0.153412 -0.0475683 0.351427
OUTPUT3: 2002.18 0.153616 -0.0472159 0.35245
OUTPUT3: 2002.18 0.15353 -0.0472601 0.352332
OUTPUT3: 2002.2 0.157427 -0.0432358 0.35585
OUTPUT3: 2002.22 0.102769 -0.0978291 0.299852
OUTPUT3: 2002.22 0.102485 -0.0980939 0.299462
OUTPUT3: 2002.22 0.102151 -0.0984048 0.299003
OUTPUT3: 2002.22 0.101808 -0.0987238 0.29853
OUTPUT3: 2002.22 0.101595 -0.0989213 0.298236
OUTPUT3: 2002.22 0.101263 -0.0992293 0.297776
OUTPUT3: 2002.22 0.101076 -0.0994028 0.297516
OUTPUT3: 2002.23 0.116629 -0.0846245 0.316296
OUTPUT3: 2002.23 0.116474 -0.0847875 0.316167
OUTPUT3: 2002.23 0.103222 -0.0966608 0.299507
OUTPUT3: 2002.23 0.103259 -0.0966054 0.299561
OUTPUT3: 2002.23 0.103304 -0.0965411 0.299624
OUTPUT3: 2002.23 0.103352 -0.0964733 0.29969
OUTPUT3: 2002.23 0.103412 -0.0963899 0.29977
OUTPUT3: 2002.23 0.103476 -0.0963033 0.299852
OUTPUT3: 2002.23 0.103544 -0.0962133 0.299936
OUTPUT3: 2002.23 0.103616 -0.0961199 0.300023
OUTPUT3: 2002.23 0.103693 -0.0960229 0.300113
OUTPUT3: 2002.23 0.103773 -0.0959221 0.300205
OUTPUT3: 2002.23 0.103864 -0.09581 0.300306
OUTPUT3: 2002.23 0.103998 -0.0956492 0.30045
OUTPUT3: 2002.24 0.122026 -0.0786094 0.321135
OUTPUT3: 2002.24 0.122388 -0.0783525 0.321616
OUTPUT3: 2002.24 0.122749 -0.0780967 0.322093
OUTPUT3: 2002.24 0.123108 -0.0778422 0.322568
OUTPUT3: 2002.24 0.123464 -0.077589 0.323039
OUTPUT3: 2002.24 0.123818 -0.0773373 0.323507
OUTPUT3: 2002.24 0.124169 -0.0770874 0.32397
OUTPUT3: 2002.24 0.124517 -0.0768392 0.324429
OUTPUT3: 2002.24 0.124862 -0.0765931 0.324883
OUTPUT3: 2002.24 0.125203 -0.0763492 0.325332
OUTPUT3: 2002.24 0.12554 -0.0761076 0.325775
OUTPUT3: 2002.24 0.125794 -0.0759254 0.326108
OUTPUT3: 2002.26 0.0316724 -0.169006 0.227687
OUTPUT3: 2002.26 0.0318818 -0.168846 0.227836
OUTPUT3: 2002.27 0.046581 -0.153305 0.243347
OUTPUT3: 2002.27 0.0467278 -0.153169 0.243533
OUTPUT3: 2002.27 0.0469328 -0.152979 0.243793
OUTPUT3: 2002.29 0.0561867 -0.144052 0.25528
OUTPUT3: 2002.3 0.0609827 -0.13841 0.257065
OUTPUT3: 2002.3 0.0612085 -0.138206 0.257349
OUTPUT3: 2002.3 0.061368 -0.138061 0.257548
OUTPUT3: 2002.3 0.0693122 -0.12967 0.264882
OUTPUT3: 2002.3 0.0695549 -0.129407 0.265106
OUTPUT3: 2002.3 0.0697384 -0.129209 0.265276
OUTPUT3: 2002.31 0.104571 -0.0955654 0.304938
OUTPUT3: 2002.31 0.0941736 -0.103132 0.287598
OUTPUT3: 2002.31 0.102727 -0.0950825 0.299117
OUTPUT3: 2002.31 0.103077 -0.0947575 0.299599
OUTPUT3: 2002.31 0.103428 -0.094431 0.300084
OUTPUT3: 2002.31 0.103781 -0.0941034 0.300572
OUTPUT3: 2002.31 0.104135 -0.0937748 0.301061
OUTPUT3: 2002.31 0.104489 -0.0934455 0.301551
OUTPUT3: 2002.31 0.104844 -0.0931156 0.302043
OUTPUT3: 2002.31 0.105141 -0.0928405 0.302453
OUTPUT3: 2002.31 0.108144 -0.0900508 0.306614
OUTPUT3: 2002.31 0.108509 -0.0897693 0.307119
OUTPUT3: 2002.31 0.108854 -0.0895414 0.307597
OUTPUT3: 2002.31 0.109196 -0.0893156 0.30807
OUTPUT3: 2002.31 0.109535 -0.0890915 0.308539
OUTPUT3: 2002.31 0.1098 -0.0889159 0.308906
OUTPUT3: 2002.32 0.11478 -0.0827905 0.312086
OUTPUT3: 2002.32 0.0655582 -0.132493 0.258287
OUTPUT3: 2002.33 0.0793569 -0.119053 0.275522
OUTPUT3: 2002.33 0.0798812 -0.11835 0.275801
OUTPUT3: 2002.33 0.088442 -0.10928 0.286631
OUTPUT3: 2002.33 0.0882313 -0.109528 0.286499
OUTPUT3: 2002.33 0.0880208 -0.109777 0.286368
OUTPUT3: 2002.33 0.0877651 -0.110079 0.286209
OUTPUT3: 2002.33 0.0876072 -0.110265 0.286111
OUTPUT3: 2002.33 0.0874522 -0.110448 0.286015
OUTPUT3: 2002.33 0.0872976 -0.110631 0.285919
OUTPUT3: 2002.33 0.0871435 -0.110813 0.285823
OUTPUT3: 2002.33 0.0870177 -0.110961 0.285744
OUTPUT3: 2002.34 0.0791558 -0.119429 0.278585
OUTPUT3: 2002.34 0.0749081 -0.123324 0.272798
OUTPUT3: 2002.34 0.0747074 -0.123501 0.272505
OUTPUT3: 2002.34 0.0745068 -0.123678 0.272211
OUTPUT3: 2002.34 0.0743065 -0.123853 0.271917
OUTPUT3: 2002.34 0.0741065 -0.124029 0.271621
OUTPUT3: 2002.34 0.0739069 -0.124203 0.271326
OUTPUT3: 2002.34 0.0737078 -0.124376 0.27103
OUTPUT3: 2002.34 0.0735093 -0.124549 0.270733
OUTPUT3: 2002.34 0.0733115 -0.12472 0.270437
OUTPUT3: 2002.34 0.0731145 -0.124891 0.270141
OUTPUT3: 2002.34 0.0729184 -0.12506 0.269846
OUTPUT3: 2002.34 0.0727232 -0.125228 0.269551
OUTPUT3: 2002.34 0.0725292 -0.125395 0.269257
OUTPUT3: 2002.34 0.0723348 -0.125562 0.268968
OUTPUT3: 2002.34 0.0721342 -0.125734 0.268673
OUTPUT3: 2002.34 0.0719442 -0.125897 0.268394
OUTPUT3: 2002.34 0.0717557 -0.126058 0.268116
OUTPUT3: 2002.34 0.0715688 -0.126217 0.26784
OUTPUT3: 2002.34 0.0713836 -0.126375 0.267566
OUTPUT3: 2002.34 0.0712003 -0.126531 0.267295
OUTPUT3: 2002.34 0.0710189 -0.126685 0.267026
OUTPUT3: 2002.34 0.0708396 -0.126837 0.266759
OUTPUT3: 2002.34 0.0706624 -0.126987 0.266496
OUTPUT3: 2002.34 0.0705293 -0.1271 0.266298
OUTPUT3: 2002.34 0.0713546 -0.126394 0.268473
OUTPUT3: 2002.34 0.0775641 -0.121333 0.277919
OUTPUT3: 2002.35 0.0643507 -0.132899 0.259379
OUTPUT3: 2002.35 0.0640675 -0.133192 0.259075
OUTPUT3: 2002.35 0.0637852 -0.133485 0.258773
OUTPUT3: 2002.35 0.0635066 -0.133775 0.258476
OUTPUT3: 2002.35 0.061352 -0.136033 0.256229
OUTPUT3: 2002.35 0.0610825 -0.136318 0.255953
OUTPUT3: 2002.35 0.0608147 -0.136601 0.255681
OUTPUT3: 2002.35 0.0605487 -0.136883 0.255412
OUTPUT3: 2002.35 0.0602847 -0.137163 0.255145
OUTPUT3: 2002.35 0.0600227 -0.137441 0.254882
OUTPUT3: 2002.35 0.0597628 -0.137717 0.254622
OUTPUT3: 2002.35 0.0595051 -0.137992 0.254366
OUTPUT3: 2002.35 0.0592496 -0.138264 0.254112
OUTPUT3: 2002.35 0.0589902 -0.138541 0.253856
OUTPUT3: 2002.35 0.0586944 -0.138857 0.253565
OUTPUT3: 2002.35 0.0584152 -0.139156 0.253291
OUTPUT3: 2002.35 0.0582359 -0.139349 0.253116
OUTPUT3: 2002.35 0.0580759 -0.13952 0.252961
OUTPUT3: 2002.35 0.0579103 -0.139698 0.2528
OUTPUT3: 2002.35 0.0577262 -0.139896 0.252621
OUTPUT3: 2002.35 0.0575591 -0.140075 0.25246
OUTPUT3: 2002.35 0.0572958 -0.140359 0.252206
OUTPUT3: 2002.35 0.0570384 -0.140636 0.251959
OUTPUT3: 2002.35 0.0568098 -0.140882 0.251741
OUTPUT3: 2002.35 0.0565844 -0.141126 0.251526
OUTPUT3: 2002.35 0.056362 -0.141366 0.251315
OUTPUT3: 2002.35 0.0561428 -0.141603 0.251107
OUTPUT3: 2002.35 0.0559269 -0.141836 0.250903
OUTPUT3: 2002.35 0.0556988 -0.142083 0.250688
OUTPUT3: 2002.35 0.0506618 -0.147466 0.246114
OUTPUT3: 2002.35 0.0507208 -0.147398 0.246172
OUTPUT3: 2002.35 0.0507781 -0.147333 0.246229
OUTPUT3: 2002.35 0.0508401 -0.147262 0.246291
OUTPUT3: 2002.35 0.0515601 -0.146458 0.247012
OUTPUT3: 2002.35 0.0655568 -0.132348 0.263847
OUTPUT3: 2002.35 0.0656194 -0.132297 0.263953
OUTPUT3: 2002.35 0.0656769 -0.13225 0.264053
OUTPUT3: 2002.35 0.0657293 -0.132209 0.264146
OUTPUT3: 2002.35 0.0657765 -0.132174 0.264233
OUTPUT3: 2002.35 0.0658186 -0.132143 0.264314
OUTPUT3: 2002.35 0.0658554 -0.132117 0.264389
OUTPUT3: 2002.35 0.0658878 -0.132096 0.264458
OUTPUT3: 2002.35 0.0659148 -0.13208 0.264521
OUTPUT3: 2002.35 0.0659357 -0.13207 0.264576
OUTPUT3: 2002.35 0.0659515 -0.132065 0.264623
OUTPUT3: 2002.35 0.065962 -0.132065 0.264664
OUTPUT3: 2002.35 0.0659676 -0.132071 0.264702
OUTPUT3: 2002.35 0.0659677 -0.132079 0.264724
OUTPUT3: 2002.35 0.0659626 -0.132095 0.264747
OUTPUT3: 2002.35 0.0659528 -0.132114 0.264761
OUTPUT3: 2002.36 0.0767422 -0.120517 0.273
OUTPUT3: 2002.36 0.0771479 -0.120134 0.273539
OUTPUT3: 2002.36 0.0775293 -0.119774 0.274046
OUTPUT3: 2002.36 0.0778371 -0.119484 0.274456
OUTPUT3: 2002.38 0.101972 -0.0949293 0.299913
OUTPUT3: 2002.38 0.100364 -0.096313 0.297378
OUTPUT3: 2002.38 0.0997914 -0.0968147 0.296508
OUTPUT3: 2002.38 0.0997861 -0.0968194 0.2965
OUTPUT3: 2002.39 0.0936263 -0.102697 0.291794
OUTPUT3: 2002.39 0.0826977 -0.11479 0.283529
OUTPUT3: 2002.41 0.0534921 -0.143755 0.254664
OUTPUT3: 2002.44 0.0624626 -0.130499 0.257026
OUTPUT3: 2002.44 0.0673839 -0.12568 0.263137
OUTPUT3: 2002.45 0.0573891 -0.134687 0.249628
OUTPUT3: 2002.45 0.057524 -0.134581 0.249871
OUTPUT3: 2002.46 0.0892222 -0.101935 0.283417
OUTPUT3: 2002.46 0.0885169 -0.102536 0.282334
OUTPUT3: 2002.49 0.0862148 -0.103041 0.280184
OUTPUT3: 2002.51 0.049426 -0.137481 0.242636
OUTPUT3: 2002.51 0.0486266 -0.138214 0.241569
OUTPUT3: 2002.51 0.0249456 -0.16134 0.213551
OUTPUT3: 2002.51 0.0248846 -0.161434 0.213576
OUTPUT3: 2002.51 0.0188088 -0.167998 0.209547
OUTPUT3: 2002.51 0.00808604 -0.177633 0.195487
OUTPUT3: 2002.51 0.00784302 -0.177859 0.195204
OUTPUT3: 2002.52 0.0186633 -0.167061 0.209005
OUTPUT3: 2002.52 0.0184771 -0.167225 0.208741
OUTPUT3: 2002.52 0.0182816 -0.167398 0.208466
OUTPUT3: 2002.52 0.0180319 -0.167621 0.208117
OUTPUT3: 2002.53 0.0376489 -0.145451 0.226116
OUTPUT3: 2002.53 0.0375814 -0.145512 0.226023
OUTPUT3: 2002.53 0.0365086 -0.146477 0.224538
OUTPUT3: 2002.53 0.0364851 -0.146498 0.224505
OUTPUT3: 2002.57 0.0469922 -0.133671 0.235489
OUTPUT3: 2002.57 0.0472102 -0.133415 0.235647
OUTPUT3: 2002.59 0.00365328 -0.173904 0.185453
OUTPUT3: 2002.59 0.00359964 -0.173959 0.185365
OUTPUT3: 2002.59 0.00356256 -0.173999 0.185303
OUTPUT3: 2002.59 0.00353177 -0.174032 0.18525
OUTPUT3: 2002.59 0.00350593 -0.174061 0.185204
OUTPUT3: 2002.59 0.0111107 -0.16688 0.19346
OUTPUT3: 2002.59 0.0112381 -0.166741 0.193572
OUTPUT3: 2002.59 0.0113844 -0.166581 0.193698
OUTPUT3: 2002.59 0.0115351 -0.166415 0.193828
OUTPUT3: 2002.59 0.011752 -0.166177 0.194013
OUTPUT3: 2002.59 0.0155464 -0.161957 0.197259
OUTPUT3: 2002.59 0.0157415 -0.161742 0.197434
OUTPUT3: 2002.59 0.0159406 -0.161523 0.197614
OUTPUT3: 2002.59 0.0160755 -0.161375 0.197737
OUTPUT3: 2002.6 0.0349589 -0.141907 0.218171
OUTPUT3: 2002.6 0.0354185 -0.141451 0.218712
OUTPUT3: 2002.6 0.0358801 -0.140994 0.219256
OUTPUT3: 2002.6 0.0363434 -0.140535 0.219803
OUTPUT3: 2002.6 0.0368083 -0.140075 0.220354
OUTPUT3: 2002.6 0.0372775 -0.139612 0.22091
OUTPUT3: 2002.6 0.0377031 -0.139192 0.221416
OUTPUT3: 2002.6 0.0401387 -0.136793 0.224323
OUTPUT3: 2002.6 0.0405952 -0.136344 0.22487
OUTPUT3: 2002.6 0.0410425 -0.135905 0.225406
OUTPUT3: 2002.6 0.0414935 -0.135463 0.225948
OUTPUT3: 2002.6 0.0453654 -0.131673 0.230622
OUTPUT3: 2002.6 0.0458147 -0.131234 0.231166
OUTPUT3: 2002.6 0.0462606 -0.130799 0.231706
OUTPUT3: 2002.6 0.0466294 -0.130439 0.232153
OUTPUT3: 2002.6 0.0580486 -0.119587 0.24512
OUTPUT3: 2002.6 0.0578834 -0.119676 0.244881
OUTPUT3: 2002.6 0.057703 -0.119776 0.244621
OUTPUT3: 2002.6 0.0574952 -0.119893 0.244324
OUTPUT3: 2002.6 0.0572312 -0.120044 0.243949
OUTPUT3: 2002.6 0.0569302 -0.120225 0.243524
OUTPUT3: 2002.6 0.0557241 -0.12107 0.241846
OUTPUT3: 2002.6 0.0554573 -0.121288 0.241479
OUTPUT3: 2002.6 0.0551821 -0.121539 0.241101
OUTPUT3: 2002.6 0.0548927 -0.121802 0.240705
OUTPUT3: 2002.6 0.0538938 -0.122715 0.239346
OUTPUT3: 2002.6 0.0535787 -0.123004 0.238919
OUTPUT3: 2002.6 0.0532567 -0.1233 0.238484
OUTPUT3: 2002.6 0.0529283 -0.123602 0.238042
OUTPUT3: 2002.6 0.0525803 -0.123922 0.237574
OUTPUT3: 2002.6 0.0521164 -0.124349 0.236952
OUTPUT3: 2002.6 0.0516749 -0.124757 0.236361
OUTPUT3: 2002.6 0.0418666 -0.133938 0.223597
OUTPUT3: 2002.6 0.0315987 -0.144064 0.211647
OUTPUT3: 2002.6 0.0314686 -0.144215 0.211556
OUTPUT3: 2002.6 0.0313869 -0.144312 0.211506
OUTPUT3: 2002.6 0.0313185 -0.144396 0.211472
OUTPUT3: 2002.6 0.0312597 -0.144471 0.211451
OUTPUT3: 2002.6 0.0312072 -0.144542 0.211442
OUTPUT3: 2002.6 0.0311677 -0.1446 0.211447
OUTPUT3: 2002.6 0.0311313 -0.14476 0.211744
OUTPUT3: 2002.6 0.0311617 -0.144755 0.211848
OUTPUT3: 2002.6 0.031205 -0.144739 0.21197
OUTPUT3: 2002.6 0.0312817 -0.144699 0.212158
OUTPUT3: 2002.6 0.0313761 -0.144642 0.212365
OUTPUT3: 2002.6 0.0315091 -0.144553 0.212636
OUTPUT3: 2002.6 0.0362555 -0.140556 0.220022
OUTPUT3: 2002.61 0.0415142 -0.134516 0.223713
OUTPUT3: 2002.61 0.0381746 -0.138228 0.220703
OUTPUT3: 2002.61 0.0290414 -0.146891 0.209388
OUTPUT3: 2002.62 0.0295362 -0.146246 0.210295
OUTPUT3: 2002.62 0.0433971 -0.131533 0.226311
OUTPUT3: 2002.63 0.0465221 -0.128136 0.231244
OUTPUT3: 2002.63 0.0344261 -0.140254 0.21756
OUTPUT3: 2002.63 0.0150082 -0.158488 0.192438
OUTPUT3: 2002.63 0.0141876 -0.159074 0.191145
OUTPUT3: 2002.63 0.0144051 -0.158868 0.19145
OUTPUT3: 2002.64 0.0275632 -0.145583 0.207511
OUTPUT3: 2002.64 0.0459048 -0.126714 0.226911
OUTPUT3: 2002.64 0.0459052 -0.126713 0.226911
OUTPUT3: 2002.64 0.0461589 -0.126414 0.227103
OUTPUT3: 2002.64 0.0461594 -0.126413 0.227103
OUTPUT3: 2002.69 0.101734 -0.0653864 0.279072
OUTPUT3: 2002.7 0.0960373 -0.069428 0.269349
OUTPUT3: 2002.71 0.110763 -0.0542143 0.285696
OUTPUT3: 2002.72 0.0746574 -0.0897576 0.2469
OUTPUT3: 2002.72 0.0615334 -0.101855 0.230917
OUTPUT3: 2002.72 0.0624967 -0.100893 0.232205
OUTPUT3: 2002.72 0.0664236 -0.0970892 0.237488
OUTPUT3: 2002.73 0.073624 -0.0889331 0.244548
OUTPUT3: 2002.73 0.0738635 -0.0887166 0.244881
OUTPUT3: 2002.73 0.0635129 -0.0985966 0.233185
OUTPUT3: 2002.73 0.0635308 -0.0985812 0.233216
OUTPUT3: 2002.77 -0.00813341 -0.166707 0.159784
OUTPUT3: 2002.77 -0.0144999 -0.172401 0.154508
OUTPUT3: 2002.78 -0.0141165 -0.171021 0.153515
OUTPUT3: 2002.78 -0.0140603 -0.170912 0.153439
OUTPUT3: 2002.78 -0.0190825 -0.174516 0.143845
OUTPUT3: 2002.8 -0.00150548 -0.154151 0.162974
OUTPUT3: 2002.8 -0.0350113 -0.187714 0.125912
OUTPUT3: 2002.82 -0.0199008 -0.168081 0.140316
OUTPUT3: 2002.82 -0.0197747 -0.167959 0.140476
OUTPUT3: 2002.82 -0.0190231 -0.167234 0.141435
OUTPUT3: 2002.82 -0.0190075 -0.167219 0.141455
OUTPUT3: 2002.89 -0.0289132 -0.166321 0.11923
OUTPUT3: 2002.89 -0.0282401 -0.165506 0.11967
OUTPUT3: 2002.9 -0.0180339 -0.152081 0.125258
OUTPUT3: 2002.9 -0.0180122 -0.152059 0.125283
OUTPUT3: 2002.9 -0.00125053 -0.136126 0.14644
OUTPUT3: 2002.91 0.00419874 -0.128302 0.147588
OUTPUT3: 2002.93 0.012662 -0.116232 0.153789
OUTPUT3: 2002.94 0.0195956 -0.108278 0.160864
OUTPUT3: 2002.94 0.0185549 -0.10921 0.159531
OUTPUT3: 2002.94 0.0175612 -0.110129 0.158313
OUTPUT3: 2002.94 0.0168795 -0.110772 0.157501
OUTPUT3: 2002.94 0.00212514 -0.125801 0.1424
OUTPUT3: 2002.94 0.00211153 -0.125795 0.142352
OUTPUT3: 2002.94 0.00734648 -0.119431 0.145821
OUTPUT3: 2002.94 0.00866705 -0.117971 0.147021
OUTPUT3: 2002.94 0.00882514 -0.117801 0.147177
OUTPUT3: 2002.94 0.00454671 -0.12284 0.144231
OUTPUT3: 2002.94 0.00454661 -0.12284 0.144231
OUTPUT3: 2002.94 0.00378224 -0.123634 0.14343
OUTPUT3: 2002.94 -0.00180958 -0.129257 0.137133
OUTPUT3: 2002.94 -0.00223097 -0.12967 0.136632
OUTPUT3: 2002.94 -0.00224071 -0.129679 0.13662
OUTPUT3: 2002.95 -0.0166626 -0.142576 0.117078
OUTPUT3: 2002.95 0.00224836 -0.124223 0.142964
OUTPUT3: 2002.95 0.00224836 -0.124223 0.142964
OUTPUT3: 2002.95 0.00292369 -0.123747 0.143938
OUTPUT3: 2002.95 0.0029237 -0.123747 0.143938
OUTPUT3: 2002.95 0.003486 -0.123341 0.14474
OUTPUT3: 2002.95 0.003486 -0.123341 0.14474
OUTPUT3: 2002.95 0.00394455 -0.122997 0.145379
OUTPUT3: 2002.95 0.00394456 -0.122997 0.145379
OUTPUT3: 2002.95 0.00432192 -0.122698 0.145887
OUTPUT3: 2002.95 0.00432192 -0.122698 0.145887
OUTPUT3: 2002.95 0.00458767 -0.122479 0.146221
OUTPUT3: 2002.95 0.00458767 -0.122479 0.146221
OUTPUT3: 2002.95 0.00476709 -0.12232 0.146415
OUTPUT3: 2002.95 0.00476709 -0.12232 0.146415
OUTPUT3: 2002.95 0.0033765 -0.122192 0.143061
OUTPUT3: 2002.95 0.00336943 -0.122194 0.143046
OUTPUT3: 2002.95 0.00332745 -0.122203 0.142959
OUTPUT3: 2002.95 0.00325861 -0.122218 0.142816
OUTPUT3: 2002.95 0.00325684 -0.122219 0.142813
OUTPUT3: 2002.95 0.00309243 -0.122255 0.142472
OUTPUT3: 2002.95 0.00305864 -0.122263 0.142401
OUTPUT3: 2002.95 0.00303283 -0.122269 0.142348
OUTPUT3: 2002.95 0.00298539 -0.122279 0.142249
OUTPUT3: 2002.95 0.00296003 -0.122285 0.142196
OUTPUT3: 2002.95 0.00294364 -0.122288 0.142162
OUTPUT3: 2002.95 0.00239622 -0.122505 0.141014
OUTPUT3: 2002.95 0.00239618 -0.122505 0.141014
OUTPUT3: 2002.95 0.00133089 -0.123112 0.138648
OUTPUT3: 2002.95 0.00133043 -0.123112 0.138647
OUTPUT3: 2002.95 0.00127716 -0.123138 0.138514
OUTPUT3: 2002.95 0.00127687 -0.123138 0.138514
OUTPUT3: 2002.95 0.00112707 -0.123754 0.139394
OUTPUT3: 2002.95 0.00112707 -0.123754 0.139394
OUTPUT3: 2002.95 -0.000972991 -0.126204 0.137889
OUTPUT3: 2002.95 -0.00105407 -0.12629 0.13781
OUTPUT3: 2002.96 -0.00131943 -0.12657 0.137546
OUTPUT3: 2002.97 -0.014252 -0.139472 0.124994
OUTPUT3: 2002.97 -0.0138866 -0.139137 0.125396
OUTPUT3: 2002.97 -0.013706 -0.138968 0.12559
OUTPUT3: 2002.97 -0.0137001 -0.138963 0.125596
OUTPUT3: 2002.97 -0.0131572 -0.138435 0.12615
OUTPUT3: 2003.01 -0.0457584 -0.16622 0.0878869
OUTPUT3: 2003.01 -0.0457584 -0.16622 0.0878869
OUTPUT3: 2003.01 -0.0455694 -0.166094 0.0881422
OUTPUT3: 2003.01 -0.0552073 -0.173667 0.0751621
OUTPUT3: 2003.01 -0.0552167 -0.173675 0.0751497
OUTPUT3: 2003.01 -0.049472 -0.169685 0.0840472
OUTPUT3: 2003.01 -0.0494716 -0.169685 0.0840476
OUTPUT3: 2003.02 -0.0493761 -0.169617 0.0841681
OUTPUT3: 2003.02 -0.0493754 -0.169616 0.084169
OUTPUT3: 2003.02 -0.0480384 -0.166885 0.0831425
OUTPUT3: 2003.02 -0.0480384 -0.166885 0.0831425
OUTPUT3: 2003.02 -0.0503765 -0.168465 0.0800124
OUTPUT3: 2003.02 -0.0503765 -0.168465 0.0800124
OUTPUT3: 2003.02 -0.0524466 -0.169927 0.0773267
OUTPUT3: 2003.02 -0.0524466 -0.169927 0.0773267
OUTPUT3: 2003.02 -0.0543881 -0.171348 0.0748728
OUTPUT3: 2003.02 -0.0544794 -0.171415 0.0747588
OUTPUT3: 2003.02 -0.0562989 -0.172855 0.0725161
OUTPUT3: 2003.02 -0.056429 -0.172981 0.0723576
OUTPUT3: 2003.02 -0.0577834 -0.174291 0.0707245
OUTPUT3: 2003.02 -0.0579144 -0.174418 0.0705681
OUTPUT3: 2003.02 -0.0592718 -0.175743 0.0689633
OUTPUT3: 2003.02 -0.0594025 -0.175872 0.0688103
OUTPUT3: 2003.02 -0.0602591 -0.176714 0.0678148
OUTPUT3: 2003.02 -0.0603259 -0.17678 0.0677377
OUTPUT3: 2003.02 -0.0731504 -0.190039 0.0546246
OUTPUT3: 2003.02 -0.0732054 -0.190099 0.054578
OUTPUT3: 2003.02 -0.0732586 -0.190158 0.0545329
OUTPUT3: 2003.02 -0.0741678 -0.191159 0.0537812
OUTPUT3: 2003.02 -0.0741684 -0.19116 0.0537807
OUTPUT3: 2003.02 -0.0741684 -0.19116 0.0537807
OUTPUT3: 2003.03 -0.0751705 -0.192276 0.0529921
OUTPUT3: 2003.03 -0.0751707 -0.192276 0.052992
OUTPUT3: 2003.03 -0.0780824 -0.195603 0.0509697
OUTPUT3: 2003.03 -0.0780824 -0.195603 0.0509697
OUTPUT3: 2003.03 -0.0786668 -0.196284 0.0506127
OUTPUT3: 2003.03 -0.0786668 -0.196284 0.0506127
OUTPUT3: 2003.03 -0.0792569 -0.196973 0.0502643
OUTPUT3: 2003.03 -0.0792569 -0.196973 0.0502642
OUTPUT3: 2003.03 -0.0797522 -0.197551 0.0499764
OUTPUT3: 2003.03 -0.0797522 -0.197551 0.0499764
OUTPUT3: 2003.03 -0.0814048 -0.199433 0.0489437
OUTPUT3: 2003.03 -0.0814048 -0.199433 0.0489437
OUTPUT3: 2003.03 -0.0817944 -0.199855 0.048653
OUTPUT3: 2003.03 -0.0817944 -0.199855 0.048653
OUTPUT3: 2003.03 -0.0820029 -0.200076 0.0484857
OUTPUT3: 2003.03 -0.0820029 -0.200076 0.0484857
OUTPUT3: 2003.03 -0.0853805 -0.20322 0.0446237
OUTPUT3: 2003.03 -0.0855486 -0.203363 0.044393
OUTPUT3: 2003.03 -0.0858152 -0.203588 0.0440234
OUTPUT3: 2003.03 -0.0865614 -0.204215 0.0429718
OUTPUT3: 2003.03 -0.0865621 -0.204215 0.0429707
OUTPUT3: 2003.03 -0.0887182 -0.206015 0.0398776
OUTPUT3: 2003.03 -0.0902711 -0.207326 0.0376762
OUTPUT3: 2003.03 -0.0902711 -0.207326 0.0376762
OUTPUT3: 2003.03 -0.0908557 -0.207827 0.0368646
OUTPUT3: 2003.03 -0.0908557 -0.207827 0.0368646
OUTPUT3: 2003.03 -0.0914729 -0.208362 0.0360219
OUTPUT3: 2003.03 -0.0914923 -0.208379 0.0359957
OUTPUT3: 2003.03 -0.0920483 -0.208866 0.035252
OUTPUT3: 2003.03 -0.0921207 -0.208929 0.0351564
OUTPUT3: 2003.03 -0.0926481 -0.209398 0.034469
OUTPUT3: 2003.03 -0.0928874 -0.209613 0.034163
OUTPUT3: 2003.03 -0.0937077 -0.21036 0.0331481
OUTPUT3: 2003.03 -0.0938053 -0.21045 0.0330314
OUTPUT3: 2003.03 -0.0940194 -0.210649 0.032779
OUTPUT3: 2003.03 -0.0940574 -0.210685 0.0327347
OUTPUT3: 2003.03 -0.0961859 -0.212838 0.0307789
OUTPUT3: 2003.03 -0.0961873 -0.21284 0.0307785
OUTPUT3: 2003.03 -0.0964815 -0.213348 0.0312516
OUTPUT3: 2003.03 -0.0964357 -0.213349 0.0314669
OUTPUT3: 2003.03 -0.0964356 -0.213349 0.0314675
OUTPUT3: 2003.03 -0.095737 -0.212913 0.033166
OUTPUT3: 2003.03 -0.095737 -0.212913 0.033166
OUTPUT3: 2003.03 -0.0954568 -0.212696 0.0337001
OUTPUT3: 2003.03 -0.0954568 -0.212696 0.0337001
OUTPUT3: 2003.03 -0.095125 -0.212425 0.034292
OUTPUT3: 2003.03 -0.095125 -0.212425 0.034292
OUTPUT3: 2003.03 -0.0948002 -0.21215 0.0348402
OUTPUT3: 2003.03 -0.0948001 -0.21215 0.0348403
OUTPUT3: 2003.03 -0.0940529 -0.211491 0.0360152
OUTPUT3: 2003.03 -0.093673 -0.211144 0.0365759
OUTPUT3: 2003.03 -0.0932907 -0.210787 0.0371192
OUTPUT3: 2003.03 -0.093022 -0.210568 0.0374895
OUTPUT3: 2003.03 -0.0928164 -0.210417 0.0377667
OUTPUT3: 2003.03 -0.0926463 -0.210289 0.0379922
OUTPUT3: 2003.03 -0.0925495 -0.210216 0.038119
OUTPUT3: 2003.03 -0.0879902 -0.206096 0.0429309
OUTPUT3: 2003.03 -0.08799 -0.206096 0.042931
OUTPUT3: 2003.04 -0.109647 -0.226563 0.0153308
OUTPUT3: 2003.04 -0.109656 -0.226569 0.0153157
OUTPUT3: 2003.07 -0.148114 -0.263348 -0.0243106
OUTPUT3: 2003.07 -0.148165 -0.263402 -0.0244061
OUTPUT3: 2003.07 -0.148116 -0.263308 -0.0244523
OUTPUT3: 2003.09 -0.0847269 -0.198543 0.0406579
OUTPUT3: 2003.09 -0.0844266 -0.1983 0.0410494
OUTPUT3: 2003.09 -0.0816984 -0.194598 0.0425689
OUTPUT3: 2003.09 -0.0816984 -0.194598 0.0425689
OUTPUT3: 2003.09 -0.0814615 -0.194401 0.0427873
OUTPUT3: 2003.09 -0.0814212 -0.194369 0.0428271
OUTPUT3: 2003.09 -0.08125 -0.194239 0.0430034
OUTPUT3: 2003.09 -0.0793486 -0.195963 0.0485008
OUTPUT3: 2003.09 -0.0794559 -0.19608 0.0484116
OUTPUT3: 2003.09 -0.0800713 -0.196728 0.0478738
OUTPUT3: 2003.09 -0.0804428 -0.197104 0.0475319
OUTPUT3: 2003.09 -0.0808225 -0.197479 0.0471719
OUTPUT3: 2003.09 -0.11247 -0.226181 0.00896842
OUTPUT3: 2003.09 -0.112529 -0.226247 0.00889212
OUTPUT3: 2003.09 -0.115588 -0.229682 0.00495703
OUTPUT3: 2003.09 -0.115598 -0.229692 0.00494515
OUTPUT3: 2003.09 -0.1184 -0.232814 0.00138812
OUTPUT3: 2003.1 -0.115941 -0.229928 0.00754971
OUTPUT3: 2003.1 -0.11594 -0.229926 0.00755256
OUTPUT3: 2003.1 -0.10141 -0.214617 0.0221361
OUTPUT3: 2003.1 -0.101403 -0.21461 0.0221451
OUTPUT3: 2003.1 -0.087443 -0.203012 0.0393666
OUTPUT3: 2003.1 -0.0874455 -0.203014 0.0393629
OUTPUT3: 2003.1 -0.0890845 -0.20399 0.0370443
OUTPUT3: 2003.1 -0.0890847 -0.20399 0.037044
OUTPUT3: 2003.1 -0.0901551 -0.204668 0.0355793
OUTPUT3: 2003.1 -0.0901554 -0.204668 0.0355789
OUTPUT3: 2003.11 -0.104081 -0.216558 0.017907
OUTPUT3: 2003.11 -0.104081 -0.216558 0.017907
OUTPUT3: 2003.11 -0.10232 -0.21509 0.020491
OUTPUT3: 2003.11 -0.102306 -0.215078 0.0205085
OUTPUT3: 2003.11 -0.101823 -0.214636 0.021142
OUTPUT3: 2003.11 -0.101808 -0.214623 0.0211606
OUTPUT3: 2003.11 -0.101277 -0.214131 0.0218414
OUTPUT3: 2003.11 -0.101261 -0.214116 0.0218622
OUTPUT3: 2003.11 -0.100666 -0.213558 0.0226093
OUTPUT3: 2003.11 -0.100653 -0.213545 0.0226258
OUTPUT3: 2003.11 -0.100085 -0.213006 0.0233242
OUTPUT3: 2003.11 -0.100071 -0.212993 0.0233407
OUTPUT3: 2003.11 -0.0994954 -0.21244 0.0240343
OUTPUT3: 2003.11 -0.0994817 -0.212427 0.0240506
OUTPUT3: 2003.11 -0.0990642 -0.212022 0.0245439
OUTPUT3: 2003.11 -0.0990563 -0.212014 0.0245532
OUTPUT3: 2003.11 -0.0938536 -0.206292 0.0291296
OUTPUT3: 2003.11 -0.0938536 -0.206292 0.0291296
OUTPUT3: 2003.11 -0.0938101 -0.205868 0.0283751
OUTPUT3: 2003.11 -0.0938101 -0.205868 0.0283751
OUTPUT3: 2003.11 -0.0937035 -0.205763 0.0284262
OUTPUT3: 2003.11 -0.0937035 -0.205763 0.0284262
OUTPUT3: 2003.12 -0.0824387 -0.197497 0.0432854
OUTPUT3: 2003.16 -0.0990595 -0.211075 0.0230375
OUTPUT3: 2003.16 -0.0990595 -0.211075 0.0230375
OUTPUT3: 2003.16 -0.106377 -0.21953 0.0174424
OUTPUT3: 2003.18 -0.10076 -0.213077 0.021762
OUTPUT3: 2003.18 -0.100142 -0.212545 0.0224261
OUTPUT3: 2003.18 -0.10013 -0.212535 0.0224384
OUTPUT3: 2003.23 -0.113501 -0.225901 0.00795158
OUTPUT3: 2003.23 -0.11349 -0.225883 0.00798295
OUTPUT3: 2003.23 -0.113435 -0.2258 0.00813012
OUTPUT3: 2003.24 -0.112323 -0.225514 0.00677313
OUTPUT3: 2003.24 -0.105478 -0.217379 0.0165063
OUTPUT3: 2003.24 -0.104381 -0.218874 0.0202174
OUTPUT3: 2003.24 -0.106694 -0.220515 0.017212
OUTPUT3: 2003.24 -0.107084 -0.22079 0.0167034
OUTPUT3: 2003.24 -0.109788 -0.222688 0.0131683
OUTPUT3: 2003.28 -0.0890109 -0.20153 0.0333374
OUTPUT3: 2003.28 -0.0890109 -0.20153 0.0333374
OUTPUT3: 2003.28 -0.0844044 -0.198423 0.0394088
OUTPUT3: 2003.28 -0.0844024 -0.198422 0.0394115
OUTPUT3: 2003.28 -0.0826778 -0.197361 0.0418091
OUTPUT3: 2003.28 -0.0825717 -0.197299 0.0419613
OUTPUT3: 2003.28 -0.082269 -0.197129 0.0424006
OUTPUT3: 2003.28 -0.082345 -0.197804 0.0429903
OUTPUT3: 2003.28 -0.0823641 -0.19782 0.0429686
OUTPUT3: 2003.28 -0.0825296 -0.197962 0.0427805
OUTPUT3: 2003.28 -0.0825349 -0.197966 0.0427744
OUTPUT3: 2003.28 -0.082933 -0.1983 0.0423142
OUTPUT3: 2003.28 -0.082933 -0.1983 0.0423142
OUTPUT3: 2003.28 -0.0856075 -0.200444 0.0391037
OUTPUT3: 2003.28 -0.0856079 -0.200444 0.0391033
OUTPUT3: 2003.28 -0.0862761 -0.200969 0.0382873
OUTPUT3: 2003.28 -0.086277 -0.200969 0.0382861
OUTPUT3: 2003.28 -0.0878651 -0.202213 0.0363403
OUTPUT3: 2003.28 -0.0878736 -0.202219 0.0363299
OUTPUT3: 2003.28 -0.088781 -0.20293 0.0352178
OUTPUT3: 2003.28 -0.0887903 -0.202938 0.0352065
OUTPUT3: 2003.28 -0.111979 -0.224762 0.0112241
OUTPUT3: 2003.28 -0.116935 -0.228475 0.00496239
OUTPUT3: 2003.29 -0.117778 -0.229099 0.00388222
OUTPUT3: 2003.29 -0.117779 -0.2291 0.00387987
OUTPUT3: 2003.29 -0.11947 -0.230358 0.00170903
OUTPUT3: 2003.29 -0.11947 -0.230358 0.00170883
OUTPUT3: 2003.29 -0.120371 -0.231037 0.000555987
OUTPUT3: 2003.29 -0.120371 -0.231037 0.000555985
OUTPUT3: 2003.29 -0.12113 -0.23162 -0.000409572
OUTPUT3: 2003.29 -0.121169 -0.23165 -0.000459178
OUTPUT3: 2003.29 -0.121963 -0.232276 -0.00145724
OUTPUT3: 2003.29 -0.121981 -0.232291 -0.00147914
OUTPUT3: 2003.29 -0.122645 -0.232839 -0.00229504
OUTPUT3: 2003.29 -0.122645 -0.232839 -0.00229569
OUTPUT3: 2003.29 -0.123108 -0.233246 -0.00284414
OUTPUT3: 2003.29 -0.123109 -0.233247 -0.00284592
OUTPUT3: 2003.29 -0.123471 -0.233596 -0.00325035
OUTPUT3: 2003.29 -0.123472 -0.233597 -0.00325188
OUTPUT3: 2003.29 -0.123641 -0.23378 -0.00342449
OUTPUT3: 2003.29 -0.123641 -0.23378 -0.00342512
OUTPUT3: 2003.32 -0.178551 -0.291075 -0.055666
OUTPUT3: 2003.32 -0.178551 -0.291075 -0.055666
OUTPUT3: 2003.32 -0.17802 -0.290555 -0.0551587
OUTPUT3: 2003.32 -0.17802 -0.290555 -0.0551587
OUTPUT3: 2003.33 -0.167401 -0.278794 -0.0469453
OUTPUT3: 2003.33 -0.168004 -0.279476 -0.0476944
OUTPUT3: 2003.33 -0.171072 -0.282751 -0.050326
OUTPUT3: 2003.33 -0.169337 -0.281183 -0.0478301
OUTPUT3: 2003.35 -0.147585 -0.263192 -0.021802
OUTPUT3: 2003.35 -0.147585 -0.263192 -0.021802
OUTPUT3: 2003.35 -0.148438 -0.263811 -0.0229072
OUTPUT3: 2003.35 -0.148438 -0.263811 -0.0229072
OUTPUT3: 2003.36 -0.173272 -0.28502 -0.0510571
OUTPUT3: 2003.37 -0.166046 -0.277883 -0.043296
OUTPUT3: 2003.37 -0.166046 -0.277883 -0.043296
OUTPUT3: 2003.37 -0.16625 -0.27787 -0.0437513
OUTPUT3: 2003.37 -0.16625 -0.27787 -0.0437513
OUTPUT3: 2003.37 -0.162715 -0.274336 -0.0408322
OUTPUT3: 2003.37 -0.162667 -0.274313 -0.040761
OUTPUT3: 2003.37 -0.162656 -0.274307 -0.0407439
OUTPUT3: 2003.38 -0.184336 -0.295855 -0.0627978
OUTPUT3: 2003.38 -0.181326 -0.293375 -0.0585625
OUTPUT3: 2003.38 -0.181317 -0.293369 -0.0585508
OUTPUT3: 2003.39 -0.198353 -0.310361 -0.0791309
OUTPUT3: 2003.39 -0.19835 -0.310357 -0.0791254
OUTPUT3: 2003.42 -0.22106 -0.333358 -0.0979304
OUTPUT3: 2003.42 -0.22106 -0.333358 -0.0979304
OUTPUT3: 2003.42 -0.23739 -0.347142 -0.117203
OUTPUT3: 2003.42 -0.237399 -0.347152 -0.117213
OUTPUT3: 2003.42 -0.238864 -0.348598 -0.118877
OUTPUT3: 2003.42 -0.238864 -0.348598 -0.118877
OUTPUT3: 2003.42 -0.242584 -0.352312 -0.122999
OUTPUT3: 2003.42 -0.242584 -0.352312 -0.122999
OUTPUT3: 2003.42 -0.246597 -0.356407 -0.127212
OUTPUT3: 2003.42 -0.246597 -0.356407 -0.127213
OUTPUT3: 2003.42 -0.247005 -0.356829 -0.127623
OUTPUT3: 2003.42 -0.247005 -0.356829 -0.127624
OUTPUT3: 2003.42 -0.247606 -0.357454 -0.128221
OUTPUT3: 2003.42 -0.247606 -0.357455 -0.128222
OUTPUT3: 2003.42 -0.250695 -0.360719 -0.13116
OUTPUT3: 2003.42 -0.250695 -0.360719 -0.13116
OUTPUT3: 2003.43 -0.253924 -0.364209 -0.134007
OUTPUT3: 2003.43 -0.253962 -0.364252 -0.13404
OUTPUT3: 2003.43 -0.25439 -0.364717 -0.134409
OUTPUT3: 2003.43 -0.254405 -0.364732 -0.134421
OUTPUT3: 2003.43 -0.254723 -0.365078 -0.134695
OUTPUT3: 2003.43 -0.254728 -0.365084 -0.134699
OUTPUT3: 2003.43 -0.263192 -0.373925 -0.142868
OUTPUT3: 2003.43 -0.263194 -0.373928 -0.14287
OUTPUT3: 2003.43 -0.263874 -0.374601 -0.143618
OUTPUT3: 2003.43 -0.263875 -0.374602 -0.143619
OUTPUT3: 2003.43 -0.269604 -0.380141 -0.150284
OUTPUT3: 2003.43 -0.269604 -0.380141 -0.150284
OUTPUT3: 2003.43 -0.270666 -0.381302 -0.15157
OUTPUT3: 2003.43 -0.270702 -0.381342 -0.151614
OUTPUT3: 2003.43 -0.271492 -0.382207 -0.152578
OUTPUT3: 2003.43 -0.271564 -0.382287 -0.152666
OUTPUT3: 2003.43 -0.272344 -0.383141 -0.153622
OUTPUT3: 2003.43 -0.272416 -0.38322 -0.153711
OUTPUT3: 2003.43 -0.273052 -0.383917 -0.154493
OUTPUT3: 2003.43 -0.273113 -0.383984 -0.154568
OUTPUT3: 2003.43 -0.273394 -0.384292 -0.154914
OUTPUT3: 2003.44 -0.251719 -0.362531 -0.129533
OUTPUT3: 2003.44 -0.240398 -0.351825 -0.118
OUTPUT3: 2003.44 -0.226625 -0.341598 -0.100864
OUTPUT3: 2003.45 -0.240022 -0.351062 -0.118459
OUTPUT3: 2003.46 -0.206646 -0.317667 -0.0847236
OUTPUT3: 2003.46 -0.204873 -0.316436 -0.0824348
OUTPUT3: 2003.47 -0.205314 -0.315211 -0.0856381
OUTPUT3: 2003.47 -0.205314 -0.315211 -0.0856381
OUTPUT3: 2003.47 -0.204942 -0.314851 -0.0853294
OUTPUT3: 2003.47 -0.204942 -0.314851 -0.085329
OUTPUT3: 2003.47 -0.202421 -0.31214 -0.0824114
OUTPUT3: 2003.47 -0.202417 -0.312136 -0.0824069
OUTPUT3: 2003.47 -0.201857 -0.311587 -0.0817172
OUTPUT3: 2003.47 -0.201854 -0.311584 -0.0817131
OUTPUT3: 2003.49 -0.192894 -0.303389 -0.0725312
OUTPUT3: 2003.49 -0.193407 -0.303937 -0.0730629
OUTPUT3: 2003.52 -0.188053 -0.299068 -0.0670368
OUTPUT3: 2003.52 -0.188047 -0.299062 -0.0670282
OUTPUT3: 2003.52 -0.187701 -0.29876 -0.0665399
OUTPUT3: 2003.52 -0.187666 -0.298729 -0.0664907
OUTPUT3: 2003.55 -0.211067 -0.321592 -0.0890105
OUTPUT3: 2003.55 -0.211088 -0.321614 -0.0890311
OUTPUT3: 2003.55 -0.214215 -0.324874 -0.0921349
OUTPUT3: 2003.55 -0.214217 -0.324876 -0.092137
OUTPUT3: 2003.55 -0.214894 -0.325556 -0.0928645
OUTPUT3: 2003.55 -0.214896 -0.325558 -0.0928667
OUTPUT3: 2003.55 -0.215041 -0.325701 -0.0930309
OUTPUT3: 2003.55 -0.215041 -0.325701 -0.0930309
OUTPUT3: 2003.55 -0.215288 -0.325936 -0.0933211
OUTPUT3: 2003.55 -0.215288 -0.325936 -0.0933211
OUTPUT3: 2003.55 -0.215466 -0.326097 -0.0935527
OUTPUT3: 2003.55 -0.215466 -0.326097 -0.0935527
OUTPUT3: 2003.55 -0.21556 -0.326161 -0.0937191
OUTPUT3: 2003.55 -0.215558 -0.326142 -0.0937534
OUTPUT3: 2003.55 -0.215522 -0.326086 -0.0937563
OUTPUT3: 2003.55 -0.215463 -0.326008 -0.0937307
OUTPUT3: 2003.55 -0.215376 -0.325901 -0.0936781
OUTPUT3: 2003.55 -0.215267 -0.325772 -0.0936014
OUTPUT3: 2003.55 -0.215125 -0.325609 -0.0934929
OUTPUT3: 2003.55 -0.214965 -0.325427 -0.0933634
OUTPUT3: 2003.55 -0.214751 -0.325188 -0.0931826
OUTPUT3: 2003.55 -0.214543 -0.324958 -0.0930008
OUTPUT3: 2003.55 -0.214252 -0.324639 -0.0927395
OUTPUT3: 2003.55 -0.214147 -0.324526 -0.0926441
OUTPUT3: 2003.55 -0.207056 -0.317157 -0.0854205
OUTPUT3: 2003.55 -0.207029 -0.31713 -0.0853914
OUTPUT3: 2003.55 -0.205416 -0.315505 -0.0836347
OUTPUT3: 2003.55 -0.205377 -0.315466 -0.0835919
OUTPUT3: 2003.55 -0.204382 -0.314469 -0.0824926
OUTPUT3: 2003.55 -0.204329 -0.314417 -0.0824346
OUTPUT3: 2003.55 -0.199131 -0.309421 -0.0765374
OUTPUT3: 2003.55 -0.199131 -0.309421 -0.0765374
OUTPUT3: 2003.55 -0.196942 -0.307517 -0.0739837
OUTPUT3: 2003.55 -0.196898 -0.307481 -0.0739317
OUTPUT3: 2003.55 -0.195741 -0.306542 -0.0725644
OUTPUT3: 2003.55 -0.195652 -0.30647 -0.0724591
OUTPUT3: 2003.55 -0.194573 -0.305599 -0.071174
OUTPUT3: 2003.55 -0.194484 -0.305527 -0.0710673
OUTPUT3: 2003.55 -0.193475 -0.304715 -0.0698568
OUTPUT3: 2003.55 -0.193392 -0.304648 -0.0697567
OUTPUT3: 2003.55 -0.192415 -0.303863 -0.0685757
OUTPUT3: 2003.55 -0.192237 -0.30372 -0.06836
OUTPUT3: 2003.55 -0.191671 -0.303264 -0.0676704
OUTPUT3: 2003.55 -0.191568 -0.303181 -0.0675446
OUTPUT3: 2003.55 -0.188993 -0.300506 -0.0645648
OUTPUT3: 2003.55 -0.188994 -0.300506 -0.064565
OUTPUT3: 2003.55 -0.192271 -0.302961 -0.0691903
OUTPUT3: 2003.55 -0.192279 -0.302969 -0.069202
OUTPUT3: 2003.55 -0.19301 -0.303635 -0.0702537
OUTPUT3: 2003.55 -0.193023 -0.303647 -0.0702732
OUTPUT3: 2003.55 -0.193776 -0.304326 -0.0713674
OUTPUT3: 2003.55 -0.193827 -0.304373 -0.0714428
OUTPUT3: 2003.55 -0.194534 -0.305003 -0.0724822
OUTPUT3: 2003.55 -0.194589 -0.305052 -0.0725641
OUTPUT3: 2003.55 -0.19525 -0.305636 -0.0735506
OUTPUT3: 2003.55 -0.1953 -0.30568 -0.0736262
OUTPUT3: 2003.55 -0.195788 -0.306105 -0.0743657
OUTPUT3: 2003.55 -0.195815 -0.306129 -0.0744077
OUTPUT3: 2003.55 -0.197506 -0.307192 -0.0779705
OUTPUT3: 2003.55 -0.197506 -0.307192 -0.0779705
OUTPUT3: 2003.56 -0.193588 -0.303277 -0.0733186
OUTPUT3: 2003.56 -0.193587 -0.303276 -0.0733183
OUTPUT3: 2003.56 -0.188766 -0.298661 -0.0671016
OUTPUT3: 2003.56 -0.18876 -0.298655 -0.0670944
OUTPUT3: 2003.56 -0.187563 -0.297522 -0.0655202
OUTPUT3: 2003.56 -0.187558 -0.297517 -0.0655125
OUTPUT3: 2003.56 -0.173687 -0.287783 -0.0468471
OUTPUT3: 2003.56 -0.173687 -0.287783 -0.0468471
OUTPUT3: 2003.56 -0.173933 -0.287909 -0.0472154
OUTPUT3: 2003.56 -0.173933 -0.287909 -0.0472154
OUTPUT3: 2003.56 -0.175275 -0.288697 -0.0491236
OUTPUT3: 2003.56 -0.175275 -0.288697 -0.0491236
OUTPUT3: 2003.56 -0.175926 -0.289085 -0.0500436
OUTPUT3: 2003.56 -0.176018 -0.289141 -0.0501749
OUTPUT3: 2003.56 -0.176734 -0.28957 -0.0511865
OUTPUT3: 2003.56 -0.177005 -0.289732 -0.0515685
OUTPUT3: 2003.56 -0.177306 -0.289913 -0.0519932
OUTPUT3: 2003.56 -0.177425 -0.289985 -0.0521611
OUTPUT3: 2003.56 -0.178215 -0.29046 -0.0532755
OUTPUT3: 2003.56 -0.178215 -0.29046 -0.0532755
OUTPUT3: 2003.56 -0.187242 -0.296464 -0.0658558
OUTPUT3: 2003.56 -0.187242 -0.296464 -0.0658558
OUTPUT3: 2003.56 -0.187478 -0.296843 -0.0658219
OUTPUT3: 2003.56 -0.187478 -0.296843 -0.0658219
OUTPUT3: 2003.56 -0.187086 -0.296525 -0.0652052
OUTPUT3: 2003.56 -0.187086 -0.296525 -0.0652052
OUTPUT3: 2003.56 -0.186616 -0.296145 -0.0644745
OUTPUT3: 2003.56 -0.186616 -0.296145 -0.0644745
OUTPUT3: 2003.56 -0.186047 -0.295803 -0.0636014
OUTPUT3: 2003.56 -0.186047 -0.295803 -0.0636014
OUTPUT3: 2003.56 -0.179067 -0.292049 -0.0531222
OUTPUT3: 2003.56 -0.179066 -0.292049 -0.0531221
OUTPUT3: 2003.56 -0.178959 -0.291985 -0.0529643
OUTPUT3: 2003.56 -0.178959 -0.291985 -0.0529643
OUTPUT3: 2003.56 -0.178873 -0.291931 -0.0528376
OUTPUT3: 2003.56 -0.178873 -0.291931 -0.0528376
OUTPUT3: 2003.56 -0.179966 -0.292439 -0.0544807
OUTPUT3: 2003.56 -0.179966 -0.292439 -0.0544807
OUTPUT3: 2003.56 -0.180727 -0.292827 -0.055616
OUTPUT3: 2003.56 -0.180728 -0.292827 -0.0556166
OUTPUT3: 2003.56 -0.181431 -0.293188 -0.0566654
OUTPUT3: 2003.56 -0.181435 -0.29319 -0.0566703
OUTPUT3: 2003.56 -0.182043 -0.293503 -0.0575767
OUTPUT3: 2003.56 -0.182066 -0.293515 -0.0576111
OUTPUT3: 2003.57 -0.191637 -0.301055 -0.0719989
OUTPUT3: 2003.57 -0.191637 -0.301055 -0.0719991
OUTPUT3: 2003.57 -0.191654 -0.30107 -0.0720254
OUTPUT3: 2003.57 -0.191475 -0.300855 -0.0720363
OUTPUT3: 2003.57 -0.191475 -0.300855 -0.0720363
OUTPUT3: 2003.57 -0.191019 -0.300426 -0.0714195
OUTPUT3: 2003.57 -0.191019 -0.300426 -0.0714195
OUTPUT3: 2003.57 -0.190451 -0.299906 -0.0706421
OUTPUT3: 2003.57 -0.190451 -0.299906 -0.0706421
OUTPUT3: 2003.57 -0.189201 -0.298765 -0.0689094
OUTPUT3: 2003.57 -0.189201 -0.298765 -0.0689093
OUTPUT3: 2003.57 -0.1754 -0.288877 -0.0491866
OUTPUT3: 2003.57 -0.175276 -0.288866 -0.0489715
OUTPUT3: 2003.57 -0.175527 -0.289451 -0.0490112
OUTPUT3: 2003.57 -0.175527 -0.289451 -0.0490112
OUTPUT3: 2003.57 -0.176166 -0.290077 -0.0497164
OUTPUT3: 2003.57 -0.176166 -0.290077 -0.0497164
OUTPUT3: 2003.57 -0.199595 -0.309759 -0.0768149
OUTPUT3: 2003.57 -0.199597 -0.309761 -0.0768171
OUTPUT3: 2003.57 -0.203003 -0.313081 -0.0803837
OUTPUT3: 2003.57 -0.203003 -0.313081 -0.0803837
OUTPUT3: 2003.57 -0.204149 -0.31428 -0.0815425
OUTPUT3: 2003.57 -0.204149 -0.31428 -0.0815425
OUTPUT3: 2003.57 -0.204963 -0.315139 -0.0823515
OUTPUT3: 2003.57 -0.204963 -0.315139 -0.0823515
OUTPUT3: 2003.61 -0.219563 -0.330599 -0.0965556
OUTPUT3: 2003.61 -0.219544 -0.330581 -0.0965318
OUTPUT3: 2003.61 -0.218228 -0.329324 -0.0948695
OUTPUT3: 2003.61 -0.218017 -0.329122 -0.0946022
OUTPUT3: 2003.62 -0.221959 -0.332204 -0.0999589
OUTPUT3: 2003.62 -0.223759 -0.33403 -0.102052
OUTPUT3: 2003.62 -0.22822 -0.338812 -0.106708
OUTPUT3: 2003.62 -0.231471 -0.342814 -0.109071
OUTPUT3: 2003.62 -0.231472 -0.342814 -0.109072
OUTPUT3: 2003.63 -0.237724 -0.348162 -0.1176
OUTPUT3: 2003.63 -0.237724 -0.348162 -0.117601
OUTPUT3: 2003.63 -0.229937 -0.341324 -0.105577
OUTPUT3: 2003.63 -0.229933 -0.341319 -0.105572
OUTPUT3: 2003.65 -0.219878 -0.330761 -0.0961016
OUTPUT3: 2003.65 -0.219519 -0.330533 -0.09561
OUTPUT3: 2003.66 -0.213331 -0.32702 -0.0865036
OUTPUT3: 2003.66 -0.213337 -0.327024 -0.0865112
OUTPUT3: 2003.66 -0.215011 -0.328174 -0.0886708
OUTPUT3: 2003.66 -0.215011 -0.328174 -0.0886708
OUTPUT3: 2003.66 -0.216764 -0.329359 -0.0909655
OUTPUT3: 2003.66 -0.216764 -0.329359 -0.0909656
OUTPUT3: 2003.66 -0.218259 -0.330364 -0.0929342
OUTPUT3: 2003.66 -0.218259 -0.330364 -0.0929342
OUTPUT3: 2003.66 -0.234753 -0.344275 -0.114634
OUTPUT3: 2003.66 -0.234753 -0.344275 -0.114634
OUTPUT3: 2003.66 -0.235251 -0.344743 -0.115278
OUTPUT3: 2003.66 -0.235251 -0.344743 -0.115278
OUTPUT3: 2003.66 -0.239405 -0.348668 -0.120542
OUTPUT3: 2003.66 -0.239406 -0.348668 -0.120542
OUTPUT3: 2003.66 -0.241149 -0.350522 -0.122595
OUTPUT3: 2003.66 -0.241567 -0.350928 -0.123007
OUTPUT3: 2003.66 -0.241568 -0.350929 -0.123007
OUTPUT3: 2003.66 -0.241721 -0.351041 -0.123083
OUTPUT3: 2003.66 -0.241721 -0.351042 -0.123083
OUTPUT3: 2003.66 -0.241695 -0.350969 -0.122907
OUTPUT3: 2003.66 -0.241695 -0.350969 -0.122906
OUTPUT3: 2003.66 -0.241458 -0.350789 -0.122431
OUTPUT3: 2003.66 -0.241456 -0.350788 -0.122429
OUTPUT3: 2003.66 -0.241057 -0.350455 -0.121747
OUTPUT3: 2003.66 -0.241055 -0.350453 -0.121743
OUTPUT3: 2003.66 -0.240544 -0.350014 -0.120924
OUTPUT3: 2003.66 -0.240542 -0.350012 -0.12092
OUTPUT3: 2003.66 -0.234005 -0.344156 -0.111291
OUTPUT3: 2003.66 -0.234004 -0.344154 -0.111289
OUTPUT3: 2003.66 -0.232575 -0.342851 -0.109255
OUTPUT3: 2003.66 -0.232575 -0.342851 -0.109255
OUTPUT3: 2003.66 -0.231583 -0.342151 -0.107853
OUTPUT3: 2003.66 -0.23158 -0.342148 -0.107848
OUTPUT3: 2003.66 -0.230608 -0.341478 -0.106479
OUTPUT3: 2003.66 -0.230607 -0.341477 -0.106478
OUTPUT3: 2003.66 -0.229778 -0.340923 -0.105317
OUTPUT3: 2003.66 -0.229474 -0.340748 -0.104891
OUTPUT3: 2003.66 -0.228585 -0.340236 -0.103652
OUTPUT3: 2003.66 -0.226582 -0.33908 -0.100876
OUTPUT3: 2003.66 -0.226581 -0.33908 -0.100875
OUTPUT3: 2003.66 -0.225776 -0.338619 -0.099768
OUTPUT3: 2003.66 -0.225774 -0.338618 -0.0997662
OUTPUT3: 2003.66 -0.225088 -0.33823 -0.0988261
OUTPUT3: 2003.66 -0.225088 -0.33823 -0.0988258
OUTPUT3: 2003.66 -0.224096 -0.33771 -0.0974765
OUTPUT3: 2003.66 -0.224096 -0.33771 -0.0974765
OUTPUT3: 2003.66 -0.223965 -0.337675 -0.0972976
OUTPUT3: 2003.66 -0.223965 -0.337675 -0.0972976
OUTPUT3: 2003.66 -0.224048 -0.33779 -0.0974053
OUTPUT3: 2003.66 -0.224048 -0.33779 -0.0974053
OUTPUT3: 2003.66 -0.224345 -0.338043 -0.0977974
OUTPUT3: 2003.66 -0.224349 -0.338046 -0.0978026
OUTPUT3: 2003.66 -0.224803 -0.338399 -0.0983997
OUTPUT3: 2003.66 -0.224824 -0.338415 -0.0984265
OUTPUT3: 2003.66 -0.248141 -0.35781 -0.127288
OUTPUT3: 2003.66 -0.248142 -0.35781 -0.127289
OUTPUT3: 2003.66 -0.250157 -0.359805 -0.129621
OUTPUT3: 2003.66 -0.250158 -0.359807 -0.129623
OUTPUT3: 2003.67 -0.255486 -0.365147 -0.135617
OUTPUT3: 2003.67 -0.255486 -0.365147 -0.135617
OUTPUT3: 2003.67 -0.25712 -0.366808 -0.137394
OUTPUT3: 2003.67 -0.25712 -0.366808 -0.137394
OUTPUT3: 2003.67 -0.258776 -0.368505 -0.139159
OUTPUT3: 2003.67 -0.258776 -0.368505 -0.139159
OUTPUT3: 2003.67 -0.259807 -0.369568 -0.140235
OUTPUT3: 2003.67 -0.259807 -0.369568 -0.140235
OUTPUT3: 2003.67 -0.268432 -0.379647 -0.145639
OUTPUT3: 2003.67 -0.268432 -0.379647 -0.145639
OUTPUT3: 2003.67 -0.267987 -0.379223 -0.145
OUTPUT3: 2003.67 -0.267408 -0.37863 -0.14428
OUTPUT3: 2003.67 -0.266775 -0.378085 -0.143175
OUTPUT3: 2003.68 -0.288393 -0.40005 -0.165033
OUTPUT3: 2003.68 -0.288393 -0.40005 -0.165033
OUTPUT3: 2003.68 -0.289391 -0.400972 -0.166405
OUTPUT3: 2003.68 -0.289391 -0.400972 -0.166405
OUTPUT3: 2003.68 -0.290286 -0.401796 -0.167645
OUTPUT3: 2003.68 -0.30408 -0.416273 -0.182719
OUTPUT3: 2003.68 -0.30408 -0.416273 -0.182719
OUTPUT3: 2003.68 -0.303766 -0.41601 -0.182263
OUTPUT3: 2003.68 -0.303766 -0.41601 -0.182263
OUTPUT3: 2003.69 -0.269195 -0.379888 -0.147109
OUTPUT3: 2003.69 -0.269175 -0.379868 -0.147084
OUTPUT3: 2003.69 -0.268374 -0.379092 -0.146101
OUTPUT3: 2003.69 -0.268359 -0.379078 -0.146083
OUTPUT3: 2003.69 -0.259027 -0.371341 -0.133936
OUTPUT3: 2003.69 -0.259026 -0.37134 -0.133935
OUTPUT3: 2003.69 -0.258726 -0.371144 -0.133511
OUTPUT3: 2003.69 -0.258725 -0.371144 -0.13351
OUTPUT3: 2003.69 -0.258046 -0.370794 -0.132104
OUTPUT3: 2003.69 -0.258046 -0.370794 -0.132104
OUTPUT3: 2003.69 -0.258484 -0.371061 -0.132686
OUTPUT3: 2003.69 -0.258484 -0.371061 -0.132686
OUTPUT3: 2003.69 -0.259041 -0.371389 -0.133446
OUTPUT3: 2003.69 -0.259061 -0.371401 -0.133474
OUTPUT3: 2003.69 -0.259687 -0.371759 -0.134347
OUTPUT3: 2003.69 -0.25973 -0.371788 -0.134408
OUTPUT3: 2003.7 -0.219947 -0.330689 -0.0976029
OUTPUT3: 2003.7 -0.219841 -0.330642 -0.0973406
OUTPUT3: 2003.7 -0.219714 -0.330579 -0.0970384
OUTPUT3: 2003.72 -0.249925 -0.361431 -0.127352
OUTPUT3: 2003.72 -0.249925 -0.361431 -0.127352
OUTPUT3: 2003.72 -0.252309 -0.363754 -0.130183
OUTPUT3: 2003.72 -0.252309 -0.363754 -0.130183
OUTPUT3: 2003.72 -0.252871 -0.364328 -0.130785
OUTPUT3: 2003.72 -0.252871 -0.364328 -0.130785
OUTPUT3: 2003.72 -0.253439 -0.364917 -0.131371
OUTPUT3: 2003.72 -0.253444 -0.364922 -0.131375
OUTPUT3: 2003.72 -0.258333 -0.37056 -0.134952
OUTPUT3: 2003.72 -0.258334 -0.370561 -0.134951
OUTPUT3: 2003.72 -0.258359 -0.370631 -0.134859
OUTPUT3: 2003.72 -0.258359 -0.370632 -0.134857
OUTPUT3: 2003.72 -0.258078 -0.370455 -0.13424
OUTPUT3: 2003.72 -0.258078 -0.370455 -0.13424
OUTPUT3: 2003.72 -0.257891 -0.370283 -0.133977
OUTPUT3: 2003.72 -0.25789 -0.370283 -0.133976
OUTPUT3: 2003.72 -0.257573 -0.369976 -0.133575
OUTPUT3: 2003.72 -0.257571 -0.369974 -0.133573
OUTPUT3: 2003.72 -0.25723 -0.369633 -0.133175
OUTPUT3: 2003.72 -0.257229 -0.369631 -0.133173
OUTPUT3: 2003.72 -0.256819 -0.369211 -0.13272
OUTPUT3: 2003.72 -0.256775 -0.369166 -0.132673
OUTPUT3: 2003.72 -0.256351 -0.368725 -0.132223
OUTPUT3: 2003.72 -0.255913 -0.368264 -0.131771
OUTPUT3: 2003.72 -0.255867 -0.368216 -0.131724
OUTPUT3: 2003.72 -0.255358 -0.367677 -0.131211
OUTPUT3: 2003.72 -0.255358 -0.367677 -0.131211
OUTPUT3: 2003.72 -0.247024 -0.358774 -0.123112
OUTPUT3: 2003.72 -0.247023 -0.358774 -0.123112
OUTPUT3: 2003.72 -0.244841 -0.356481 -0.120923
OUTPUT3: 2003.72 -0.244841 -0.35648 -0.120923
OUTPUT3: 2003.72 -0.244415 -0.356036 -0.120489
OUTPUT3: 2003.72 -0.244415 -0.356036 -0.120489
OUTPUT3: 2003.72 -0.243885 -0.355485 -0.119946
OUTPUT3: 2003.72 -0.243884 -0.355484 -0.119945
OUTPUT3: 2003.72 -0.243077 -0.354648 -0.11911
OUTPUT3: 2003.72 -0.243076 -0.354648 -0.119109
OUTPUT3: 2003.72 -0.241639 -0.353171 -0.117599
OUTPUT3: 2003.72 -0.241636 -0.353168 -0.117596
OUTPUT3: 2003.73 -0.23566 -0.347878 -0.110914
OUTPUT3: 2003.73 -0.235657 -0.347875 -0.11091
OUTPUT3: 2003.73 -0.234803 -0.347199 -0.109887
OUTPUT3: 2003.73 -0.234799 -0.347196 -0.109882
OUTPUT3: 2003.73 -0.234295 -0.346804 -0.109268
OUTPUT3: 2003.73 -0.234292 -0.346802 -0.109264
OUTPUT3: 2003.75 -0.251787 -0.364535 -0.129243
OUTPUT3: 2003.76 -0.239165 -0.353606 -0.111379
OUTPUT3: 2003.76 -0.238986 -0.353378 -0.111279
OUTPUT3: 2003.76 -0.238985 -0.353376 -0.111278
OUTPUT3: 2003.76 -0.247062 -0.35923 -0.125278
OUTPUT3: 2003.76 -0.247065 -0.359232 -0.125282
OUTPUT3: 2003.76 -0.247597 -0.359729 -0.126037
OUTPUT3: 2003.76 -0.247599 -0.359731 -0.12604
OUTPUT3: 2003.76 -0.248079 -0.360187 -0.126709
OUTPUT3: 2003.76 -0.248079 -0.360187 -0.126709
OUTPUT3: 2003.76 -0.248485 -0.360582 -0.127261
OUTPUT3: 2003.76 -0.248485 -0.360582 -0.127261
OUTPUT3: 2003.77 -0.246916 -0.359386 -0.124955
OUTPUT3: 2003.77 -0.246916 -0.359386 -0.124955
OUTPUT3: 2003.77 -0.24571 -0.358288 -0.123353
OUTPUT3: 2003.77 -0.24571 -0.358288 -0.123353
OUTPUT3: 2003.77 -0.245297 -0.357908 -0.122812
OUTPUT3: 2003.77 -0.245297 -0.357908 -0.122812
OUTPUT3: 2003.77 -0.237779 -0.350742 -0.113432
OUTPUT3: 2003.77 -0.237768 -0.350732 -0.113419
OUTPUT3: 2003.77 -0.231201 -0.344205 -0.105789
OUTPUT3: 2003.77 -0.231196 -0.3442 -0.105783
OUTPUT3: 2003.77 -0.230535 -0.34353 -0.105041
OUTPUT3: 2003.77 -0.230532 -0.343527 -0.105037
OUTPUT3: 2003.77 -0.22245 -0.335741 -0.0963674
OUTPUT3: 2003.77 -0.222448 -0.33574 -0.096366
OUTPUT3: 2003.77 -0.221058 -0.334519 -0.0949521
OUTPUT3: 2003.77 -0.221058 -0.334519 -0.0949521
OUTPUT3: 2003.77 -0.220593 -0.334109 -0.0944842
OUTPUT3: 2003.77 -0.219916 -0.333513 -0.0938084
OUTPUT3: 2003.77 -0.219916 -0.333513 -0.0938084
OUTPUT3: 2003.77 -0.218547 -0.332397 -0.092421
OUTPUT3: 2003.77 -0.218549 -0.3324 -0.0924227
OUTPUT3: 2003.77 -0.218858 -0.332748 -0.0926866
OUTPUT3: 2003.77 -0.218859 -0.332749 -0.0926876
OUTPUT3: 2003.77 -0.219142 -0.333049 -0.092938
OUTPUT3: 2003.77 -0.219145 -0.333051 -0.0929403
OUTPUT3: 2003.77 -0.219508 -0.333427 -0.0932639
OUTPUT3: 2003.77 -0.219512 -0.333431 -0.0932673
OUTPUT3: 2003.77 -0.219833 -0.33376 -0.0935557
OUTPUT3: 2003.77 -0.219837 -0.333765 -0.0935597
OUTPUT3: 2003.8 -0.256569 -0.371345 -0.130237
OUTPUT3: 2003.8 -0.256569 -0.371346 -0.130238
OUTPUT3: 2003.8 -0.264717 -0.379671 -0.139673
OUTPUT3: 2003.8 -0.26477 -0.379723 -0.13974
OUTPUT3: 2003.81 -0.244721 -0.359484 -0.120088
OUTPUT3: 2003.81 -0.244712 -0.359476 -0.120074
OUTPUT3: 2003.81 -0.24389 -0.358737 -0.118898
OUTPUT3: 2003.81 -0.243888 -0.358736 -0.118896
OUTPUT3: 2003.81 -0.24348 -0.358366 -0.118319
OUTPUT3: 2003.81 -0.240494 -0.355608 -0.114241
OUTPUT3: 2003.81 -0.239951 -0.355096 -0.113524
OUTPUT3: 2003.82 -0.237728 -0.352973 -0.110667
OUTPUT3: 2003.82 -0.237727 -0.352972 -0.110665
OUTPUT3: 2003.82 -0.227826 -0.343339 -0.0995993
OUTPUT3: 2003.82 -0.227826 -0.343339 -0.0995993
OUTPUT3: 2003.82 -0.225526 -0.341003 -0.0975837
OUTPUT3: 2003.82 -0.225526 -0.341003 -0.0975833
OUTPUT3: 2003.82 -0.223774 -0.338762 -0.0967132
OUTPUT3: 2003.82 -0.240378 -0.355472 -0.114996
OUTPUT3: 2003.84 -0.266966 -0.383695 -0.139093
OUTPUT3: 2003.84 -0.266984 -0.383713 -0.139111
OUTPUT3: 2003.84 -0.267217 -0.383945 -0.139346
OUTPUT3: 2003.84 -0.267236 -0.383965 -0.139366
OUTPUT3: 2003.87 -0.291237 -0.408928 -0.161822
OUTPUT3: 2003.87 -0.291233 -0.408924 -0.161819
OUTPUT3: 2003.87 -0.285444 -0.402415 -0.158286
OUTPUT3: 2003.87 -0.285004 -0.401961 -0.157845
OUTPUT3: 2003.93 -0.330837 -0.446092 -0.208041
OUTPUT3: 2003.93 -0.330838 -0.446093 -0.208042
OUTPUT3: 2003.93 -0.352788 -0.468469 -0.230369
OUTPUT3: 2003.93 -0.352871 -0.468549 -0.230463
OUTPUT3: 2003.93 -0.352908 -0.468588 -0.230496
OUTPUT3: 2003.96 -0.340673 -0.455816 -0.215785
OUTPUT3: 2003.96 -0.340471 -0.455565 -0.215667
OUTPUT3: 2003.96 -0.340471 -0.455564 -0.215667
OUTPUT3: 2003.96 -0.338281 -0.452622 -0.215071
OUTPUT3: 2003.96 -0.33828 -0.452621 -0.215071
OUTPUT3: 2003.96 -0.338247 -0.452568 -0.215094
OUTPUT3: 2003.96 -0.338355 -0.452602 -0.21556
OUTPUT3: 2003.96 -0.338356 -0.452602 -0.215561
OUTPUT3: 2003.97 -0.327952 -0.442442 -0.203431
OUTPUT3: 2004.03 -0.298486 -0.407829 -0.18027
OUTPUT3: 2004.03 -0.298476 -0.407822 -0.180259
OUTPUT3: 2004.06 -0.341353 -0.445398 -0.230183
OUTPUT3: 2004.06 -0.341593 -0.44567 -0.230538
OUTPUT3: 2004.09 -0.338849 -0.441517 -0.229893
OUTPUT3: 2004.09 -0.338849 -0.441517 -0.229893
OUTPUT3: 2004.09 -0.339311 -0.441871 -0.230515
OUTPUT3: 2004.09 -0.339314 -0.441873 -0.230519
OUTPUT3: 2004.09 -0.339553 -0.442065 -0.230821
OUTPUT3: 2004.09 -0.346527 -0.448389 -0.238199
OUTPUT3: 2004.09 -0.346585 -0.448444 -0.238257
OUTPUT3: 2004.09 -0.347204 -0.449027 -0.238868
OUTPUT3: 2004.09 -0.347204 -0.449027 -0.238868
OUTPUT3: 2004.09 -0.347798 -0.449588 -0.239454
OUTPUT3: 2004.09 -0.347799 -0.449589 -0.239455
OUTPUT3: 2004.09 -0.348092 -0.449865 -0.239744
OUTPUT3: 2004.09 -0.354069 -0.45543 -0.245715
OUTPUT3: 2004.09 -0.354076 -0.455436 -0.245722
OUTPUT3: 2004.09 -0.35808 -0.459155 -0.24992
OUTPUT3: 2004.09 -0.35808 -0.459155 -0.249921
OUTPUT3: 2004.1 -0.345719 -0.448507 -0.23675
OUTPUT3: 2004.1 -0.358623 -0.460209 -0.252141
OUTPUT3: 2004.1 -0.364609 -0.468064 -0.26098
OUTPUT3: 2004.1 -0.364612 -0.468068 -0.260984
OUTPUT3: 2004.1 -0.366361 -0.470419 -0.263654
OUTPUT3: 2004.1 -0.366361 -0.470419 -0.263655
OUTPUT3: 2004.1 -0.367136 -0.471459 -0.264829
OUTPUT3: 2004.1 -0.367144 -0.47147 -0.26484
OUTPUT3: 2004.1 -0.36765 -0.472093 -0.265496
OUTPUT3: 2004.1 -0.367651 -0.472093 -0.265496
OUTPUT3: 2004.1 -0.367481 -0.471674 -0.264883
OUTPUT3: 2004.1 -0.367481 -0.471674 -0.264883
OUTPUT3: 2004.1 -0.367417 -0.471543 -0.264704
OUTPUT3: 2004.1 -0.367417 -0.471542 -0.264704
OUTPUT3: 2004.1 -0.367352 -0.471408 -0.264521
OUTPUT3: 2004.1 -0.367352 -0.471408 -0.26452
OUTPUT3: 2004.1 -0.367165 -0.471006 -0.263968
OUTPUT3: 2004.1 -0.36706 -0.469797 -0.261976
OUTPUT3: 2004.1 -0.36706 -0.469797 -0.261976
OUTPUT3: 2004.1 -0.367131 -0.469817 -0.261957
OUTPUT3: 2004.1 -0.367131 -0.469817 -0.261957
OUTPUT3: 2004.11 -0.370333 -0.472783 -0.264668
OUTPUT3: 2004.11 -0.370333 -0.472783 -0.264668
OUTPUT3: 2004.11 -0.371943 -0.474645 -0.266679
OUTPUT3: 2004.11 -0.371993 -0.474705 -0.266746
OUTPUT3: 2004.11 -0.372584 -0.475426 -0.267554
OUTPUT3: 2004.11 -0.372585 -0.475426 -0.267554
OUTPUT3: 2004.11 -0.373391 -0.476449 -0.268731
OUTPUT3: 2004.11 -0.373391 -0.476449 -0.268731
OUTPUT3: 2004.11 -0.361894 -0.464432 -0.257474
OUTPUT3: 2004.11 -0.360223 -0.463939 -0.257527
OUTPUT3: 2004.11 -0.360247 -0.46397 -0.257561
OUTPUT3: 2004.11 -0.360706 -0.464541 -0.258183
OUTPUT3: 2004.11 -0.360839 -0.464702 -0.258357
OUTPUT3: 2004.11 -0.360885 -0.464758 -0.258416
OUTPUT3: 2004.11 -0.36095 -0.464835 -0.258498
OUTPUT3: 2004.11 -0.360867 -0.464657 -0.258255
OUTPUT3: 2004.11 -0.360867 -0.464656 -0.258255
OUTPUT3: 2004.11 -0.359204 -0.462458 -0.255757
OUTPUT3: 2004.11 -0.358794 -0.461927 -0.255159
OUTPUT3: 2004.12 -0.356777 -0.459352 -0.252274
OUTPUT3: 2004.12 -0.356501 -0.459005 -0.251889
OUTPUT3: 2004.12 -0.356501 -0.459005 -0.251889
OUTPUT3: 2004.12 -0.355743 -0.458068 -0.25085
OUTPUT3: 2004.12 -0.355743 -0.458068 -0.25085
OUTPUT3: 2004.12 -0.355345 -0.457588 -0.250322
OUTPUT3: 2004.12 -0.354592 -0.456893 -0.249623
OUTPUT3: 2004.12 -0.354592 -0.456894 -0.249623
OUTPUT3: 2004.12 -0.355052 -0.457651 -0.250511
OUTPUT3: 2004.12 -0.355053 -0.457651 -0.250511
OUTPUT3: 2004.12 -0.355116 -0.457748 -0.250624
OUTPUT3: 2004.12 -0.356654 -0.460026 -0.253234
OUTPUT3: 2004.12 -0.360177 -0.465178 -0.259121
OUTPUT3: 2004.13 -0.359393 -0.46278 -0.254609
OUTPUT3: 2004.13 -0.361705 -0.464257 -0.255937
OUTPUT3: 2004.14 -0.329578 -0.433033 -0.221331
OUTPUT3: 2004.14 -0.329804 -0.433247 -0.221559
OUTPUT3: 2004.14 -0.329815 -0.433257 -0.22157
OUTPUT3: 2004.16 -0.335229 -0.436859 -0.229628
OUTPUT3: 2004.16 -0.335125 -0.436775 -0.229491
OUTPUT3: 2004.18 -0.321885 -0.425228 -0.220243
OUTPUT3: 2004.18 -0.321884 -0.425227 -0.220242
OUTPUT3: 2004.18 -0.285118 -0.386257 -0.181616
OUTPUT3: 2004.18 -0.284802 -0.385883 -0.181408
OUTPUT3: 2004.18 -0.284801 -0.385881 -0.181407
OUTPUT3: 2004.18 -0.28241 -0.382763 -0.181397
OUTPUT3: 2004.18 -0.28241 -0.382763 -0.181397
OUTPUT3: 2004.18 -0.282414 -0.382773 -0.181409
OUTPUT3: 2004.18 -0.282414 -0.382773 -0.181409
OUTPUT3: 2004.18 -0.281969 -0.382259 -0.180405
OUTPUT3: 2004.18 -0.281844 -0.382193 -0.180167
OUTPUT3: 2004.18 -0.281834 -0.382188 -0.18015
OUTPUT3: 2004.18 -0.281698 -0.382111 -0.179902
OUTPUT3: 2004.18 -0.281468 -0.38197 -0.179503
OUTPUT3: 2004.18 -0.281271 -0.38184 -0.179175
OUTPUT3: 2004.18 -0.28125 -0.381825 -0.17914
OUTPUT3: 2004.21 -0.323335 -0.425703 -0.221654
OUTPUT3: 2004.21 -0.323338 -0.425705 -0.221656
OUTPUT3: 2004.21 -0.321309 -0.422936 -0.220521
OUTPUT3: 2004.21 -0.321304 -0.422929 -0.220517
OUTPUT3: 2004.21 -0.319662 -0.420847 -0.219463
OUTPUT3: 2004.21 -0.314738 -0.414713 -0.216194
OUTPUT3: 2004.21 -0.314724 -0.414696 -0.216185
OUTPUT3: 2004.21 -0.31393 -0.413717 -0.215516
OUTPUT3: 2004.21 -0.313916 -0.4137 -0.215498
OUTPUT3: 2004.22 -0.289308 -0.390026 -0.187204
OUTPUT3: 2004.22 -0.295881 -0.39432 -0.197003
OUTPUT3: 2004.22 -0.295892 -0.394329 -0.197014
OUTPUT3: 2004.22 -0.29662 -0.395124 -0.197707
OUTPUT3: 2004.22 -0.296637 -0.395144 -0.197723
OUTPUT3: 2004.22 -0.325644 -0.426825 -0.225317
OUTPUT3: 2004.22 -0.32661 -0.428026 -0.225956
OUTPUT3: 2004.22 -0.334055 -0.436388 -0.232048
OUTPUT3: 2004.22 -0.334056 -0.436389 -0.232049
OUTPUT3: 2004.22 -0.334286 -0.43656 -0.232354
OUTPUT3: 2004.22 -0.334691 -0.436749 -0.233038
OUTPUT3: 2004.22 -0.334771 -0.436733 -0.233246
OUTPUT3: 2004.22 -0.334825 -0.436658 -0.233471
OUTPUT3: 2004.22 -0.334828 -0.436489 -0.233707
OUTPUT3: 2004.22 -0.334535 -0.435675 -0.234124
OUTPUT3: 2004.22 -0.334467 -0.435535 -0.234156
OUTPUT3: 2004.22 -0.334025 -0.434711 -0.234243
OUTPUT3: 2004.23 -0.331932 -0.431505 -0.233736
OUTPUT3: 2004.23 -0.331924 -0.431495 -0.233733
OUTPUT3: 2004.23 -0.330757 -0.429944 -0.232335
OUTPUT3: 2004.23 -0.330755 -0.429942 -0.232333
OUTPUT3: 2004.28 -0.210931 -0.308004 -0.113644
OUTPUT3: 2004.28 -0.211341 -0.308305 -0.114238
OUTPUT3: 2004.28 -0.231045 -0.328473 -0.134587
OUTPUT3: 2004.28 -0.231064 -0.328493 -0.134603
OUTPUT3: 2004.28 -0.231527 -0.329007 -0.135001
OUTPUT3: 2004.28 -0.231538 -0.329019 -0.13501
OUTPUT3: 2004.28 -0.23386 -0.331704 -0.136872
OUTPUT3: 2004.28 -0.233861 -0.331704 -0.136873
OUTPUT3: 2004.28 -0.234826 -0.3329 -0.137554
OUTPUT3: 2004.28 -0.235081 -0.33323 -0.137718
OUTPUT3: 2004.28 -0.231914 -0.330023 -0.134934
OUTPUT3: 2004.28 -0.231725 -0.329773 -0.13483
OUTPUT3: 2004.29 -0.231866 -0.329537 -0.135477
OUTPUT3: 2004.29 -0.231867 -0.329538 -0.135477
OUTPUT3: 2004.29 -0.232229 -0.330008 -0.135697
OUTPUT3: 2004.29 -0.232235 -0.330016 -0.1357
OUTPUT3: 2004.29 -0.232545 -0.330425 -0.13588
OUTPUT3: 2004.29 -0.232872 -0.330863 -0.136062
OUTPUT3: 2004.29 -0.233263 -0.331393 -0.136269
OUTPUT3: 2004.31 -0.165669 -0.260599 -0.0705147
OUTPUT3: 2004.31 -0.165667 -0.260596 -0.0705119
OUTPUT3: 2004.31 -0.164177 -0.258832 -0.0689644
OUTPUT3: 2004.31 -0.163898 -0.258536 -0.0687078
OUTPUT3: 2004.31 -0.163649 -0.258284 -0.0684878
OUTPUT3: 2004.31 -0.163478 -0.258119 -0.0683425
OUTPUT3: 2004.31 -0.163324 -0.257975 -0.0682144
OUTPUT3: 2004.31 -0.163041 -0.257721 -0.0679873
OUTPUT3: 2004.31 -0.162787 -0.257505 -0.0677899
OUTPUT3: 2004.31 -0.162623 -0.257369 -0.0676646
OUTPUT3: 2004.31 -0.162454 -0.257233 -0.0675383
OUTPUT3: 2004.31 -0.162271 -0.257089 -0.0674023
OUTPUT3: 2004.31 -0.162098 -0.256955 -0.0672757
OUTPUT3: 2004.31 -0.161858 -0.256775 -0.0671021
OUTPUT3: 2004.31 -0.161492 -0.256505 -0.0665511
OUTPUT3: 2004.31 -0.16149 -0.256504 -0.0665491
OUTPUT3: 2004.31 -0.161203 -0.256296 -0.0660995
OUTPUT3: 2004.31 -0.161201 -0.256295 -0.0660972
OUTPUT3: 2004.31 -0.160888 -0.256071 -0.065601
OUTPUT3: 2004.31 -0.160887 -0.25607 -0.0655989
OUTPUT3: 2004.31 -0.160723 -0.255954 -0.0653378
OUTPUT3: 2004.31 -0.160722 -0.255953 -0.0653362
OUTPUT3: 2004.31 -0.159583 -0.255138 -0.0635079
OUTPUT3: 2004.31 -0.159581 -0.255137 -0.0635057
OUTPUT3: 2004.31 -0.159425 -0.25502 -0.0632591
OUTPUT3: 2004.31 -0.159421 -0.255017 -0.0632533
OUTPUT3: 2004.31 -0.159098 -0.254576 -0.0629835
OUTPUT3: 2004.31 -0.159098 -0.254576 -0.0629835
OUTPUT3: 2004.31 -0.159246 -0.254643 -0.0632689
OUTPUT3: 2004.31 -0.159246 -0.254643 -0.063269
OUTPUT3: 2004.31 -0.161623 -0.256185 -0.067132
OUTPUT3: 2004.31 -0.161623 -0.256185 -0.067132
OUTPUT3: 2004.32 -0.166775 -0.263108 -0.0708701
OUTPUT3: 2004.32 -0.166776 -0.263109 -0.0708708
OUTPUT3: 2004.32 -0.166865 -0.26292 -0.0712655
OUTPUT3: 2004.32 -0.166292 -0.261943 -0.0711132
OUTPUT3: 2004.32 -0.16609 -0.261623 -0.0710351
OUTPUT3: 2004.32 -0.165304 -0.260424 -0.070483
OUTPUT3: 2004.32 -0.165304 -0.260424 -0.070483
OUTPUT3: 2004.32 -0.157562 -0.253548 -0.0606343
OUTPUT3: 2004.32 -0.157562 -0.253548 -0.0606343
OUTPUT3: 2004.32 -0.157011 -0.253077 -0.0599273
OUTPUT3: 2004.32 -0.157011 -0.253077 -0.0599273
OUTPUT3: 2004.32 -0.154622 -0.250774 -0.0573444
OUTPUT3: 2004.32 -0.154357 -0.250458 -0.057167
OUTPUT3: 2004.32 -0.154356 -0.250457 -0.0571666
OUTPUT3: 2004.32 -0.15747 -0.252156 -0.0625348
OUTPUT3: 2004.32 -0.15747 -0.252156 -0.0625349
OUTPUT3: 2004.32 -0.157941 -0.252743 -0.062982
OUTPUT3: 2004.32 -0.157941 -0.252743 -0.062982
OUTPUT3: 2004.32 -0.160381 -0.25549 -0.0654935
OUTPUT3: 2004.32 -0.160381 -0.25549 -0.0654935
OUTPUT3: 2004.32 -0.163346 -0.258065 -0.0690698
OUTPUT3: 2004.32 -0.163529 -0.25819 -0.0693129
OUTPUT3: 2004.32 -0.16618 -0.26053 -0.071284
OUTPUT3: 2004.32 -0.166182 -0.260531 -0.0712851
OUTPUT3: 2004.32 -0.1664 -0.260748 -0.0714667
OUTPUT3: 2004.32 -0.166402 -0.26075 -0.0714684
OUTPUT3: 2004.32 -0.166539 -0.260876 -0.0716002
OUTPUT3: 2004.32 -0.16654 -0.260877 -0.0716017
OUTPUT3: 2004.33 -0.172208 -0.268019 -0.0771427
OUTPUT3: 2004.33 -0.172208 -0.268019 -0.0771427
OUTPUT3: 2004.33 -0.172599 -0.268487 -0.0774324
OUTPUT3: 2004.33 -0.172599 -0.268487 -0.0774324
OUTPUT3: 2004.33 -0.172879 -0.268813 -0.077651
OUTPUT3: 2004.33 -0.174599 -0.270677 -0.0791666
OUTPUT3: 2004.33 -0.175114 -0.271198 -0.0796676
OUTPUT3: 2004.33 -0.175653 -0.271728 -0.0802081
OUTPUT3: 2004.33 -0.176276 -0.272325 -0.0808513
OUTPUT3: 2004.33 -0.176688 -0.272713 -0.0812857
OUTPUT3: 2004.33 -0.177149 -0.273142 -0.0817778
OUTPUT3: 2004.33 -0.177149 -0.273142 -0.0817778
OUTPUT3: 2004.33 -0.177631 -0.273585 -0.0822996
OUTPUT3: 2004.33 -0.177631 -0.273585 -0.0822996
OUTPUT3: 2004.33 -0.184928 -0.280099 -0.0904078
OUTPUT3: 2004.33 -0.184945 -0.280114 -0.0904263
OUTPUT3: 2004.33 -0.185454 -0.280573 -0.0909874
OUTPUT3: 2004.33 -0.185459 -0.280578 -0.0909928
OUTPUT3: 2004.33 -0.187831 -0.282703 -0.0936185
OUTPUT3: 2004.33 -0.187832 -0.282704 -0.0936197
OUTPUT3: 2004.33 -0.188271 -0.282983 -0.0942607
OUTPUT3: 2004.33 -0.188241 -0.282936 -0.0942528
OUTPUT3: 2004.33 -0.188145 -0.282805 -0.0942054
OUTPUT3: 2004.33 -0.188095 -0.282742 -0.0941761
OUTPUT3: 2004.33 -0.181272 -0.274851 -0.087582
OUTPUT3: 2004.33 -0.181272 -0.274851 -0.0875816
OUTPUT3: 2004.33 -0.180554 -0.274187 -0.0868548
OUTPUT3: 2004.33 -0.180554 -0.274187 -0.0868548
OUTPUT3: 2004.33 -0.179797 -0.273507 -0.0860855
OUTPUT3: 2004.33 -0.178649 -0.272479 -0.0847363
OUTPUT3: 2004.33 -0.17745 -0.271412 -0.0833166
OUTPUT3: 2004.33 -0.176534 -0.270599 -0.0822237
OUTPUT3: 2004.33 -0.171887 -0.266511 -0.0765886
OUTPUT3: 2004.33 -0.170811 -0.265573 -0.0752634
OUTPUT3: 2004.33 -0.169735 -0.264637 -0.0739304
OUTPUT3: 2004.33 -0.169735 -0.264637 -0.0739304
OUTPUT3: 2004.33 -0.165936 -0.261186 -0.0694024
OUTPUT3: 2004.33 -0.165937 -0.261186 -0.0694025
OUTPUT3: 2004.34 -0.166482 -0.261593 -0.070164
OUTPUT3: 2004.34 -0.166482 -0.261593 -0.070164
OUTPUT3: 2004.34 -0.167156 -0.262114 -0.0711032
OUTPUT3: 2004.34 -0.167156 -0.262114 -0.0711032
OUTPUT3: 2004.34 -0.167551 -0.26242 -0.071655
OUTPUT3: 2004.34 -0.167551 -0.26242 -0.071655
OUTPUT3: 2004.34 -0.170223 -0.264486 -0.0753986
OUTPUT3: 2004.34 -0.171125 -0.265182 -0.0766712
OUTPUT3: 2004.34 -0.172068 -0.265905 -0.078004
OUTPUT3: 2004.34 -0.1728 -0.266466 -0.0790431
OUTPUT3: 2004.34 -0.173934 -0.26766 -0.0802973
OUTPUT3: 2004.34 -0.173934 -0.26766 -0.0802973
OUTPUT3: 2004.34 -0.179275 -0.274833 -0.0842178
OUTPUT3: 2004.34 -0.179275 -0.274833 -0.0842177
OUTPUT3: 2004.34 -0.179111 -0.274641 -0.0840984
OUTPUT3: 2004.34 -0.179111 -0.274641 -0.0840984
OUTPUT3: 2004.34 -0.178843 -0.274313 -0.08392
OUTPUT3: 2004.34 -0.17861 -0.274021 -0.0837705
OUTPUT3: 2004.34 -0.178344 -0.273687 -0.0836041
OUTPUT3: 2004.34 -0.176409 -0.271214 -0.0824309
OUTPUT3: 2004.34 -0.176409 -0.271214 -0.0824309
OUTPUT3: 2004.34 -0.175835 -0.270472 -0.0820388
OUTPUT3: 2004.34 -0.175058 -0.269467 -0.0813682
OUTPUT3: 2004.34 -0.174249 -0.268416 -0.08065
OUTPUT3: 2004.34 -0.166629 -0.261585 -0.0701924
OUTPUT3: 2004.34 -0.166629 -0.261585 -0.0701924
OUTPUT3: 2004.34 -0.166649 -0.261612 -0.0702042
OUTPUT3: 2004.34 -0.167084 -0.261971 -0.0707966
OUTPUT3: 2004.34 -0.167419 -0.262234 -0.0712737
OUTPUT3: 2004.34 -0.167831 -0.262553 -0.0718669
OUTPUT3: 2004.34 -0.168317 -0.262925 -0.0725718
OUTPUT3: 2004.34 -0.168868 -0.263344 -0.0733772
OUTPUT3: 2004.34 -0.170755 -0.264762 -0.0761605
OUTPUT3: 2004.34 -0.176211 -0.271401 -0.0817069
OUTPUT3: 2004.34 -0.176211 -0.271401 -0.0817069
OUTPUT3: 2004.34 -0.175306 -0.270298 -0.0810979
OUTPUT3: 2004.34 -0.174729 -0.269586 -0.0807006
OUTPUT3: 2004.34 -0.173772 -0.268396 -0.0799625
OUTPUT3: 2004.34 -0.169175 -0.262808 -0.0751011
OUTPUT3: 2004.34 -0.169175 -0.262808 -0.0751011
OUTPUT3: 2004.35 -0.164795 -0.259416 -0.0687415
OUTPUT3: 2004.35 -0.164795 -0.259416 -0.0687415
OUTPUT3: 2004.35 -0.164959 -0.259532 -0.0689813
OUTPUT3: 2004.35 -0.165535 -0.259956 -0.0698322
OUTPUT3: 2004.35 -0.165535 -0.259956 -0.0698324
OUTPUT3: 2004.35 -0.166953 -0.260999 -0.0719458
OUTPUT3: 2004.35 -0.169295 -0.263422 -0.0754914
OUTPUT3: 2004.35 -0.169295 -0.263422 -0.0754914
OUTPUT3: 2004.35 -0.174552 -0.271704 -0.0772837
OUTPUT3: 2004.35 -0.174552 -0.271704 -0.0772836
OUTPUT3: 2004.35 -0.170594 -0.267608 -0.0735135
OUTPUT3: 2004.35 -0.170594 -0.267608 -0.0735135
OUTPUT3: 2004.35 -0.164344 -0.260532 -0.0684609
OUTPUT3: 2004.35 -0.164344 -0.260532 -0.0684609
OUTPUT3: 2004.35 -0.13959 -0.234463 -0.0433749
OUTPUT3: 2004.35 -0.139587 -0.234461 -0.0433713
OUTPUT3: 2004.35 -0.138038 -0.233068 -0.0415403
OUTPUT3: 2004.35 -0.137841 -0.232891 -0.0413087
OUTPUT3: 2004.35 -0.131758 -0.22758 -0.0343076
OUTPUT3: 2004.35 -0.128434 -0.224632 -0.0307245
OUTPUT3: 2004.35 -0.127121 -0.223372 -0.029437
OUTPUT3: 2004.35 -0.12646 -0.222683 -0.0288653
OUTPUT3: 2004.35 -0.12646 -0.222683 -0.0288653
OUTPUT3: 2004.35 -0.134004 -0.22798 -0.0398994
OUTPUT3: 2004.35 -0.134004 -0.22798 -0.0398994
OUTPUT3: 2004.36 -0.135288 -0.229399 -0.0413219
OUTPUT3: 2004.36 -0.133438 -0.227857 -0.0383987
OUTPUT3: 2004.36 -0.133438 -0.227857 -0.0383987
OUTPUT3: 2004.36 -0.132972 -0.227421 -0.0378559
OUTPUT3: 2004.36 -0.132972 -0.227421 -0.0378559
OUTPUT3: 2004.36 -0.131816 -0.226299 -0.0365792
OUTPUT3: 2004.36 -0.128265 -0.222548 -0.0332506
OUTPUT3: 2004.36 -0.127728 -0.221936 -0.03283
OUTPUT3: 2004.36 -0.127673 -0.221874 -0.0327891
OUTPUT3: 2004.36 -0.127257 -0.221389 -0.0324832
OUTPUT3: 2004.36 -0.126958 -0.221036 -0.0322743
OUTPUT3: 2004.37 -0.0942466 -0.189317 0.00176774
OUTPUT3: 2004.37 -0.0942466 -0.189317 0.00176774
OUTPUT3: 2004.37 -0.0945483 -0.190834 0.00348549
OUTPUT3: 2004.37 -0.107565 -0.201672 -0.0135235
OUTPUT3: 2004.37 -0.107566 -0.201674 -0.0135244
OUTPUT3: 2004.37 -0.111311 -0.206163 -0.0170666
OUTPUT3: 2004.37 -0.112111 -0.207094 -0.017844
OUTPUT3: 2004.37 -0.113959 -0.209188 -0.0194899
OUTPUT3: 2004.37 -0.113961 -0.20919 -0.0194914
OUTPUT3: 2004.37 -0.11641 -0.211801 -0.0217246
OUTPUT3: 2004.38 -0.108446 -0.202579 -0.014812
OUTPUT3: 2004.38 -0.108446 -0.202579 -0.0148118
OUTPUT3: 2004.38 -0.10781 -0.201902 -0.0141625
OUTPUT3: 2004.38 -0.10781 -0.201902 -0.0141625
OUTPUT3: 2004.38 -0.107378 -0.201437 -0.0137251
OUTPUT3: 2004.38 -0.107377 -0.201435 -0.0137232
OUTPUT3: 2004.38 -0.102226 -0.195944 -0.00782732
OUTPUT3: 2004.38 -0.11104 -0.204795 -0.0165884
OUTPUT3: 2004.38 -0.11104 -0.204795 -0.016589
OUTPUT3: 2004.38 -0.112857 -0.20726 -0.0193735
OUTPUT3: 2004.38 -0.112857 -0.20726 -0.0193735
OUTPUT3: 2004.38 -0.112845 -0.207356 -0.0195303
OUTPUT3: 2004.38 -0.112845 -0.207356 -0.0195303
OUTPUT3: 2004.38 -0.112713 -0.207231 -0.0194065
OUTPUT3: 2004.38 -0.112713 -0.207231 -0.0194065
OUTPUT3: 2004.38 -0.112626 -0.20714 -0.0193118
OUTPUT3: 2004.39 -0.0811302 -0.17561 0.0127537
OUTPUT3: 2004.39 -0.08112 -0.175596 0.012769
OUTPUT3: 2004.39 -0.0805887 -0.174896 0.0135626
OUTPUT3: 2004.39 -0.0805839 -0.174889 0.0135696
OUTPUT3: 2004.41 -0.018372 -0.114568 0.0781714
OUTPUT3: 2004.42 -0.0586556 -0.15465 0.0369216
OUTPUT3: 2004.42 -0.0586553 -0.15465 0.0369217
OUTPUT3: 2004.42 -0.0492596 -0.143032 0.0458805
OUTPUT3: 2004.42 -0.0456762 -0.139245 0.0488744
OUTPUT3: 2004.43 -0.0347383 -0.128476 0.0597825
OUTPUT3: 2004.43 -0.0347383 -0.128476 0.0597825
OUTPUT3: 2004.43 -0.0344117 -0.128198 0.0601921
OUTPUT3: 2004.43 -0.0344116 -0.128198 0.0601922
OUTPUT3: 2004.43 -0.0325611 -0.126654 0.0625502
OUTPUT3: 2004.43 -0.0325601 -0.126653 0.0625515
OUTPUT3: 2004.43 -0.0323903 -0.126509 0.0627582
OUTPUT3: 2004.43 -0.0323898 -0.126508 0.0627588
OUTPUT3: 2004.43 -0.0321843 -0.126325 0.0629887
OUTPUT3: 2004.43 -0.0321837 -0.126325 0.0629893
OUTPUT3: 2004.43 -0.0319561 -0.126046 0.0630708
OUTPUT3: 2004.43 -0.0319559 -0.126045 0.0630704
OUTPUT3: 2004.43 -0.0319419 -0.126001 0.0630168
OUTPUT3: 2004.43 -0.0319418 -0.126001 0.063016
OUTPUT3: 2004.43 -0.0315617 -0.125172 0.0624457
OUTPUT3: 2004.43 -0.0195641 -0.113554 0.0748889
OUTPUT3: 2004.43 -0.0195642 -0.113554 0.0748888
OUTPUT3: 2004.44 -0.0266852 -0.121634 0.0675675
OUTPUT3: 2004.44 -0.0268337 -0.121816 0.0674538
OUTPUT3: 2004.44 -0.0290675 -0.124513 0.0658852
OUTPUT3: 2004.44 -0.0297629 -0.12532 0.0653597
OUTPUT3: 2004.44 -0.029763 -0.12532 0.0653597
OUTPUT3: 2004.44 -0.0300518 -0.125644 0.0651267
OUTPUT3: 2004.44 -0.0300519 -0.125644 0.0651267
OUTPUT3: 2004.44 -0.0306189 -0.126185 0.0645483
OUTPUT3: 2004.44 -0.0135806 -0.109027 0.0834902
OUTPUT3: 2004.45 -0.0139584 -0.109037 0.0824698
OUTPUT3: 2004.45 -0.0215115 -0.114911 0.0721145
OUTPUT3: 2004.45 -0.0215129 -0.114912 0.0721127
OUTPUT3: 2004.45 -0.0249878 -0.118204 0.0686908
OUTPUT3: 2004.45 -0.0264632 -0.119833 0.0672484
OUTPUT3: 2004.45 -0.0264637 -0.119834 0.0672478
OUTPUT3: 2004.45 -0.0269557 -0.120367 0.0667611
OUTPUT3: 2004.45 -0.026956 -0.120368 0.0667609
OUTPUT3: 2004.45 -0.0312692 -0.12476 0.0623321
OUTPUT3: 2004.47 -0.0723885 -0.165653 0.0224406
OUTPUT3: 2004.47 -0.0723885 -0.165653 0.0224406
OUTPUT3: 2004.47 -0.0723115 -0.165593 0.0225291
OUTPUT3: 2004.47 -0.0723112 -0.165593 0.0225295
OUTPUT3: 2004.47 -0.0721793 -0.165477 0.022659
OUTPUT3: 2004.47 -0.0721791 -0.165477 0.0226592
OUTPUT3: 2004.47 -0.0696366 -0.162624 0.0242773
OUTPUT3: 2004.47 -0.0696361 -0.162624 0.0242776
OUTPUT3: 2004.47 -0.0317159 -0.129367 0.0668578
OUTPUT3: 2004.47 -0.0317159 -0.129367 0.0668578
OUTPUT3: 2004.47 -0.0313815 -0.129208 0.06741
OUTPUT3: 2004.47 -0.0313815 -0.129208 0.06741
OUTPUT3: 2004.47 -0.0311465 -0.129147 0.0678682
OUTPUT3: 2004.47 -0.0311464 -0.129147 0.0678684
OUTPUT3: 2004.47 -0.0311045 -0.129222 0.068071
OUTPUT3: 2004.47 -0.0311197 -0.129258 0.0680865
OUTPUT3: 2004.47 -0.0313969 -0.129606 0.0679326
OUTPUT3: 2004.47 -0.0313971 -0.129606 0.0679325
OUTPUT3: 2004.47 -0.0319568 -0.130151 0.0673992
OUTPUT3: 2004.47 -0.0322964 -0.130457 0.0670424
OUTPUT3: 2004.48 -0.0786581 -0.172028 0.0140019
OUTPUT3: 2004.48 -0.0791106 -0.172559 0.0134439
OUTPUT3: 2004.48 -0.0791106 -0.172559 0.0134439
OUTPUT3: 2004.48 -0.0819182 -0.176355 0.0115716
OUTPUT3: 2004.48 -0.0797659 -0.173733 0.0130283
OUTPUT3: 2004.48 -0.0768739 -0.170192 0.0158383
OUTPUT3: 2004.48 -0.0768734 -0.170192 0.015839
OUTPUT3: 2004.48 -0.0718346 -0.164357 0.0224258
OUTPUT3: 2004.48 -0.0718346 -0.164357 0.0224258
OUTPUT3: 2004.48 -0.0711873 -0.163702 0.0230076
OUTPUT3: 2004.48 -0.0711873 -0.163702 0.0230076
OUTPUT3: 2004.48 -0.0712073 -0.163691 0.0229163
OUTPUT3: 2004.48 -0.0712482 -0.1637 0.0228052
OUTPUT3: 2004.48 -0.0712482 -0.1637 0.0228052
OUTPUT3: 2004.48 -0.0717936 -0.164507 0.0217229
OUTPUT3: 2004.48 -0.0723696 -0.165369 0.0206796
OUTPUT3: 2004.48 -0.0723696 -0.165369 0.0206796
OUTPUT3: 2004.48 -0.0729804 -0.166275 0.0195842
OUTPUT3: 2004.49 -0.0675227 -0.160636 0.0247492
OUTPUT3: 2004.52 -0.0136624 -0.107224 0.0816936
OUTPUT3: 2004.52 -0.0139099 -0.10742 0.0813374
OUTPUT3: 2004.54 -0.00493755 -0.0981928 0.090518
OUTPUT3: 2004.54 -0.00493323 -0.0981897 0.090524
OUTPUT3: 2004.54 -0.0044451 -0.0978306 0.0911948
OUTPUT3: 2004.54 -0.0044373 -0.0978248 0.0912054
OUTPUT3: 2004.54 -0.00361111 -0.0971621 0.0922818
OUTPUT3: 2004.54 -0.00361104 -0.0971621 0.0922819
OUTPUT3: 2004.54 -0.00341177 -0.0969685 0.0925065
OUTPUT3: 2004.54 -0.00341177 -0.0969685 0.0925065
OUTPUT3: 2004.54 -0.00331781 -0.0968491 0.0925837
OUTPUT3: 2004.54 -0.00344518 -0.0967363 0.0922012
OUTPUT3: 2004.54 -0.00366998 -0.0967962 0.0917891
OUTPUT3: 2004.54 -0.0156092 -0.10969 0.0775088
OUTPUT3: 2004.54 -0.0156173 -0.1097 0.0775033
OUTPUT3: 2004.54 -0.0158769 -0.110004 0.077319
OUTPUT3: 2004.54 -0.0158882 -0.110017 0.0773104
OUTPUT3: 2004.54 -0.0160476 -0.110166 0.0771576
OUTPUT3: 2004.54 -0.0159845 -0.110046 0.0771541
OUTPUT3: 2004.54 -0.00345357 -0.0960287 0.0911261
OUTPUT3: 2004.54 0.000880103 -0.092792 0.0967874
OUTPUT3: 2004.54 0.00214972 -0.0918387 0.0983859
OUTPUT3: 2004.54 0.00301429 -0.0911738 0.0994526
OUTPUT3: 2004.54 0.00377906 -0.0905725 0.100378
OUTPUT3: 2004.54 0.00630439 -0.0884347 0.103222
OUTPUT3: 2004.55 0.000118694 -0.0913024 0.0923337
OUTPUT3: 2004.55 0.000117944 -0.0913034 0.0923327
OUTPUT3: 2004.55 -0.0010797 -0.0928023 0.0907144
OUTPUT3: 2004.55 -0.00108159 -0.0928046 0.0907119
OUTPUT3: 2004.55 -0.00232546 -0.0943429 0.0890639
OUTPUT3: 2004.55 -0.00232692 -0.0943447 0.089062
OUTPUT3: 2004.55 -0.00477581 -0.0973198 0.0865404
OUTPUT3: 2004.55 -0.00590752 -0.0986696 0.0854927
OUTPUT3: 2004.55 -0.00915606 -0.101463 0.0824608
OUTPUT3: 2004.56 0.00542041 -0.0856946 0.0977167
OUTPUT3: 2004.56 0.00542041 -0.0856946 0.0977167
OUTPUT3: 2004.56 0.0136456 -0.0788961 0.108485
OUTPUT3: 2004.56 0.0142814 -0.0776557 0.107914
OUTPUT3: 2004.56 0.0142814 -0.0776557 0.107914
OUTPUT3: 2004.56 0.0143132 -0.0775432 0.107784
OUTPUT3: 2004.56 0.0143132 -0.0775431 0.107784
OUTPUT3: 2004.56 0.0162981 -0.0754704 0.107599
OUTPUT3: 2004.56 0.0162981 -0.0754704 0.107599
OUTPUT3: 2004.56 0.0170138 -0.0748437 0.108117
OUTPUT3: 2004.56 0.0170138 -0.0748437 0.108117
OUTPUT3: 2004.56 0.0176036 -0.0742894 0.108751
OUTPUT3: 2004.56 0.0176036 -0.0742894 0.108751
OUTPUT3: 2004.56 0.018058 -0.0738453 0.109248
OUTPUT3: 2004.56 0.0180583 -0.073845 0.109248
OUTPUT3: 2004.56 0.0184958 -0.0734061 0.10972
OUTPUT3: 2004.56 0.0184962 -0.0734057 0.109721
OUTPUT3: 2004.56 0.0227688 -0.0687617 0.114128
OUTPUT3: 2004.56 0.0286879 -0.0630403 0.121303
OUTPUT3: 2004.56 0.0286879 -0.0630403 0.121303
OUTPUT3: 2004.56 0.0413305 -0.0556994 0.13985
OUTPUT3: 2004.58 0.0263421 -0.0665301 0.120942
OUTPUT3: 2004.58 0.0263421 -0.0665301 0.120942
OUTPUT3: 2004.58 0.0263421 -0.0665301 0.120942
OUTPUT3: 2004.58 0.0263421 -0.0665301 0.120942
OUTPUT3: 2004.58 0.0263421 -0.0665301 0.120942
OUTPUT3: 2004.58 0.0263421 -0.0665301 0.120942
OUTPUT3: 2004.58 0.0263421 -0.0665301 0.120942
OUTPUT3: 2004.58 0.0263421 -0.0665301 0.120942
OUTPUT3: 2004.58 0.0263051 -0.0665471 0.12088
OUTPUT3: 2004.58 0.0263051 -0.0665471 0.12088
OUTPUT3: 2004.58 0.0263051 -0.0665471 0.12088
OUTPUT3: 2004.58 0.0263051 -0.0665471 0.12088
OUTPUT3: 2004.58 0.0263051 -0.0665471 0.12088
OUTPUT3: 2004.58 0.0263051 -0.0665471 0.12088
OUTPUT3: 2004.58 0.0263051 -0.0665471 0.12088
OUTPUT3: 2004.58 0.0263051 -0.0665471 0.12088
OUTPUT3: 2004.58 0.0263051 -0.0665471 0.12088
OUTPUT3: 2004.58 0.0263051 -0.0665471 0.12088
OUTPUT3: 2004.58 0.0242262 -0.0685082 0.119158
OUTPUT3: 2004.58 0.0242262 -0.0685082 0.119158
OUTPUT3: 2004.58 0.0242262 -0.0685082 0.119158
OUTPUT3: 2004.58 0.0242262 -0.0685082 0.119158
OUTPUT3: 2004.58 0.0242262 -0.0685082 0.119158
OUTPUT3: 2004.58 0.0242262 -0.0685082 0.119158
OUTPUT3: 2004.58 0.0242262 -0.0685082 0.119158
OUTPUT3: 2004.58 0.0242262 -0.0685082 0.119158
OUTPUT3: 2004.58 0.0242262 -0.0685082 0.119158
OUTPUT3: 2004.58 0.0242262 -0.0685082 0.119158
OUTPUT3: 2004.58 0.0242262 -0.0685082 0.119158
OUTPUT3: 2004.58 0.0242262 -0.0685082 0.119158
OUTPUT3: 2004.58 0.0242262 -0.0685082 0.119158
OUTPUT3: 2004.58 0.0120346 -0.0808082 0.103806
OUTPUT3: 2004.58 0.0142345 -0.0775545 0.104652
OUTPUT3: 2004.58 0.015246 -0.0761744 0.106048
OUTPUT3: 2004.58 0.0154173 -0.0759431 0.106304
OUTPUT3: 2004.58 0.0157606 -0.0754816 0.106815
OUTPUT3: 2004.58 0.0159606 -0.0752136 0.107111
OUTPUT3: 2004.59 0.0183133 -0.072368 0.11053
OUTPUT3: 2004.59 0.0183133 -0.072368 0.11053
OUTPUT3: 2004.59 0.0183133 -0.072368 0.11053
OUTPUT3: 2004.59 0.0183133 -0.072368 0.11053
OUTPUT3: 2004.59 0.0183133 -0.072368 0.11053
OUTPUT3: 2004.59 0.0183133 -0.072368 0.11053
OUTPUT3: 2004.59 0.0183133 -0.072368 0.11053
OUTPUT3: 2004.59 0.0183133 -0.072368 0.11053
OUTPUT3: 2004.59 0.0183133 -0.072368 0.11053
OUTPUT3: 2004.59 0.0183133 -0.072368 0.11053
OUTPUT3: 2004.59 0.0183133 -0.072368 0.11053
OUTPUT3: 2004.59 0.0183133 -0.072368 0.11053
OUTPUT3: 2004.59 0.0183133 -0.072368 0.11053
OUTPUT3: 2004.59 0.0183133 -0.072368 0.11053
OUTPUT3: 2004.59 0.0183133 -0.072368 0.11053
OUTPUT3: 2004.59 0.0199422 -0.0711149 0.112837
OUTPUT3: 2004.59 0.0199422 -0.0711149 0.112837
OUTPUT3: 2004.59 0.0199422 -0.0711149 0.112837
OUTPUT3: 2004.59 0.0199422 -0.0711149 0.112837
OUTPUT3: 2004.59 0.0199422 -0.0711149 0.112837
OUTPUT3: 2004.59 0.0199422 -0.0711149 0.112837
OUTPUT3: 2004.59 0.0199422 -0.0711149 0.112837
OUTPUT3: 2004.59 0.0199422 -0.0711149 0.112837
OUTPUT3: 2004.59 0.0199422 -0.0711149 0.112837
OUTPUT3: 2004.59 0.0199422 -0.0711149 0.112837
OUTPUT3: 2004.59 0.0199422 -0.0711149 0.112837
OUTPUT3: 2004.59 0.0199422 -0.0711149 0.112837
OUTPUT3: 2004.59 0.0199422 -0.0711149 0.112837
OUTPUT3: 2004.59 0.0199422 -0.0711149 0.112837
OUTPUT3: 2004.59 0.0199422 -0.0711149 0.112837
OUTPUT3: 2004.59 0.0233906 -0.0683856 0.117579
OUTPUT3: 2004.59 0.0239798 -0.0679092 0.11837
OUTPUT3: 2004.59 0.0246711 -0.0674224 0.11929
OUTPUT3: 2004.59 0.0250708 -0.0671431 0.119819
OUTPUT3: 2004.59 0.0260257 -0.0664679 0.12107
OUTPUT3: 2004.59 0.0260281 -0.0664662 0.121073
OUTPUT3: 2004.59 0.0273681 -0.0654987 0.122799
OUTPUT3: 2004.59 0.0273681 -0.0654987 0.122799
OUTPUT3: 2004.59 0.028624 -0.0645689 0.124383
OUTPUT3: 2004.59 0.0325108 -0.0615128 0.129025
OUTPUT3: 2004.59 0.0336229 -0.0605707 0.130254
OUTPUT3: 2004.59 0.03635 -0.0580263 0.132927
OUTPUT3: 2004.59 0.03635 -0.0580263 0.132927
OUTPUT3: 2004.59 0.0369435 -0.0573938 0.133395
OUTPUT3: 2004.59 0.0369435 -0.0573938 0.133395
OUTPUT3: 2004.59 0.0374464 -0.0568123 0.133726
OUTPUT3: 2004.59 0.0373451 -0.0543768 0.130036
OUTPUT3: 2004.59 0.0373451 -0.0543768 0.130036
OUTPUT3: 2004.59 0.0368962 -0.0545334 0.129235
OUTPUT3: 2004.59 0.036896 -0.0545335 0.129235
OUTPUT3: 2004.59 0.0365665 -0.054683 0.128699
OUTPUT3: 2004.6 0.0214308 -0.0690615 0.113801
OUTPUT3: 2004.6 0.0224693 -0.0680616 0.114895
OUTPUT3: 2004.61 0.0554497 -0.037093 0.149467
OUTPUT3: 2004.61 0.0554497 -0.037093 0.149467
OUTPUT3: 2004.61 0.0554747 -0.0370793 0.149506
OUTPUT3: 2004.61 0.0554747 -0.0370793 0.149506
OUTPUT3: 2004.61 0.0565899 -0.0370457 0.15206
OUTPUT3: 2004.61 0.0565898 -0.0370459 0.15206
OUTPUT3: 2004.61 0.0547138 -0.0390898 0.150627
OUTPUT3: 2004.61 0.0547138 -0.0390898 0.150627
OUTPUT3: 2004.61 0.0542307 -0.0395425 0.150151
OUTPUT3: 2004.61 0.0542303 -0.0395428 0.15015
OUTPUT3: 2004.61 0.0537127 -0.0400158 0.149623
OUTPUT3: 2004.61 0.0497265 -0.04343 0.145229
OUTPUT3: 2004.61 0.0469768 -0.0456527 0.142004
OUTPUT3: 2004.61 0.0393714 -0.0516537 0.132625
OUTPUT3: 2004.61 0.0393714 -0.0516537 0.132625
OUTPUT3: 2004.61 0.0484566 -0.0453628 0.144972
OUTPUT3: 2004.61 0.0469534 -0.046178 0.142762
OUTPUT3: 2004.61 0.0469534 -0.046178 0.142762
OUTPUT3: 2004.62 0.0387852 -0.0513193 0.130994
OUTPUT3: 2004.62 0.0387852 -0.0513193 0.130994
OUTPUT3: 2004.62 0.0305434 -0.0616701 0.121273
OUTPUT3: 2004.62 0.0301733 -0.0621316 0.121034
OUTPUT3: 2004.62 0.0298342 -0.0625515 0.120813
OUTPUT3: 2004.62 0.0293619 -0.0631298 0.120495
OUTPUT3: 2004.62 0.0290398 -0.0635177 0.120271
OUTPUT3: 2004.62 0.0283344 -0.0639975 0.119314
OUTPUT3: 2004.62 0.0283344 -0.0639975 0.119314
OUTPUT3: 2004.62 0.0305592 -0.0605628 0.120793
OUTPUT3: 2004.62 0.0306257 -0.0604623 0.120905
OUTPUT3: 2004.62 0.0310461 -0.0598268 0.121612
OUTPUT3: 2004.62 0.031256 -0.0595085 0.121964
OUTPUT3: 2004.62 0.0314414 -0.0592265 0.122275
OUTPUT3: 2004.62 0.0316747 -0.0588704 0.122666
OUTPUT3: 2004.62 0.0318392 -0.0586178 0.122942
OUTPUT3: 2004.62 0.0319938 -0.058379 0.123201
OUTPUT3: 2004.62 0.0321502 -0.0581355 0.123464
OUTPUT3: 2004.62 0.0322727 -0.0579428 0.12367
OUTPUT3: 2004.62 0.0323817 -0.0577695 0.123853
OUTPUT3: 2004.62 0.0324789 -0.0576127 0.124017
OUTPUT3: 2004.62 0.0325462 -0.0575024 0.12413
OUTPUT3: 2004.62 0.0326371 -0.0573496 0.124283
OUTPUT3: 2004.62 0.0327196 -0.0572036 0.124422
OUTPUT3: 2004.62 0.0322929 -0.0576955 0.123419
OUTPUT3: 2004.62 0.0322929 -0.0576955 0.123419
OUTPUT3: 2004.62 0.0322767 -0.0577531 0.123284
OUTPUT3: 2004.62 0.0322767 -0.0577531 0.123284
OUTPUT3: 2004.62 0.0323119 -0.0577504 0.123216
OUTPUT3: 2004.62 0.0323119 -0.0577503 0.123216
OUTPUT3: 2004.62 0.0328363 -0.0572435 0.123552
OUTPUT3: 2004.62 0.0328369 -0.0572429 0.123552
OUTPUT3: 2004.62 0.0331793 -0.056869 0.12389
OUTPUT3: 2004.62 0.0331806 -0.0568675 0.123892
OUTPUT3: 2004.62 0.0335058 -0.0565033 0.124238
OUTPUT3: 2004.62 0.0335065 -0.0565024 0.124238
OUTPUT3: 2004.62 0.0387801 -0.0515997 0.130656
OUTPUT3: 2004.62 0.0389181 -0.0514836 0.130832
OUTPUT3: 2004.62 0.0516466 -0.0420114 0.147214
OUTPUT3: 2004.62 0.0519545 -0.0417736 0.147595
OUTPUT3: 2004.62 0.0522309 -0.0415567 0.147934
OUTPUT3: 2004.62 0.0524693 -0.0413658 0.148221
OUTPUT3: 2004.62 0.0526145 -0.041247 0.148392
OUTPUT3: 2004.62 0.0526146 -0.0412469 0.148392
OUTPUT3: 2004.63 0.0523045 -0.0411361 0.147566
OUTPUT3: 2004.63 0.051477 -0.0416351 0.146367
OUTPUT3: 2004.63 0.051477 -0.0416351 0.146367
OUTPUT3: 2004.66 0.0379455 -0.0529903 0.127579
OUTPUT3: 2004.66 0.0379455 -0.0529903 0.127579
OUTPUT3: 2004.66 0.038593 -0.0521824 0.12845
OUTPUT3: 2004.66 0.0385938 -0.0521813 0.128452
OUTPUT3: 2004.66 0.0314068 -0.0599491 0.120843
OUTPUT3: 2004.66 0.0482477 -0.0439255 0.14304
OUTPUT3: 2004.66 0.0463225 -0.0452763 0.140539
OUTPUT3: 2004.66 0.044712 -0.0463744 0.138389
OUTPUT3: 2004.66 0.0447111 -0.046375 0.138388
OUTPUT3: 2004.67 0.030816 -0.0608156 0.120769
OUTPUT3: 2004.67 0.030816 -0.0608156 0.120769
OUTPUT3: 2004.67 0.030056 -0.061793 0.120328
OUTPUT3: 2004.67 0.0300555 -0.0617936 0.120328
OUTPUT3: 2004.67 0.0294644 -0.0625747 0.12002
OUTPUT3: 2004.67 0.0308185 -0.0609609 0.12102
OUTPUT3: 2004.67 0.0308185 -0.0609609 0.12102
OUTPUT3: 2004.69 0.0154118 -0.0729451 0.105576
OUTPUT3: 2004.69 0.0154123 -0.0729446 0.105577
OUTPUT3: 2004.69 0.0160006 -0.0723574 0.106076
OUTPUT3: 2004.69 0.0160006 -0.0723574 0.106076
OUTPUT3: 2004.69 0.0166497 -0.071707 0.106634
OUTPUT3: 2004.69 0.0166497 -0.071707 0.106634
OUTPUT3: 2004.69 0.0172624 -0.0710895 0.107171
OUTPUT3: 2004.69 0.0172624 -0.0710895 0.107171
OUTPUT3: 2004.69 0.0182961 -0.0700382 0.108098
OUTPUT3: 2004.69 0.01964 -0.0686496 0.109351
OUTPUT3: 2004.69 0.01964 -0.0686496 0.109352
OUTPUT3: 2004.69 0.0202516 -0.0680083 0.109941
OUTPUT3: 2004.69 0.0202523 -0.0680076 0.109942
OUTPUT3: 2004.69 0.0206951 -0.0675392 0.110377
OUTPUT3: 2004.69 0.0206957 -0.0675386 0.110378
OUTPUT3: 2004.69 0.0211328 -0.0670728 0.110814
OUTPUT3: 2004.69 0.0211329 -0.0670727 0.110815
OUTPUT3: 2004.69 0.0241525 -0.0639521 0.114039
OUTPUT3: 2004.69 0.0241525 -0.0639521 0.114039
OUTPUT3: 2004.69 0.0248648 -0.0633731 0.114861
OUTPUT3: 2004.69 0.0251995 -0.0631076 0.115257
OUTPUT3: 2004.69 0.0292752 -0.0605177 0.120986
OUTPUT3: 2004.69 0.0292753 -0.0605177 0.120986
OUTPUT3: 2004.69 0.0295039 -0.0605441 0.121543
OUTPUT3: 2004.69 0.0295039 -0.0605441 0.121543
OUTPUT3: 2004.69 0.0295527 -0.0606385 0.121782
OUTPUT3: 2004.69 0.0295527 -0.0606385 0.121782
OUTPUT3: 2004.7 0.0286508 -0.0620519 0.121627
OUTPUT3: 2004.7 0.0286505 -0.0620523 0.121627
OUTPUT3: 2004.7 0.0284234 -0.0623075 0.121451
OUTPUT3: 2004.7 0.0284233 -0.0623077 0.121451
OUTPUT3: 2004.7 0.0281697 -0.0625825 0.12124
OUTPUT3: 2004.7 0.0281683 -0.062584 0.121239
OUTPUT3: 2004.7 0.0278932 -0.062873 0.120998
OUTPUT3: 2004.7 0.0278926 -0.0628736 0.120997
OUTPUT3: 2004.7 0.0150691 -0.0741029 0.106483
OUTPUT3: 2004.7 0.0150683 -0.0741035 0.106482
OUTPUT3: 2004.7 0.0137952 -0.0751792 0.104973
OUTPUT3: 2004.7 0.0137952 -0.0751792 0.104973
OUTPUT3: 2004.7 0.012624 -0.0761763 0.103594
OUTPUT3: 2004.7 0.0126236 -0.0761766 0.103593
OUTPUT3: 2004.7 0.0120093 -0.0767033 0.102875
OUTPUT3: 2004.7 0.0120087 -0.0767038 0.102874
OUTPUT3: 2004.7 0.0113769 -0.0772484 0.102139
OUTPUT3: 2004.7 0.0113767 -0.0772486 0.102138
OUTPUT3: 2004.7 0.0107591 -0.0777843 0.101424
OUTPUT3: 2004.7 0.0107588 -0.0777845 0.101424
OUTPUT3: 2004.7 -0.0192448 -0.107576 0.0711757
OUTPUT3: 2004.7 -0.020111 -0.108483 0.0702736
OUTPUT3: 2004.7 -0.0209737 -0.109391 0.0693688
OUTPUT3: 2004.7 -0.0405958 -0.130747 0.0475784
OUTPUT3: 2004.7 -0.0405992 -0.130751 0.0475753
OUTPUT3: 2004.7 -0.0429744 -0.133057 0.0449939
OUTPUT3: 2004.7 -0.0429744 -0.133057 0.0449939
OUTPUT3: 2004.7 -0.0429913 -0.133021 0.0450477
OUTPUT3: 2004.7 -0.0429913 -0.133021 0.0450478
OUTPUT3: 2004.7 -0.0416396 -0.130701 0.0477998
OUTPUT3: 2004.7 -0.0416396 -0.130701 0.0477998
OUTPUT3: 2004.71 -0.0709375 -0.163681 0.020049
OUTPUT3: 2004.72 -0.0600935 -0.151292 0.0289974
OUTPUT3: 2004.72 -0.0600935 -0.151292 0.0289974
OUTPUT3: 2004.72 -0.0600935 -0.151292 0.0289974
OUTPUT3: 2004.72 -0.0600935 -0.151292 0.0289974
OUTPUT3: 2004.72 -0.0600935 -0.151292 0.0289974
OUTPUT3: 2004.72 -0.0600935 -0.151292 0.0289974
OUTPUT3: 2004.72 -0.0600935 -0.151292 0.0289974
OUTPUT3: 2004.72 -0.0600935 -0.151292 0.0289974
OUTPUT3: 2004.72 -0.0600935 -0.151292 0.0289974
OUTPUT3: 2004.72 -0.0600935 -0.151292 0.0289974
OUTPUT3: 2004.72 -0.0600935 -0.151292 0.0289974
OUTPUT3: 2004.72 -0.0600935 -0.151292 0.0289974
OUTPUT3: 2004.72 -0.0600935 -0.151292 0.0289974
OUTPUT3: 2004.72 -0.0600935 -0.151292 0.0289974
OUTPUT3: 2004.72 -0.0600935 -0.151292 0.0289974
OUTPUT3: 2004.72 -0.0591989 -0.150244 0.0301102
OUTPUT3: 2004.72 -0.0591989 -0.150244 0.0301102
OUTPUT3: 2004.72 -0.0591989 -0.150244 0.0301102
OUTPUT3: 2004.72 -0.0591989 -0.150244 0.0301102
OUTPUT3: 2004.72 -0.0591989 -0.150244 0.0301102
OUTPUT3: 2004.72 -0.0591989 -0.150244 0.0301102
OUTPUT3: 2004.72 -0.0591989 -0.150244 0.0301102
OUTPUT3: 2004.72 -0.0591989 -0.150244 0.0301102
OUTPUT3: 2004.72 -0.0591989 -0.150244 0.0301102
OUTPUT3: 2004.72 -0.0591989 -0.150244 0.0301102
OUTPUT3: 2004.72 -0.0591989 -0.150244 0.0301102
OUTPUT3: 2004.72 -0.0591989 -0.150244 0.0301102
OUTPUT3: 2004.73 -0.0165767 -0.107324 0.0766161
OUTPUT3: 2004.73 -0.0195004 -0.108958 0.0718982
OUTPUT3: 2004.73 -0.0228661 -0.113878 0.0664438
OUTPUT3: 2004.73 -0.0172944 -0.107622 0.0757974
OUTPUT3: 2004.73 -0.0172943 -0.107622 0.0757974
OUTPUT3: 2004.73 -0.0166834 -0.106672 0.0760144
OUTPUT3: 2004.73 -0.0166834 -0.106672 0.0760142
OUTPUT3: 2004.74 -0.0181856 -0.108424 0.0725596
OUTPUT3: 2004.74 -0.0181863 -0.108425 0.0725581
OUTPUT3: 2004.74 -0.0186888 -0.109205 0.0716245
OUTPUT3: 2004.74 -0.0187066 -0.109232 0.0715921
OUTPUT3: 2004.74 -0.0192552 -0.110055 0.0706185
OUTPUT3: 2004.74 -0.0195413 -0.110475 0.0701261
OUTPUT3: 2004.74 -0.0195415 -0.110475 0.0701259
OUTPUT3: 2004.74 -0.0239251 -0.116234 0.0664418
OUTPUT3: 2004.74 -0.0296774 -0.121086 0.059644
OUTPUT3: 2004.74 -0.0296781 -0.121086 0.0596427
OUTPUT3: 2004.74 -0.0300274 -0.121175 0.0593219
OUTPUT3: 2004.74 -0.0300282 -0.121175 0.0593221
OUTPUT3: 2004.74 -0.0303561 -0.121218 0.0594146
OUTPUT3: 2004.74 -0.0303564 -0.121218 0.0594147
OUTPUT3: 2004.74 -0.0306366 -0.12122 0.0595417
OUTPUT3: 2004.74 -0.0306369 -0.12122 0.0595419
OUTPUT3: 2004.74 -0.0308579 -0.121198 0.0596745
OUTPUT3: 2004.74 -0.0308581 -0.121198 0.0596747
OUTPUT3: 2004.74 -0.0316423 -0.121079 0.0603409
OUTPUT3: 2004.74 -0.0316425 -0.121079 0.0603411
OUTPUT3: 2004.74 -0.0317313 -0.121299 0.0604249
OUTPUT3: 2004.74 -0.0317314 -0.121299 0.0604249
OUTPUT3: 2004.74 -0.0336387 -0.124941 0.0599558
OUTPUT3: 2004.74 -0.0336388 -0.124941 0.0599556
OUTPUT3: 2004.74 -0.0338056 -0.125105 0.0597254
OUTPUT3: 2004.74 -0.0338315 -0.12513 0.0596889
OUTPUT3: 2004.74 -0.0342729 -0.125523 0.0590508
OUTPUT3: 2004.74 -0.034273 -0.125523 0.0590506
OUTPUT3: 2004.74 -0.0344057 -0.125635 0.0588571
OUTPUT3: 2004.74 -0.0344058 -0.125635 0.058857
OUTPUT3: 2004.76 -0.0526433 -0.14737 0.0444337
OUTPUT3: 2004.76 -0.0526606 -0.147353 0.0443703
OUTPUT3: 2004.77 -0.0487857 -0.141179 0.0430018
OUTPUT3: 2004.77 -0.0479423 -0.140266 0.0439105
OUTPUT3: 2004.78 -0.0170813 -0.109644 0.0779272
OUTPUT3: 2004.78 -0.0170813 -0.109644 0.0779272
OUTPUT3: 2004.78 -0.0170813 -0.109644 0.0779272
OUTPUT3: 2004.78 -0.0170813 -0.109644 0.0779272
OUTPUT3: 2004.78 -0.0170813 -0.109644 0.0779272
OUTPUT3: 2004.78 -0.0170813 -0.109644 0.0779272
OUTPUT3: 2004.78 -0.0170813 -0.109644 0.0779272
OUTPUT3: 2004.78 -0.0170813 -0.109644 0.0779272
OUTPUT3: 2004.78 -0.0170813 -0.109644 0.0779272
OUTPUT3: 2004.78 -0.0170813 -0.109644 0.0779272
OUTPUT3: 2004.78 -0.0170813 -0.109644 0.0779272
OUTPUT3: 2004.78 -0.0170813 -0.109644 0.0779272
OUTPUT3: 2004.78 -0.0170813 -0.109644 0.0779272
OUTPUT3: 2004.78 -0.0170813 -0.109644 0.0779272
OUTPUT3: 2004.78 -0.0170813 -0.109644 0.0779272
OUTPUT3: 2004.78 -0.0170813 -0.109644 0.0779272
OUTPUT3: 2004.78 -0.0167552 -0.109252 0.07814
OUTPUT3: 2004.78 -0.0167552 -0.109252 0.07814
OUTPUT3: 2004.78 -0.0167552 -0.109252 0.07814
OUTPUT3: 2004.78 -0.0167552 -0.109252 0.07814
OUTPUT3: 2004.78 -0.0167552 -0.109252 0.07814
OUTPUT3: 2004.78 -0.0167552 -0.109252 0.07814
OUTPUT3: 2004.78 -0.0167552 -0.109252 0.07814
OUTPUT3: 2004.78 -0.0167552 -0.109252 0.07814
OUTPUT3: 2004.78 -0.0167552 -0.109252 0.07814
OUTPUT3: 2004.78 -0.0167552 -0.109252 0.07814
OUTPUT3: 2004.78 -0.0167552 -0.109252 0.07814
OUTPUT3: 2004.78 -0.0167552 -0.109252 0.07814
OUTPUT3: 2004.78 -0.0167552 -0.109252 0.07814
OUTPUT3: 2004.78 -0.0167552 -0.109252 0.07814
OUTPUT3: 2004.78 -0.0167552 -0.109252 0.07814
OUTPUT3: 2004.78 -0.0167552 -0.109252 0.07814
OUTPUT3: 2004.78 -0.0163587 -0.108769 0.0783881
OUTPUT3: 2004.78 -0.0163587 -0.108769 0.0783881
OUTPUT3: 2004.78 -0.0163587 -0.108769 0.0783881
OUTPUT3: 2004.78 -0.0163587 -0.108769 0.0783881
OUTPUT3: 2004.78 -0.0163587 -0.108769 0.0783881
OUTPUT3: 2004.78 -0.0163587 -0.108769 0.0783881
OUTPUT3: 2004.78 -0.0163587 -0.108769 0.0783881
OUTPUT3: 2004.78 -0.0163587 -0.108769 0.0783881
OUTPUT3: 2004.78 -0.0163587 -0.108769 0.0783881
OUTPUT3: 2004.78 -0.0163587 -0.108769 0.0783881
OUTPUT3: 2004.78 -0.0163587 -0.108769 0.0783881
OUTPUT3: 2004.78 -0.0163587 -0.108769 0.0783881
OUTPUT3: 2004.78 -0.0163587 -0.108769 0.0783881
OUTPUT3: 2004.78 -0.0163587 -0.108769 0.0783881
OUTPUT3: 2004.78 -0.0163587 -0.108769 0.0783881
OUTPUT3: 2004.78 -0.0160023 -0.108329 0.0786038
OUTPUT3: 2004.78 -0.0160023 -0.108329 0.0786038
OUTPUT3: 2004.78 -0.0160023 -0.108329 0.0786038
OUTPUT3: 2004.78 -0.0160023 -0.108329 0.0786038
OUTPUT3: 2004.78 -0.0160023 -0.108329 0.0786038
OUTPUT3: 2004.78 -0.0160023 -0.108329 0.0786038
OUTPUT3: 2004.78 -0.0160023 -0.108329 0.0786038
OUTPUT3: 2004.78 -0.0160023 -0.108329 0.0786038
OUTPUT3: 2004.78 -0.0160023 -0.108329 0.0786038
OUTPUT3: 2004.78 -0.0160023 -0.108329 0.0786038
OUTPUT3: 2004.78 -0.0160023 -0.108329 0.0786038
OUTPUT3: 2004.78 -0.0160023 -0.108329 0.0786038
OUTPUT3: 2004.78 -0.0160023 -0.108329 0.0786038
OUTPUT3: 2004.78 -0.0160023 -0.108329 0.0786038
OUTPUT3: 2004.78 -0.0160023 -0.108329 0.0786038
OUTPUT3: 2004.78 -0.0160023 -0.108329 0.0786038
OUTPUT3: 2004.79 -0.00151586 -0.0940186 0.0922626
OUTPUT3: 2004.79 -0.00151586 -0.0940186 0.0922626
OUTPUT3: 2004.79 -0.00151586 -0.0940186 0.0922626
OUTPUT3: 2004.79 -0.00151586 -0.0940186 0.0922626
OUTPUT3: 2004.79 -0.00151586 -0.0940186 0.0922626
OUTPUT3: 2004.79 -0.00151586 -0.0940186 0.0922626
OUTPUT3: 2004.79 -0.00151586 -0.0940186 0.0922626
OUTPUT3: 2004.79 -0.00151586 -0.0940186 0.0922626
OUTPUT3: 2004.79 -0.00151586 -0.0940186 0.0922626
OUTPUT3: 2004.79 -0.00151586 -0.0940186 0.0922626
OUTPUT3: 2004.79 -0.00151586 -0.0940186 0.0922626
OUTPUT3: 2004.79 -0.00151586 -0.0940186 0.0922626
OUTPUT3: 2004.79 -0.00151586 -0.0940186 0.0922626
OUTPUT3: 2004.79 -0.00151586 -0.0940186 0.0922626
OUTPUT3: 2004.8 0.00127062 -0.0902362 0.0933978
OUTPUT3: 2004.8 0.00210329 -0.0893007 0.0943628
OUTPUT3: 2004.81 -0.00346691 -0.0983523 0.0904896
OUTPUT3: 2004.81 -0.00761633 -0.10303 0.0871149
OUTPUT3: 2004.81 -0.00762111 -0.103035 0.0871104
OUTPUT3: 2004.81 -0.00667638 -0.100675 0.0860912
OUTPUT3: 2004.81 -0.00667616 -0.100675 0.0860913
OUTPUT3: 2004.81 -0.00626845 -0.100101 0.0862631
OUTPUT3: 2004.81 -0.00626755 -0.100099 0.0862635
OUTPUT3: 2004.81 0.000798563 -0.0907572 0.0942289
OUTPUT3: 2004.82 0.0174847 -0.0743229 0.111069
OUTPUT3: 2004.82 0.0267959 -0.0659539 0.120298
OUTPUT3: 2004.83 0.0149482 -0.076213 0.107871
OUTPUT3: 2004.83 0.0149475 -0.0762138 0.10787
OUTPUT3: 2004.83 0.0132938 -0.0782473 0.105778
OUTPUT3: 2004.85 0.0371966 -0.0538609 0.128657
OUTPUT3: 2004.85 0.0427432 -0.0497117 0.136534
OUTPUT3: 2004.85 0.0427432 -0.0497117 0.136534
OUTPUT3: 2004.85 0.0430325 -0.0495625 0.137003
OUTPUT3: 2004.85 0.0430411 -0.0495583 0.137017
OUTPUT3: 2004.85 0.043261 -0.0494584 0.137396
OUTPUT3: 2004.85 0.0432611 -0.0494584 0.137396
OUTPUT3: 2004.85 0.0433717 -0.0495917 0.13789
OUTPUT3: 2004.85 0.0413118 -0.0512585 0.135556
OUTPUT3: 2004.85 0.0407907 -0.051646 0.134909
OUTPUT3: 2004.85 0.0245158 -0.0695283 0.117939
OUTPUT3: 2004.85 0.0264889 -0.0672356 0.119464
OUTPUT3: 2004.85 0.0295938 -0.0635598 0.121756
OUTPUT3: 2004.85 0.0304149 -0.062584 0.122356
OUTPUT3: 2004.85 0.0420256 -0.0492216 0.134887
OUTPUT3: 2004.85 0.0420282 -0.0492196 0.13489
OUTPUT3: 2004.85 0.0447722 -0.0471319 0.138329
OUTPUT3: 2004.85 0.0447722 -0.0471319 0.13833
OUTPUT3: 2004.86 0.0522518 -0.0407468 0.144093
OUTPUT3: 2004.86 0.0522518 -0.0407468 0.144093
OUTPUT3: 2004.86 0.0522518 -0.0407468 0.144093
OUTPUT3: 2004.86 0.0522518 -0.0407468 0.144093
OUTPUT3: 2004.86 0.0522518 -0.0407468 0.144093
OUTPUT3: 2004.86 0.0522518 -0.0407468 0.144093
OUTPUT3: 2004.86 0.0522518 -0.0407468 0.144093
OUTPUT3: 2004.86 0.0522518 -0.0407468 0.144093
OUTPUT3: 2004.86 0.0522518 -0.0407468 0.144093
OUTPUT3: 2004.86 0.0522518 -0.0407468 0.144093
OUTPUT3: 2004.86 0.0522518 -0.0407468 0.144093
OUTPUT3: 2004.86 0.0522518 -0.0407468 0.144093
OUTPUT3: 2004.86 0.0522518 -0.0407468 0.144093
OUTPUT3: 2004.86 0.0522518 -0.0407468 0.144093
OUTPUT3: 2004.86 0.0522518 -0.0407468 0.144093
OUTPUT3: 2004.86 0.0522518 -0.0407468 0.144093
OUTPUT3: 2004.88 0.0766657 -0.0173966 0.172035
OUTPUT3: 2004.88 0.0766657 -0.0173966 0.172035
OUTPUT3: 2004.88 0.0766657 -0.0173966 0.172035
OUTPUT3: 2004.88 0.0766657 -0.0173966 0.172035
OUTPUT3: 2004.88 0.0766657 -0.0173966 0.172035
OUTPUT3: 2004.88 0.0766657 -0.0173966 0.172035
OUTPUT3: 2004.88 0.0766657 -0.0173966 0.172035
OUTPUT3: 2004.88 0.0766657 -0.0173966 0.172035
OUTPUT3: 2004.88 0.0766657 -0.0173966 0.172035
OUTPUT3: 2004.88 0.0766657 -0.0173966 0.172035
OUTPUT3: 2004.88 0.0766657 -0.0173966 0.172035
OUTPUT3: 2004.88 0.0766657 -0.0173966 0.172035
OUTPUT3: 2004.88 0.0766657 -0.0173966 0.172035
OUTPUT3: 2004.88 0.0766657 -0.0173966 0.172035
OUTPUT3: 2004.88 0.0766657 -0.0173966 0.172035
OUTPUT3: 2004.88 0.0766657 -0.0173966 0.172035
OUTPUT3: 2004.88 0.0755045 -0.0182424 0.170555
OUTPUT3: 2004.88 0.0755045 -0.0182424 0.170555
OUTPUT3: 2004.88 0.0755045 -0.0182424 0.170555
OUTPUT3: 2004.88 0.0755045 -0.0182424 0.170555
OUTPUT3: 2004.88 0.0755045 -0.0182424 0.170555
OUTPUT3: 2004.88 0.0755045 -0.0182424 0.170555
OUTPUT3: 2004.88 0.0755045 -0.0182424 0.170555
OUTPUT3: 2004.88 0.0755045 -0.0182424 0.170555
OUTPUT3: 2004.88 0.0755045 -0.0182424 0.170555
OUTPUT3: 2004.88 0.0755045 -0.0182424 0.170555
OUTPUT3: 2004.88 0.0755045 -0.0182424 0.170555
OUTPUT3: 2004.88 0.0755045 -0.0182424 0.170555
OUTPUT3: 2004.88 0.0755045 -0.0182424 0.170555
OUTPUT3: 2004.88 0.0755045 -0.0182424 0.170555
OUTPUT3: 2004.88 0.0755045 -0.0182424 0.170555
OUTPUT3: 2004.88 0.0755045 -0.0182424 0.170555
OUTPUT3: 2004.91 0.042907 -0.0505765 0.13559
OUTPUT3: 2004.91 0.042288 -0.0513825 0.135236
OUTPUT3: 2004.91 0.0473019 -0.0451736 0.139692
OUTPUT3: 2004.92 0.0645217 -0.0266565 0.156564
OUTPUT3: 2004.92 0.0646409 -0.0265165 0.15671
OUTPUT3: 2004.92 0.0646409 -0.0265165 0.15671
OUTPUT3: 2004.92 0.0647001 -0.0263275 0.156844
OUTPUT3: 2004.92 0.0647 -0.0263275 0.156844
OUTPUT3: 2004.92 0.0642939 -0.0267538 0.156382
OUTPUT3: 2004.92 0.0628286 -0.0282644 0.154726
OUTPUT3: 2004.92 0.0628286 -0.0282644 0.154726
OUTPUT3: 2004.92 0.0530851 -0.0395674 0.146035
OUTPUT3: 2004.92 0.052871 -0.0398612 0.145922
OUTPUT3: 2004.92 0.0528709 -0.0398612 0.145922
OUTPUT3: 2004.92 0.0521792 -0.0411086 0.145552
OUTPUT3: 2004.92 0.0521791 -0.0411087 0.145552
OUTPUT3: 2004.92 0.0519454 -0.0415816 0.145317
OUTPUT3: 2004.92 0.0519636 -0.0415201 0.145241
OUTPUT3: 2004.92 0.0519636 -0.0415201 0.145241
OUTPUT3: 2004.92 0.049046 -0.04183 0.140168
OUTPUT3: 2004.93 0.0393418 -0.0521701 0.130967
OUTPUT3: 2004.93 0.0393418 -0.0521701 0.130967
OUTPUT3: 2004.93 0.0393418 -0.0521701 0.130967
OUTPUT3: 2004.93 0.0393418 -0.0521701 0.130967
OUTPUT3: 2004.93 0.0393418 -0.0521701 0.130967
OUTPUT3: 2004.93 0.0393418 -0.0521701 0.130967
OUTPUT3: 2004.93 0.0393418 -0.0521701 0.130967
OUTPUT3: 2004.93 0.0393418 -0.0521701 0.130967
OUTPUT3: 2004.93 0.0393418 -0.0521701 0.130967
OUTPUT3: 2004.93 0.0393418 -0.0521701 0.130967
OUTPUT3: 2004.93 0.0393418 -0.0521701 0.130967
OUTPUT3: 2004.93 0.0387333 -0.0528983 0.130527
OUTPUT3: 2004.93 0.0387333 -0.0528983 0.130527
OUTPUT3: 2004.93 0.0387333 -0.0528983 0.130527
OUTPUT3: 2004.93 0.0387333 -0.0528983 0.130527
OUTPUT3: 2004.93 0.0387333 -0.0528983 0.130527
OUTPUT3: 2004.93 0.0387333 -0.0528983 0.130527
OUTPUT3: 2004.93 0.0387333 -0.0528983 0.130527
OUTPUT3: 2004.93 0.0387333 -0.0528983 0.130527
OUTPUT3: 2004.93 0.0387333 -0.0528983 0.130527
OUTPUT3: 2004.93 0.0387333 -0.0528983 0.130527
OUTPUT3: 2004.93 0.0387333 -0.0528983 0.130527
OUTPUT3: 2004.93 0.0387333 -0.0528983 0.130527
OUTPUT3: 2004.93 0.0387333 -0.0528983 0.130527
OUTPUT3: 2004.93 0.0387333 -0.0528983 0.130527
OUTPUT3: 2004.93 0.0364281 -0.0556983 0.128907
OUTPUT3: 2004.93 0.0364281 -0.0556983 0.128907
OUTPUT3: 2004.93 0.0350661 -0.0573797 0.12798
OUTPUT3: 2004.93 0.0350661 -0.0573797 0.12798
OUTPUT3: 2004.93 0.0320254 -0.0618387 0.125933
OUTPUT3: 2004.96 0.0190632 -0.0734358 0.11155
OUTPUT3: 2004.96 0.0190632 -0.0734358 0.11155
OUTPUT3: 2004.96 0.0190632 -0.0734358 0.11155
OUTPUT3: 2004.96 0.0190632 -0.0734358 0.11155
OUTPUT3: 2004.96 0.0190632 -0.0734358 0.11155
OUTPUT3: 2004.96 0.0190632 -0.0734358 0.11155
OUTPUT3: 2004.96 0.0190632 -0.0734358 0.11155
OUTPUT3: 2004.96 0.0190632 -0.0734358 0.11155
OUTPUT3: 2004.96 0.0190632 -0.0734358 0.11155
OUTPUT3: 2004.96 0.0190632 -0.0734358 0.11155
OUTPUT3: 2004.96 0.0190632 -0.0734358 0.11155
OUTPUT3: 2004.96 0.0190632 -0.0734358 0.11155
OUTPUT3: 2004.96 0.0190632 -0.0734358 0.11155
OUTPUT3: 2004.96 0.0196856 -0.0727964 0.112205
OUTPUT3: 2004.96 0.0196856 -0.0727964 0.112205
OUTPUT3: 2004.96 0.0196856 -0.0727964 0.112205
OUTPUT3: 2004.96 0.0196856 -0.0727964 0.112205
OUTPUT3: 2004.96 0.0196856 -0.0727964 0.112205
OUTPUT3: 2004.96 0.0196856 -0.0727964 0.112205
OUTPUT3: 2004.96 0.0196856 -0.0727964 0.112205
OUTPUT3: 2004.96 0.0196856 -0.0727964 0.112205
OUTPUT3: 2004.96 0.0196856 -0.0727964 0.112205
OUTPUT3: 2004.96 0.0196856 -0.0727964 0.112205
OUTPUT3: 2004.96 0.0196856 -0.0727964 0.112205
OUTPUT3: 2004.96 0.0196856 -0.0727964 0.112205
OUTPUT3: 2004.96 0.0196856 -0.0727964 0.112205
OUTPUT3: 2004.96 0.0196856 -0.0727964 0.112205
OUTPUT3: 2004.96 0.0196856 -0.0727964 0.112205
OUTPUT3: 2004.96 0.0196856 -0.0727964 0.112205
OUTPUT3: 2004.97 -0.00873198 -0.104034 0.0854455
OUTPUT3: 2004.97 -0.0153094 -0.110506 0.0794427
OUTPUT3: 2004.97 -0.0153094 -0.110506 0.0794427
OUTPUT3: 2004.97 -0.0183904 -0.115135 0.0780463
OUTPUT3: 2004.97 -0.0181676 -0.11507 0.0783777
OUTPUT3: 2004.97 -0.0180643 -0.115025 0.078519
OUTPUT3: 2004.97 -0.0178555 -0.114915 0.0787906
OUTPUT3: 2004.97 -0.0178551 -0.114915 0.0787911
OUTPUT3: 2004.97 -0.0175801 -0.114748 0.0791298
OUTPUT3: 2004.97 -0.0172616 -0.114531 0.0795043
OUTPUT3: 2004.97 -0.0172607 -0.114531 0.0795053
OUTPUT3: 2004.97 -0.0169825 -0.114328 0.0798211
OUTPUT3: 2004.97 -0.0169825 -0.114328 0.0798212
OUTPUT3: 2004.97 0.00464756 -0.0911396 0.0989732
OUTPUT3: 2004.97 0.00566786 -0.0899101 0.0998525
OUTPUT3: 2004.97 0.00885604 -0.0860235 0.102914
OUTPUT3: 2004.97 0.00908122 -0.0857466 0.103133
OUTPUT3: 2004.97 0.0160646 -0.0770215 0.109873
OUTPUT3: 2004.97 0.016065 -0.077021 0.109874
OUTPUT3: 2004.97 0.017093 -0.0757169 0.110858
OUTPUT3: 2004.97 0.0172202 -0.0755552 0.11098
OUTPUT3: 2004.97 0.0186799 -0.0736956 0.112374
OUTPUT3: 2004.97 0.0186799 -0.0736956 0.112374
OUTPUT3: 2004.97 0.0272501 -0.0649347 0.12052
OUTPUT3: 2004.99 0.0110863 -0.0829301 0.105601
OUTPUT3: 2004.99 0.000472579 -0.0933911 0.0944423
OUTPUT3: 2004.99 -0.0286219 -0.127066 0.0680322
OUTPUT3: 2004.99 -0.0304815 -0.129032 0.0663017
OUTPUT3: 2005 -0.0283327 -0.121279 0.0653422
OUTPUT3: 2005 -0.0293592 -0.125592 0.0656192
OUTPUT3: 2005 -0.0519507 -0.151772 0.0454066
OUTPUT3: 2005.01 -0.0364376 -0.131594 0.057884
OUTPUT3: 2005.01 -0.0363693 -0.131625 0.0579961
OUTPUT3: 2005.01 -0.0361534 -0.131733 0.0583534
OUTPUT3: 2005.01 -0.0348411 -0.130887 0.0599372
OUTPUT3: 2005.01 -0.0348411 -0.130887 0.0599372
OUTPUT3: 2005.01 -0.0340767 -0.129831 0.0606371
OUTPUT3: 2005.01 -0.0339915 -0.129709 0.0607133
OUTPUT3: 2005.01 -0.0333881 -0.128836 0.0612487
OUTPUT3: 2005.01 -0.0333385 -0.128764 0.0612927
OUTPUT3: 2005.01 -0.0330322 -0.128319 0.0615633
OUTPUT3: 2005.01 -0.0326471 -0.127761 0.0619038
OUTPUT3: 2005.01 -0.0317678 -0.1265 0.0626852
OUTPUT3: 2005.01 -0.0317636 -0.126494 0.0626889
OUTPUT3: 2005.01 -0.028909 -0.122598 0.0652895
OUTPUT3: 2005.01 -0.0287855 -0.122437 0.0654046
OUTPUT3: 2005.01 -0.0275162 -0.120819 0.0665996
OUTPUT3: 2005.01 -0.017179 -0.11011 0.0771594
OUTPUT3: 2005.01 -0.0136971 -0.107688 0.081074
OUTPUT3: 2005.02 -0.0133653 -0.107577 0.081474
OUTPUT3: 2005.02 -0.0185645 -0.113582 0.0760958
OUTPUT3: 2005.02 -0.0215113 -0.116621 0.0730022
OUTPUT3: 2005.02 -0.021515 -0.116625 0.0729984
OUTPUT3: 2005.02 -0.0225816 -0.117741 0.071887
OUTPUT3: 2005.02 -0.0225829 -0.117743 0.0718856
OUTPUT3: 2005.02 -0.0262499 -0.12167 0.0681047
OUTPUT3: 2005.02 -0.0265123 -0.121957 0.0678367
OUTPUT3: 2005.02 -0.0288753 -0.124585 0.0654412
OUTPUT3: 2005.02 -0.0349473 -0.131814 0.0601997
OUTPUT3: 2005.02 -0.0349478 -0.131815 0.0601993
OUTPUT3: 2005.02 -0.0356866 -0.132774 0.0596657
OUTPUT3: 2005.02 -0.036994 -0.134583 0.0587822
OUTPUT3: 2005.02 -0.0369957 -0.134585 0.0587811
OUTPUT3: 2005.02 -0.0377811 -0.136018 0.0584353
OUTPUT3: 2005.02 -0.0377811 -0.136018 0.0584355
OUTPUT3: 2005.02 -0.0345588 -0.133148 0.0614219
OUTPUT3: 2005.02 -0.0327019 -0.131072 0.0629213
OUTPUT3: 2005.02 -0.0190585 -0.114088 0.0758997
OUTPUT3: 2005.02 -0.0190579 -0.114087 0.0759002
OUTPUT3: 2005.02 -0.0155897 -0.109369 0.0791021
OUTPUT3: 2005.02 -0.0155856 -0.109363 0.0791057
OUTPUT3: 2005.02 -0.0141268 -0.107241 0.0803813
OUTPUT3: 2005.02 -0.0140624 -0.107013 0.0803404
OUTPUT3: 2005.02 -0.0141534 -0.107115 0.0802421
OUTPUT3: 2005.03 -0.0164911 -0.110614 0.0784034
OUTPUT3: 2005.03 -0.0164911 -0.110614 0.0784034
OUTPUT3: 2005.03 -0.0164911 -0.110614 0.0784034
OUTPUT3: 2005.03 -0.0164911 -0.110614 0.0784034
OUTPUT3: 2005.03 -0.0164911 -0.110614 0.0784034
OUTPUT3: 2005.03 -0.0164911 -0.110614 0.0784034
OUTPUT3: 2005.03 -0.0164911 -0.110614 0.0784034
OUTPUT3: 2005.03 -0.0164911 -0.110614 0.0784034
OUTPUT3: 2005.03 -0.0164911 -0.110614 0.0784034
OUTPUT3: 2005.03 -0.0164911 -0.110614 0.0784034
OUTPUT3: 2005.03 -0.0164911 -0.110614 0.0784034
OUTPUT3: 2005.03 -0.0164911 -0.110614 0.0784034
OUTPUT3: 2005.03 -0.0164911 -0.110614 0.0784034
OUTPUT3: 2005.03 -0.0228918 -0.119323 0.0729607
OUTPUT3: 2005.04 -0.0394535 -0.138532 0.0568555
OUTPUT3: 2005.04 -0.0396634 -0.138877 0.0566696
OUTPUT3: 2005.04 -0.0401737 -0.139751 0.0563155
OUTPUT3: 2005.04 -0.0251675 -0.122145 0.070434
OUTPUT3: 2005.04 -0.024576 -0.121435 0.0710035
OUTPUT3: 2005.04 -0.0136913 -0.111567 0.0827996
OUTPUT3: 2005.04 -0.0136978 -0.111615 0.0828135
OUTPUT3: 2005.05 -0.00485293 -0.102927 0.092351
OUTPUT3: 2005.05 -0.00512556 -0.103319 0.0921048
OUTPUT3: 2005.05 -0.00567121 -0.10109 0.0903577
OUTPUT3: 2005.05 0.00538186 -0.0930551 0.102748
OUTPUT3: 2005.05 0.00547055 -0.0930822 0.102874
OUTPUT3: 2005.05 0.00578935 -0.0931549 0.10332
OUTPUT3: 2005.06 0.0105228 -0.0852804 0.107025
OUTPUT3: 2005.06 0.0106074 -0.0850579 0.107063
OUTPUT3: 2005.06 0.00913154 -0.0859875 0.105289
OUTPUT3: 2005.06 0.00913142 -0.0859877 0.105289
OUTPUT3: 2005.06 0.00892641 -0.0861957 0.105112
OUTPUT3: 2005.06 0.00892187 -0.0862003 0.105108
OUTPUT3: 2005.06 0.00866777 -0.0864589 0.10489
OUTPUT3: 2005.06 0.00816544 -0.0871449 0.104459
OUTPUT3: 2005.06 0.00816531 -0.0871451 0.104459
OUTPUT3: 2005.06 0.00804161 -0.0873294 0.104352
OUTPUT3: 2005.06 0.00804038 -0.0873312 0.104351
OUTPUT3: 2005.06 0.00512824 -0.0916345 0.101822
OUTPUT3: 2005.06 0.00463708 -0.0923439 0.101387
OUTPUT3: 2005.06 -0.00918725 -0.108396 0.0873349
OUTPUT3: 2005.06 -0.0112715 -0.110389 0.0851671
OUTPUT3: 2005.06 -0.0112735 -0.110396 0.0851679
OUTPUT3: 2005.06 -0.0112703 -0.110437 0.0851983
OUTPUT3: 2005.06 -0.0112649 -0.110442 0.0852097
OUTPUT3: 2005.06 -0.0111041 -0.110406 0.0854418
OUTPUT3: 2005.06 -0.0111041 -0.110406 0.0854419
OUTPUT3: 2005.06 -0.0109011 -0.110294 0.0856938
OUTPUT3: 2005.06 -0.0108799 -0.110281 0.0857193
OUTPUT3: 2005.06 -0.00901846 -0.108791 0.0877503
OUTPUT3: 2005.06 -0.00707423 -0.106923 0.0897767
OUTPUT3: 2005.07 0.00710987 -0.0883358 0.103715
OUTPUT3: 2005.07 0.00710987 -0.0883358 0.103715
OUTPUT3: 2005.07 0.00710987 -0.0883358 0.103715
OUTPUT3: 2005.07 0.00710987 -0.0883358 0.103715
OUTPUT3: 2005.07 0.00710987 -0.0883358 0.103715
OUTPUT3: 2005.07 0.00710987 -0.0883358 0.103715
OUTPUT3: 2005.07 0.00710987 -0.0883358 0.103715
OUTPUT3: 2005.07 0.00710987 -0.0883358 0.103715
OUTPUT3: 2005.07 0.00710987 -0.0883358 0.103715
OUTPUT3: 2005.07 0.00710987 -0.0883358 0.103715
OUTPUT3: 2005.07 0.00710987 -0.0883358 0.103715
OUTPUT3: 2005.07 0.00710987 -0.0883358 0.103715
OUTPUT3: 2005.07 0.000422558 -0.0974948 0.0981935
OUTPUT3: 2005.07 -0.00791617 -0.103218 0.0888321
OUTPUT3: 2005.07 -0.0498979 -0.153106 0.0497626
OUTPUT3: 2005.07 -0.0504265 -0.153779 0.0493533
OUTPUT3: 2005.07 -0.0507523 -0.154192 0.0490988
OUTPUT3: 2005.08 -0.0317839 -0.12781 0.0647076
OUTPUT3: 2005.08 -0.0297357 -0.125058 0.0666129
OUTPUT3: 2005.08 -0.0413355 -0.140978 0.0559578
OUTPUT3: 2005.08 -0.0419714 -0.141837 0.0553604
OUTPUT3: 2005.08 -0.0508499 -0.153439 0.0474947
OUTPUT3: 2005.08 -0.0508499 -0.153439 0.0474947
OUTPUT3: 2005.08 -0.0508499 -0.153439 0.0474947
OUTPUT3: 2005.08 -0.0508499 -0.153439 0.0474947
OUTPUT3: 2005.08 -0.0508499 -0.153439 0.0474947
OUTPUT3: 2005.08 -0.0508499 -0.153439 0.0474947
OUTPUT3: 2005.08 -0.0508499 -0.153439 0.0474947
OUTPUT3: 2005.08 -0.0508499 -0.153439 0.0474947
OUTPUT3: 2005.08 -0.0508499 -0.153439 0.0474947
OUTPUT3: 2005.08 -0.0508499 -0.153439 0.0474947
OUTPUT3: 2005.08 -0.0508499 -0.153439 0.0474947
OUTPUT3: 2005.08 -0.0508499 -0.153439 0.0474947
OUTPUT3: 2005.08 -0.0508499 -0.153439 0.0474947
OUTPUT3: 2005.08 -0.0508499 -0.153439 0.0474947
OUTPUT3: 2005.08 -0.0508499 -0.153439 0.0474947
OUTPUT3: 2005.08 -0.0508499 -0.153439 0.0474947
OUTPUT3: 2005.09 -0.031824 -0.13063 0.0654221
OUTPUT3: 2005.09 -0.0257766 -0.123551 0.0714086
OUTPUT3: 2005.09 -0.0248852 -0.122593 0.0723293
OUTPUT3: 2005.09 -0.0248846 -0.122593 0.07233
OUTPUT3: 2005.09 -0.020615 -0.118559 0.0769881
OUTPUT3: 2005.09 -0.0206146 -0.118559 0.0769885
OUTPUT3: 2005.09 -0.0173285 -0.116406 0.0810074
OUTPUT3: 2005.09 -0.0103893 -0.107472 0.0874644
OUTPUT3: 2005.09 -0.00909565 -0.105544 0.0884832
OUTPUT3: 2005.1 -0.0196032 -0.120698 0.0787595
OUTPUT3: 2005.1 -0.0204072 -0.121794 0.0780178
OUTPUT3: 2005.1 -0.0417844 -0.144237 0.0570706
OUTPUT3: 2005.1 -0.0251188 -0.126447 0.07353
OUTPUT3: 2005.1 -0.00846754 -0.106707 0.0899354
OUTPUT3: 2005.11 -0.00825119 -0.106384 0.0901204
OUTPUT3: 2005.11 -0.00766793 -0.105518 0.090621
OUTPUT3: 2005.11 -0.00334303 -0.103303 0.0957943
OUTPUT3: 2005.11 0.000242815 -0.09965 0.0994061
OUTPUT3: 2005.11 -0.00204239 -0.101198 0.0973142
OUTPUT3: 2005.12 0.00273929 -0.0944782 0.101787
OUTPUT3: 2005.12 0.00203925 -0.0951681 0.10096
OUTPUT3: 2005.12 0.000963308 -0.0962604 0.0998002
OUTPUT3: 2005.12 0.000963308 -0.0962604 0.0998002
OUTPUT3: 2005.12 0.000963308 -0.0962604 0.0998002
OUTPUT3: 2005.12 0.000963308 -0.0962604 0.0998002
OUTPUT3: 2005.12 0.000963308 -0.0962604 0.0998002
OUTPUT3: 2005.12 0.000963308 -0.0962604 0.0998002
OUTPUT3: 2005.12 0.000963308 -0.0962604 0.0998002
OUTPUT3: 2005.12 0.000963308 -0.0962604 0.0998002
OUTPUT3: 2005.12 0.000963308 -0.0962604 0.0998002
OUTPUT3: 2005.12 0.000963308 -0.0962604 0.0998002
OUTPUT3: 2005.12 0.000963308 -0.0962604 0.0998002
OUTPUT3: 2005.12 0.000963308 -0.0962604 0.0998002
OUTPUT3: 2005.12 0.000963308 -0.0962604 0.0998002
OUTPUT3: 2005.12 0.000963308 -0.0962604 0.0998002
OUTPUT3: 2005.12 0.000963308 -0.0962604 0.0998002
OUTPUT3: 2005.12 0.000963308 -0.0962604 0.0998002
OUTPUT3: 2005.12 -0.0162756 -0.118373 0.0830304
OUTPUT3: 2005.12 -0.0168518 -0.119154 0.0824687
OUTPUT3: 2005.12 -0.0336979 -0.136584 0.0650845
OUTPUT3: 2005.13 -0.0231599 -0.121284 0.0746137
OUTPUT3: 2005.13 -0.0330558 -0.133839 0.0651734
OUTPUT3: 2005.13 -0.0332974 -0.134164 0.0649486
OUTPUT3: 2005.13 -0.040659 -0.144012 0.0580558
OUTPUT3: 2005.13 -0.0406757 -0.144034 0.0580431
OUTPUT3: 2005.13 -0.0407491 -0.144087 0.0579682
OUTPUT3: 2005.13 -0.0407477 -0.144085 0.0579693
OUTPUT3: 2005.13 -0.0398058 -0.14283 0.0586822
OUTPUT3: 2005.13 -0.0398056 -0.14283 0.0586823
OUTPUT3: 2005.13 -0.0364586 -0.13845 0.061742
OUTPUT3: 2005.13 -0.0364574 -0.138449 0.0617432
OUTPUT3: 2005.13 -0.029534 -0.129637 0.0682463
OUTPUT3: 2005.13 -0.0169126 -0.115832 0.0810762
OUTPUT3: 2005.13 -0.0171418 -0.116273 0.0809223
OUTPUT3: 2005.13 -0.0176055 -0.117048 0.0805622
OUTPUT3: 2005.14 -0.0291448 -0.130978 0.0694653
OUTPUT3: 2005.14 -0.0291951 -0.131022 0.0694109
OUTPUT3: 2005.14 -0.0302804 -0.131882 0.0682031
OUTPUT3: 2005.14 -0.0302814 -0.131883 0.0682019
OUTPUT3: 2005.14 -0.0308521 -0.132193 0.0675186
OUTPUT3: 2005.14 -0.0308536 -0.132193 0.0675168
OUTPUT3: 2005.14 -0.0309449 -0.13222 0.0673998
OUTPUT3: 2005.14 -0.0309451 -0.13222 0.0673995
OUTPUT3: 2005.14 -0.0312386 -0.131994 0.0669233
OUTPUT3: 2005.14 -0.025977 -0.127356 0.0729616
OUTPUT3: 2005.14 -0.0189885 -0.119232 0.0795524
OUTPUT3: 2005.15 -0.00738592 -0.110226 0.0924507
OUTPUT3: 2005.15 0.0188066 -0.0786309 0.117988
OUTPUT3: 2005.15 0.0207121 -0.0766563 0.11975
OUTPUT3: 2005.15 0.0234354 -0.0739427 0.123156
OUTPUT3: 2005.15 0.000581835 -0.0998729 0.0997143
OUTPUT3: 2005.16 0.00493958 -0.0954371 0.103702
OUTPUT3: 2005.16 0.00497998 -0.0953705 0.103736
OUTPUT3: 2005.16 0.00583073 -0.0939082 0.104418
OUTPUT3: 2005.16 0.00620232 -0.0931878 0.104684
OUTPUT3: 2005.16 0.00620242 -0.0931875 0.104684
OUTPUT3: 2005.17 0.00640602 -0.092533 0.104736
OUTPUT3: 2005.17 0.00640602 -0.092533 0.104736
OUTPUT3: 2005.17 0.0063948 -0.0925133 0.104713
OUTPUT3: 2005.17 0.00637264 -0.0924988 0.104677
OUTPUT3: 2005.17 0.00637264 -0.0924988 0.104677
OUTPUT3: 2005.17 0.00635299 -0.0924959 0.104648
OUTPUT3: 2005.17 0.00620932 -0.0925546 0.104467
OUTPUT3: 2005.17 0.00347427 -0.0955457 0.101697
OUTPUT3: 2005.17 0.0034732 -0.095547 0.101696
OUTPUT3: 2005.17 -0.000857176 -0.101062 0.0976075
OUTPUT3: 2005.17 -0.00357707 -0.104671 0.0950991
OUTPUT3: 2005.17 -0.0044646 -0.105865 0.0942883
OUTPUT3: 2005.17 -0.00879574 -0.111823 0.0903996
OUTPUT3: 2005.17 -0.00900721 -0.112123 0.090215
OUTPUT3: 2005.17 -0.00908492 -0.112233 0.0901474
OUTPUT3: 2005.17 0.00940396 -0.0918549 0.109154
OUTPUT3: 2005.18 0.00310583 -0.0983547 0.102595
OUTPUT3: 2005.18 0.00184815 -0.0999757 0.101408
OUTPUT3: 2005.18 0.0117217 -0.0863888 0.110948
OUTPUT3: 2005.19 0.00351076 -0.0954523 0.102683
OUTPUT3: 2005.19 0.000842835 -0.100445 0.100336
OUTPUT3: 2005.19 -8.12854e-05 -0.102183 0.0996158
OUTPUT3: 2005.19 -0.0075672 -0.109217 0.0912102
OUTPUT3: 2005.19 -0.00417391 -0.105951 0.0946513
OUTPUT3: 2005.19 -0.00376687 -0.105644 0.0951139
OUTPUT3: 2005.2 0.02913 -0.0696188 0.128092
OUTPUT3: 2005.21 0.054978 -0.0438547 0.154608
OUTPUT3: 2005.21 0.054978 -0.0438547 0.154608
OUTPUT3: 2005.21 0.054978 -0.0438547 0.154608
OUTPUT3: 2005.21 0.054978 -0.0438547 0.154608
OUTPUT3: 2005.21 0.054978 -0.0438547 0.154608
OUTPUT3: 2005.21 0.054978 -0.0438547 0.154608
OUTPUT3: 2005.21 0.054978 -0.0438547 0.154608
OUTPUT3: 2005.21 0.054978 -0.0438547 0.154608
OUTPUT3: 2005.21 0.054978 -0.0438547 0.154608
OUTPUT3: 2005.21 0.054978 -0.0438547 0.154608
OUTPUT3: 2005.21 0.054978 -0.0438547 0.154608
OUTPUT3: 2005.21 0.054978 -0.0438547 0.154608
OUTPUT3: 2005.21 0.054978 -0.0438547 0.154608
OUTPUT3: 2005.21 0.0626187 -0.0352097 0.162211
OUTPUT3: 2005.21 0.0513868 -0.0476428 0.150857
OUTPUT3: 2005.22 0.0430597 -0.0558084 0.141342
OUTPUT3: 2005.22 0.0401329 -0.0593869 0.138512
OUTPUT3: 2005.22 0.0401026 -0.059424 0.138482
OUTPUT3: 2005.22 0.0387635 -0.0610623 0.13719
OUTPUT3: 2005.22 0.0387565 -0.0610708 0.137183
OUTPUT3: 2005.22 0.0383755 -0.0615369 0.136816
OUTPUT3: 2005.22 0.0377247 -0.0623328 0.136188
OUTPUT3: 2005.22 0.0377245 -0.062333 0.136188
OUTPUT3: 2005.22 0.0364883 -0.0638438 0.134996
OUTPUT3: 2005.22 0.0363842 -0.063971 0.134896
OUTPUT3: 2005.22 0.032168 -0.0691037 0.130834
OUTPUT3: 2005.22 0.0321565 -0.0691176 0.130823
OUTPUT3: 2005.22 0.0309687 -0.0705544 0.129678
OUTPUT3: 2005.22 0.0309687 -0.0705544 0.129678
OUTPUT3: 2005.22 0.0305619 -0.0710453 0.129285
OUTPUT3: 2005.22 0.0305619 -0.0710453 0.129285
OUTPUT3: 2005.22 0.0210195 -0.082065 0.119989
OUTPUT3: 2005.22 0.0210144 -0.0820703 0.119984
OUTPUT3: 2005.22 0.0206023 -0.0824838 0.119569
OUTPUT3: 2005.22 0.0206023 -0.0824838 0.119569
OUTPUT3: 2005.22 0.0191074 -0.0835184 0.11796
OUTPUT3: 2005.22 0.0191073 -0.0835181 0.11796
OUTPUT3: 2005.22 0.0257845 -0.0722202 0.123667
OUTPUT3: 2005.22 0.0263761 -0.0713437 0.124203
OUTPUT3: 2005.22 0.0287257 -0.0681907 0.126349
OUTPUT3: 2005.22 0.0311399 -0.0655927 0.128592
OUTPUT3: 2005.22 0.0311635 -0.0655673 0.128614
OUTPUT3: 2005.22 0.0335408 -0.0629843 0.131037
OUTPUT3: 2005.22 0.0330737 -0.0634716 0.13068
OUTPUT3: 2005.22 0.0325613 -0.0640104 0.130257
OUTPUT3: 2005.22 0.0324978 -0.0640773 0.130204
OUTPUT3: 2005.22 0.0324192 -0.0641601 0.130138
OUTPUT3: 2005.22 0.0264306 -0.0717667 0.124849
OUTPUT3: 2005.22 0.024072 -0.0749827 0.122694
OUTPUT3: 2005.22 0.0163861 -0.0845551 0.115306
OUTPUT3: 2005.22 0.0163857 -0.0845555 0.115305
OUTPUT3: 2005.22 0.0149459 -0.0856081 0.113638
OUTPUT3: 2005.22 0.0149458 -0.085608 0.113638
OUTPUT3: 2005.22 0.0149457 -0.0856079 0.113638
OUTPUT3: 2005.22 0.0149456 -0.0856079 0.113638
OUTPUT3: 2005.23 0.0154787 -0.083545 0.11363
OUTPUT3: 2005.23 0.0164936 -0.0814642 0.114312
OUTPUT3: 2005.24 -0.0125015 -0.112122 0.0851882
OUTPUT3: 2005.24 -0.0011936 -0.0970152 0.0962002
OUTPUT3: 2005.24 -0.00177524 -0.0976146 0.0955066
OUTPUT3: 2005.24 -0.0171554 -0.115562 0.0807094
OUTPUT3: 2005.25 -0.0263124 -0.12369 0.0708496
OUTPUT3: 2005.25 -0.0504959 -0.15074 0.0463894
OUTPUT3: 2005.25 -0.0501828 -0.150641 0.0467209
OUTPUT3: 2005.25 -0.0499744 -0.150316 0.0468967
OUTPUT3: 2005.25 -0.0491184 -0.148963 0.0476134
OUTPUT3: 2005.26 -0.0496123 -0.148026 0.046723
OUTPUT3: 2005.26 -0.0497787 -0.148259 0.0465764
OUTPUT3: 2005.26 -0.0530583 -0.152338 0.0434535
OUTPUT3: 2005.26 -0.0529363 -0.151808 0.0434024
OUTPUT3: 2005.26 -0.0344761 -0.132935 0.0618639
OUTPUT3: 2005.26 -0.0298828 -0.127442 0.0663023
OUTPUT3: 2005.26 -0.0293553 -0.126812 0.0668127
OUTPUT3: 2005.26 -0.028898 -0.126267 0.0672553
OUTPUT3: 2005.26 -0.0267841 -0.123753 0.0693045
OUTPUT3: 2005.26 -0.0195073 -0.115293 0.0764382
OUTPUT3: 2005.27 -0.0131046 -0.109444 0.0833618
OUTPUT3: 2005.27 -0.0129121 -0.110435 0.0840619
OUTPUT3: 2005.27 -0.0128273 -0.110787 0.0843454
OUTPUT3: 2005.27 -0.0128273 -0.110787 0.0843454
OUTPUT3: 2005.27 -0.0128259 -0.110788 0.0843482
OUTPUT3: 2005.27 -0.0125302 -0.110753 0.0847862
OUTPUT3: 2005.27 -0.0125299 -0.110753 0.0847866
OUTPUT3: 2005.27 -0.00816971 -0.105597 0.0891554
OUTPUT3: 2005.27 -0.00816967 -0.105597 0.0891554
OUTPUT3: 2005.27 -0.00623461 -0.103025 0.0909589
OUTPUT3: 2005.27 -0.00403308 -0.100052 0.0929848
OUTPUT3: 2005.27 -0.00403203 -0.100051 0.0929858
OUTPUT3: 2005.27 0.000890585 -0.0941086 0.0974541
OUTPUT3: 2005.27 0.000890585 -0.0941086 0.0974541
OUTPUT3: 2005.27 0.000909026 -0.0940889 0.0974707
OUTPUT3: 2005.27 0.00308672 -0.0917547 0.0994217
OUTPUT3: 2005.27 0.00308672 -0.0917547 0.0994217
OUTPUT3: 2005.27 0.00310165 -0.0917387 0.0994349
OUTPUT3: 2005.27 0.00376502 -0.0910233 0.100024
OUTPUT3: 2005.27 0.00376523 -0.0910231 0.100024
OUTPUT3: 2005.27 -0.0124437 -0.110514 0.0844012
OUTPUT3: 2005.27 -0.0132671 -0.111578 0.0836172
OUTPUT3: 2005.28 -0.0163991 -0.113184 0.0795588
OUTPUT3: 2005.29 -0.0190416 -0.117401 0.0766358
OUTPUT3: 2005.29 -0.0192321 -0.11718 0.0762581
OUTPUT3: 2005.29 -0.0169732 -0.114012 0.0782548
OUTPUT3: 2005.29 -0.0169732 -0.114012 0.0782549
OUTPUT3: 2005.29 -0.0167366 -0.113847 0.078537
OUTPUT3: 2005.29 -0.0167365 -0.113847 0.078537
OUTPUT3: 2005.29 -0.0164472 -0.113648 0.0788843
OUTPUT3: 2005.29 -0.0164472 -0.113648 0.0788843
OUTPUT3: 2005.29 -0.0164049 -0.113619 0.0789351
OUTPUT3: 2005.29 -0.0163337 -0.11357 0.0790208
OUTPUT3: 2005.29 -0.0160678 -0.113389 0.0793413
OUTPUT3: 2005.29 -0.0159384 -0.1133 0.0794972
OUTPUT3: 2005.29 -0.0159183 -0.113286 0.0795214
OUTPUT3: 2005.29 -0.0157928 -0.113199 0.0796724
OUTPUT3: 2005.29 -0.0121737 -0.108938 0.0833733
OUTPUT3: 2005.29 -0.0121736 -0.108937 0.0833731
OUTPUT3: 2005.29 -0.0121736 -0.108937 0.0833729
OUTPUT3: 2005.29 -0.0121799 -0.108839 0.0833259
OUTPUT3: 2005.29 -0.0123309 -0.108605 0.0830114
OUTPUT3: 2005.29 -0.0126042 -0.108588 0.0826
OUTPUT3: 2005.29 -0.0204494 -0.118154 0.0746096
OUTPUT3: 2005.29 -0.0205331 -0.118313 0.0745439
OUTPUT3: 2005.29 -0.0209093 -0.11906 0.0742599
OUTPUT3: 2005.29 -0.021091 -0.119449 0.0741315
OUTPUT3: 2005.29 -0.0213036 -0.119942 0.0739926
OUTPUT3: 2005.29 -0.0214781 -0.120397 0.0738941
OUTPUT3: 2005.29 -0.0215044 -0.120472 0.0738814
OUTPUT3: 2005.29 -0.0215512 -0.120613 0.0738607
OUTPUT3: 2005.3 -0.0168882 -0.115231 0.0782173
OUTPUT3: 2005.3 -0.0168944 -0.115141 0.0781732
OUTPUT3: 2005.3 -0.0286906 -0.127132 0.0658991
OUTPUT3: 2005.3 -0.0308571 -0.130239 0.0642218
OUTPUT3: 2005.3 -0.0310043 -0.130467 0.0641486
OUTPUT3: 2005.3 -0.0101921 -0.107311 0.0852164
OUTPUT3: 2005.3 -0.00441456 -0.0999601 0.0907292
OUTPUT3: 2005.3 -0.00441456 -0.0999601 0.0907292
OUTPUT3: 2005.3 -0.00441456 -0.0999601 0.0907292
OUTPUT3: 2005.3 -0.00441456 -0.0999601 0.0907292
OUTPUT3: 2005.3 -0.00441456 -0.0999601 0.0907292
OUTPUT3: 2005.3 -0.00441456 -0.0999601 0.0907292
OUTPUT3: 2005.3 -0.00441456 -0.0999601 0.0907292
OUTPUT3: 2005.3 -0.00441456 -0.0999601 0.0907292
OUTPUT3: 2005.3 -0.00441456 -0.0999601 0.0907292
OUTPUT3: 2005.3 -0.00441456 -0.0999601 0.0907292
OUTPUT3: 2005.3 -0.00441456 -0.0999601 0.0907292
OUTPUT3: 2005.3 -0.00441456 -0.0999601 0.0907292
OUTPUT3: 2005.3 -0.00441456 -0.0999601 0.0907292
OUTPUT3: 2005.3 -0.00283897 -0.0979493 0.0922292
OUTPUT3: 2005.3 -0.00283897 -0.0979493 0.0922292
OUTPUT3: 2005.3 -0.00283897 -0.0979493 0.0922292
OUTPUT3: 2005.3 -0.00283897 -0.0979493 0.0922292
OUTPUT3: 2005.3 -0.00283897 -0.0979493 0.0922292
OUTPUT3: 2005.3 -0.00283897 -0.0979493 0.0922292
OUTPUT3: 2005.3 -0.00283897 -0.0979493 0.0922292
OUTPUT3: 2005.3 -0.00283897 -0.0979493 0.0922292
OUTPUT3: 2005.3 -0.00283897 -0.0979493 0.0922292
OUTPUT3: 2005.3 -0.00283897 -0.0979493 0.0922292
OUTPUT3: 2005.3 -0.00283897 -0.0979493 0.0922292
OUTPUT3: 2005.3 -0.00283897 -0.0979493 0.0922292
OUTPUT3: 2005.3 -0.00283897 -0.0979493 0.0922292
OUTPUT3: 2005.3 0.00426464 -0.0892344 0.0990123
OUTPUT3: 2005.3 0.00426674 -0.0892322 0.0990143
OUTPUT3: 2005.3 0.00643244 -0.08703 0.101126
OUTPUT3: 2005.3 0.00643316 -0.0870293 0.101127
OUTPUT3: 2005.3 0.00643316 -0.0870293 0.101127
OUTPUT3: 2005.3 0.00643336 -0.0870291 0.101127
OUTPUT3: 2005.3 0.00685247 -0.0866115 0.101548
OUTPUT3: 2005.3 0.00685252 -0.0866114 0.101548
OUTPUT3: 2005.3 0.00716656 -0.0863038 0.101871
OUTPUT3: 2005.3 0.00716687 -0.0863035 0.101871
OUTPUT3: 2005.3 0.00746042 -0.0861354 0.10235
OUTPUT3: 2005.3 0.00746039 -0.0861355 0.10235
OUTPUT3: 2005.3 0.00663117 -0.0873639 0.101712
OUTPUT3: 2005.3 0.00663109 -0.087364 0.101712
OUTPUT3: 2005.3 0.00662424 -0.0873761 0.101707
OUTPUT3: 2005.3 0.0062812 -0.0879727 0.101427
OUTPUT3: 2005.3 0.0053981 -0.0894723 0.100694
OUTPUT3: 2005.31 0.00161805 -0.0960001 0.0973973
OUTPUT3: 2005.31 0.00161804 -0.0960024 0.0973968
OUTPUT3: 2005.31 0.00163303 -0.0960192 0.0973986
OUTPUT3: 2005.31 0.00163305 -0.0960192 0.0973986
OUTPUT3: 2005.31 0.00235098 -0.0951524 0.0979158
OUTPUT3: 2005.31 0.00245938 -0.0950039 0.0979967
OUTPUT3: 2005.31 0.00256315 -0.0948603 0.0980739
OUTPUT3: 2005.31 0.00280161 -0.0945255 0.0982501
OUTPUT3: 2005.31 0.00346099 -0.0935489 0.0986628
OUTPUT3: 2005.31 0.00342765 -0.0935885 0.0986116
OUTPUT3: 2005.31 0.00342748 -0.0935888 0.0986114
OUTPUT3: 2005.31 0.00279282 -0.0944737 0.0979794
OUTPUT3: 2005.31 0.00279232 -0.0944745 0.0979789
OUTPUT3: 2005.31 0.00279209 -0.0944748 0.0979787
OUTPUT3: 2005.31 0.00237611 -0.095069 0.0975958
OUTPUT3: 2005.31 0.00237593 -0.0950693 0.0975957
OUTPUT3: 2005.31 0.0021071 -0.0954555 0.0973522
OUTPUT3: 2005.31 0.00210592 -0.0954572 0.0973511
OUTPUT3: 2005.31 0.00104172 -0.0969957 0.0964047
OUTPUT3: 2005.31 0.00104105 -0.0969967 0.096404
OUTPUT3: 2005.31 -6.68713e-06 -0.0985212 0.0954904
OUTPUT3: 2005.31 -6.68713e-06 -0.0985212 0.0954904
OUTPUT3: 2005.31 -1.42218e-05 -0.0985322 0.0954839
OUTPUT3: 2005.31 -0.000406338 -0.0991046 0.095146
OUTPUT3: 2005.31 -0.000629576 -0.0994309 0.0949548
OUTPUT3: 2005.31 -0.00140499 -0.100567 0.0942986
OUTPUT3: 2005.31 -0.00140502 -0.100567 0.0942986
OUTPUT3: 2005.31 0.00240043 -0.0950149 0.0979032
OUTPUT3: 2005.31 0.00289853 -0.0942859 0.0983516
OUTPUT3: 2005.31 0.00289887 -0.0942854 0.0983519
OUTPUT3: 2005.31 0.00500322 -0.0912052 0.100244
OUTPUT3: 2005.31 0.00500322 -0.0912052 0.100244
OUTPUT3: 2005.31 0.00501612 -0.0911863 0.100256
OUTPUT3: 2005.31 0.00557979 -0.0903611 0.100763
OUTPUT3: 2005.31 0.00885828 -0.0855404 0.103753
OUTPUT3: 2005.31 0.00885819 -0.0855405 0.103753
OUTPUT3: 2005.31 0.00883065 -0.0855766 0.103734
OUTPUT3: 2005.31 0.00757299 -0.0873599 0.102664
OUTPUT3: 2005.31 0.00757207 -0.0873612 0.102663
OUTPUT3: 2005.31 0.00632806 -0.0891323 0.10158
OUTPUT3: 2005.31 0.0063271 -0.0891337 0.101579
OUTPUT3: 2005.31 0.00516869 -0.0907798 0.100563
OUTPUT3: 2005.32 -0.00509237 -0.10378 0.0909351
OUTPUT3: 2005.32 -0.00295297 -0.100598 0.0927924
OUTPUT3: 2005.32 -0.0173477 -0.116376 0.0791051
OUTPUT3: 2005.33 -0.0167239 -0.114715 0.0793337
OUTPUT3: 2005.33 -0.00525924 -0.103511 0.091279
OUTPUT3: 2005.33 -0.00507541 -0.103065 0.0913384
OUTPUT3: 2005.34 0.00105816 -0.0951531 0.0975492
OUTPUT3: 2005.34 0.00191193 -0.0938702 0.0982793
OUTPUT3: 2005.34 0.00146338 -0.0963869 0.0982486
OUTPUT3: 2005.34 0.00123463 -0.0975719 0.0983084
OUTPUT3: 2005.34 0.00123186 -0.0976359 0.0983248
OUTPUT3: 2005.35 0.0161963 -0.0808247 0.112988
OUTPUT3: 2005.35 0.0161837 -0.0804294 0.112798
OUTPUT3: 2005.35 -0.00391486 -0.101798 0.0919978
OUTPUT3: 2005.35 -0.00897418 -0.10792 0.0870756
OUTPUT3: 2005.35 -0.015344 -0.115705 0.0809145
OUTPUT3: 2005.35 -0.0157207 -0.116166 0.0805509
OUTPUT3: 2005.35 -0.0163212 -0.116902 0.0799714
OUTPUT3: 2005.35 -0.0163212 -0.116902 0.0799713
OUTPUT3: 2005.35 -0.0192928 -0.120536 0.0773024
OUTPUT3: 2005.35 -0.0192932 -0.120536 0.0773021
OUTPUT3: 2005.36 -0.0246141 -0.126749 0.0728486
OUTPUT3: 2005.36 -0.0246142 -0.126749 0.0728484
OUTPUT3: 2005.36 -0.0242019 -0.126019 0.0729347
OUTPUT3: 2005.36 -0.0228959 -0.124147 0.0736917
OUTPUT3: 2005.36 -0.0228934 -0.124144 0.0736935
OUTPUT3: 2005.36 -0.0205232 -0.120897 0.0756355
OUTPUT3: 2005.36 -0.0205046 -0.120872 0.075653
OUTPUT3: 2005.36 -0.0205046 -0.120872 0.075653
OUTPUT3: 2005.36 -0.0153847 -0.114056 0.0804931
OUTPUT3: 2005.36 -0.0153845 -0.114055 0.0804933
OUTPUT3: 2005.36 -0.0143628 -0.112716 0.0814689
OUTPUT3: 2005.36 -0.0101463 -0.107257 0.0855345
OUTPUT3: 2005.36 -0.0101398 -0.107249 0.0855407
OUTPUT3: 2005.36 -0.00661181 -0.102784 0.0890103
OUTPUT3: 2005.36 -0.0066045 -0.102775 0.0890176
OUTPUT3: 2005.36 -0.00627601 -0.102366 0.0893454
OUTPUT3: 2005.36 -0.00626846 -0.102357 0.0893529
OUTPUT3: 2005.36 -0.00590317 -0.101903 0.0897187
OUTPUT3: 2005.36 -0.00589414 -0.101892 0.0897278
OUTPUT3: 2005.36 -0.00560228 -0.101531 0.0900211
OUTPUT3: 2005.36 -0.0120605 -0.106492 0.084075
OUTPUT3: 2005.38 -0.0530167 -0.150701 0.0429147
OUTPUT3: 2005.38 -0.0519911 -0.14815 0.0433901
OUTPUT3: 2005.38 -0.0519911 -0.14815 0.0433901
OUTPUT3: 2005.38 -0.0519911 -0.14815 0.0433901
OUTPUT3: 2005.38 -0.0519911 -0.14815 0.0433901
OUTPUT3: 2005.38 -0.0519911 -0.14815 0.0433901
OUTPUT3: 2005.38 -0.0519911 -0.14815 0.0433901
OUTPUT3: 2005.38 -0.0519911 -0.14815 0.0433901
OUTPUT3: 2005.38 -0.0519911 -0.14815 0.0433901
OUTPUT3: 2005.38 -0.0519911 -0.14815 0.0433901
OUTPUT3: 2005.38 -0.0519911 -0.14815 0.0433901
OUTPUT3: 2005.38 -0.0519911 -0.14815 0.0433901
OUTPUT3: 2005.38 -0.0519911 -0.14815 0.0433901
OUTPUT3: 2005.38 -0.0519911 -0.14815 0.0433901
OUTPUT3: 2005.38 -0.0519911 -0.14815 0.0433901
OUTPUT3: 2005.39 -0.0488317 -0.144623 0.0460676
OUTPUT3: 2005.39 -0.0501514 -0.146615 0.0448841
OUTPUT3: 2005.39 -0.050389 -0.14699 0.0446759
OUTPUT3: 2005.39 -0.0481926 -0.144813 0.0464929
OUTPUT3: 2005.39 -0.0480068 -0.144289 0.0465104
OUTPUT3: 2005.39 -0.0414855 -0.137593 0.0530152
OUTPUT3: 2005.4 -0.0179512 -0.110564 0.0761871
OUTPUT3: 2005.4 -0.0180885 -0.11116 0.0762037
OUTPUT3: 2005.4 -0.0185934 -0.114575 0.0764132
OUTPUT3: 2005.4 -0.0185932 -0.114575 0.0764135
OUTPUT3: 2005.4 -0.0180885 -0.114406 0.0769844
OUTPUT3: 2005.4 -0.0169208 -0.113336 0.0781472
OUTPUT3: 2005.4 -0.0169205 -0.113335 0.0781475
OUTPUT3: 2005.4 -0.0165354 -0.112915 0.0785155
OUTPUT3: 2005.4 -0.0165345 -0.112914 0.0785164
OUTPUT3: 2005.4 -0.0138674 -0.109654 0.0809836
OUTPUT3: 2005.4 -0.0138571 -0.10964 0.0809929
OUTPUT3: 2005.4 -0.0138549 -0.109638 0.0809949
OUTPUT3: 2005.4 -0.0122266 -0.107476 0.082461
OUTPUT3: 2005.4 -0.0122127 -0.107457 0.0824735
OUTPUT3: 2005.4 -0.0122127 -0.107457 0.0824735
OUTPUT3: 2005.4 -0.00947 -0.103615 0.0848935
OUTPUT3: 2005.4 -0.00822924 -0.10178 0.0859627
OUTPUT3: 2005.4 -0.00667849 -0.099139 0.0872013
OUTPUT3: 2005.4 -0.00690536 -0.0993522 0.086918
OUTPUT3: 2005.4 -0.00690614 -0.0993529 0.0869172
OUTPUT3: 2005.4 -0.00898421 -0.101498 0.0849014
OUTPUT3: 2005.4 -0.0110561 -0.104006 0.0829571
OUTPUT3: 2005.4 -0.0119913 -0.10517 0.0820854
OUTPUT3: 2005.4 -0.0181288 -0.112836 0.0763824
OUTPUT3: 2005.4 -0.0181322 -0.11284 0.0763793
OUTPUT3: 2005.4 -0.019132 -0.114025 0.0754384
OUTPUT3: 2005.4 -0.0191332 -0.114026 0.0754371
OUTPUT3: 2005.4 -0.019143 -0.114037 0.0754279
OUTPUT3: 2005.4 -0.0195832 -0.114502 0.0750022
OUTPUT3: 2005.4 -0.0196686 -0.114421 0.0748861
OUTPUT3: 2005.4 -0.0196685 -0.114421 0.0748862
OUTPUT3: 2005.41 -0.0189493 -0.113226 0.0754967
OUTPUT3: 2005.41 -0.0189491 -0.113226 0.0754969
OUTPUT3: 2005.41 -0.0176603 -0.111293 0.0766323
OUTPUT3: 2005.41 -0.0176411 -0.111265 0.0766493
OUTPUT3: 2005.41 -0.0176411 -0.111265 0.0766493
OUTPUT3: 2005.41 -0.0325745 -0.127346 0.0610984
OUTPUT3: 2005.41 -0.0327126 -0.127029 0.0607078
OUTPUT3: 2005.42 -0.0180581 -0.110397 0.0749715
OUTPUT3: 2005.43 -0.0187022 -0.116565 0.075766
OUTPUT3: 2005.44 -0.0125153 -0.108486 0.0813664
OUTPUT3: 2005.44 0.00667055 -0.0873607 0.100667
OUTPUT3: 2005.44 0.00667153 -0.0873595 0.100668
OUTPUT3: 2005.44 0.00723983 -0.0866445 0.101211
OUTPUT3: 2005.44 0.012607 -0.0797968 0.106302
OUTPUT3: 2005.44 0.0131041 -0.0791538 0.106771
OUTPUT3: 2005.44 0.0131041 -0.0791538 0.106771
OUTPUT3: 2005.44 0.0133197 -0.0788745 0.106974
OUTPUT3: 2005.44 0.0235172 -0.0675086 0.116335
OUTPUT3: 2005.44 0.023516 -0.0675099 0.116333
OUTPUT3: 2005.44 0.0228378 -0.0682156 0.11567
OUTPUT3: 2005.44 0.0228351 -0.0682184 0.115668
OUTPUT3: 2005.44 0.0227284 -0.0683297 0.115565
OUTPUT3: 2005.44 0.0227276 -0.0683305 0.115564
OUTPUT3: 2005.44 0.0227137 -0.068345 0.115551
OUTPUT3: 2005.44 0.0225289 -0.0685378 0.115373
OUTPUT3: 2005.44 0.0225286 -0.0685381 0.115373
OUTPUT3: 2005.44 0.0217933 -0.069306 0.11467
OUTPUT3: 2005.44 0.0217898 -0.0693096 0.114667
OUTPUT3: 2005.44 0.0214945 -0.0696181 0.114386
OUTPUT3: 2005.44 0.020782 -0.0703626 0.11371
OUTPUT3: 2005.44 0.0186344 -0.0726063 0.111684
OUTPUT3: 2005.44 0.0145294 -0.0768893 0.107829
OUTPUT3: 2005.44 -0.000724338 -0.0952645 0.093356
OUTPUT3: 2005.44 -0.000913725 -0.0954763 0.0931674
OUTPUT3: 2005.44 -0.00236456 -0.0969943 0.0916857
OUTPUT3: 2005.44 -0.00332602 -0.0977736 0.0906224
OUTPUT3: 2005.44 -0.00397383 -0.0977811 0.089717
OUTPUT3: 2005.44 -0.00406132 -0.0975389 0.0895048
OUTPUT3: 2005.44 -0.00409298 -0.0973176 0.0893781
OUTPUT3: 2005.44 -0.00409343 -0.0973129 0.0893757
OUTPUT3: 2005.44 -0.0041439 -0.0965498 0.0890167
OUTPUT3: 2005.44 -0.00415247 -0.0964762 0.0889764
OUTPUT3: 2005.44 -0.00416945 -0.0963653 0.0889096
OUTPUT3: 2005.44 -0.0041818 -0.0963031 0.0888679
OUTPUT3: 2005.44 -0.00423067 -0.0961359 0.0887332
OUTPUT3: 2005.44 -0.00423086 -0.0961354 0.0887327
OUTPUT3: 2005.45 -0.0209148 -0.113869 0.0713543
OUTPUT3: 2005.46 -0.0324444 -0.127212 0.0595316
OUTPUT3: 2005.47 0.000316154 -0.0891156 0.091478
OUTPUT3: 2005.47 -0.0215084 -0.115931 0.0700881
OUTPUT3: 2005.47 -0.0347887 -0.126693 0.0552788
OUTPUT3: 2005.48 -0.0104142 -0.0989631 0.0797105
OUTPUT3: 2005.48 -0.0102789 -0.0988233 0.0798532
OUTPUT3: 2005.48 -0.012062 -0.101701 0.0784334
OUTPUT3: 2005.48 -0.0131491 -0.102733 0.0772086
OUTPUT3: 2005.48 -0.0140411 -0.103548 0.076198
OUTPUT3: 2005.48 -0.0143526 -0.103832 0.0758457
OUTPUT3: 2005.48 -0.014611 -0.104067 0.0755539
OUTPUT3: 2005.48 -0.0347238 -0.126254 0.0546608
OUTPUT3: 2005.49 -0.0354063 -0.127608 0.0541647
OUTPUT3: 2005.49 -0.0354063 -0.127608 0.0541646
OUTPUT3: 2005.49 -0.0354029 -0.127607 0.0541688
OUTPUT3: 2005.49 -0.0354029 -0.127607 0.0541688
OUTPUT3: 2005.49 -0.0330261 -0.125204 0.0566548
OUTPUT3: 2005.49 -0.0330243 -0.125202 0.0566565
OUTPUT3: 2005.49 -0.0320231 -0.124061 0.0576588
OUTPUT3: 2005.49 -0.0320172 -0.124054 0.0576646
OUTPUT3: 2005.49 -0.0309432 -0.1228 0.0587291
OUTPUT3: 2005.49 -0.0296066 -0.12121 0.0600427
OUTPUT3: 2005.49 -0.0296048 -0.121208 0.0600445
OUTPUT3: 2005.49 -0.027796 -0.119015 0.0618073
OUTPUT3: 2005.49 -0.0277935 -0.119012 0.0618098
OUTPUT3: 2005.49 -0.0237752 -0.114022 0.0656799
OUTPUT3: 2005.49 -0.0237738 -0.114021 0.0656811
OUTPUT3: 2005.49 -0.0186844 -0.107521 0.0705115
OUTPUT3: 2005.49 -0.0186844 -0.107521 0.0705115
OUTPUT3: 2005.49 -0.0157634 -0.10371 0.0732505
OUTPUT3: 2005.49 -0.0157615 -0.103707 0.0732523
OUTPUT3: 2005.49 -0.0115206 -0.0986581 0.0771747
OUTPUT3: 2005.49 -0.00948678 -0.0965749 0.0789373
OUTPUT3: 2005.49 -0.00948737 -0.0965755 0.0789368
OUTPUT3: 2005.49 -0.00988488 -0.097011 0.0785468
OUTPUT3: 2005.49 -0.00988992 -0.0970165 0.0785419
OUTPUT3: 2005.49 -0.0190297 -0.107892 0.0700135
OUTPUT3: 2005.49 -0.0200985 -0.109359 0.0690298
OUTPUT3: 2005.49 -0.0231055 -0.113511 0.0662722
OUTPUT3: 2005.49 -0.0237382 -0.11439 0.0656939
OUTPUT3: 2005.49 -0.0241731 -0.114996 0.0652968
OUTPUT3: 2005.49 -0.02469 -0.115718 0.0648253
OUTPUT3: 2005.49 -0.02469 -0.115718 0.0648253
OUTPUT3: 2005.49 -0.0246218 -0.116128 0.0650257
OUTPUT3: 2005.49 -0.0243758 -0.115798 0.0652535
OUTPUT3: 2005.49 -0.0243758 -0.115798 0.0652535
OUTPUT3: 2005.49 -0.0226974 -0.113534 0.0668058
OUTPUT3: 2005.49 -0.021955 -0.11253 0.0674916
OUTPUT3: 2005.5 -0.010592 -0.0975187 0.077994
OUTPUT3: 2005.5 -0.0407909 -0.132576 0.0489485
OUTPUT3: 2005.5 -0.0322711 -0.119576 0.056467
OUTPUT3: 2005.52 -0.0474478 -0.134754 0.0403553
OUTPUT3: 2005.52 -0.0371052 -0.12371 0.050512
OUTPUT3: 2005.53 -0.0212909 -0.106782 0.0652869
OUTPUT3: 2005.53 -0.0212924 -0.106784 0.0652856
OUTPUT3: 2005.53 -0.0225171 -0.108531 0.0641987
OUTPUT3: 2005.53 -0.0225171 -0.108531 0.0641987
OUTPUT3: 2005.53 -0.0225657 -0.1086 0.0641558
OUTPUT3: 2005.53 -0.0225657 -0.1086 0.0641558
OUTPUT3: 2005.53 -0.0241394 -0.110848 0.0627737
OUTPUT3: 2005.53 -0.0247108 -0.111663 0.0622748
OUTPUT3: 2005.53 -0.0247975 -0.111786 0.0621992
OUTPUT3: 2005.53 -0.024798 -0.111787 0.0621988
OUTPUT3: 2005.53 -0.0249162 -0.111955 0.0620958
OUTPUT3: 2005.54 -0.0277119 -0.11562 0.0596642
OUTPUT3: 2005.54 -0.0256614 -0.111506 0.0612328
OUTPUT3: 2005.54 -0.0260399 -0.110388 0.0596738
OUTPUT3: 2005.54 -0.0260399 -0.110388 0.0596737
OUTPUT3: 2005.54 -0.0280252 -0.112369 0.057598
OUTPUT3: 2005.54 -0.0280261 -0.11237 0.057597
OUTPUT3: 2005.54 -0.02898 -0.113335 0.056627
OUTPUT3: 2005.54 -0.0289807 -0.113335 0.0566263
OUTPUT3: 2005.54 -0.0340214 -0.11849 0.0516292
OUTPUT3: 2005.54 -0.0370432 -0.121604 0.0486894
OUTPUT3: 2005.54 -0.0375539 -0.122131 0.048195
OUTPUT3: 2005.54 -0.0380653 -0.122659 0.0477006
OUTPUT3: 2005.54 -0.0385878 -0.123198 0.047196
OUTPUT3: 2005.54 -0.0391204 -0.123749 0.0466822
OUTPUT3: 2005.54 -0.0411654 -0.125863 0.044714
OUTPUT3: 2005.54 -0.0485054 -0.134736 0.0376878
OUTPUT3: 2005.54 -0.0485198 -0.134754 0.037674
OUTPUT3: 2005.54 -0.0583898 -0.147182 0.0282241
OUTPUT3: 2005.54 -0.0583905 -0.147183 0.0282234
OUTPUT3: 2005.54 -0.059622 -0.148706 0.0270302
OUTPUT3: 2005.54 -0.0596256 -0.148711 0.0270266
OUTPUT3: 2005.54 -0.0616574 -0.151194 0.0250294
OUTPUT3: 2005.54 -0.0616575 -0.151194 0.0250293
OUTPUT3: 2005.54 -0.0623388 -0.15199 0.0243408
OUTPUT3: 2005.54 -0.0623395 -0.151991 0.02434
OUTPUT3: 2005.54 -0.0630609 -0.15228 0.0233809
OUTPUT3: 2005.54 -0.0630609 -0.15228 0.0233809
OUTPUT3: 2005.54 -0.0630492 -0.152256 0.0233888
OUTPUT3: 2005.54 -0.0630492 -0.152256 0.0233888
OUTPUT3: 2005.54 -0.0629205 -0.15201 0.0234791
OUTPUT3: 2005.54 -0.0629205 -0.15201 0.0234791
OUTPUT3: 2005.54 -0.0627036 -0.151617 0.0236413
OUTPUT3: 2005.54 -0.0523362 -0.136054 0.0324415
OUTPUT3: 2005.54 -0.0523361 -0.136054 0.0324416
OUTPUT3: 2005.54 -0.0518558 -0.135394 0.0327658
OUTPUT3: 2005.54 -0.0518565 -0.135395 0.032765
OUTPUT3: 2005.54 -0.0521259 -0.135647 0.0324944
OUTPUT3: 2005.54 -0.0521268 -0.135648 0.0324935
OUTPUT3: 2005.54 -0.0537754 -0.137306 0.0309186
OUTPUT3: 2005.54 -0.0537754 -0.137306 0.0309186
OUTPUT3: 2005.54 -0.0537873 -0.137318 0.0309074
OUTPUT3: 2005.54 -0.0537873 -0.137318 0.0309074
OUTPUT3: 2005.54 -0.0541687 -0.137709 0.0305477
OUTPUT3: 2005.54 -0.0541687 -0.137709 0.0305477
OUTPUT3: 2005.55 -0.0775766 -0.166207 0.00814511
OUTPUT3: 2005.55 -0.0775772 -0.166207 0.00814447
OUTPUT3: 2005.55 -0.0780907 -0.16666 0.00759527
OUTPUT3: 2005.55 -0.078227 -0.166764 0.00744483
OUTPUT3: 2005.55 -0.0784373 -0.166902 0.00720554
OUTPUT3: 2005.55 -0.0784373 -0.166902 0.00720552
OUTPUT3: 2005.55 -0.0785791 -0.166965 0.00703546
OUTPUT3: 2005.55 -0.0785791 -0.166965 0.00703546
OUTPUT3: 2005.55 -0.0787392 -0.16695 0.00681766
OUTPUT3: 2005.55 -0.0679898 -0.150981 0.0161875
OUTPUT3: 2005.55 -0.0678359 -0.150803 0.0163409
OUTPUT3: 2005.55 -0.0674657 -0.150358 0.0167288
OUTPUT3: 2005.55 -0.0853475 -0.17237 -0.000381524
OUTPUT3: 2005.55 -0.0855739 -0.172626 -0.00061138
OUTPUT3: 2005.55 -0.0855749 -0.172627 -0.00061234
OUTPUT3: 2005.55 -0.0865669 -0.173737 -0.00162327
OUTPUT3: 2005.55 -0.0865669 -0.173737 -0.00162329
OUTPUT3: 2005.55 -0.0868708 -0.174074 -0.0019344
OUTPUT3: 2005.55 -0.0868762 -0.174079 -0.00193982
OUTPUT3: 2005.55 -0.0872531 -0.174494 -0.00232666
OUTPUT3: 2005.55 -0.0872531 -0.174494 -0.00232666
OUTPUT3: 2005.55 -0.0879157 -0.175216 -0.00300913
OUTPUT3: 2005.55 -0.0879157 -0.175216 -0.00300913
OUTPUT3: 2005.55 -0.0881216 -0.175438 -0.00322195
OUTPUT3: 2005.55 -0.0881271 -0.175444 -0.00322767
OUTPUT3: 2005.55 -0.0885534 -0.175901 -0.00366943
OUTPUT3: 2005.55 -0.0885536 -0.175901 -0.0036696
OUTPUT3: 2005.55 -0.0887662 -0.176128 -0.00389059
OUTPUT3: 2005.55 -0.0887696 -0.176131 -0.00389417
OUTPUT3: 2005.55 -0.0894278 -0.176824 -0.00458079
OUTPUT3: 2005.56 -0.0904016 -0.175982 -0.00622747
OUTPUT3: 2005.56 -0.0901982 -0.175763 -0.0060141
OUTPUT3: 2005.56 -0.0901982 -0.175763 -0.00601411
OUTPUT3: 2005.56 -0.0899338 -0.175479 -0.00573622
OUTPUT3: 2005.56 -0.08945 -0.174964 -0.0052262
OUTPUT3: 2005.56 -0.0892913 -0.174796 -0.00505856
OUTPUT3: 2005.56 -0.0892913 -0.174796 -0.00505856
OUTPUT3: 2005.56 -0.0889453 -0.174431 -0.00469234
OUTPUT3: 2005.56 -0.0887732 -0.17425 -0.00450991
OUTPUT3: 2005.56 -0.0887732 -0.17425 -0.00450991
OUTPUT3: 2005.56 -0.0884454 -0.173906 -0.00416202
OUTPUT3: 2005.56 -0.0757973 -0.1606 0.00927086
OUTPUT3: 2005.56 -0.0757969 -0.160599 0.00927129
OUTPUT3: 2005.56 -0.0745723 -0.159211 0.0105331
OUTPUT3: 2005.56 -0.0745704 -0.159209 0.010535
OUTPUT3: 2005.56 -0.0705199 -0.154363 0.0146044
OUTPUT3: 2005.56 -0.0705193 -0.154362 0.0146049
OUTPUT3: 2005.56 -0.069646 -0.153257 0.0154573
OUTPUT3: 2005.56 -0.0696415 -0.153251 0.0154617
OUTPUT3: 2005.56 -0.0689081 -0.152303 0.0161693
OUTPUT3: 2005.56 -0.0684045 -0.151641 0.0166507
OUTPUT3: 2005.56 -0.0679138 -0.150987 0.0171157
OUTPUT3: 2005.56 -0.0674537 -0.150446 0.0175482
OUTPUT3: 2005.56 -0.0669859 -0.149963 0.0179839
OUTPUT3: 2005.56 -0.066587 -0.149551 0.0183521
OUTPUT3: 2005.56 -0.0665511 -0.149514 0.0183852
OUTPUT3: 2005.56 -0.0661275 -0.149076 0.0187721
OUTPUT3: 2005.56 -0.0657265 -0.148661 0.0191347
OUTPUT3: 2005.56 -0.0653451 -0.148265 0.0194756
OUTPUT3: 2005.56 -0.0648469 -0.147749 0.0199143
OUTPUT3: 2005.56 -0.0648469 -0.147749 0.0199143
OUTPUT3: 2005.56 -0.0648469 -0.147749 0.0199143
OUTPUT3: 2005.56 -0.0648469 -0.147749 0.0199143
OUTPUT3: 2005.56 -0.0648469 -0.147749 0.0199143
OUTPUT3: 2005.56 -0.0648469 -0.147749 0.0199143
OUTPUT3: 2005.56 -0.0648469 -0.147749 0.0199143
OUTPUT3: 2005.56 -0.0648469 -0.147749 0.0199143
OUTPUT3: 2005.56 -0.0648469 -0.147749 0.0199143
OUTPUT3: 2005.56 -0.0648469 -0.147749 0.0199143
OUTPUT3: 2005.56 -0.0648469 -0.147749 0.0199143
OUTPUT3: 2005.56 -0.0648469 -0.147749 0.0199143
OUTPUT3: 2005.56 -0.0648469 -0.147749 0.0199143
OUTPUT3: 2005.56 -0.0648469 -0.147749 0.0199143
OUTPUT3: 2005.56 -0.0648469 -0.147749 0.0199143
OUTPUT3: 2005.56 -0.0648469 -0.147749 0.0199143
OUTPUT3: 2005.56 -0.0648414 -0.147743 0.0199191
OUTPUT3: 2005.56 -0.0645659 -0.147457 0.020158
OUTPUT3: 2005.56 -0.0642416 -0.14712 0.0204351
OUTPUT3: 2005.56 -0.0639613 -0.146828 0.0206704
OUTPUT3: 2005.56 -0.0637064 -0.146562 0.0208799
OUTPUT3: 2005.56 -0.0634766 -0.146322 0.0210642
OUTPUT3: 2005.56 -0.0633145 -0.146153 0.0211907
OUTPUT3: 2005.56 -0.0641626 -0.146989 0.0199015
OUTPUT3: 2005.56 -0.0641627 -0.146989 0.0199013
OUTPUT3: 2005.56 -0.0648211 -0.147669 0.0192511
OUTPUT3: 2005.56 -0.0648215 -0.147669 0.0192507
OUTPUT3: 2005.56 -0.0655344 -0.148407 0.0185598
OUTPUT3: 2005.56 -0.0655384 -0.148411 0.0185559
OUTPUT3: 2005.56 -0.0663561 -0.149258 0.0177743
OUTPUT3: 2005.56 -0.0663574 -0.14926 0.0177731
OUTPUT3: 2005.56 -0.067026 -0.149953 0.0171403
OUTPUT3: 2005.56 -0.0672512 -0.150187 0.0169281
OUTPUT3: 2005.56 -0.0672512 -0.150187 0.0169281
OUTPUT3: 2005.56 -0.0675446 -0.150492 0.0166523
OUTPUT3: 2005.56 -0.0680893 -0.151058 0.0161421
OUTPUT3: 2005.56 -0.0682637 -0.151239 0.0159792
OUTPUT3: 2005.56 -0.0682637 -0.151239 0.0159792
OUTPUT3: 2005.56 -0.0686515 -0.151643 0.0156175
OUTPUT3: 2005.56 -0.0692756 -0.152292 0.0150371
OUTPUT3: 2005.56 -0.0693918 -0.152413 0.0149293
OUTPUT3: 2005.56 -0.0693918 -0.152413 0.0149293
OUTPUT3: 2005.56 -0.0698949 -0.152937 0.014463
OUTPUT3: 2005.56 -0.0705232 -0.153591 0.013882
OUTPUT3: 2005.56 -0.0705688 -0.153639 0.0138399
OUTPUT3: 2005.56 -0.0705688 -0.153639 0.0138399
OUTPUT3: 2005.56 -0.0711676 -0.154263 0.0132873
OUTPUT3: 2005.56 -0.0717957 -0.154918 0.0127087
OUTPUT3: 2005.56 -0.0717957 -0.154918 0.0127087
OUTPUT3: 2005.56 -0.0718299 -0.154953 0.0126771
OUTPUT3: 2005.56 -0.0725074 -0.15566 0.0120539
OUTPUT3: 2005.56 -0.0730756 -0.156253 0.0115315
OUTPUT3: 2005.56 -0.0730756 -0.156253 0.0115315
OUTPUT3: 2005.56 -0.0731969 -0.156379 0.0114201
OUTPUT3: 2005.56 -0.0738966 -0.157296 0.0107775
OUTPUT3: 2005.56 -0.0743876 -0.157975 0.0103266
OUTPUT3: 2005.56 -0.0743876 -0.157975 0.0103266
OUTPUT3: 2005.56 -0.0746008 -0.15827 0.0101309
OUTPUT3: 2005.56 -0.0753112 -0.159252 0.00947861
OUTPUT3: 2005.56 -0.0757248 -0.159823 0.00909876
OUTPUT3: 2005.56 -0.0757248 -0.159823 0.00909874
OUTPUT3: 2005.56 -0.0760266 -0.16024 0.00882156
OUTPUT3: 2005.56 -0.080884 -0.166872 0.00433726
OUTPUT3: 2005.56 -0.0897815 -0.178179 -0.00425322
OUTPUT3: 2005.56 -0.0899627 -0.178374 -0.00444102
OUTPUT3: 2005.56 -0.0909042 -0.179333 -0.00543665
OUTPUT3: 2005.57 -0.0898811 -0.174669 -0.00594212
OUTPUT3: 2005.57 -0.0897506 -0.174535 -0.00581007
OUTPUT3: 2005.57 -0.088884 -0.173693 -0.00491292
OUTPUT3: 2005.57 -0.0873591 -0.172371 -0.00326877
OUTPUT3: 2005.57 -0.0699409 -0.157386 0.0157503
OUTPUT3: 2005.57 -0.0696449 -0.157063 0.0160511
OUTPUT3: 2005.57 -0.0679455 -0.155161 0.0177623
OUTPUT3: 2005.57 -0.0654226 -0.152198 0.0202569
OUTPUT3: 2005.57 -0.0467035 -0.130354 0.0381362
OUTPUT3: 2005.57 -0.0377547 -0.121333 0.0478289
OUTPUT3: 2005.58 -0.0465994 -0.130032 0.037969
OUTPUT3: 2005.58 -0.0473564 -0.130804 0.0371972
OUTPUT3: 2005.58 -0.0537283 -0.137335 0.0308074
OUTPUT3: 2005.58 -0.0538693 -0.137499 0.0306677
OUTPUT3: 2005.58 -0.0545701 -0.138314 0.0299749
OUTPUT3: 2005.58 -0.0645991 -0.150309 0.0202204
OUTPUT3: 2005.58 -0.0646004 -0.15031 0.0202191
OUTPUT3: 2005.58 -0.0661239 -0.152166 0.0187629
OUTPUT3: 2005.58 -0.0661251 -0.152168 0.0187618
OUTPUT3: 2005.58 -0.0667144 -0.152881 0.0182005
OUTPUT3: 2005.58 -0.0673313 -0.153614 0.0176136
OUTPUT3: 2005.58 -0.0673321 -0.153615 0.0176128
OUTPUT3: 2005.58 -0.0668335 -0.152786 0.0180638
OUTPUT3: 2005.58 -0.0668261 -0.152775 0.0180706
OUTPUT3: 2005.58 -0.0668261 -0.152775 0.0180706
OUTPUT3: 2005.58 -0.0665827 -0.152439 0.0182958
OUTPUT3: 2005.58 -0.0665744 -0.152427 0.0183035
OUTPUT3: 2005.58 -0.0664752 -0.152291 0.0183952
OUTPUT3: 2005.58 -0.062361 -0.146684 0.0221831
OUTPUT3: 2005.58 -0.0620544 -0.146267 0.0224642
OUTPUT3: 2005.58 -0.06173 -0.145827 0.0227616
OUTPUT3: 2005.58 -0.0610322 -0.144881 0.0234009
OUTPUT3: 2005.58 -0.060617 -0.144318 0.0237809
OUTPUT3: 2005.58 -0.0606165 -0.144317 0.0237813
OUTPUT3: 2005.58 -0.0573088 -0.140452 0.0268074
OUTPUT3: 2005.58 -0.0573085 -0.140452 0.0268076
OUTPUT3: 2005.58 -0.0570662 -0.140197 0.0270301
OUTPUT3: 2005.58 -0.0570655 -0.140196 0.0270308
OUTPUT3: 2005.58 -0.056457 -0.13956 0.0275948
OUTPUT3: 2005.58 -0.0564564 -0.139559 0.0275955
OUTPUT3: 2005.58 -0.0563456 -0.139447 0.0277039
OUTPUT3: 2005.58 -0.0563455 -0.139447 0.027704
OUTPUT3: 2005.58 -0.0565877 -0.139717 0.0275082
OUTPUT3: 2005.58 -0.0575819 -0.140787 0.0266437
OUTPUT3: 2005.58 -0.0575843 -0.14079 0.0266415
OUTPUT3: 2005.58 -0.0578285 -0.141051 0.0264278
OUTPUT3: 2005.59 -0.0625246 -0.147882 0.0222263
OUTPUT3: 2005.59 -0.0625224 -0.147879 0.0222281
OUTPUT3: 2005.59 -0.0606337 -0.145049 0.0238366
OUTPUT3: 2005.59 -0.060202 -0.144403 0.0242045
OUTPUT3: 2005.59 -0.0602012 -0.144402 0.0242052
OUTPUT3: 2005.59 -0.054012 -0.136486 0.0293615
OUTPUT3: 2005.59 -0.0538703 -0.136293 0.0294107
OUTPUT3: 2005.59 -0.0538838 -0.136304 0.0293921
OUTPUT3: 2005.59 -0.053917 -0.136333 0.0293511
OUTPUT3: 2005.59 -0.053917 -0.136334 0.0293511
OUTPUT3: 2005.59 -0.0561624 -0.138646 0.0271749
OUTPUT3: 2005.59 -0.0566198 -0.139126 0.0267482
OUTPUT3: 2005.59 -0.0609656 -0.144294 0.0227421
OUTPUT3: 2005.59 -0.0730179 -0.160965 0.0123184
OUTPUT3: 2005.59 -0.0446152 -0.126978 0.0387966
OUTPUT3: 2005.6 -0.0490841 -0.132498 0.0359246
OUTPUT3: 2005.61 -0.107175 -0.194266 -0.0228541
OUTPUT3: 2005.62 -0.104414 -0.18619 -0.0214587
OUTPUT3: 2005.62 -0.121901 -0.20399 -0.0392501
OUTPUT3: 2005.63 -0.110106 -0.193425 -0.0271549
OUTPUT3: 2005.63 -0.091321 -0.171991 -0.00885653
OUTPUT3: 2005.64 -0.103294 -0.187741 -0.0201729
OUTPUT3: 2005.64 -0.0793327 -0.159912 0.00260729
OUTPUT3: 2005.64 -0.0783196 -0.158525 0.00309931
OUTPUT3: 2005.64 -0.0786767 -0.158736 0.00253985
OUTPUT3: 2005.64 -0.0790204 -0.159075 0.00219872
OUTPUT3: 2005.64 -0.0795835 -0.159642 0.00165414
OUTPUT3: 2005.64 -0.0798295 -0.159892 0.0014192
OUTPUT3: 2005.64 -0.0802449 -0.160316 0.00102502
OUTPUT3: 2005.64 -0.0806896 -0.160773 0.000605534
OUTPUT3: 2005.64 -0.0821932 -0.162327 -0.000802518
OUTPUT3: 2005.64 -0.0896725 -0.171603 -0.00777356
OUTPUT3: 2005.64 -0.0896745 -0.171605 -0.00777536
OUTPUT3: 2005.64 -0.0948666 -0.178398 -0.0126593
OUTPUT3: 2005.64 -0.0948707 -0.178404 -0.0126631
OUTPUT3: 2005.65 -0.0995853 -0.184548 -0.0171591
OUTPUT3: 2005.65 -0.103157 -0.189057 -0.02035
OUTPUT3: 2005.65 -0.103163 -0.189065 -0.0203546
OUTPUT3: 2005.65 -0.1054 -0.191795 -0.0220646
OUTPUT3: 2005.65 -0.109875 -0.196837 -0.0257555
OUTPUT3: 2005.65 -0.110132 -0.197093 -0.0259902
OUTPUT3: 2005.65 -0.110593 -0.197531 -0.0264241
OUTPUT3: 2005.65 -0.111661 -0.198333 -0.0275739
OUTPUT3: 2005.65 -0.111663 -0.198334 -0.0275757
OUTPUT3: 2005.65 -0.109942 -0.194279 -0.0276238
OUTPUT3: 2005.65 -0.109941 -0.194277 -0.0276231
OUTPUT3: 2005.65 -0.104791 -0.187285 -0.0236385
OUTPUT3: 2005.65 -0.10218 -0.184121 -0.0210387
OUTPUT3: 2005.65 -0.101892 -0.183785 -0.0207451
OUTPUT3: 2005.65 -0.0926915 -0.175047 -0.0102936
OUTPUT3: 2005.65 -0.0900327 -0.170891 -0.00818681
OUTPUT3: 2005.65 -0.088772 -0.169611 -0.00687466
OUTPUT3: 2005.65 -0.0886753 -0.169513 -0.00676907
OUTPUT3: 2005.65 -0.0886753 -0.169513 -0.00676907
OUTPUT3: 2005.65 -0.0886723 -0.16951 -0.00676579
OUTPUT3: 2005.65 -0.0886723 -0.16951 -0.00676579
OUTPUT3: 2005.65 -0.088404 -0.169238 -0.00646945
OUTPUT3: 2005.65 -0.087859 -0.168684 -0.00585296
OUTPUT3: 2005.65 -0.08776 -0.168584 -0.00573904
OUTPUT3: 2005.65 -0.0877563 -0.16858 -0.00573475
OUTPUT3: 2005.65 -0.0877563 -0.16858 -0.00573475
OUTPUT3: 2005.65 -0.0877563 -0.16858 -0.00573476
OUTPUT3: 2005.65 -0.0877563 -0.16858 -0.00573476
OUTPUT3: 2005.65 -0.0877563 -0.16858 -0.00573476
OUTPUT3: 2005.65 -0.0877563 -0.16858 -0.00573476
OUTPUT3: 2005.65 -0.0877563 -0.16858 -0.00573476
OUTPUT3: 2005.65 -0.0877563 -0.16858 -0.00573476
OUTPUT3: 2005.65 -0.0877563 -0.16858 -0.00573476
OUTPUT3: 2005.65 -0.0877563 -0.16858 -0.00573476
OUTPUT3: 2005.65 -0.0877563 -0.16858 -0.00573476
OUTPUT3: 2005.65 -0.0877563 -0.16858 -0.00573476
OUTPUT3: 2005.65 -0.0877563 -0.16858 -0.00573476
OUTPUT3: 2005.65 -0.0877563 -0.16858 -0.00573476
OUTPUT3: 2005.65 -0.0877563 -0.16858 -0.00573476
OUTPUT3: 2005.65 -0.0877563 -0.16858 -0.00573476
OUTPUT3: 2005.65 -0.0874904 -0.16831 -0.00542576
OUTPUT3: 2005.65 -0.0869312 -0.167832 -0.00476282
OUTPUT3: 2005.65 -0.0866728 -0.167669 -0.00445072
OUTPUT3: 2005.65 -0.0863837 -0.167496 -0.00409723
OUTPUT3: 2005.66 -0.0850215 -0.166783 -0.00237415
OUTPUT3: 2005.66 -0.0844757 -0.166533 -0.00164826
OUTPUT3: 2005.66 -0.0848809 -0.166767 -0.0020805
OUTPUT3: 2005.66 -0.0852868 -0.167009 -0.00256214
OUTPUT3: 2005.66 -0.0903983 -0.171564 -0.00838241
OUTPUT3: 2005.66 -0.0966036 -0.178415 -0.0146577
OUTPUT3: 2005.67 -0.0717497 -0.155122 0.0113952
OUTPUT3: 2005.67 -0.0690689 -0.150126 0.0129885
OUTPUT3: 2005.67 -0.0704222 -0.15128 0.0113707
OUTPUT3: 2005.67 -0.0704223 -0.15128 0.0113707
OUTPUT3: 2005.67 -0.07197 -0.153114 0.00978419
OUTPUT3: 2005.67 -0.0719806 -0.153127 0.00977361
OUTPUT3: 2005.67 -0.071983 -0.15313 0.00977129
OUTPUT3: 2005.67 -0.0731518 -0.15462 0.00862383
OUTPUT3: 2005.67 -0.073164 -0.154636 0.00861194
OUTPUT3: 2005.67 -0.073164 -0.154636 0.00861194
OUTPUT3: 2005.67 -0.0737422 -0.155395 0.00805448
OUTPUT3: 2005.67 -0.0799266 -0.164217 0.00238196
OUTPUT3: 2005.67 -0.0799267 -0.164217 0.00238188
OUTPUT3: 2005.67 -0.0808499 -0.165761 0.00162249
OUTPUT3: 2005.67 -0.0808501 -0.165762 0.00162237
OUTPUT3: 2005.67 -0.0813169 -0.166623 0.00146705
OUTPUT3: 2005.67 -0.0815815 -0.167585 0.00178858
OUTPUT3: 2005.67 -0.080624 -0.166775 0.00284911
OUTPUT3: 2005.67 -0.0782998 -0.1641 0.00484271
OUTPUT3: 2005.67 -0.0777014 -0.163374 0.00532594
OUTPUT3: 2005.67 -0.070069 -0.153901 0.0123923
OUTPUT3: 2005.67 -0.0698705 -0.153657 0.0125835
OUTPUT3: 2005.67 -0.0673006 -0.150508 0.015067
OUTPUT3: 2005.68 -0.0540589 -0.143374 0.0327865
OUTPUT3: 2005.68 -0.0538964 -0.143149 0.0328993
OUTPUT3: 2005.68 -0.0537352 -0.142926 0.033011
OUTPUT3: 2005.68 -0.0533557 -0.142403 0.0332732
OUTPUT3: 2005.68 -0.0530623 -0.142 0.0334757
OUTPUT3: 2005.68 -0.0530623 -0.142 0.0334757
OUTPUT3: 2005.68 -0.0529096 -0.141791 0.033581
OUTPUT3: 2005.68 -0.0523944 -0.141086 0.0339361
OUTPUT3: 2005.68 -0.0520717 -0.140646 0.0341586
OUTPUT3: 2005.68 -0.0520717 -0.140646 0.0341586
OUTPUT3: 2005.68 -0.051838 -0.140328 0.0343198
OUTPUT3: 2005.68 -0.0512262 -0.139496 0.0347422
OUTPUT3: 2005.68 -0.0509174 -0.139077 0.0349556
OUTPUT3: 2005.68 -0.0506662 -0.138737 0.0351293
OUTPUT3: 2005.68 -0.05056 -0.138593 0.0352028
OUTPUT3: 2005.68 -0.0498482 -0.137632 0.0356959
OUTPUT3: 2005.68 -0.0493906 -0.137015 0.0360135
OUTPUT3: 2005.68 -0.0491174 -0.136648 0.0362033
OUTPUT3: 2005.68 -0.0487654 -0.136175 0.0364481
OUTPUT3: 2005.68 -0.0485111 -0.135833 0.0366253
OUTPUT3: 2005.68 -0.0479272 -0.135051 0.0370324
OUTPUT3: 2005.68 -0.0472827 -0.134189 0.0374828
OUTPUT3: 2005.68 -0.0470272 -0.133847 0.0376616
OUTPUT3: 2005.68 -0.0468145 -0.133564 0.0378106
OUTPUT3: 2005.68 -0.0463044 -0.132884 0.0381685
OUTPUT3: 2005.68 -0.045637 -0.132014 0.0386377
OUTPUT3: 2005.68 -0.0453402 -0.131629 0.0388467
OUTPUT3: 2005.68 -0.0448708 -0.131021 0.0391778
OUTPUT3: 2005.68 -0.0446427 -0.130726 0.0393389
OUTPUT3: 2005.69 -0.0441582 -0.1301 0.0396816
OUTPUT3: 2005.69 -0.033928 -0.117115 0.0489063
OUTPUT3: 2005.69 -0.00575857 -0.0896544 0.0796303
OUTPUT3: 2005.7 -0.00884628 -0.0932478 0.0765852
OUTPUT3: 2005.73 -0.0153184 -0.102391 0.0706197
OUTPUT3: 2005.73 -0.0154563 -0.102543 0.0704922
OUTPUT3: 2005.73 -0.0154419 -0.101908 0.070379
OUTPUT3: 2005.74 -0.0110693 -0.0939943 0.0732116
OUTPUT3: 2005.74 -0.0110693 -0.0939943 0.0732116
OUTPUT3: 2005.74 -0.0110693 -0.0939943 0.0732116
OUTPUT3: 2005.74 -0.0110693 -0.0939943 0.0732116
OUTPUT3: 2005.74 -0.0110693 -0.0939943 0.0732116
OUTPUT3: 2005.74 -0.0110693 -0.0939943 0.0732116
OUTPUT3: 2005.74 -0.0110693 -0.0939943 0.0732116
OUTPUT3: 2005.74 -0.0110693 -0.0939943 0.0732116
OUTPUT3: 2005.74 -0.0110693 -0.0939943 0.0732116
OUTPUT3: 2005.74 -0.0110693 -0.0939943 0.0732116
OUTPUT3: 2005.74 -0.0110693 -0.0939943 0.0732116
OUTPUT3: 2005.74 -0.0110693 -0.0939943 0.0732116
OUTPUT3: 2005.74 -0.0110693 -0.0939943 0.0732116
OUTPUT3: 2005.74 -0.0110693 -0.0939943 0.0732116
OUTPUT3: 2005.74 -0.0110693 -0.0939943 0.0732116
OUTPUT3: 2005.74 -0.0110693 -0.0939943 0.0732116
OUTPUT3: 2005.75 0.00154546 -0.0821396 0.0871747
OUTPUT3: 2005.75 0.0025777 -0.0811045 0.0882282
OUTPUT3: 2005.75 -0.00435123 -0.0884865 0.0805709
OUTPUT3: 2005.75 -0.00461719 -0.088765 0.0803037
OUTPUT3: 2005.75 -0.00915985 -0.0942082 0.0758829
OUTPUT3: 2005.75 -0.00915985 -0.0942082 0.0758829
OUTPUT3: 2005.75 -0.00933559 -0.0944496 0.0757182
OUTPUT3: 2005.75 -0.00933559 -0.0944496 0.0757182
OUTPUT3: 2005.75 -0.00955593 -0.0947544 0.0755127
OUTPUT3: 2005.75 -0.00955594 -0.0947544 0.0755127
OUTPUT3: 2005.75 -0.00970433 -0.0949612 0.0753748
OUTPUT3: 2005.75 -0.00970433 -0.0949612 0.0753748
OUTPUT3: 2005.75 -0.0111895 -0.097116 0.0740289
OUTPUT3: 2005.75 -0.012351 -0.0990482 0.0730717
OUTPUT3: 2005.75 -0.012352 -0.0990502 0.073071
OUTPUT3: 2005.75 -0.0125722 -0.0995915 0.0729558
OUTPUT3: 2005.75 -0.0125682 -0.0997452 0.0730192
OUTPUT3: 2005.75 -0.0124469 -0.0997568 0.073199
OUTPUT3: 2005.75 -0.0124469 -0.0997568 0.0731991
OUTPUT3: 2005.75 -0.0108002 -0.0982127 0.0749966
OUTPUT3: 2005.75 -0.010799 -0.0982114 0.0749978
OUTPUT3: 2005.76 -0.00861024 -0.095646 0.0771899
OUTPUT3: 2005.76 -0.00861024 -0.095646 0.0771899
OUTPUT3: 2005.76 -0.00859447 -0.0956268 0.0772054
OUTPUT3: 2005.76 -0.00859447 -0.0956268 0.0772054
OUTPUT3: 2005.76 -0.00696964 -0.0936025 0.0787855
OUTPUT3: 2005.76 -0.00696919 -0.0936019 0.0787859
OUTPUT3: 2005.76 -0.00634567 -0.0928075 0.0793852
OUTPUT3: 2005.76 -0.00634353 -0.0928047 0.0793872
OUTPUT3: 2005.76 -0.00619356 -0.0926124 0.0795309
OUTPUT3: 2005.76 0.00273134 -0.0814154 0.0878167
OUTPUT3: 2005.76 0.00273227 -0.0814145 0.0878175
OUTPUT3: 2005.76 0.00392779 -0.0801899 0.0888947
OUTPUT3: 2005.76 0.00457041 -0.0795359 0.0894709
OUTPUT3: 2005.76 0.00014061 -0.0860195 0.086021
OUTPUT3: 2005.76 0.000140543 -0.0860196 0.0860209
OUTPUT3: 2005.76 -0.0012786 -0.0885518 0.0849197
OUTPUT3: 2005.76 -0.00127876 -0.088552 0.0849196
OUTPUT3: 2005.79 -0.0476247 -0.137066 0.0391196
OUTPUT3: 2005.79 -0.0598896 -0.151016 0.027573
OUTPUT3: 2005.79 -0.0607071 -0.151014 0.0261709
OUTPUT3: 2005.79 -0.0605219 -0.150019 0.0257001
OUTPUT3: 2005.79 -0.0604986 -0.149956 0.0256897
OUTPUT3: 2005.79 -0.0583968 -0.146071 0.027271
OUTPUT3: 2005.79 -0.0550693 -0.14149 0.0303999
OUTPUT3: 2005.79 -0.0549754 -0.141375 0.0304943
OUTPUT3: 2005.79 -0.0549754 -0.141375 0.0304943
OUTPUT3: 2005.79 -0.053743 -0.13995 0.0317661
OUTPUT3: 2005.79 -0.0532423 -0.139415 0.0323022
OUTPUT3: 2005.79 -0.0532384 -0.139411 0.0323064
OUTPUT3: 2005.79 -0.0507305 -0.137349 0.0352825
OUTPUT3: 2005.79 -0.0503693 -0.137257 0.035814
OUTPUT3: 2005.79 -0.0503687 -0.137257 0.0358149
OUTPUT3: 2005.79 -0.05014 -0.137352 0.0362325
OUTPUT3: 2005.79 -0.0500732 -0.137592 0.0364689
OUTPUT3: 2005.79 -0.0501647 -0.13804 0.0365678
OUTPUT3: 2005.79 -0.0501648 -0.13804 0.0365678
OUTPUT3: 2005.79 -0.0505351 -0.138793 0.0363994
OUTPUT3: 2005.79 -0.0505364 -0.138795 0.0363985
OUTPUT3: 2005.79 -0.0505364 -0.138795 0.0363985
OUTPUT3: 2005.79 -0.0509026 -0.139331 0.0361248
OUTPUT3: 2005.79 -0.0509026 -0.139331 0.0361247
OUTPUT3: 2005.79 -0.0511424 -0.139633 0.0359213
OUTPUT3: 2005.85 -0.0453221 -0.135784 0.0431687
OUTPUT3: 2005.85 -0.0450314 -0.135413 0.0434421
OUTPUT3: 2005.85 -0.0450233 -0.135403 0.0434496
OUTPUT3: 2005.86 -0.0382706 -0.125773 0.04895
OUTPUT3: 2005.86 -0.0371277 -0.12438 0.0500593
OUTPUT3: 2005.86 -0.0358655 -0.122885 0.0513011
OUTPUT3: 2005.86 -0.0351445 -0.12207 0.052025
OUTPUT3: 2005.86 -0.0345914 -0.121483 0.0525949
OUTPUT3: 2005.86 -0.0342895 -0.121193 0.0529173
OUTPUT3: 2005.86 -0.0339961 -0.120967 0.0532515
OUTPUT3: 2005.86 -0.0338801 -0.120936 0.0534059
OUTPUT3: 2005.86 -0.035478 -0.124008 0.0522783
OUTPUT3: 2005.86 -0.035479 -0.12401 0.0522775
OUTPUT3: 2005.86 -0.037329 -0.126831 0.0506946
OUTPUT3: 2005.86 -0.0373364 -0.126841 0.0506881
OUTPUT3: 2005.86 -0.0381156 -0.127983 0.050004
OUTPUT3: 2005.86 -0.0381159 -0.127984 0.0500038
OUTPUT3: 2005.86 -0.0387562 -0.128906 0.0494356
OUTPUT3: 2005.86 -0.0401811 -0.130906 0.0481524
OUTPUT3: 2005.86 -0.0425493 -0.134027 0.0459471
OUTPUT3: 2005.87 -0.044597 -0.135686 0.0436931
OUTPUT3: 2005.87 -0.0444789 -0.135078 0.0436585
OUTPUT3: 2005.87 -0.0444788 -0.135077 0.0436586
OUTPUT3: 2005.87 -0.0442056 -0.134194 0.0437511
OUTPUT3: 2005.87 -0.0442055 -0.134194 0.0437512
OUTPUT3: 2005.87 -0.0440584 -0.133742 0.0438104
OUTPUT3: 2005.87 -0.0440584 -0.133742 0.0438104
OUTPUT3: 2005.87 -0.043952 -0.133402 0.0438505
OUTPUT3: 2005.87 -0.0439519 -0.133402 0.0438505
OUTPUT3: 2005.87 -0.043853 -0.133058 0.0438806
OUTPUT3: 2005.87 -0.0438526 -0.133057 0.0438807
OUTPUT3: 2005.87 -0.0441189 -0.132152 0.0432966
OUTPUT3: 2005.87 -0.0443329 -0.132283 0.0430612
OUTPUT3: 2005.87 -0.0460165 -0.133887 0.0413592
OUTPUT3: 2005.87 -0.0544068 -0.143899 0.0333681
OUTPUT3: 2005.87 -0.0544106 -0.143903 0.0333645
OUTPUT3: 2005.87 -0.0597938 -0.150576 0.028273
OUTPUT3: 2005.87 -0.0597982 -0.150582 0.0282688
OUTPUT3: 2005.87 -0.0637711 -0.155496 0.0244934
OUTPUT3: 2005.87 -0.0637734 -0.155499 0.0244913
OUTPUT3: 2005.87 -0.0683401 -0.161091 0.0201195
OUTPUT3: 2005.87 -0.0683405 -0.161092 0.0201191
OUTPUT3: 2005.87 -0.0751573 -0.169222 0.0134924
OUTPUT3: 2005.87 -0.0787603 -0.173334 0.0104075
OUTPUT3: 2005.87 -0.0809155 -0.175685 0.00852416
OUTPUT3: 2005.88 -0.0746476 -0.168422 0.0142941
OUTPUT3: 2005.88 -0.0708749 -0.163249 0.0171073
OUTPUT3: 2005.88 -0.0708749 -0.163249 0.0171073
OUTPUT3: 2005.88 -0.0708749 -0.163249 0.0171073
OUTPUT3: 2005.88 -0.0708749 -0.163249 0.0171073
OUTPUT3: 2005.88 -0.0708749 -0.163249 0.0171073
OUTPUT3: 2005.88 -0.0708749 -0.163249 0.0171073
OUTPUT3: 2005.88 -0.0708749 -0.163249 0.0171073
OUTPUT3: 2005.88 -0.0708749 -0.163249 0.0171073
OUTPUT3: 2005.88 -0.0708749 -0.163249 0.0171073
OUTPUT3: 2005.88 -0.0708749 -0.163249 0.0171073
OUTPUT3: 2005.88 -0.0708749 -0.163249 0.0171073
OUTPUT3: 2005.88 -0.0708749 -0.163249 0.0171073
OUTPUT3: 2005.88 -0.0708749 -0.163249 0.0171073
OUTPUT3: 2005.88 -0.0708749 -0.163249 0.0171073
OUTPUT3: 2005.88 -0.0708749 -0.163249 0.0171073
OUTPUT3: 2005.88 -0.0708749 -0.163249 0.0171073
OUTPUT3: 2005.89 -0.0455816 -0.138233 0.0440853
OUTPUT3: 2005.89 -0.0455816 -0.138233 0.0440853
OUTPUT3: 2005.89 -0.0455816 -0.138233 0.0440853
OUTPUT3: 2005.89 -0.0455816 -0.138233 0.0440853
OUTPUT3: 2005.89 -0.0455816 -0.138233 0.0440853
OUTPUT3: 2005.89 -0.0455816 -0.138233 0.0440852
OUTPUT3: 2005.89 -0.0455816 -0.138233 0.0440852
OUTPUT3: 2005.89 -0.0455816 -0.138233 0.0440853
OUTPUT3: 2005.89 -0.0455816 -0.138233 0.0440853
OUTPUT3: 2005.89 -0.0455816 -0.138233 0.0440853
OUTPUT3: 2005.89 -0.0455816 -0.138233 0.0440853
OUTPUT3: 2005.89 -0.0455816 -0.138233 0.0440853
OUTPUT3: 2005.89 -0.0455816 -0.138233 0.0440853
OUTPUT3: 2005.89 -0.0455816 -0.138233 0.0440853
OUTPUT3: 2005.89 -0.0455816 -0.138233 0.0440853
OUTPUT3: 2005.89 -0.0455816 -0.138233 0.0440853
OUTPUT3: 2005.89 -0.0455816 -0.138233 0.0440853
OUTPUT3: 2005.89 -0.0455816 -0.138233 0.0440853
OUTPUT3: 2005.89 -0.0455816 -0.138233 0.0440853
OUTPUT3: 2005.89 -0.0455816 -0.138233 0.0440853
OUTPUT3: 2005.89 -0.0455816 -0.138233 0.0440852
OUTPUT3: 2005.91 -0.0310487 -0.123487 0.0581552
OUTPUT3: 2005.91 -0.0296965 -0.12158 0.0593881
OUTPUT3: 2005.91 -0.0296947 -0.121578 0.0593897
OUTPUT3: 2005.91 -0.0257199 -0.116016 0.0630307
OUTPUT3: 2005.91 -0.0257199 -0.116016 0.0630308
OUTPUT3: 2005.91 -0.0214778 -0.110165 0.0669622
OUTPUT3: 2005.91 -0.0208574 -0.109326 0.067549
OUTPUT3: 2005.91 -0.020857 -0.109326 0.0675493
OUTPUT3: 2005.91 -0.0209042 -0.109502 0.0676072
OUTPUT3: 2005.91 -0.0209047 -0.109503 0.0676067
OUTPUT3: 2005.91 -0.0223561 -0.111534 0.0663122
OUTPUT3: 2005.91 -0.0235961 -0.113248 0.065191
OUTPUT3: 2005.91 -0.0275808 -0.118682 0.061544
OUTPUT3: 2005.91 -0.0275904 -0.118695 0.0615351
OUTPUT3: 2005.91 -0.0298001 -0.121669 0.0594909
OUTPUT3: 2005.91 -0.0298126 -0.121686 0.0594793
OUTPUT3: 2005.91 -0.0327934 -0.125653 0.0566982
OUTPUT3: 2005.91 -0.0372692 -0.131492 0.0524628
OUTPUT3: 2005.91 -0.0397945 -0.134696 0.0500276
OUTPUT3: 2005.91 -0.0397957 -0.134698 0.0500265
OUTPUT3: 2005.91 -0.0437644 -0.139396 0.0460231
OUTPUT3: 2005.92 -0.0443537 -0.139749 0.0452657
OUTPUT3: 2005.92 -0.0443537 -0.139749 0.0452657
OUTPUT3: 2005.92 -0.038742 -0.131794 0.0500961
OUTPUT3: 2005.92 -0.038742 -0.131794 0.0500961
OUTPUT3: 2005.92 -0.0387234 -0.131771 0.0501135
OUTPUT3: 2005.92 -0.0379496 -0.130806 0.0508474
OUTPUT3: 2005.92 -0.0379496 -0.130806 0.0508474
OUTPUT3: 2005.92 -0.0379034 -0.130749 0.0508915
OUTPUT3: 2005.92 -0.0375497 -0.130316 0.0512304
OUTPUT3: 2005.92 -0.0375497 -0.130316 0.0512305
OUTPUT3: 2005.92 -0.0322393 -0.1264 0.0574603
OUTPUT3: 2005.92 -0.0288206 -0.119483 0.0600997
OUTPUT3: 2005.92 -0.0341454 -0.126871 0.055776
OUTPUT3: 2005.93 -0.0463873 -0.143358 0.0440459
OUTPUT3: 2005.93 -0.0464235 -0.143537 0.0440922
OUTPUT3: 2005.93 -0.0424915 -0.13508 0.0463215
OUTPUT3: 2005.94 -0.0587704 -0.154142 0.0308624
OUTPUT3: 2005.95 -0.0198139 -0.11656 0.0712596
OUTPUT3: 2005.96 -0.0212552 -0.1184 0.0693789
OUTPUT3: 2005.96 -0.00221821 -0.0938555 0.0872022
OUTPUT3: 2005.96 -0.00135892 -0.0927215 0.0879974
OUTPUT3: 2005.96 0.00386481 -0.0858628 0.0928329
OUTPUT3: 2005.97 0.000609114 -0.0907302 0.089283
OUTPUT3: 2005.97 0.000610507 -0.0907287 0.0892845
OUTPUT3: 2005.97 0.00190651 -0.0893189 0.0906112
OUTPUT3: 2005.97 0.00190777 -0.0893176 0.0906125
OUTPUT3: 2005.97 0.00324614 -0.0878877 0.0919937
OUTPUT3: 2005.97 0.00324651 -0.0878873 0.0919941
OUTPUT3: 2005.97 0.00453826 -0.0865356 0.0933392
OUTPUT3: 2005.97 0.00454002 -0.0865338 0.0933411
OUTPUT3: 2005.97 0.00570199 -0.0853452 0.0945628
OUTPUT3: 2005.97 0.00570258 -0.0853446 0.0945634
OUTPUT3: 2005.97 0.00650608 -0.0845402 0.0954156
OUTPUT3: 2005.97 0.00650632 -0.08454 0.0954159
OUTPUT3: 2005.97 0.00727074 -0.0837901 0.0962332
OUTPUT3: 2005.97 0.00727131 -0.0837895 0.0962338
OUTPUT3: 2005.97 0.00820036 -0.0829018 0.0972372
OUTPUT3: 2005.97 0.00820039 -0.0829017 0.0972372
OUTPUT3: 2005.97 0.00902336 -0.0821417 0.0981373
OUTPUT3: 2005.97 0.00902509 -0.0821401 0.0981392
OUTPUT3: 2005.97 0.00975938 -0.0814885 0.0989536
OUTPUT3: 2005.97 0.00976079 -0.0814873 0.0989552
OUTPUT3: 2005.97 0.0102633 -0.0810601 0.0995205
OUTPUT3: 2005.97 0.0102635 -0.08106 0.0995207
OUTPUT3: 2005.97 0.0115639 -0.0800721 0.101034
OUTPUT3: 2005.97 0.0115639 -0.0800721 0.101034
OUTPUT3: 2005.97 0.0121137 -0.0797858 0.101729
OUTPUT3: 2005.97 0.0121138 -0.0797858 0.101729
OUTPUT3: 2005.97 0.0122216 -0.0797772 0.101885
OUTPUT3: 2005.97 0.0122216 -0.0797772 0.101885
OUTPUT3: 2005.97 0.0122232 -0.0797775 0.101887
OUTPUT3: 2005.97 0.012252 -0.0797926 0.101936
OUTPUT3: 2005.97 0.012252 -0.0797926 0.101936
OUTPUT3: 2005.97 0.0122694 -0.0798254 0.101976
OUTPUT3: 2005.97 0.0117758 -0.0805647 0.101546
OUTPUT3: 2005.97 0.0117756 -0.0805649 0.101546
OUTPUT3: 2005.97 0.0110914 -0.0812263 0.100794
OUTPUT3: 2005.97 0.0108506 -0.0814407 0.10052
OUTPUT3: 2005.97 0.0106003 -0.0816598 0.100233
OUTPUT3: 2005.97 0.00913318 -0.0830432 0.0985719
OUTPUT3: 2005.97 0.00906722 -0.0831155 0.0985007
OUTPUT3: 2005.97 0.00898649 -0.0832058 0.0984143
OUTPUT3: 2005.97 0.00890699 -0.0832967 0.0983299
OUTPUT3: 2005.97 0.00865573 -0.0835971 0.0980685
OUTPUT3: 2005.97 0.00840219 -0.083921 0.0978131
OUTPUT3: 2005.97 0.00745615 -0.0853032 0.0969333
OUTPUT3: 2005.97 0.00745593 -0.0853036 0.0969331
OUTPUT3: 2005.97 0.00554096 -0.0885592 0.0953704
OUTPUT3: 2005.97 0.0055396 -0.0885616 0.0953693
OUTPUT3: 2005.97 0.00472561 -0.0899572 0.0947245
OUTPUT3: 2005.97 0.00472513 -0.089958 0.0947241
OUTPUT3: 2005.97 0.00435559 -0.0905743 0.094427
OUTPUT3: 2005.97 0.00411165 -0.0909731 0.0942286
OUTPUT3: 2005.97 0.00395323 -0.0912283 0.0940986
OUTPUT3: 2005.97 0.00394966 -0.091234 0.0940956
OUTPUT3: 2005.97 0.00216009 -0.0938509 0.0925386
OUTPUT3: 2005.97 0.00174777 -0.0943722 0.0921517
OUTPUT3: 2005.97 0.00169606 -0.0944351 0.0921023
OUTPUT3: 2005.97 0.00136435 -0.0948258 0.091781
OUTPUT3: 2005.97 0.00130054 -0.0948983 0.0917183
OUTPUT3: 2005.97 0.000983492 -0.0952459 0.0914019
OUTPUT3: 2005.97 0.000905333 -0.0953283 0.0913227
OUTPUT3: 2005.97 0.000753909 -0.0954842 0.091168
OUTPUT3: 2005.97 2.48115e-05 -0.0961669 0.0903988
OUTPUT3: 2005.97 -0.000318415 -0.0964506 0.0900231
OUTPUT3: 2005.98 -0.00255323 -0.097864 0.0874197
OUTPUT3: 2005.98 -0.00297695 -0.0980891 0.0869108
OUTPUT3: 2005.98 -0.00423004 -0.0987822 0.0854168
OUTPUT3: 2005.98 -0.00609789 -0.100058 0.0832845
OUTPUT3: 2005.98 -0.00659682 -0.100465 0.0827407
OUTPUT3: 2005.98 -0.00713322 -0.100935 0.082169
OUTPUT3: 2005.98 -0.0125751 -0.107457 0.0771025
OUTPUT3: 2005.98 -0.0125753 -0.107457 0.0771024
OUTPUT3: 2005.98 -0.0130631 -0.108192 0.0767175
OUTPUT3: 2005.98 -0.0130633 -0.108192 0.0767173
OUTPUT3: 2005.98 -0.00937756 -0.103941 0.0815833
OUTPUT3: 2005.99 -0.0214786 -0.115871 0.0688289
OUTPUT3: 2005.99 -0.022184 -0.116507 0.0680672
OUTPUT3: 2005.99 -0.0222192 -0.11654 0.0680293
OUTPUT3: 2005.99 -0.0228509 -0.117122 0.067352
OUTPUT3: 2005.99 -0.0380766 -0.135338 0.0526555
OUTPUT3: 2005.99 -0.0380164 -0.135395 0.0527688
OUTPUT3: 2005.99 -0.0258391 -0.120098 0.0644198
OUTPUT3: 2006 -0.027674 -0.123613 0.063073
OUTPUT3: 2006 -0.0272983 -0.12346 0.0635231
OUTPUT3: 2006 -0.00714003 -0.100562 0.0828065
OUTPUT3: 2006 -0.00713914 -0.100561 0.0828073
OUTPUT3: 2006 0.000423821 -0.0908862 0.0900824
OUTPUT3: 2006 0.000425471 -0.0908842 0.0900841
OUTPUT3: 2006 0.000821893 -0.090422 0.0904832
OUTPUT3: 2006 0.000821893 -0.090422 0.0904832
OUTPUT3: 2006 0.00318477 -0.0882136 0.0930783
OUTPUT3: 2006 0.00318477 -0.0882136 0.0930783
OUTPUT3: 2006.01 0.00327805 -0.0882671 0.0932362
OUTPUT3: 2006.01 0.00327845 -0.0882678 0.0932371
OUTPUT3: 2006.01 0.00318925 -0.0889584 0.0933776
OUTPUT3: 2006.01 0.00297764 -0.0895252 0.0932895
OUTPUT3: 2006.01 0.00248988 -0.0906155 0.0930006
OUTPUT3: 2006.01 0.00248963 -0.0906161 0.0930004
OUTPUT3: 2006.01 0.00241242 -0.0907775 0.0929502
OUTPUT3: 2006.01 -0.00143533 -0.0980991 0.0901064
OUTPUT3: 2006.01 -0.00165011 -0.0985353 0.0899466
OUTPUT3: 2006.01 -0.00165011 -0.0985353 0.0899466
OUTPUT3: 2006.01 -0.00165011 -0.0985353 0.0899466
OUTPUT3: 2006.01 -0.00165011 -0.0985353 0.0899466
OUTPUT3: 2006.01 -0.00165011 -0.0985353 0.0899466
OUTPUT3: 2006.01 -0.00165011 -0.0985353 0.0899466
OUTPUT3: 2006.01 -0.00165011 -0.0985353 0.0899466
OUTPUT3: 2006.01 -0.00165011 -0.0985353 0.0899466
OUTPUT3: 2006.01 -0.00165011 -0.0985353 0.0899466
OUTPUT3: 2006.01 -0.00165011 -0.0985353 0.0899466
OUTPUT3: 2006.01 -0.00165011 -0.0985353 0.0899466
OUTPUT3: 2006.01 -0.00165011 -0.0985353 0.0899466
OUTPUT3: 2006.01 -0.00165011 -0.0985353 0.0899466
OUTPUT3: 2006.01 -0.00165011 -0.0985353 0.0899466
OUTPUT3: 2006.01 -0.00165011 -0.0985353 0.0899466
OUTPUT3: 2006.01 -0.00165011 -0.0985353 0.0899466
OUTPUT3: 2006.01 -0.00165011 -0.0985353 0.0899466
OUTPUT3: 2006.01 -0.00165011 -0.0985353 0.0899466
OUTPUT3: 2006.01 -0.00165011 -0.0985353 0.0899466
OUTPUT3: 2006.01 -0.00165011 -0.0985353 0.0899466
OUTPUT3: 2006.01 -0.00165011 -0.0985353 0.0899466
OUTPUT3: 2006.01 -0.00185624 -0.0990136 0.0898035
OUTPUT3: 2006.01 -0.00185634 -0.0990139 0.0898034
OUTPUT3: 2006.01 -0.000579987 -0.0977967 0.0910207
OUTPUT3: 2006.01 0.00122621 -0.095437 0.0926377
OUTPUT3: 2006.01 0.00122771 -0.095435 0.092639
OUTPUT3: 2006.01 0.0040447 -0.0916696 0.0951596
OUTPUT3: 2006.01 0.00404866 -0.0916643 0.0951631
OUTPUT3: 2006.01 0.0058181 -0.0892946 0.096753
OUTPUT3: 2006.01 0.00582357 -0.0892873 0.0967579
OUTPUT3: 2006.01 0.00822614 -0.0860876 0.0989288
OUTPUT3: 2006.01 0.0094877 -0.0844217 0.100076
OUTPUT3: 2006.01 0.0104271 -0.0831901 0.100934
OUTPUT3: 2006.01 0.0116283 -0.0816294 0.102036
OUTPUT3: 2006.01 0.0116301 -0.0816271 0.102038
OUTPUT3: 2006.01 0.0116301 -0.0816271 0.102038
OUTPUT3: 2006.01 0.0126702 -0.0802919 0.102999
OUTPUT3: 2006.01 0.013746 -0.078932 0.104001
OUTPUT3: 2006.01 0.0137476 -0.0789299 0.104002
OUTPUT3: 2006.01 0.0176781 -0.0744914 0.107848
OUTPUT3: 2006.01 0.0176784 -0.0744912 0.107848
OUTPUT3: 2006.01 0.0179302 -0.0744963 0.108193
OUTPUT3: 2006.01 0.0168885 -0.0775038 0.107934
OUTPUT3: 2006.04 -0.0432781 -0.140032 0.0481851
OUTPUT3: 2006.04 -0.0308062 -0.126049 0.0612138
OUTPUT3: 2006.04 -0.0304083 -0.125671 0.0616563
OUTPUT3: 2006.04 -0.0495747 -0.148658 0.0431925
OUTPUT3: 2006.05 -0.0369347 -0.133183 0.0550303
OUTPUT3: 2006.05 -0.0322855 -0.131711 0.0609706
OUTPUT3: 2006.06 -0.0218555 -0.121138 0.0714519
OUTPUT3: 2006.06 -0.00641757 -0.100648 0.0857158
OUTPUT3: 2006.07 -0.0345945 -0.131386 0.0568482
OUTPUT3: 2006.07 -0.0348841 -0.131678 0.0565406
OUTPUT3: 2006.07 -0.0369241 -0.133746 0.054374
OUTPUT3: 2006.07 -0.0304826 -0.124291 0.0602064
OUTPUT3: 2006.08 -0.0302204 -0.123787 0.0603924
OUTPUT3: 2006.08 -0.0258811 -0.122535 0.0659133
OUTPUT3: 2006.08 -0.0288406 -0.126722 0.0628535
OUTPUT3: 2006.08 -0.0291847 -0.127238 0.0625662
OUTPUT3: 2006.08 -0.0291928 -0.127251 0.0625596
OUTPUT3: 2006.08 -0.0293941 -0.127564 0.062398
OUTPUT3: 2006.08 -0.0294546 -0.127661 0.0623512
OUTPUT3: 2006.08 -0.0294546 -0.127661 0.0623512
OUTPUT3: 2006.08 -0.0294546 -0.127661 0.0623512
OUTPUT3: 2006.08 -0.0294546 -0.127661 0.0623512
OUTPUT3: 2006.08 -0.0294546 -0.127661 0.0623512
OUTPUT3: 2006.08 -0.0294546 -0.127661 0.0623512
OUTPUT3: 2006.08 -0.0294546 -0.127661 0.0623512
OUTPUT3: 2006.08 -0.0294546 -0.127661 0.0623512
OUTPUT3: 2006.08 -0.0294546 -0.127661 0.0623512
OUTPUT3: 2006.08 -0.0294546 -0.127661 0.0623512
OUTPUT3: 2006.08 -0.0294546 -0.127661 0.0623512
OUTPUT3: 2006.08 -0.0294546 -0.127661 0.0623512
OUTPUT3: 2006.08 -0.0294546 -0.127661 0.0623512
OUTPUT3: 2006.08 -0.0294546 -0.127661 0.0623512
OUTPUT3: 2006.08 -0.0296871 -0.128099 0.0622095
OUTPUT3: 2006.08 -0.0279778 -0.12611 0.0639899
OUTPUT3: 2006.08 -0.0279776 -0.12611 0.0639901
OUTPUT3: 2006.08 -0.0262934 -0.123924 0.0656153
OUTPUT3: 2006.08 -0.0262926 -0.123922 0.0656161
OUTPUT3: 2006.09 -0.0165333 -0.110735 0.0747723
OUTPUT3: 2006.09 -0.0156509 -0.109523 0.0755919
OUTPUT3: 2006.09 -0.0116072 -0.103957 0.0793476
OUTPUT3: 2006.09 -0.0116031 -0.103951 0.0793514
OUTPUT3: 2006.09 -0.00866477 -0.0999493 0.0821207
OUTPUT3: 2006.09 -0.00866428 -0.0999486 0.0821211
OUTPUT3: 2006.09 -0.00857983 -0.0998804 0.0822341
OUTPUT3: 2006.09 -0.00974572 -0.101606 0.0812293
OUTPUT3: 2006.09 -0.0107195 -0.103005 0.0803607
OUTPUT3: 2006.09 -0.0128786 -0.106064 0.0784059
OUTPUT3: 2006.09 -0.0151653 -0.109247 0.0763019
OUTPUT3: 2006.09 -0.0151666 -0.109249 0.0763007
OUTPUT3: 2006.09 -0.0151666 -0.109249 0.0763007
OUTPUT3: 2006.09 -0.0155778 -0.109815 0.0759185
OUTPUT3: 2006.09 -0.0155778 -0.109815 0.0759185
OUTPUT3: 2006.09 -0.0160907 -0.110518 0.0754402
OUTPUT3: 2006.1 -0.0342286 -0.129436 0.0565
OUTPUT3: 2006.1 -0.034224 -0.12943 0.0565044
OUTPUT3: 2006.1 -0.0309327 -0.125143 0.0596347
OUTPUT3: 2006.1 -0.0189342 -0.111805 0.0717238
OUTPUT3: 2006.1 -0.0096823 -0.105386 0.0818471
OUTPUT3: 2006.11 -0.0147893 -0.112513 0.0770979
OUTPUT3: 2006.11 -0.0147893 -0.112513 0.0770979
OUTPUT3: 2006.11 -0.0148078 -0.112537 0.0770799
OUTPUT3: 2006.11 -0.0152209 -0.113061 0.0766778
OUTPUT3: 2006.11 -0.0152209 -0.113061 0.0766777
OUTPUT3: 2006.11 -0.0174418 -0.11571 0.0744519
OUTPUT3: 2006.11 -0.0174421 -0.115711 0.0744515
OUTPUT3: 2006.11 -0.0189413 -0.117238 0.0728508
OUTPUT3: 2006.11 -0.0193487 -0.117576 0.072386
OUTPUT3: 2006.11 -0.0193488 -0.117576 0.0723859
OUTPUT3: 2006.11 -0.018931 -0.114734 0.0718966
OUTPUT3: 2006.11 -0.0182879 -0.113647 0.072416
OUTPUT3: 2006.11 -0.0182872 -0.113646 0.0724166
OUTPUT3: 2006.11 -0.0182196 -0.113536 0.0724729
OUTPUT3: 2006.11 -0.0177128 -0.112735 0.0729035
OUTPUT3: 2006.11 -0.0135604 -0.10713 0.0768089
OUTPUT3: 2006.11 -0.0135586 -0.107127 0.0768108
OUTPUT3: 2006.11 -0.012369 -0.105812 0.078045
OUTPUT3: 2006.11 -0.0123668 -0.10581 0.0780473
OUTPUT3: 2006.11 -0.0118325 -0.105276 0.0786241
OUTPUT3: 2006.11 -0.0118292 -0.105272 0.0786277
OUTPUT3: 2006.11 -0.0113369 -0.104821 0.0791752
OUTPUT3: 2006.11 -0.0113342 -0.104818 0.0791783
OUTPUT3: 2006.11 -0.0108757 -0.104442 0.0797062
OUTPUT3: 2006.11 -0.00965884 -0.10387 0.0812756
OUTPUT3: 2006.11 -0.0093208 -0.104252 0.0819244
OUTPUT3: 2006.11 -0.00931006 -0.10445 0.0820174
OUTPUT3: 2006.11 -0.00938745 -0.104961 0.0821004
OUTPUT3: 2006.11 -0.00938781 -0.104962 0.0821004
OUTPUT3: 2006.11 -0.00971523 -0.105803 0.0819259
OUTPUT3: 2006.11 -0.00977006 -0.105789 0.0818109
OUTPUT3: 2006.11 -0.00977006 -0.105789 0.0818109
OUTPUT3: 2006.11 -0.00972666 -0.105654 0.0818095
OUTPUT3: 2006.11 -0.00944546 -0.105008 0.0819324
OUTPUT3: 2006.11 -0.00932832 -0.10477 0.082
OUTPUT3: 2006.11 -0.00888263 -0.103928 0.08229
OUTPUT3: 2006.11 -0.00888251 -0.103928 0.0822901
OUTPUT3: 2006.11 -0.00760621 -0.101822 0.0832618
OUTPUT3: 2006.11 -0.00759813 -0.10181 0.0832684
OUTPUT3: 2006.11 -0.00719576 -0.101207 0.0836016
OUTPUT3: 2006.11 -0.00717072 -0.10117 0.0836227
OUTPUT3: 2006.11 -0.00697891 -0.100891 0.0837853
OUTPUT3: 2006.11 -0.00697891 -0.100891 0.0837853
OUTPUT3: 2006.11 -0.00326211 -0.0963405 0.0872901
OUTPUT3: 2006.12 -0.000638678 -0.0939897 0.0901118
OUTPUT3: 2006.12 8.78515e-05 -0.0934548 0.090939
OUTPUT3: 2006.12 0.000354049 -0.0932703 0.0912465
OUTPUT3: 2006.12 0.000824834 -0.0929579 0.0917957
OUTPUT3: 2006.12 0.000825026 -0.0929577 0.0917959
OUTPUT3: 2006.12 0.00241766 -0.0920007 0.0936911
OUTPUT3: 2006.12 0.00241766 -0.0920007 0.0936911
OUTPUT3: 2006.12 0.00242564 -0.0919961 0.0937007
OUTPUT3: 2006.12 0.00259765 -0.0918977 0.0939071
OUTPUT3: 2006.12 0.00259765 -0.0918977 0.0939071
OUTPUT3: 2006.12 0.00322891 -0.0915323 0.0946621
OUTPUT3: 2006.12 0.00421642 -0.0908994 0.0958171
OUTPUT3: 2006.12 0.00421679 -0.0908991 0.0958174
OUTPUT3: 2006.12 0.00421679 -0.0908991 0.0958174
OUTPUT3: 2006.12 0.00678796 -0.0874184 0.0981115
OUTPUT3: 2006.13 -0.0263641 -0.124477 0.0658134
OUTPUT3: 2006.14 -0.0259554 -0.123644 0.0663306
OUTPUT3: 2006.14 -0.0259553 -0.123643 0.0663307
OUTPUT3: 2006.14 0.000113548 -0.0953162 0.0929904
OUTPUT3: 2006.15 -0.0128663 -0.109976 0.079898
OUTPUT3: 2006.15 -0.0377493 -0.136199 0.053948
OUTPUT3: 2006.16 -0.0446931 -0.141026 0.0463684
OUTPUT3: 2006.16 -0.0844701 -0.181964 0.00579183
OUTPUT3: 2006.16 -0.0848888 -0.182435 0.0053954
OUTPUT3: 2006.16 -0.0848889 -0.182435 0.00539535
OUTPUT3: 2006.17 -0.0837363 -0.181487 0.00645716
OUTPUT3: 2006.17 -0.0837363 -0.181487 0.00645716
OUTPUT3: 2006.17 -0.0837246 -0.181475 0.0064699
OUTPUT3: 2006.17 -0.0834585 -0.181203 0.00675746
OUTPUT3: 2006.17 -0.0834585 -0.181203 0.00675746
OUTPUT3: 2006.17 -0.0830717 -0.180804 0.00717227
OUTPUT3: 2006.17 -0.0814605 -0.17909 0.0088722
OUTPUT3: 2006.17 -0.0814605 -0.17909 0.0088722
OUTPUT3: 2006.17 -0.0814428 -0.179071 0.00889071
OUTPUT3: 2006.17 -0.0810498 -0.178643 0.00929991
OUTPUT3: 2006.17 -0.0810498 -0.178643 0.0092999
OUTPUT3: 2006.17 -0.0760207 -0.17293 0.0144143
OUTPUT3: 2006.17 -0.0760205 -0.17293 0.0144146
OUTPUT3: 2006.17 -0.0737303 -0.170208 0.0166839
OUTPUT3: 2006.17 -0.0628106 -0.156548 0.0271333
OUTPUT3: 2006.17 -0.0593416 -0.15492 0.0312713
OUTPUT3: 2006.17 -0.058937 -0.154861 0.0318095
OUTPUT3: 2006.17 -0.0582343 -0.154442 0.0326361
OUTPUT3: 2006.17 -0.0582343 -0.154442 0.0326361
OUTPUT3: 2006.17 -0.0582343 -0.154442 0.0326361
OUTPUT3: 2006.17 -0.0582343 -0.154442 0.0326361
OUTPUT3: 2006.17 -0.0582343 -0.154442 0.0326361
OUTPUT3: 2006.17 -0.0582343 -0.154442 0.0326361
OUTPUT3: 2006.17 -0.0582343 -0.154442 0.0326361
OUTPUT3: 2006.17 -0.0582343 -0.154442 0.0326361
OUTPUT3: 2006.17 -0.0582343 -0.154442 0.0326361
OUTPUT3: 2006.17 -0.0582343 -0.154442 0.0326361
OUTPUT3: 2006.17 -0.0582343 -0.154442 0.0326361
OUTPUT3: 2006.17 -0.0582343 -0.154442 0.0326361
OUTPUT3: 2006.17 -0.0582343 -0.154442 0.0326361
OUTPUT3: 2006.17 -0.0582343 -0.154442 0.0326361
OUTPUT3: 2006.17 -0.0580892 -0.154329 0.0327974
OUTPUT3: 2006.17 -0.0553288 -0.15139 0.0355884
OUTPUT3: 2006.17 -0.0553279 -0.151389 0.0355893
OUTPUT3: 2006.17 -0.0541642 -0.149881 0.0366668
OUTPUT3: 2006.17 -0.0535583 -0.149047 0.0372089
OUTPUT3: 2006.17 -0.0535578 -0.149046 0.0372093
OUTPUT3: 2006.17 -0.0529971 -0.148243 0.0376987
OUTPUT3: 2006.17 -0.0529683 -0.148201 0.0377235
OUTPUT3: 2006.17 -0.0505661 -0.143473 0.0392811
OUTPUT3: 2006.17 -0.0541007 -0.147233 0.0356086
OUTPUT3: 2006.17 -0.0541013 -0.147234 0.035608
OUTPUT3: 2006.17 -0.0548322 -0.148173 0.034918
OUTPUT3: 2006.17 -0.055558 -0.149132 0.034244
OUTPUT3: 2006.17 -0.055558 -0.149132 0.034244
OUTPUT3: 2006.18 -0.0581049 -0.152687 0.0319643
OUTPUT3: 2006.18 -0.0583103 -0.152988 0.031787
OUTPUT3: 2006.18 -0.0608058 -0.157043 0.0298276
OUTPUT3: 2006.18 -0.0608058 -0.157043 0.0298276
OUTPUT3: 2006.18 -0.0608099 -0.157051 0.0298256
OUTPUT3: 2006.18 -0.060887 -0.157229 0.0297912
OUTPUT3: 2006.18 -0.060887 -0.157229 0.0297912
OUTPUT3: 2006.18 -0.0608439 -0.157603 0.0300518
OUTPUT3: 2006.18 -0.0608439 -0.157603 0.0300518
OUTPUT3: 2006.18 -0.0608439 -0.157603 0.0300518
OUTPUT3: 2006.18 -0.0608439 -0.157603 0.0300518
OUTPUT3: 2006.18 -0.0608439 -0.157603 0.0300518
OUTPUT3: 2006.18 -0.0608439 -0.157603 0.0300518
OUTPUT3: 2006.18 -0.0608439 -0.157603 0.0300518
OUTPUT3: 2006.18 -0.0608439 -0.157603 0.0300519
OUTPUT3: 2006.18 -0.0608439 -0.157603 0.0300518
OUTPUT3: 2006.18 -0.0608439 -0.157603 0.0300518
OUTPUT3: 2006.18 -0.0608439 -0.157603 0.0300519
OUTPUT3: 2006.18 -0.0608439 -0.157603 0.0300518
OUTPUT3: 2006.18 -0.0601296 -0.156993 0.0309002
OUTPUT3: 2006.18 -0.0601296 -0.156993 0.0309002
OUTPUT3: 2006.18 -0.0601296 -0.156993 0.0309002
OUTPUT3: 2006.18 -0.0601296 -0.156993 0.0309002
OUTPUT3: 2006.18 -0.0601296 -0.156993 0.0309002
OUTPUT3: 2006.18 -0.0601296 -0.156993 0.0309002
OUTPUT3: 2006.18 -0.0601296 -0.156993 0.0309002
OUTPUT3: 2006.18 -0.0601296 -0.156993 0.0309002
OUTPUT3: 2006.18 -0.0601296 -0.156993 0.0309002
OUTPUT3: 2006.18 -0.0601296 -0.156993 0.0309002
OUTPUT3: 2006.18 -0.0601296 -0.156993 0.0309002
OUTPUT3: 2006.18 -0.0601296 -0.156993 0.0309002
OUTPUT3: 2006.18 -0.0601296 -0.156993 0.0309002
OUTPUT3: 2006.18 -0.0601296 -0.156993 0.0309002
OUTPUT3: 2006.18 -0.0601296 -0.156993 0.0309002
OUTPUT3: 2006.18 -0.0601296 -0.156993 0.0309002
OUTPUT3: 2006.18 -0.0427585 -0.137668 0.0484003
OUTPUT3: 2006.18 -0.042496 -0.137331 0.0486392
OUTPUT3: 2006.18 -0.0399389 -0.134026 0.050957
OUTPUT3: 2006.19 -0.0238899 -0.11711 0.0664394
OUTPUT3: 2006.19 -0.0235419 -0.116613 0.0667404
OUTPUT3: 2006.21 -0.0298071 -0.122885 0.0597894
OUTPUT3: 2006.22 -0.0184914 -0.109286 0.070944
OUTPUT3: 2006.22 -0.0401132 -0.134991 0.049367
OUTPUT3: 2006.22 -0.0401204 -0.135001 0.0493604
OUTPUT3: 2006.22 -0.040165 -0.135063 0.0493193
OUTPUT3: 2006.22 -0.040925 -0.13614 0.0486248
OUTPUT3: 2006.22 -0.0410104 -0.136264 0.0485476
OUTPUT3: 2006.22 -0.0410104 -0.136264 0.0485475
OUTPUT3: 2006.22 -0.0414817 -0.136961 0.0481259
OUTPUT3: 2006.22 -0.0415091 -0.137003 0.0481016
OUTPUT3: 2006.22 -0.0418493 -0.137535 0.0478059
OUTPUT3: 2006.22 -0.0420178 -0.137818 0.0476653
OUTPUT3: 2006.22 -0.0420561 -0.137887 0.0476345
OUTPUT3: 2006.22 -0.0421393 -0.138046 0.0475705
OUTPUT3: 2006.22 -0.0421495 -0.138297 0.047629
OUTPUT3: 2006.22 -0.0398379 -0.135839 0.0499564
OUTPUT3: 2006.22 -0.0398376 -0.135839 0.0499567
OUTPUT3: 2006.22 -0.0377687 -0.133354 0.0519519
OUTPUT3: 2006.22 -0.0365493 -0.131853 0.0531155
OUTPUT3: 2006.22 -0.0345981 -0.129415 0.0549645
OUTPUT3: 2006.22 -0.034597 -0.129413 0.0549656
OUTPUT3: 2006.22 -0.0318858 -0.125973 0.0575148
OUTPUT3: 2006.22 -0.0237002 -0.115373 0.0651068
OUTPUT3: 2006.22 -0.0236797 -0.115346 0.0651256
OUTPUT3: 2006.22 -0.0229384 -0.11438 0.0658059
OUTPUT3: 2006.22 -0.0229384 -0.11438 0.0658059
OUTPUT3: 2006.22 -0.0226589 -0.114016 0.066062
OUTPUT3: 2006.22 -0.0223891 -0.113664 0.0663092
OUTPUT3: 2006.22 -0.0221053 -0.113296 0.0665689
OUTPUT3: 2006.22 -0.0221053 -0.113296 0.0665689
OUTPUT3: 2006.23 -0.0306236 -0.126029 0.0588842
OUTPUT3: 2006.23 -0.0315944 -0.12741 0.0580082
OUTPUT3: 2006.23 -0.0335732 -0.13021 0.0562185
OUTPUT3: 2006.23 -0.0360579 -0.133551 0.0539828
OUTPUT3: 2006.23 -0.0360579 -0.133551 0.0539826
OUTPUT3: 2006.23 -0.0360083 -0.133423 0.0539706
OUTPUT3: 2006.23 -0.0360033 -0.133413 0.0539718
OUTPUT3: 2006.23 -0.0358284 -0.133099 0.0540732
OUTPUT3: 2006.23 -0.0358284 -0.133099 0.0540732
OUTPUT3: 2006.23 -0.0348806 -0.131547 0.0548547
OUTPUT3: 2006.23 -0.0348789 -0.131545 0.0548562
OUTPUT3: 2006.23 -0.0327237 -0.128134 0.0566756
OUTPUT3: 2006.23 -0.0318371 -0.126739 0.0574274
OUTPUT3: 2006.23 -0.029872 -0.123645 0.0590939
OUTPUT3: 2006.23 -0.0292793 -0.122708 0.0595957
OUTPUT3: 2006.23 -0.027472 -0.119825 0.0611205
OUTPUT3: 2006.23 -0.0274699 -0.119822 0.0611223
OUTPUT3: 2006.23 -0.0259364 -0.117181 0.0623737
OUTPUT3: 2006.23 -0.0259367 -0.117181 0.0623734
OUTPUT3: 2006.23 -0.0261107 -0.11739 0.0622127
OUTPUT3: 2006.23 -0.026111 -0.117391 0.0622124
OUTPUT3: 2006.23 -0.028956 -0.121594 0.0597578
OUTPUT3: 2006.23 -0.0312106 -0.125125 0.0578664
OUTPUT3: 2006.23 -0.0318287 -0.126122 0.057357
OUTPUT3: 2006.24 -0.00748555 -0.0991086 0.0827573
OUTPUT3: 2006.25 -0.0547766 -0.151844 0.0349717
OUTPUT3: 2006.26 -0.0488938 -0.140212 0.0388675
OUTPUT3: 2006.26 -0.0488935 -0.140211 0.0388679
OUTPUT3: 2006.26 -0.0475542 -0.139118 0.0403668
OUTPUT3: 2006.26 -0.046227 -0.137948 0.0418142
OUTPUT3: 2006.26 -0.0441373 -0.135679 0.0439128
OUTPUT3: 2006.26 -0.044137 -0.135679 0.043913
OUTPUT3: 2006.27 -0.0436623 -0.134881 0.0442688
OUTPUT3: 2006.27 -0.0437486 -0.134699 0.0440619
OUTPUT3: 2006.27 -0.0444337 -0.13506 0.0432021
OUTPUT3: 2006.27 -0.0444344 -0.135061 0.0432012
OUTPUT3: 2006.27 -0.0448579 -0.135381 0.0427115
OUTPUT3: 2006.27 -0.0448594 -0.135382 0.0427098
OUTPUT3: 2006.27 -0.0466059 -0.136915 0.0407801
OUTPUT3: 2006.27 -0.0468177 -0.137114 0.0405517
OUTPUT3: 2006.27 -0.054901 -0.145571 0.032193
OUTPUT3: 2006.27 -0.0600217 -0.151394 0.0270926
OUTPUT3: 2006.27 -0.0600241 -0.151397 0.0270902
OUTPUT3: 2006.27 -0.0635296 -0.155517 0.0236554
OUTPUT3: 2006.27 -0.0635373 -0.155526 0.023648
OUTPUT3: 2006.27 -0.0664397 -0.159009 0.0208357
OUTPUT3: 2006.27 -0.0664401 -0.159009 0.0208354
OUTPUT3: 2006.27 -0.0708776 -0.164456 0.016592
OUTPUT3: 2006.27 -0.0753257 -0.170083 0.0126528
OUTPUT3: 2006.27 -0.076383 -0.171454 0.0118936
OUTPUT3: 2006.27 -0.0775461 -0.172988 0.0110697
OUTPUT3: 2006.27 -0.0593857 -0.150103 0.0282197
OUTPUT3: 2006.27 -0.0588193 -0.149367 0.0287577
OUTPUT3: 2006.27 -0.0578398 -0.150378 0.0307131
OUTPUT3: 2006.27 -0.0581236 -0.150858 0.0304912
OUTPUT3: 2006.28 -0.0445425 -0.135281 0.0435835
OUTPUT3: 2006.28 -0.0445425 -0.135281 0.0435835
OUTPUT3: 2006.28 -0.0445425 -0.135281 0.0435835
OUTPUT3: 2006.28 -0.0445425 -0.135281 0.0435835
OUTPUT3: 2006.28 -0.0445425 -0.135281 0.0435835
OUTPUT3: 2006.28 -0.0445425 -0.135281 0.0435835
OUTPUT3: 2006.28 -0.0445425 -0.135281 0.0435835
OUTPUT3: 2006.28 -0.0445425 -0.135281 0.0435835
OUTPUT3: 2006.28 -0.0445425 -0.135281 0.0435835
OUTPUT3: 2006.28 -0.0445425 -0.135281 0.0435835
OUTPUT3: 2006.28 -0.0445425 -0.135281 0.0435835
OUTPUT3: 2006.28 -0.0445425 -0.135281 0.0435835
OUTPUT3: 2006.28 -0.0445425 -0.135281 0.0435834
OUTPUT3: 2006.28 -0.0445425 -0.135281 0.0435835
OUTPUT3: 2006.28 -0.0445425 -0.135281 0.0435835
OUTPUT3: 2006.28 -0.0445425 -0.135281 0.0435835
OUTPUT3: 2006.28 -0.04814 -0.139979 0.0401678
OUTPUT3: 2006.28 -0.04814 -0.139979 0.0401678
OUTPUT3: 2006.28 -0.04814 -0.139979 0.0401678
OUTPUT3: 2006.28 -0.04814 -0.139979 0.0401678
OUTPUT3: 2006.28 -0.04814 -0.139979 0.0401678
OUTPUT3: 2006.28 -0.04814 -0.139979 0.0401678
OUTPUT3: 2006.28 -0.04814 -0.139979 0.0401678
OUTPUT3: 2006.28 -0.04814 -0.139979 0.0401678
OUTPUT3: 2006.28 -0.04814 -0.139979 0.0401678
OUTPUT3: 2006.28 -0.04814 -0.139979 0.0401678
OUTPUT3: 2006.28 -0.04814 -0.139979 0.0401677
OUTPUT3: 2006.28 -0.04814 -0.139979 0.0401677
OUTPUT3: 2006.28 -0.04814 -0.139979 0.0401677
OUTPUT3: 2006.28 -0.04814 -0.139979 0.0401677
OUTPUT3: 2006.28 -0.04814 -0.139979 0.0401677
OUTPUT3: 2006.28 -0.04814 -0.139979 0.0401677
OUTPUT3: 2006.28 -0.0613644 -0.153663 0.0262528
OUTPUT3: 2006.28 -0.0613644 -0.153663 0.0262528
OUTPUT3: 2006.28 -0.0613644 -0.153663 0.0262527
OUTPUT3: 2006.28 -0.0613644 -0.153663 0.0262527
OUTPUT3: 2006.28 -0.0613644 -0.153663 0.0262527
OUTPUT3: 2006.28 -0.0613644 -0.153663 0.0262527
OUTPUT3: 2006.28 -0.0613644 -0.153663 0.0262528
OUTPUT3: 2006.28 -0.0613644 -0.153663 0.0262528
OUTPUT3: 2006.28 -0.0613644 -0.153663 0.0262528
OUTPUT3: 2006.28 -0.0613644 -0.153663 0.0262527
OUTPUT3: 2006.28 -0.0613644 -0.153663 0.0262527
OUTPUT3: 2006.28 -0.0613644 -0.153663 0.0262528
OUTPUT3: 2006.28 -0.0613644 -0.153663 0.0262527
OUTPUT3: 2006.28 -0.0613644 -0.153663 0.0262527
OUTPUT3: 2006.29 -0.0543012 -0.143851 0.0329157
OUTPUT3: 2006.29 -0.0543151 -0.143936 0.0329331
OUTPUT3: 2006.29 -0.0543543 -0.144101 0.0329465
OUTPUT3: 2006.29 -0.0525828 -0.143253 0.0348947
OUTPUT3: 2006.29 -0.0489616 -0.141751 0.0383505
OUTPUT3: 2006.3 -0.0218782 -0.110974 0.0646295
OUTPUT3: 2006.3 -0.0217371 -0.111313 0.0648937
OUTPUT3: 2006.3 -0.0217371 -0.111313 0.0648937
OUTPUT3: 2006.3 -0.0216786 -0.111424 0.0649972
OUTPUT3: 2006.3 -0.0216785 -0.111424 0.0649973
OUTPUT3: 2006.3 -0.0210858 -0.112062 0.0659323
OUTPUT3: 2006.3 -0.0202106 -0.112268 0.0671214
OUTPUT3: 2006.3 -0.019901 -0.112234 0.0675119
OUTPUT3: 2006.3 -0.0197244 -0.112196 0.0677294
OUTPUT3: 2006.3 -0.0171485 -0.110715 0.0706251
OUTPUT3: 2006.3 -0.0171376 -0.110706 0.0706365
OUTPUT3: 2006.3 -0.0165184 -0.110174 0.0712787
OUTPUT3: 2006.3 -0.0151555 -0.108844 0.0726419
OUTPUT3: 2006.3 -0.0137289 -0.107258 0.0740067
OUTPUT3: 2006.3 -0.013728 -0.107257 0.0740075
OUTPUT3: 2006.3 -0.0118259 -0.104887 0.0757442
OUTPUT3: 2006.3 -0.0101859 -0.102635 0.0771721
OUTPUT3: 2006.3 -0.00929309 -0.101328 0.0779219
OUTPUT3: 2006.3 -0.00929289 -0.101327 0.077922
OUTPUT3: 2006.3 -0.00880322 -0.100584 0.0783243
OUTPUT3: 2006.31 -0.00679286 -0.0972373 0.0798722
OUTPUT3: 2006.31 -0.00678362 -0.0972192 0.0798783
OUTPUT3: 2006.31 -0.00662854 -0.0968597 0.0799631
OUTPUT3: 2006.31 -0.00663215 -0.0968537 0.0799562
OUTPUT3: 2006.31 -0.00680603 -0.0970731 0.0798011
OUTPUT3: 2006.31 -0.00808244 -0.0994076 0.078932
OUTPUT3: 2006.31 -0.0083116 -0.0999077 0.078812
OUTPUT3: 2006.31 -0.00857298 -0.1014 0.0791322
OUTPUT3: 2006.31 -0.00825793 -0.101146 0.0795203
OUTPUT3: 2006.31 -0.00825695 -0.101145 0.0795214
OUTPUT3: 2006.31 -0.00716765 -0.0997922 0.0806384
OUTPUT3: 2006.31 -0.00716723 -0.0997916 0.0806388
OUTPUT3: 2006.31 -0.00608521 -0.0981987 0.0816372
OUTPUT3: 2006.31 -0.00608504 -0.0981984 0.0816374
OUTPUT3: 2006.31 -0.0048684 -0.0962464 0.0826963
OUTPUT3: 2006.31 -0.00463884 -0.0958623 0.0828906
OUTPUT3: 2006.31 -0.00138224 -0.0913784 0.0861974
OUTPUT3: 2006.33 -0.00240975 -0.0926189 0.0837836
OUTPUT3: 2006.33 0.0154318 -0.0723782 0.101743
OUTPUT3: 2006.33 0.0154318 -0.0723782 0.101743
OUTPUT3: 2006.33 0.0154318 -0.0723782 0.101743
OUTPUT3: 2006.33 0.0154318 -0.0723782 0.101743
OUTPUT3: 2006.33 0.0154318 -0.0723782 0.101743
OUTPUT3: 2006.34 0.014368 -0.0740619 0.100839
OUTPUT3: 2006.34 0.014368 -0.0740619 0.100839
OUTPUT3: 2006.34 0.014368 -0.0740619 0.100839
OUTPUT3: 2006.34 0.014368 -0.0740619 0.100839
OUTPUT3: 2006.34 0.014368 -0.0740619 0.100839
OUTPUT3: 2006.34 0.014368 -0.0740619 0.100839
OUTPUT3: 2006.34 0.014368 -0.0740619 0.100839
OUTPUT3: 2006.34 0.014368 -0.0740619 0.100839
OUTPUT3: 2006.34 0.014368 -0.0740619 0.100839
OUTPUT3: 2006.34 0.014368 -0.0740619 0.100839
OUTPUT3: 2006.34 0.014368 -0.0740619 0.100839
OUTPUT3: 2006.34 0.014368 -0.0740619 0.100839
OUTPUT3: 2006.34 0.014368 -0.0740619 0.100839
OUTPUT3: 2006.34 0.014368 -0.0740619 0.100839
OUTPUT3: 2006.34 0.014368 -0.0740619 0.100839
OUTPUT3: 2006.34 0.014368 -0.0740619 0.100839
OUTPUT3: 2006.34 0.00256936 -0.0883131 0.0889379
OUTPUT3: 2006.34 0.00256936 -0.0883131 0.0889378
OUTPUT3: 2006.34 0.00256936 -0.0883131 0.0889379
OUTPUT3: 2006.34 0.00256936 -0.0883131 0.0889379
OUTPUT3: 2006.34 0.00256936 -0.0883131 0.0889379
OUTPUT3: 2006.34 0.00256936 -0.0883131 0.0889379
OUTPUT3: 2006.34 0.00256936 -0.0883131 0.0889379
OUTPUT3: 2006.34 0.00256936 -0.0883131 0.0889379
OUTPUT3: 2006.34 0.00256936 -0.0883131 0.0889379
OUTPUT3: 2006.34 0.00256936 -0.0883131 0.0889379
OUTPUT3: 2006.34 0.00256936 -0.0883131 0.0889378
OUTPUT3: 2006.34 0.00256936 -0.0883131 0.0889379
OUTPUT3: 2006.34 0.00256936 -0.0883131 0.0889379
OUTPUT3: 2006.34 0.00256936 -0.0883131 0.0889379
OUTPUT3: 2006.35 0.00443938 -0.0846743 0.0900746
OUTPUT3: 2006.35 0.00413257 -0.0851415 0.089816
OUTPUT3: 2006.35 0.00381511 -0.0856405 0.0895544
OUTPUT3: 2006.35 0.00353149 -0.0861011 0.0893265
OUTPUT3: 2006.35 0.00328257 -0.0865184 0.0891314
OUTPUT3: 2006.35 0.00299374 -0.0870203 0.0889121
OUTPUT3: 2006.35 0.00271792 -0.0875205 0.0887108
OUTPUT3: 2006.35 0.00252492 -0.0878856 0.0885759
OUTPUT3: 2006.35 0.00239018 -0.0881494 0.0884853
OUTPUT3: 2006.35 0.00239018 -0.0881494 0.0884852
OUTPUT3: 2006.35 0.00440552 -0.0863057 0.0908063
OUTPUT3: 2006.35 0.00441974 -0.086274 0.0908154
OUTPUT3: 2006.35 0.00487138 -0.085181 0.0910744
OUTPUT3: 2006.36 0.00509677 -0.0826665 0.0905997
OUTPUT3: 2006.36 0.0046565 -0.0828372 0.0900865
OUTPUT3: 2006.36 0.00465634 -0.0828373 0.0900863
OUTPUT3: 2006.36 0.00443241 -0.0830119 0.0898538
OUTPUT3: 2006.36 0.00392338 -0.0835316 0.0893671
OUTPUT3: 2006.36 0.00294945 -0.0849437 0.088592
OUTPUT3: 2006.36 0.00383778 -0.0852697 0.0900327
OUTPUT3: 2006.36 0.00383824 -0.0852692 0.0900332
OUTPUT3: 2006.36 0.00436997 -0.0847451 0.0905805
OUTPUT3: 2006.38 0.0475103 -0.0413695 0.133715
OUTPUT3: 2006.38 0.0347189 -0.0557101 0.120755
OUTPUT3: 2006.38 0.0460525 -0.0410432 0.131131
OUTPUT3: 2006.4 0.0283162 -0.0587447 0.113717
OUTPUT3: 2006.4 0.0283158 -0.0587453 0.113717
OUTPUT3: 2006.4 0.025627 -0.0623845 0.111228
OUTPUT3: 2006.4 0.0256248 -0.0623872 0.111226
OUTPUT3: 2006.4 0.0250133 -0.0630722 0.110607
OUTPUT3: 2006.4 0.025012 -0.0630736 0.110606
OUTPUT3: 2006.4 0.0242234 -0.063815 0.109755
OUTPUT3: 2006.4 0.0242223 -0.0638159 0.109754
OUTPUT3: 2006.4 0.0239455 -0.0640313 0.109438
OUTPUT3: 2006.4 0.0239451 -0.0640316 0.109438
OUTPUT3: 2006.4 0.0233356 -0.0644208 0.108713
OUTPUT3: 2006.4 0.0227774 -0.0646897 0.108018
OUTPUT3: 2006.4 0.0209986 -0.0653786 0.10575
OUTPUT3: 2006.4 0.0209948 -0.0653802 0.105745
OUTPUT3: 2006.4 0.020513 -0.0655993 0.105145
OUTPUT3: 2006.4 0.0205117 -0.0655999 0.105143
OUTPUT3: 2006.4 0.0124036 -0.0723584 0.0962305
OUTPUT3: 2006.4 0.0124031 -0.0723589 0.09623
OUTPUT3: 2006.4 0.00862257 -0.0765898 0.0924931
OUTPUT3: 2006.4 0.00862257 -0.0765898 0.0924931
OUTPUT3: 2006.4 0.0081338 -0.0771632 0.0920206
OUTPUT3: 2006.4 0.00698486 -0.07853 0.0909175
OUTPUT3: 2006.4 0.0055668 -0.0802493 0.0895697
OUTPUT3: 2006.4 0.00428159 -0.0818334 0.0883595
OUTPUT3: 2006.4 0.00315731 -0.0832356 0.0873085
OUTPUT3: 2006.4 0.000407776 -0.0867088 0.0847621
OUTPUT3: 2006.4 0.0004077 -0.0867089 0.084762
OUTPUT3: 2006.4 0.000224581 -0.0869415 0.0845934
OUTPUT3: 2006.4 -0.00515003 -0.0936516 0.0796454
OUTPUT3: 2006.4 -0.00515098 -0.0936527 0.0796445
OUTPUT3: 2006.4 -0.00660401 -0.0953065 0.0782745
OUTPUT3: 2006.4 -0.00723541 -0.0959641 0.0776638
OUTPUT3: 2006.4 -0.00778285 -0.0964869 0.0771217
OUTPUT3: 2006.4 -0.00971033 -0.097693 0.0750319
OUTPUT3: 2006.4 -0.00971144 -0.0976933 0.0750305
OUTPUT3: 2006.4 -0.00990702 -0.0977378 0.0747949
OUTPUT3: 2006.4 -0.0103265 -0.0977889 0.0742745
OUTPUT3: 2006.4 -0.0105566 -0.0977989 0.0739825
OUTPUT3: 2006.4 -0.0106768 -0.0978014 0.0738288
OUTPUT3: 2006.4 -0.0113222 -0.0978195 0.0730001
OUTPUT3: 2006.4 -0.0115998 -0.0978441 0.0726466
OUTPUT3: 2006.4 -0.0119002 -0.0978888 0.0722681
OUTPUT3: 2006.4 -0.0142615 -0.0988926 0.069467
OUTPUT3: 2006.4 -0.014262 -0.0988929 0.0694664
OUTPUT3: 2006.41 -0.0313199 -0.119534 0.0529052
OUTPUT3: 2006.41 -0.0407101 -0.127242 0.0429911
OUTPUT3: 2006.42 -0.0709335 -0.160161 0.0131401
OUTPUT3: 2006.42 -0.0709335 -0.160161 0.0131401
OUTPUT3: 2006.42 -0.0709335 -0.160161 0.0131401
OUTPUT3: 2006.42 -0.0709335 -0.160161 0.0131401
OUTPUT3: 2006.42 -0.0709335 -0.160161 0.0131401
OUTPUT3: 2006.42 -0.0709335 -0.160161 0.0131401
OUTPUT3: 2006.42 -0.0709335 -0.160161 0.0131401
OUTPUT3: 2006.42 -0.0709335 -0.160161 0.0131401
OUTPUT3: 2006.42 -0.0709335 -0.160161 0.0131401
OUTPUT3: 2006.42 -0.0709335 -0.160161 0.0131401
OUTPUT3: 2006.42 -0.0709335 -0.160161 0.0131401
OUTPUT3: 2006.42 -0.0709335 -0.160161 0.0131401
OUTPUT3: 2006.42 -0.0709335 -0.160161 0.0131401
OUTPUT3: 2006.42 -0.0709335 -0.160161 0.0131401
OUTPUT3: 2006.42 -0.0709335 -0.160161 0.0131401
OUTPUT3: 2006.42 -0.0709335 -0.160161 0.0131401
OUTPUT3: 2006.42 -0.0699774 -0.158477 0.0134498
OUTPUT3: 2006.42 -0.0699774 -0.158477 0.0134498
OUTPUT3: 2006.42 -0.0699774 -0.158477 0.0134498
OUTPUT3: 2006.42 -0.0699774 -0.158477 0.0134498
OUTPUT3: 2006.42 -0.0699774 -0.158477 0.0134498
OUTPUT3: 2006.42 -0.0699774 -0.158477 0.0134498
OUTPUT3: 2006.42 -0.0699774 -0.158477 0.0134498
OUTPUT3: 2006.42 -0.0699774 -0.158477 0.0134498
OUTPUT3: 2006.42 -0.0699774 -0.158477 0.0134498
OUTPUT3: 2006.42 -0.0699774 -0.158477 0.0134498
OUTPUT3: 2006.42 -0.0699774 -0.158477 0.0134498
OUTPUT3: 2006.42 -0.0699774 -0.158477 0.0134498
OUTPUT3: 2006.42 -0.0699774 -0.158477 0.0134498
OUTPUT3: 2006.42 -0.0699774 -0.158477 0.0134498
OUTPUT3: 2006.42 -0.0699774 -0.158477 0.0134498
OUTPUT3: 2006.42 -0.0699774 -0.158477 0.0134498
OUTPUT3: 2006.42 -0.0671829 -0.157237 0.0174882
OUTPUT3: 2006.42 -0.0671829 -0.157237 0.0174882
OUTPUT3: 2006.42 -0.0671829 -0.157237 0.0174882
OUTPUT3: 2006.42 -0.0671829 -0.157237 0.0174882
OUTPUT3: 2006.42 -0.0671829 -0.157237 0.0174882
OUTPUT3: 2006.42 -0.0671829 -0.157237 0.0174882
OUTPUT3: 2006.42 -0.0671829 -0.157237 0.0174882
OUTPUT3: 2006.42 -0.0671829 -0.157237 0.0174882
OUTPUT3: 2006.42 -0.0671829 -0.157237 0.0174882
OUTPUT3: 2006.42 -0.0671829 -0.157237 0.0174882
OUTPUT3: 2006.42 -0.0671829 -0.157237 0.0174882
OUTPUT3: 2006.42 -0.0671829 -0.157237 0.0174882
OUTPUT3: 2006.42 -0.0671829 -0.157237 0.0174882
OUTPUT3: 2006.42 -0.0671829 -0.157237 0.0174882
OUTPUT3: 2006.43 -0.00451843 -0.0894455 0.0796995
OUTPUT3: 2006.45 0.00713936 -0.0768669 0.0904611
OUTPUT3: 2006.45 0.00713008 -0.0773678 0.0906519
OUTPUT3: 2006.45 0.00618792 -0.0803063 0.0904288
OUTPUT3: 2006.45 0.00612391 -0.0804678 0.0903957
OUTPUT3: 2006.45 0.00612248 -0.0804712 0.0903948
OUTPUT3: 2006.45 0.00603702 -0.0806408 0.0903295
OUTPUT3: 2006.45 0.00594954 -0.0805451 0.0901517
OUTPUT3: 2006.45 0.0059495 -0.080545 0.0901515
OUTPUT3: 2006.45 0.00590874 -0.0804575 0.0900542
OUTPUT3: 2006.45 0.00590874 -0.0804575 0.0900542
OUTPUT3: 2006.45 0.00579498 -0.0803085 0.0898249
OUTPUT3: 2006.45 0.00575714 -0.0802783 0.0897569
OUTPUT3: 2006.45 0.0057366 -0.0802645 0.0897211
OUTPUT3: 2006.45 0.00564022 -0.0802187 0.089561
OUTPUT3: 2006.45 0.00564004 -0.0802187 0.0895608
OUTPUT3: 2006.45 0.0048507 -0.0803391 0.0884547
OUTPUT3: 2006.45 0.0014582 -0.0829607 0.0845557
OUTPUT3: 2006.45 0.00145574 -0.082963 0.0845531
OUTPUT3: 2006.45 0.000556875 -0.0838422 0.083594
OUTPUT3: 2006.45 -0.00237282 -0.0869509 0.0805647
OUTPUT3: 2006.45 -0.00237915 -0.0869579 0.0805583
OUTPUT3: 2006.45 -0.00409091 -0.088897 0.0788369
OUTPUT3: 2006.45 -0.0076756 -0.0931614 0.0753122
OUTPUT3: 2006.45 -0.00768037 -0.0931672 0.0753076
OUTPUT3: 2006.45 -0.00887165 -0.0946345 0.0741558
OUTPUT3: 2006.45 -0.00887997 -0.0946449 0.0741478
OUTPUT3: 2006.45 -0.0100602 -0.0961204 0.0730152
OUTPUT3: 2006.45 -0.0100687 -0.096131 0.0730071
OUTPUT3: 2006.45 -0.010229 -0.0963331 0.0728539
OUTPUT3: 2006.45 -0.0112522 -0.0976315 0.0718793
OUTPUT3: 2006.45 -0.0112734 -0.0976585 0.0718592
OUTPUT3: 2006.45 -0.0124017 -0.099108 0.0707913
OUTPUT3: 2006.45 -0.0124268 -0.0991404 0.0707676
OUTPUT3: 2006.46 -0.0135559 -0.10061 0.0697061
OUTPUT3: 2006.46 -0.0184121 -0.107176 0.0652317
OUTPUT3: 2006.46 -0.0184126 -0.107176 0.0652312
OUTPUT3: 2006.46 -0.0189785 -0.107983 0.0647372
OUTPUT3: 2006.46 -0.0190994 -0.108158 0.0646541
OUTPUT3: 2006.46 -0.0194206 -0.108629 0.0644547
OUTPUT3: 2006.46 -0.0197617 -0.109147 0.0642692
OUTPUT3: 2006.46 -0.0197619 -0.109148 0.0642692
OUTPUT3: 2006.46 -0.0199641 -0.109479 0.0641757
OUTPUT3: 2006.46 -0.0200421 -0.109665 0.0641794
OUTPUT3: 2006.46 -0.0199794 -0.109629 0.0642531
OUTPUT3: 2006.46 -0.0199794 -0.109629 0.0642532
OUTPUT3: 2006.46 -0.0198317 -0.109477 0.0643823
OUTPUT3: 2006.46 -0.0198315 -0.109476 0.0643824
OUTPUT3: 2006.46 -0.0192349 -0.108763 0.0648371
OUTPUT3: 2006.46 -0.0192347 -0.108763 0.0648373
OUTPUT3: 2006.46 -0.018857 -0.108288 0.0651094
OUTPUT3: 2006.46 -0.0188565 -0.108287 0.0651097
OUTPUT3: 2006.46 -0.0184394 -0.107753 0.065436
OUTPUT3: 2006.46 -0.0179476 -0.107116 0.0658487
OUTPUT3: 2006.46 -0.0176566 -0.106735 0.0661208
OUTPUT3: 2006.46 -0.0173116 -0.106282 0.0664427
OUTPUT3: 2006.46 -0.00916969 -0.0958833 0.0743918
OUTPUT3: 2006.46 -0.00924287 -0.0960672 0.0743756
OUTPUT3: 2006.46 -0.00933179 -0.0962834 0.0743505
OUTPUT3: 2006.46 -0.00933206 -0.0962841 0.0743504
OUTPUT3: 2006.46 -3.49008e-05 -0.086638 0.084309
OUTPUT3: 2006.47 0.00561815 -0.0803476 0.0898331
OUTPUT3: 2006.47 0.00456398 -0.0817827 0.0888683
OUTPUT3: 2006.47 -0.0137649 -0.103663 0.0711887
OUTPUT3: 2006.47 -0.0133483 -0.102946 0.071528
OUTPUT3: 2006.48 0.0275916 -0.0568617 0.112239
OUTPUT3: 2006.48 0.0280809 -0.0563609 0.112735
OUTPUT3: 2006.48 0.024356 -0.0665688 0.110493
OUTPUT3: 2006.5 0.0425427 -0.0472836 0.129279
OUTPUT3: 2006.5 0.0435869 -0.0459028 0.130268
OUTPUT3: 2006.5 0.0449519 -0.0440737 0.131552
OUTPUT3: 2006.5 0.0463221 -0.0422098 0.13283
OUTPUT3: 2006.5 0.0475122 -0.0405671 0.13393
OUTPUT3: 2006.5 0.0536646 -0.0314181 0.139367
OUTPUT3: 2006.5 0.0536651 -0.0314172 0.139367
OUTPUT3: 2006.5 0.053972 -0.0307729 0.139536
OUTPUT3: 2006.5 0.0538477 -0.0309015 0.139361
OUTPUT3: 2006.5 0.0538475 -0.0309017 0.13936
OUTPUT3: 2006.5 0.0535589 -0.0312057 0.139038
OUTPUT3: 2006.5 0.0509007 -0.0340315 0.136387
OUTPUT3: 2006.5 0.0485036 -0.0370954 0.134091
OUTPUT3: 2006.5 0.0475785 -0.0383049 0.133214
OUTPUT3: 2006.5 0.0434264 -0.0438523 0.129317
OUTPUT3: 2006.5 0.0418769 -0.0459622 0.127875
OUTPUT3: 2006.5 0.0418769 -0.0459622 0.127875
OUTPUT3: 2006.5 0.0418769 -0.0459622 0.127875
OUTPUT3: 2006.5 0.0418769 -0.0459622 0.127875
OUTPUT3: 2006.5 0.0418769 -0.0459622 0.127875
OUTPUT3: 2006.5 0.0418769 -0.0459622 0.127875
OUTPUT3: 2006.5 0.0418769 -0.0459622 0.127875
OUTPUT3: 2006.5 0.0418769 -0.0459622 0.127875
OUTPUT3: 2006.5 0.0418769 -0.0459622 0.127875
OUTPUT3: 2006.5 0.0418769 -0.0459622 0.127875
OUTPUT3: 2006.5 0.0418769 -0.0459622 0.127875
OUTPUT3: 2006.5 0.0418769 -0.0459622 0.127875
OUTPUT3: 2006.5 0.0418769 -0.0459622 0.127875
OUTPUT3: 2006.5 0.0418769 -0.0459622 0.127875
OUTPUT3: 2006.5 0.0418769 -0.0459622 0.127875
OUTPUT3: 2006.5 0.0418769 -0.0459622 0.127875
OUTPUT3: 2006.5 0.038182 -0.0510688 0.124457
OUTPUT3: 2006.5 0.0381788 -0.0510732 0.124454
OUTPUT3: 2006.5 0.0370219 -0.0526945 0.123389
OUTPUT3: 2006.5 0.0370172 -0.0527011 0.123385
OUTPUT3: 2006.5 0.0316396 -0.0604498 0.11847
OUTPUT3: 2006.5 0.0316391 -0.0604505 0.118469
OUTPUT3: 2006.5 0.0305507 -0.0621407 0.117569
OUTPUT3: 2006.5 0.030305 -0.0625691 0.117456
OUTPUT3: 2006.5 0.0303015 -0.062576 0.117454
OUTPUT3: 2006.5 0.030324 -0.0627439 0.117613
OUTPUT3: 2006.5 0.0303262 -0.062742 0.117615
OUTPUT3: 2006.5 0.0336217 -0.0586777 0.120342
OUTPUT3: 2006.5 0.0336236 -0.0586752 0.120344
OUTPUT3: 2006.5 0.0345677 -0.0574504 0.121203
OUTPUT3: 2006.5 0.0345677 -0.0574504 0.121203
OUTPUT3: 2006.5 0.0348984 -0.0570198 0.121507
OUTPUT3: 2006.5 0.0348984 -0.0570198 0.121507
OUTPUT3: 2006.5 0.0348984 -0.0570198 0.121507
OUTPUT3: 2006.5 0.0348984 -0.0570198 0.121507
OUTPUT3: 2006.5 0.0348984 -0.0570198 0.121507
OUTPUT3: 2006.5 0.0348984 -0.0570198 0.121507
OUTPUT3: 2006.5 0.0348984 -0.0570198 0.121507
OUTPUT3: 2006.5 0.0348984 -0.0570198 0.121507
OUTPUT3: 2006.5 0.0348984 -0.0570198 0.121507
OUTPUT3: 2006.5 0.0348984 -0.0570198 0.121507
OUTPUT3: 2006.5 0.0348984 -0.0570198 0.121507
OUTPUT3: 2006.5 0.0348984 -0.0570198 0.121507
OUTPUT3: 2006.5 0.0348984 -0.0570198 0.121507
OUTPUT3: 2006.5 0.0348984 -0.0570198 0.121507
OUTPUT3: 2006.5 0.0355664 -0.0561482 0.122122
OUTPUT3: 2006.5 0.0355666 -0.0561478 0.122122
OUTPUT3: 2006.5 0.0411244 -0.0488783 0.127268
OUTPUT3: 2006.5 0.0411247 -0.0488779 0.127269
OUTPUT3: 2006.5 0.041503 -0.0483858 0.127622
OUTPUT3: 2006.5 0.0437475 -0.0454864 0.129732
OUTPUT3: 2006.5 0.044772 -0.0441799 0.130705
OUTPUT3: 2006.5 0.0485306 -0.0395882 0.134386
OUTPUT3: 2006.5 0.0485369 -0.0395811 0.134392
OUTPUT3: 2006.5 0.049794 -0.0382357 0.135722
OUTPUT3: 2006.5 0.0497941 -0.0382356 0.135722
OUTPUT3: 2006.5 0.0505622 -0.03763 0.136646
OUTPUT3: 2006.5 0.0506318 -0.0376036 0.136745
OUTPUT3: 2006.5 0.0506329 -0.0376033 0.136746
OUTPUT3: 2006.5 0.0507812 -0.0376069 0.136987
OUTPUT3: 2006.5 0.0508372 -0.0376682 0.137109
OUTPUT3: 2006.54 0.0501533 -0.041777 0.137686
OUTPUT3: 2006.54 0.049487 -0.0426919 0.137062
OUTPUT3: 2006.54 0.0489406 -0.0434717 0.136561
OUTPUT3: 2006.54 0.0483365 -0.0450852 0.136257
OUTPUT3: 2006.54 0.0483368 -0.045085 0.136257
OUTPUT3: 2006.54 0.0487942 -0.0446287 0.136738
OUTPUT3: 2006.54 0.0499732 -0.0433087 0.137929
OUTPUT3: 2006.54 0.0515697 -0.041382 0.139492
OUTPUT3: 2006.54 0.053585 -0.0388323 0.141422
OUTPUT3: 2006.54 0.053585 -0.0388322 0.141422
OUTPUT3: 2006.54 0.0572314 -0.0340184 0.144838
OUTPUT3: 2006.54 0.0582378 -0.032657 0.145768
OUTPUT3: 2006.54 0.0592757 -0.0312413 0.146723
OUTPUT3: 2006.54 0.0666664 -0.0211124 0.153478
OUTPUT3: 2006.54 0.0676967 -0.0199292 0.154495
OUTPUT3: 2006.54 0.0677719 -0.0198598 0.154574
OUTPUT3: 2006.54 0.0681043 -0.0196178 0.15495
OUTPUT3: 2006.54 0.0687811 -0.0198548 0.155973
OUTPUT3: 2006.54 0.0688368 -0.0199074 0.156069
OUTPUT3: 2006.58 0.0755293 -0.0145902 0.162519
OUTPUT3: 2006.58 0.0753783 -0.0147627 0.162379
OUTPUT3: 2006.59 0.0889689 0.000130906 0.175652
OUTPUT3: 2006.59 0.0884184 -0.000963057 0.175238
OUTPUT3: 2006.59 0.092737 -4.48947e-05 0.180555
OUTPUT3: 2006.6 0.108858 0.020274 0.195422
OUTPUT3: 2006.6 0.0968835 0.00228766 0.185086
OUTPUT3: 2006.6 0.0968838 0.00228794 0.185086
OUTPUT3: 2006.6 0.0972554 0.00272522 0.185409
OUTPUT3: 2006.6 0.0972556 0.00272552 0.185409
OUTPUT3: 2006.6 0.0977317 0.00332062 0.185797
OUTPUT3: 2006.6 0.0977322 0.00332125 0.185798
OUTPUT3: 2006.6 0.0983699 0.00414271 0.186348
OUTPUT3: 2006.6 0.107397 0.0163728 0.194699
OUTPUT3: 2006.6 0.107397 0.0163731 0.194699
OUTPUT3: 2006.6 0.110322 0.0204175 0.197394
OUTPUT3: 2006.6 0.110323 0.0204185 0.197395
OUTPUT3: 2006.6 0.111337 0.0218273 0.19833
OUTPUT3: 2006.6 0.111338 0.0218292 0.198331
OUTPUT3: 2006.6 0.115619 0.0278522 0.202307
OUTPUT3: 2006.6 0.11562 0.0278528 0.202308
OUTPUT3: 2006.6 0.116222 0.0287495 0.202885
OUTPUT3: 2006.6 0.116222 0.0287495 0.202885
OUTPUT3: 2006.6 0.116261 0.0288764 0.202945
OUTPUT3: 2006.6 0.116261 0.0288764 0.202945
OUTPUT3: 2006.6 0.115902 0.0284563 0.202637
OUTPUT3: 2006.6 0.115606 0.0280875 0.202374
OUTPUT3: 2006.6 0.108573 0.0190638 0.195924
OUTPUT3: 2006.6 0.108572 0.0190624 0.195923
OUTPUT3: 2006.6 0.104342 0.013745 0.191924
OUTPUT3: 2006.6 0.103597 0.0128348 0.191204
OUTPUT3: 2006.6 0.101203 0.0101092 0.188775
OUTPUT3: 2006.61 0.101089 0.0100324 0.188629
OUTPUT3: 2006.61 0.105146 0.0156004 0.192075
OUTPUT3: 2006.61 0.106949 0.017705 0.193776
OUTPUT3: 2006.61 0.107209 0.0179935 0.194027
OUTPUT3: 2006.61 0.109057 0.0198375 0.195874
OUTPUT3: 2006.61 0.109703 0.020291 0.196577
OUTPUT3: 2006.61 0.109902 0.0203514 0.196816
OUTPUT3: 2006.61 0.108712 0.0173051 0.196128
OUTPUT3: 2006.61 0.108712 0.0173046 0.196127
OUTPUT3: 2006.61 0.108201 0.0165166 0.195681
OUTPUT3: 2006.61 0.105298 0.0167229 0.191437
OUTPUT3: 2006.62 0.0890196 -0.000748916 0.174179
OUTPUT3: 2006.62 0.113999 0.0272358 0.199197
OUTPUT3: 2006.63 0.109337 0.020879 0.194977
OUTPUT3: 2006.63 0.108298 0.0198978 0.193858
OUTPUT3: 2006.63 0.107373 0.0190175 0.192865
OUTPUT3: 2006.63 0.106476 0.0181572 0.191906
OUTPUT3: 2006.63 0.10555 0.017259 0.190919
OUTPUT3: 2006.63 0.104481 0.0162075 0.189788
OUTPUT3: 2006.63 0.103631 0.0153566 0.188895
OUTPUT3: 2006.63 0.102791 0.0144994 0.188018
OUTPUT3: 2006.63 0.102133 0.0138151 0.187338
OUTPUT3: 2006.63 0.101438 0.0130764 0.186626
OUTPUT3: 2006.63 0.100841 0.0124238 0.18602
OUTPUT3: 2006.63 0.100424 0.0119573 0.185604
OUTPUT3: 2006.63 0.100351 0.0118744 0.185531
OUTPUT3: 2006.63 0.0999676 0.0114311 0.185154
OUTPUT3: 2006.63 0.0999671 0.0114305 0.185153
OUTPUT3: 2006.63 0.0995371 0.0109145 0.184738
OUTPUT3: 2006.63 0.0989831 0.00956992 0.184496
OUTPUT3: 2006.63 0.0989833 0.00957001 0.184496
OUTPUT3: 2006.63 0.0996913 0.0101325 0.185304
OUTPUT3: 2006.63 0.100038 0.0104418 0.185685
OUTPUT3: 2006.63 0.100383 0.0107629 0.186058
OUTPUT3: 2006.63 0.100383 0.0107629 0.186058
OUTPUT3: 2006.63 0.105092 0.015841 0.190847
OUTPUT3: 2006.63 0.105096 0.0158459 0.190851
OUTPUT3: 2006.63 0.106078 0.0170458 0.191785
OUTPUT3: 2006.63 0.106457 0.0175291 0.192136
OUTPUT3: 2006.63 0.107585 0.0193781 0.192965
OUTPUT3: 2006.63 0.106664 0.0185739 0.191908
OUTPUT3: 2006.63 0.10611 0.0180025 0.191317
OUTPUT3: 2006.63 0.103541 0.0151478 0.188684
OUTPUT3: 2006.64 0.0937026 0.00320781 0.179116
OUTPUT3: 2006.64 0.0931715 0.00253967 0.178613
OUTPUT3: 2006.64 0.0517142 -0.0423904 0.138606
OUTPUT3: 2006.65 0.0579486 -0.0304107 0.143111
OUTPUT3: 2006.65 0.0522069 -0.0398142 0.138185
OUTPUT3: 2006.65 0.0503544 -0.0420058 0.136312
OUTPUT3: 2006.65 0.0498779 -0.0425542 0.135822
OUTPUT3: 2006.66 0.0892267 0.00390708 0.174576
OUTPUT3: 2006.67 0.0836225 -0.00614588 0.169884
OUTPUT3: 2006.67 0.0690951 -0.0186021 0.153446
OUTPUT3: 2006.67 0.0690951 -0.0186021 0.153446
OUTPUT3: 2006.67 0.0690951 -0.0186021 0.153446
OUTPUT3: 2006.67 0.0690951 -0.0186021 0.153446
OUTPUT3: 2006.67 0.0690951 -0.0186021 0.153446
OUTPUT3: 2006.67 0.0690951 -0.0186021 0.153446
OUTPUT3: 2006.67 0.0690951 -0.0186021 0.153446
OUTPUT3: 2006.67 0.0690951 -0.0186021 0.153446
OUTPUT3: 2006.67 0.0690951 -0.0186021 0.153446
OUTPUT3: 2006.67 0.0690951 -0.0186021 0.153446
OUTPUT3: 2006.67 0.0690951 -0.0186021 0.153446
OUTPUT3: 2006.67 0.0690951 -0.0186021 0.153446
OUTPUT3: 2006.67 0.0690951 -0.0186021 0.153446
OUTPUT3: 2006.67 0.0690951 -0.0186021 0.153446
OUTPUT3: 2006.67 0.0690951 -0.0186021 0.153446
OUTPUT3: 2006.67 0.0690951 -0.0186021 0.153446
OUTPUT3: 2006.67 0.0674996 -0.0208594 0.152006
OUTPUT3: 2006.67 0.0674996 -0.0208594 0.152005
OUTPUT3: 2006.67 0.0674996 -0.0208594 0.152005
OUTPUT3: 2006.67 0.0674996 -0.0208594 0.152005
OUTPUT3: 2006.67 0.0674996 -0.0208594 0.152005
OUTPUT3: 2006.67 0.0674996 -0.0208594 0.152005
OUTPUT3: 2006.67 0.0674996 -0.0208594 0.152005
OUTPUT3: 2006.67 0.0674996 -0.0208594 0.152005
OUTPUT3: 2006.67 0.0674996 -0.0208594 0.152005
OUTPUT3: 2006.67 0.0674996 -0.0208594 0.152005
OUTPUT3: 2006.67 0.0674996 -0.0208594 0.152005
OUTPUT3: 2006.67 0.0674996 -0.0208594 0.152005
OUTPUT3: 2006.67 0.0674996 -0.0208594 0.152005
OUTPUT3: 2006.67 0.0674996 -0.0208594 0.152005
OUTPUT3: 2006.67 0.0674996 -0.0208594 0.152005
OUTPUT3: 2006.67 0.0674996 -0.0208594 0.152005
OUTPUT3: 2006.67 0.0630724 -0.0288963 0.148736
OUTPUT3: 2006.67 0.0727219 -0.0143199 0.15702
OUTPUT3: 2006.67 0.0745663 -0.0122271 0.158841
OUTPUT3: 2006.67 0.0745663 -0.0122271 0.158841
OUTPUT3: 2006.67 0.0745663 -0.0122271 0.158841
OUTPUT3: 2006.67 0.0745663 -0.0122271 0.158841
OUTPUT3: 2006.67 0.0745663 -0.0122271 0.158841
OUTPUT3: 2006.67 0.0745663 -0.0122271 0.158841
OUTPUT3: 2006.67 0.0745663 -0.0122271 0.158841
OUTPUT3: 2006.67 0.0745663 -0.0122271 0.158841
OUTPUT3: 2006.67 0.0745663 -0.0122271 0.158841
OUTPUT3: 2006.67 0.0745663 -0.0122271 0.158841
OUTPUT3: 2006.67 0.0745663 -0.0122271 0.158841
OUTPUT3: 2006.67 0.0745663 -0.0122271 0.158841
OUTPUT3: 2006.67 0.0745663 -0.0122271 0.158841
OUTPUT3: 2006.67 0.0745663 -0.0122271 0.158841
OUTPUT3: 2006.68 0.0736612 -0.0163194 0.158892
OUTPUT3: 2006.68 0.0655308 -0.0248298 0.150809
OUTPUT3: 2006.69 0.081289 -0.00303622 0.165809
OUTPUT3: 2006.69 0.0447142 -0.0486392 0.130666
OUTPUT3: 2006.7 0.0646561 -0.0204163 0.148724
OUTPUT3: 2006.7 0.0669113 -0.0204921 0.150858
OUTPUT3: 2006.7 0.06741 -0.0200328 0.151381
OUTPUT3: 2006.7 0.0677512 -0.0197466 0.15175
OUTPUT3: 2006.7 0.069466 -0.0202073 0.154254
OUTPUT3: 2006.7 0.0694661 -0.0202073 0.154254
OUTPUT3: 2006.7 0.070339 -0.0192737 0.155105
OUTPUT3: 2006.7 0.0704756 -0.0190918 0.155227
OUTPUT3: 2006.7 0.0706982 -0.0187898 0.155425
OUTPUT3: 2006.7 0.0735418 -0.0147448 0.157897
OUTPUT3: 2006.7 0.0735428 -0.0147433 0.157898
OUTPUT3: 2006.71 0.077539 -0.00910538 0.161424
OUTPUT3: 2006.71 0.0775395 -0.00910467 0.161424
OUTPUT3: 2006.71 0.0783791 -0.00796323 0.162185
OUTPUT3: 2006.71 0.0783812 -0.00796045 0.162187
OUTPUT3: 2006.71 0.0793628 -0.00666959 0.163096
OUTPUT3: 2006.71 0.0800133 -0.00589185 0.163734
OUTPUT3: 2006.71 0.0800133 -0.00589185 0.163734
OUTPUT3: 2006.71 0.0800855 -0.00583661 0.163819
OUTPUT3: 2006.71 0.0800859 -0.00583658 0.16382
OUTPUT3: 2006.71 0.0800844 -0.00588122 0.163838
OUTPUT3: 2006.71 0.0800831 -0.00588445 0.163837
OUTPUT3: 2006.71 0.0800047 -0.00603512 0.163787
OUTPUT3: 2006.71 0.0800044 -0.00603561 0.163787
OUTPUT3: 2006.71 0.0772225 -0.0099467 0.161344
OUTPUT3: 2006.71 0.0770583 -0.0101629 0.161194
OUTPUT3: 2006.71 0.0753452 -0.0123688 0.159602
OUTPUT3: 2006.71 0.0743551 -0.0136065 0.158667
OUTPUT3: 2006.71 0.0721577 -0.016266 0.156554
OUTPUT3: 2006.71 0.0690472 -0.0198309 0.153481
OUTPUT3: 2006.71 0.0661552 -0.0229237 0.150532
OUTPUT3: 2006.71 0.0661548 -0.0229241 0.150531
OUTPUT3: 2006.71 0.0656096 -0.0234807 0.149964
OUTPUT3: 2006.71 0.0653526 -0.0237399 0.149695
OUTPUT3: 2006.71 0.065332 -0.0237606 0.149674
OUTPUT3: 2006.71 0.063664 -0.0253891 0.147906
OUTPUT3: 2006.71 0.0636501 -0.0254023 0.147891
OUTPUT3: 2006.71 0.0633813 -0.0256554 0.147603
OUTPUT3: 2006.71 0.0631236 -0.0258954 0.147325
OUTPUT3: 2006.71 0.057957 -0.0298131 0.141259
OUTPUT3: 2006.71 0.0579571 -0.0298131 0.141259
OUTPUT3: 2006.72 0.0859609 -0.00098053 0.169711
OUTPUT3: 2006.72 0.0995377 0.0102864 0.185105
OUTPUT3: 2006.72 0.108511 0.0245706 0.192853
OUTPUT3: 2006.72 0.108033 0.0240877 0.192362
OUTPUT3: 2006.73 0.0965896 0.00834995 0.181347
OUTPUT3: 2006.73 0.0965897 0.0083515 0.181345
OUTPUT3: 2006.73 0.0991348 0.0128925 0.183256
OUTPUT3: 2006.74 0.0997254 0.00873088 0.184664
OUTPUT3: 2006.75 0.0988064 0.010799 0.18186
OUTPUT3: 2006.75 0.101285 0.0138371 0.184274
OUTPUT3: 2006.75 0.101285 0.0138371 0.184274
OUTPUT3: 2006.75 0.101285 0.0138371 0.184274
OUTPUT3: 2006.75 0.101285 0.0138371 0.184274
OUTPUT3: 2006.75 0.101285 0.0138371 0.184274
OUTPUT3: 2006.75 0.101285 0.0138371 0.184274
OUTPUT3: 2006.75 0.101285 0.0138371 0.184274
OUTPUT3: 2006.75 0.101285 0.0138371 0.184274
OUTPUT3: 2006.75 0.101285 0.0138371 0.184274
OUTPUT3: 2006.75 0.101285 0.0138371 0.184274
OUTPUT3: 2006.75 0.101285 0.0138371 0.184274
OUTPUT3: 2006.75 0.101285 0.0138371 0.184274
OUTPUT3: 2006.75 0.101285 0.0138371 0.184274
OUTPUT3: 2006.75 0.101285 0.0138371 0.184274
OUTPUT3: 2006.75 0.101285 0.0138371 0.184274
OUTPUT3: 2006.75 0.101285 0.0138371 0.184274
OUTPUT3: 2006.75 0.102642 0.0152874 0.185682
OUTPUT3: 2006.75 0.102642 0.0152874 0.185682
OUTPUT3: 2006.75 0.102642 0.0152874 0.185682
OUTPUT3: 2006.75 0.102642 0.0152874 0.185682
OUTPUT3: 2006.75 0.102642 0.0152874 0.185682
OUTPUT3: 2006.75 0.102642 0.0152874 0.185682
OUTPUT3: 2006.75 0.102642 0.0152874 0.185682
OUTPUT3: 2006.75 0.102642 0.0152874 0.185682
OUTPUT3: 2006.75 0.102642 0.0152874 0.185682
OUTPUT3: 2006.75 0.107044 0.018067 0.19091
OUTPUT3: 2006.75 0.109871 0.0223699 0.193004
OUTPUT3: 2006.75 0.109873 0.022373 0.193006
OUTPUT3: 2006.75 0.110515 0.0232658 0.193543
OUTPUT3: 2006.75 0.110976 0.0238759 0.193942
OUTPUT3: 2006.75 0.110976 0.0238763 0.193942
OUTPUT3: 2006.76 0.112841 0.0260921 0.195673
OUTPUT3: 2006.76 0.113035 0.0262993 0.195863
OUTPUT3: 2006.76 0.113733 0.0270072 0.196565
OUTPUT3: 2006.76 0.114393 0.0276229 0.197253
OUTPUT3: 2006.76 0.114978 0.0281257 0.197881
OUTPUT3: 2006.76 0.115215 0.0283182 0.198141
OUTPUT3: 2006.76 0.117369 0.0298323 0.200607
OUTPUT3: 2006.76 0.117369 0.0298324 0.200607
OUTPUT3: 2006.76 0.117763 0.0300873 0.20107
OUTPUT3: 2006.76 0.119315 0.0312224 0.202849
OUTPUT3: 2006.76 0.119315 0.0312224 0.202849
OUTPUT3: 2006.76 0.120203 0.0320808 0.203788
OUTPUT3: 2006.76 0.120554 0.0324776 0.204136
OUTPUT3: 2006.76 0.121009 0.0330422 0.204566
OUTPUT3: 2006.76 0.121673 0.0339666 0.205155
OUTPUT3: 2006.76 0.12201 0.0344759 0.205435
OUTPUT3: 2006.76 0.123846 0.0376253 0.206797
OUTPUT3: 2006.76 0.123846 0.0376259 0.206797
OUTPUT3: 2006.76 0.124172 0.0382252 0.207017
OUTPUT3: 2006.76 0.124173 0.038226 0.207017
OUTPUT3: 2006.76 0.124422 0.038684 0.207183
OUTPUT3: 2006.76 0.124423 0.0386853 0.207183
OUTPUT3: 2006.76 0.124629 0.0390605 0.20732
OUTPUT3: 2006.76 0.12463 0.0390608 0.20732
OUTPUT3: 2006.76 0.125216 0.0400234 0.207727
OUTPUT3: 2006.76 0.125303 0.0401201 0.207799
OUTPUT3: 2006.76 0.125303 0.0401202 0.207799
OUTPUT3: 2006.76 0.125409 0.0401608 0.207908
OUTPUT3: 2006.76 0.125432 0.0401387 0.20794
OUTPUT3: 2006.76 0.125444 0.0401131 0.207961
OUTPUT3: 2006.76 0.125463 0.0400294 0.208007
OUTPUT3: 2006.76 0.125463 0.0400294 0.208007
OUTPUT3: 2006.76 0.125471 0.0399273 0.208047
OUTPUT3: 2006.76 0.125471 0.03975 0.208101
OUTPUT3: 2006.76 0.125467 0.039627 0.208135
OUTPUT3: 2006.76 0.125467 0.039627 0.208135
OUTPUT3: 2006.76 0.125467 0.039627 0.208135
OUTPUT3: 2006.76 0.125467 0.039627 0.208135
OUTPUT3: 2006.76 0.125467 0.039627 0.208135
OUTPUT3: 2006.76 0.125467 0.039627 0.208135
OUTPUT3: 2006.76 0.125467 0.039627 0.208135
OUTPUT3: 2006.76 0.125467 0.039627 0.208135
OUTPUT3: 2006.76 0.125467 0.039627 0.208135
OUTPUT3: 2006.76 0.125467 0.039627 0.208135
OUTPUT3: 2006.76 0.125467 0.039627 0.208135
OUTPUT3: 2006.76 0.125467 0.039627 0.208135
OUTPUT3: 2006.76 0.125467 0.039627 0.208135
OUTPUT3: 2006.76 0.125467 0.039627 0.208135
OUTPUT3: 2006.76 0.125467 0.039627 0.208135
OUTPUT3: 2006.76 0.125466 0.0395998 0.208142
OUTPUT3: 2006.76 0.125466 0.0395998 0.208142
OUTPUT3: 2006.76 0.125456 0.0393957 0.208196
OUTPUT3: 2006.76 0.125443 0.0391327 0.208267
OUTPUT3: 2006.76 0.125434 0.0388823 0.20834
OUTPUT3: 2006.76 0.125431 0.0387284 0.20839
OUTPUT3: 2006.76 0.125589 0.0376108 0.209022
OUTPUT3: 2006.76 0.125589 0.0376106 0.209022
OUTPUT3: 2006.76 0.125705 0.0374464 0.20925
OUTPUT3: 2006.76 0.125835 0.0373588 0.20947
OUTPUT3: 2006.77 0.150475 0.0642645 0.2343
OUTPUT3: 2006.77 0.150587 0.0642506 0.234415
OUTPUT3: 2006.77 0.15063 0.0641878 0.234424
OUTPUT3: 2006.77 0.130271 0.043726 0.212332
OUTPUT3: 2006.78 0.117142 0.029831 0.199813
OUTPUT3: 2006.78 0.117353 0.0301229 0.199997
OUTPUT3: 2006.78 0.120001 0.0347705 0.201535
OUTPUT3: 2006.78 0.119339 0.0338937 0.200887
OUTPUT3: 2006.79 0.114833 0.0277076 0.196119
OUTPUT3: 2006.79 0.114838 0.0277133 0.196123
OUTPUT3: 2006.79 0.116617 0.0300443 0.197768
OUTPUT3: 2006.79 0.116619 0.0300479 0.197771
OUTPUT3: 2006.79 0.121366 0.0361806 0.202196
OUTPUT3: 2006.79 0.121368 0.0361834 0.202198
OUTPUT3: 2006.79 0.126203 0.0422609 0.206772
OUTPUT3: 2006.79 0.135026 0.0518491 0.215652
OUTPUT3: 2006.8 0.133943 0.0491813 0.21506
OUTPUT3: 2006.8 0.133941 0.0491784 0.215059
OUTPUT3: 2006.8 0.132453 0.0467632 0.21382
OUTPUT3: 2006.8 0.132453 0.0467623 0.21382
OUTPUT3: 2006.8 0.131574 0.0454203 0.213059
OUTPUT3: 2006.8 0.131571 0.0454167 0.213057
OUTPUT3: 2006.8 0.130631 0.0440244 0.212227
OUTPUT3: 2006.8 0.128558 0.0410732 0.210352
OUTPUT3: 2006.8 0.128558 0.0410732 0.210352
OUTPUT3: 2006.8 0.124441 0.0356651 0.206452
OUTPUT3: 2006.8 0.123517 0.0345733 0.205527
OUTPUT3: 2006.8 0.123516 0.0345726 0.205526
OUTPUT3: 2006.8 0.122304 0.0336734 0.20409
OUTPUT3: 2006.8 0.124187 0.0367346 0.205618
OUTPUT3: 2006.8 0.127121 0.0407513 0.208317
OUTPUT3: 2006.8 0.127122 0.040753 0.208318
OUTPUT3: 2006.8 0.12814 0.0420724 0.209286
OUTPUT3: 2006.8 0.128142 0.0420745 0.209287
OUTPUT3: 2006.8 0.129296 0.0435361 0.210399
OUTPUT3: 2006.8 0.129943 0.0443393 0.211028
OUTPUT3: 2006.8 0.130401 0.0449029 0.211477
OUTPUT3: 2006.8 0.131935 0.0467518 0.212994
OUTPUT3: 2006.8 0.131937 0.0467538 0.212995
OUTPUT3: 2006.8 0.133525 0.0486079 0.214592
OUTPUT3: 2006.8 0.134747 0.0499906 0.215838
OUTPUT3: 2006.8 0.136994 0.0524232 0.218178
OUTPUT3: 2006.8 0.136994 0.0524232 0.218178
OUTPUT3: 2006.8 0.13871 0.0541605 0.220018
OUTPUT3: 2006.8 0.138712 0.0541616 0.22002
OUTPUT3: 2006.8 0.14157 0.0558507 0.223638
OUTPUT3: 2006.8 0.141248 0.0554321 0.22334
OUTPUT3: 2006.8 0.13473 0.0491226 0.216109
OUTPUT3: 2006.8 0.13483 0.0490535 0.216243
OUTPUT3: 2006.8 0.134898 0.049046 0.216329
OUTPUT3: 2006.81 0.151875 0.0629903 0.234332
OUTPUT3: 2006.81 0.152326 0.0635669 0.234789
OUTPUT3: 2006.82 0.159102 0.0759951 0.240318
OUTPUT3: 2006.82 0.156074 0.0711327 0.237782
OUTPUT3: 2006.82 0.156074 0.0711327 0.237782
OUTPUT3: 2006.82 0.156074 0.0711327 0.237782
OUTPUT3: 2006.82 0.156074 0.0711327 0.237782
OUTPUT3: 2006.82 0.156074 0.0711327 0.237782
OUTPUT3: 2006.82 0.156074 0.0711327 0.237782
OUTPUT3: 2006.82 0.156074 0.0711327 0.237782
OUTPUT3: 2006.82 0.156074 0.0711327 0.237782
OUTPUT3: 2006.82 0.156074 0.0711327 0.237782
OUTPUT3: 2006.82 0.156074 0.0711327 0.237782
OUTPUT3: 2006.82 0.156074 0.0711327 0.237782
OUTPUT3: 2006.82 0.156074 0.0711327 0.237782
OUTPUT3: 2006.82 0.156074 0.0711327 0.237782
OUTPUT3: 2006.82 0.156074 0.0711327 0.237782
OUTPUT3: 2006.82 0.156074 0.0711327 0.237782
OUTPUT3: 2006.82 0.156074 0.0711327 0.237782
OUTPUT3: 2006.82 0.160684 0.0752247 0.243365
OUTPUT3: 2006.82 0.162418 0.0772207 0.245152
OUTPUT3: 2006.82 0.162418 0.0772207 0.245152
OUTPUT3: 2006.82 0.162418 0.0772207 0.245152
OUTPUT3: 2006.82 0.162418 0.0772207 0.245152
OUTPUT3: 2006.82 0.162418 0.0772207 0.245152
OUTPUT3: 2006.82 0.162418 0.0772207 0.245152
OUTPUT3: 2006.82 0.162418 0.0772207 0.245152
OUTPUT3: 2006.82 0.162418 0.0772207 0.245152
OUTPUT3: 2006.82 0.162418 0.0772207 0.245152
OUTPUT3: 2006.82 0.162418 0.0772207 0.245152
OUTPUT3: 2006.82 0.162418 0.0772207 0.245152
OUTPUT3: 2006.82 0.162418 0.0772207 0.245152
OUTPUT3: 2006.82 0.162418 0.0772207 0.245152
OUTPUT3: 2006.82 0.162418 0.0772207 0.245152
OUTPUT3: 2006.82 0.162418 0.0772207 0.245152
OUTPUT3: 2006.82 0.162418 0.0772207 0.245152
OUTPUT3: 2006.82 0.164205 0.0794611 0.246914
OUTPUT3: 2006.82 0.164205 0.0794611 0.246914
OUTPUT3: 2006.82 0.164205 0.0794611 0.246914
OUTPUT3: 2006.82 0.164205 0.0794611 0.246914
OUTPUT3: 2006.82 0.164205 0.0794611 0.246914
OUTPUT3: 2006.82 0.164205 0.0794611 0.246914
OUTPUT3: 2006.82 0.164205 0.0794611 0.246914
OUTPUT3: 2006.82 0.164205 0.0794611 0.246914
OUTPUT3: 2006.82 0.164205 0.0794611 0.246914
OUTPUT3: 2006.82 0.164205 0.0794611 0.246914
OUTPUT3: 2006.82 0.164205 0.0794611 0.246914
OUTPUT3: 2006.82 0.164205 0.0794611 0.246914
OUTPUT3: 2006.82 0.164205 0.0794611 0.246914
OUTPUT3: 2006.82 0.164205 0.0794611 0.246914
OUTPUT3: 2006.82 0.164205 0.0794611 0.246914
OUTPUT3: 2006.82 0.164205 0.0794611 0.246914
OUTPUT3: 2006.83 0.1175 0.0277018 0.200012
OUTPUT3: 2006.83 0.118437 0.0291271 0.20084
OUTPUT3: 2006.84 0.128489 0.0439981 0.209703
OUTPUT3: 2006.84 0.12849 0.0439987 0.209703
OUTPUT3: 2006.84 0.129334 0.0452049 0.210461
OUTPUT3: 2006.84 0.130515 0.0468694 0.21153
OUTPUT3: 2006.84 0.130516 0.0468711 0.211532
OUTPUT3: 2006.84 0.132188 0.0489238 0.213175
OUTPUT3: 2006.84 0.131758 0.0482012 0.212839
OUTPUT3: 2006.84 0.12785 0.042294 0.209498
OUTPUT3: 2006.84 0.126828 0.0408059 0.208601
OUTPUT3: 2006.84 0.126828 0.0408056 0.2086
OUTPUT3: 2006.84 0.122695 0.0349454 0.204909
OUTPUT3: 2006.84 0.114824 0.0251964 0.197304
OUTPUT3: 2006.84 0.114808 0.0258056 0.197025
OUTPUT3: 2006.84 0.114808 0.0258061 0.197025
OUTPUT3: 2006.84 0.115091 0.0264501 0.197174
OUTPUT3: 2006.84 0.115091 0.0264517 0.197174
OUTPUT3: 2006.84 0.11541 0.0270825 0.197382
OUTPUT3: 2006.84 0.115411 0.0270828 0.197382
OUTPUT3: 2006.84 0.116017 0.028183 0.197818
OUTPUT3: 2006.84 0.116521 0.029045 0.1982
OUTPUT3: 2006.84 0.116521 0.029046 0.198201
OUTPUT3: 2006.84 0.121031 0.0354691 0.202101
OUTPUT3: 2006.84 0.121031 0.0354692 0.202101
OUTPUT3: 2006.84 0.120743 0.0343115 0.202083
OUTPUT3: 2006.84 0.120742 0.0343081 0.202082
OUTPUT3: 2006.84 0.120061 0.032919 0.201617
OUTPUT3: 2006.84 0.12006 0.0329172 0.201616
OUTPUT3: 2006.85 0.167704 0.0802989 0.251319
OUTPUT3: 2006.85 0.155694 0.066414 0.238927
OUTPUT3: 2006.86 0.165288 0.075145 0.249573
OUTPUT3: 2006.86 0.167429 0.0776711 0.251735
OUTPUT3: 2006.86 0.167761 0.079224 0.252446
OUTPUT3: 2006.86 0.166917 0.0786179 0.251467
OUTPUT3: 2006.86 0.166821 0.0786089 0.251332
OUTPUT3: 2006.86 0.15727 0.0720759 0.24015
OUTPUT3: 2006.87 0.114182 0.0252272 0.19751
OUTPUT3: 2006.87 0.114383 0.0253692 0.197741
OUTPUT3: 2006.88 0.109074 0.0195666 0.192381
OUTPUT3: 2006.88 0.117165 0.0317389 0.19974
OUTPUT3: 2006.88 0.102226 0.0124612 0.186247
OUTPUT3: 2006.89 0.101671 0.0113921 0.185594
OUTPUT3: 2006.9 0.0962198 0.0104824 0.178705
OUTPUT3: 2006.9 0.0965182 0.0109547 0.17895
OUTPUT3: 2006.9 0.0935242 0.0057767 0.176365
OUTPUT3: 2006.9 0.0935242 0.0057767 0.176365
OUTPUT3: 2006.9 0.0935242 0.0057767 0.176365
OUTPUT3: 2006.9 0.0935242 0.0057767 0.176365
OUTPUT3: 2006.9 0.0935242 0.0057767 0.176365
OUTPUT3: 2006.9 0.0935242 0.0057767 0.176365
OUTPUT3: 2006.9 0.0935242 0.0057767 0.176366
OUTPUT3: 2006.9 0.0935242 0.0057767 0.176366
OUTPUT3: 2006.9 0.0935242 0.0057767 0.176366
OUTPUT3: 2006.9 0.0935242 0.0057767 0.176366
OUTPUT3: 2006.9 0.0935242 0.0057767 0.176366
OUTPUT3: 2006.9 0.0935242 0.0057767 0.176365
OUTPUT3: 2006.9 0.0935242 0.0057767 0.176365
OUTPUT3: 2006.9 0.0935242 0.0057767 0.176365
OUTPUT3: 2006.9 0.0935242 0.0057767 0.176365
OUTPUT3: 2006.9 0.0935242 0.0057767 0.176365
OUTPUT3: 2006.9 0.0920343 0.00407696 0.174833
OUTPUT3: 2006.9 0.0920343 0.00407696 0.174833
OUTPUT3: 2006.9 0.0920343 0.00407696 0.174833
OUTPUT3: 2006.9 0.0920343 0.00407696 0.174833
OUTPUT3: 2006.9 0.0920343 0.00407696 0.174833
OUTPUT3: 2006.9 0.0920343 0.00407696 0.174833
OUTPUT3: 2006.9 0.0920343 0.00407696 0.174833
OUTPUT3: 2006.9 0.0920343 0.00407696 0.174833
OUTPUT3: 2006.9 0.0920343 0.00407696 0.174833
OUTPUT3: 2006.9 0.0920343 0.00407696 0.174833
OUTPUT3: 2006.9 0.0920343 0.00407696 0.174833
OUTPUT3: 2006.9 0.0920343 0.00407696 0.174833
OUTPUT3: 2006.9 0.0920343 0.00407696 0.174833
OUTPUT3: 2006.9 0.0920343 0.00407696 0.174833
OUTPUT3: 2006.9 0.0920343 0.00407696 0.174833
OUTPUT3: 2006.9 0.0920343 0.00407696 0.174833
OUTPUT3: 2006.9 0.0913068 0.00329079 0.174068
OUTPUT3: 2006.9 0.0902252 0.00216678 0.172914
OUTPUT3: 2006.9 0.0855976 -0.00222268 0.167814
OUTPUT3: 2006.9 0.0851625 -0.00261549 0.167326
OUTPUT3: 2006.9 0.0824013 -0.00513422 0.164242
OUTPUT3: 2006.9 0.0806525 -0.007177 0.162451
OUTPUT3: 2006.9 0.0809789 -0.007 0.162856
OUTPUT3: 2006.9 0.0811617 -0.00686793 0.163071
OUTPUT3: 2006.9 0.0813622 -0.00671135 0.163303
OUTPUT3: 2006.92 0.110292 0.0233092 0.192801
OUTPUT3: 2006.92 0.124778 0.0414282 0.206838
OUTPUT3: 2006.92 0.125348 0.042211 0.207367
OUTPUT3: 2006.92 0.125892 0.0429596 0.20787
OUTPUT3: 2006.92 0.127926 0.0457863 0.209751
OUTPUT3: 2006.92 0.128698 0.0468762 0.210464
OUTPUT3: 2006.92 0.129651 0.0482621 0.211343
OUTPUT3: 2006.92 0.118286 0.0335978 0.200651
OUTPUT3: 2006.92 0.116967 0.0319243 0.199378
OUTPUT3: 2006.92 0.113344 0.0274424 0.195811
OUTPUT3: 2006.92 0.113344 0.0274424 0.195811
OUTPUT3: 2006.92 0.113344 0.0274424 0.195811
OUTPUT3: 2006.92 0.113344 0.0274424 0.195811
OUTPUT3: 2006.92 0.113344 0.0274424 0.195811
OUTPUT3: 2006.92 0.113344 0.0274424 0.195812
OUTPUT3: 2006.92 0.113344 0.0274424 0.195812
OUTPUT3: 2006.92 0.113344 0.0274424 0.195812
OUTPUT3: 2006.92 0.113344 0.0274424 0.195812
OUTPUT3: 2006.92 0.113344 0.0274424 0.195812
OUTPUT3: 2006.92 0.113344 0.0274424 0.195812
OUTPUT3: 2006.92 0.113344 0.0274424 0.195812
OUTPUT3: 2006.92 0.113344 0.0274424 0.195811
OUTPUT3: 2006.92 0.113344 0.0274424 0.195811
OUTPUT3: 2006.92 0.113344 0.0274424 0.195811
OUTPUT3: 2006.92 0.113344 0.0274424 0.195811
OUTPUT3: 2006.93 0.104712 0.0213873 0.185646
OUTPUT3: 2006.94 0.0675857 -0.0171367 0.148246
OUTPUT3: 2006.94 0.0707196 -0.0123928 0.150999
OUTPUT3: 2006.94 0.0714812 -0.0112919 0.151687
OUTPUT3: 2006.94 0.0786941 -0.00342739 0.159221
OUTPUT3: 2006.95 0.0250168 -0.0620136 0.104828
OUTPUT3: 2006.95 0.0257126 -0.0606169 0.105757
OUTPUT3: 2006.95 0.0269895 -0.0591329 0.107018
OUTPUT3: 2006.96 0.0292898 -0.0530239 0.107884
OUTPUT3: 2006.96 0.0282672 -0.0540138 0.106779
OUTPUT3: 2006.96 0.0282672 -0.0540138 0.106779
OUTPUT3: 2006.96 0.0276508 -0.0546476 0.106129
OUTPUT3: 2006.96 0.0128698 -0.0728149 0.091699
OUTPUT3: 2006.96 0.0102195 -0.0764384 0.0892992
OUTPUT3: 2006.96 0.00636419 -0.0820678 0.0870024
OUTPUT3: 2006.96 0.00617889 -0.0823862 0.0869157
OUTPUT3: 2006.96 0.00604311 -0.0826763 0.0868785
OUTPUT3: 2006.96 0.00604241 -0.082714 0.0868948
OUTPUT3: 2006.96 0.00610124 -0.0826961 0.0869601
OUTPUT3: 2006.96 0.00655032 -0.0822176 0.0873002
OUTPUT3: 2006.96 0.00730055 -0.081285 0.0878045
OUTPUT3: 2006.96 0.00730055 -0.081285 0.0878046
OUTPUT3: 2006.96 0.00822865 -0.0800687 0.0883961
OUTPUT3: 2006.96 0.0155583 -0.0695917 0.09415
OUTPUT3: 2006.96 0.0155628 -0.0695849 0.0941538
OUTPUT3: 2006.96 0.0163483 -0.0683734 0.0948158
OUTPUT3: 2006.96 0.0163498 -0.0683711 0.0948171
OUTPUT3: 2006.96 0.0179836 -0.0657101 0.0961398
OUTPUT3: 2006.96 0.0186192 -0.0641204 0.0964392
OUTPUT3: 2006.96 0.0186191 -0.0641204 0.0964392
OUTPUT3: 2006.96 0.0184757 -0.064207 0.0962658
OUTPUT3: 2006.96 0.0144089 -0.0690435 0.0922749
OUTPUT3: 2006.96 0.0144017 -0.0690528 0.0922682
OUTPUT3: 2006.96 0.0134687 -0.0702759 0.0913961
OUTPUT3: 2006.96 0.0134684 -0.0702763 0.0913958
OUTPUT3: 2006.97 0.00566329 -0.0811869 0.0848251
OUTPUT3: 2006.97 0.0263488 -0.0565427 0.104482
OUTPUT3: 2006.97 0.0137029 -0.0717534 0.092068
OUTPUT3: 2006.98 0.0294017 -0.0544272 0.108659
OUTPUT3: 2006.98 0.0294259 -0.0543981 0.108683
OUTPUT3: 2006.98 0.0341122 -0.0520116 0.113191
OUTPUT3: 2006.98 0.0339822 -0.0522022 0.113067
OUTPUT3: 2006.98 0.0339804 -0.0522049 0.113066
OUTPUT3: 2006.98 0.0334679 -0.0529483 0.112571
OUTPUT3: 2006.98 0.033467 -0.0529496 0.11257
OUTPUT3: 2006.98 0.0329908 -0.0536244 0.112096
OUTPUT3: 2006.98 0.032668 -0.0540655 0.111759
OUTPUT3: 2006.98 0.0431691 -0.0392509 0.120673
OUTPUT3: 2006.98 0.0432458 -0.0391532 0.120745
OUTPUT3: 2006.98 0.0445877 -0.0374664 0.122005
OUTPUT3: 2006.98 0.0457846 -0.0359979 0.123144
OUTPUT3: 2006.98 0.046268 -0.0354154 0.123608
OUTPUT3: 2006.99 0.0470171 -0.0345257 0.124333
OUTPUT3: 2006.99 0.0470241 -0.0345175 0.12434
OUTPUT3: 2006.99 0.0477373 -0.0336866 0.125035
OUTPUT3: 2006.99 0.0552512 -0.0289809 0.13383
OUTPUT3: 2006.99 0.0552509 -0.028982 0.13383
OUTPUT3: 2006.99 0.0551451 -0.0293061 0.133795
OUTPUT3: 2006.99 0.0550363 -0.0295986 0.133743
OUTPUT3: 2006.99 0.0549167 -0.0298887 0.133675
OUTPUT3: 2006.99 0.0547872 -0.0301731 0.133589
OUTPUT3: 2006.99 0.0597399 -0.022105 0.137435
OUTPUT3: 2006.99 0.0603107 -0.0213135 0.137942
OUTPUT3: 2006.99 0.0612221 -0.0200832 0.138765
OUTPUT3: 2006.99 0.0612228 -0.0200823 0.138765
OUTPUT3: 2006.99 0.062168 -0.0188475 0.139634
OUTPUT3: 2006.99 0.0624989 -0.0184246 0.139942
OUTPUT3: 2006.99 0.0631333 -0.0176268 0.140537
OUTPUT3: 2006.99 0.0640192 -0.0165413 0.141378
OUTPUT3: 2006.99 0.0640233 -0.0165363 0.141382
OUTPUT3: 2006.99 0.0789838 -0.00272169 0.157138
OUTPUT3: 2006.99 0.0789867 -0.00271977 0.157141
OUTPUT3: 2006.99 0.0794961 -0.00238779 0.157713
OUTPUT3: 2006.99 0.0799217 -0.00211498 0.15819
OUTPUT3: 2006.99 0.0803639 -0.00183507 0.158683
OUTPUT3: 2006.99 0.0806817 -0.00163531 0.159036
OUTPUT3: 2007 0.0805059 -0.00151161 0.158053
OUTPUT3: 2007 0.0805051 -0.00151228 0.158052
OUTPUT3: 2007 0.080194 -0.00175127 0.157674
OUTPUT3: 2007 0.0799087 -0.00198038 0.157332
OUTPUT3: 2007 0.0796164 -0.00222465 0.156988
OUTPUT3: 2007 0.0793147 -0.00248693 0.156638
OUTPUT3: 2007 0.0793138 -0.00248774 0.156637
OUTPUT3: 2007 0.0760741 -0.00633223 0.153389
OUTPUT3: 2007 0.0760333 -0.00649047 0.1534
OUTPUT3: 2007 0.0760444 -0.00658856 0.153464
OUTPUT3: 2007 0.0761109 -0.00663298 0.15359
OUTPUT3: 2007 0.0762272 -0.00661349 0.153763
OUTPUT3: 2007 0.0764502 -0.00649613 0.154058
OUTPUT3: 2007 0.0766486 -0.00635492 0.154303
OUTPUT3: 2007 0.0766489 -0.00635466 0.154303
OUTPUT3: 2007 0.0768734 -0.00617143 0.15457
OUTPUT3: 2007 0.0771851 -0.00588924 0.154928
OUTPUT3: 2007 0.0774916 -0.00558809 0.155269
OUTPUT3: 2007 0.0777848 -0.00528216 0.155587
OUTPUT3: 2007 0.0777848 -0.00528216 0.155587
OUTPUT3: 2007 0.0777848 -0.00528216 0.155587
OUTPUT3: 2007 0.0777848 -0.00528216 0.155587
OUTPUT3: 2007 0.0777848 -0.00528216 0.155587
OUTPUT3: 2007 0.0777848 -0.00528216 0.155587
OUTPUT3: 2007 0.0777848 -0.00528216 0.155587
OUTPUT3: 2007 0.0777848 -0.00528216 0.155587
OUTPUT3: 2007 0.0777848 -0.00528216 0.155587
OUTPUT3: 2007 0.0777848 -0.00528216 0.155587
OUTPUT3: 2007 0.0777848 -0.00528216 0.155587
OUTPUT3: 2007 0.0777848 -0.00528216 0.155587
OUTPUT3: 2007 0.0777848 -0.00528216 0.155587
OUTPUT3: 2007 0.0777848 -0.00528216 0.155587
OUTPUT3: 2007 0.0777848 -0.00528216 0.155587
OUTPUT3: 2007 0.0777848 -0.00528216 0.155587
OUTPUT3: 2007 0.0778002 -0.00526565 0.155604
OUTPUT3: 2007 0.0778004 -0.00526537 0.155604
OUTPUT3: 2007 0.0781086 -0.00492634 0.155932
OUTPUT3: 2007 0.0784052 -0.00458513 0.15624
OUTPUT3: 2007 0.0786677 -0.00427082 0.156509
OUTPUT3: 2007 0.0786677 -0.00427081 0.156509
OUTPUT3: 2007 0.0804157 -0.00170552 0.158119
OUTPUT3: 2007 0.0805157 -0.00143194 0.158168
OUTPUT3: 2007 0.0779065 -0.00333268 0.155184
OUTPUT3: 2007 0.0765609 -0.0047894 0.15381
OUTPUT3: 2007 0.0761556 -0.00524477 0.153402
OUTPUT3: 2007 0.0760746 -0.0053365 0.153321
OUTPUT3: 2007 0.0760746 -0.0053365 0.153321
OUTPUT3: 2007 0.0760746 -0.0053365 0.153321
OUTPUT3: 2007 0.0760746 -0.0053365 0.153321
OUTPUT3: 2007 0.0760746 -0.0053365 0.153321
OUTPUT3: 2007 0.0760746 -0.0053365 0.153321
OUTPUT3: 2007 0.0760746 -0.0053365 0.153321
OUTPUT3: 2007 0.0760746 -0.0053365 0.153321
OUTPUT3: 2007 0.0760746 -0.0053365 0.153321
OUTPUT3: 2007 0.0760746 -0.0053365 0.153321
OUTPUT3: 2007 0.0760746 -0.0053365 0.153321
OUTPUT3: 2007 0.0760746 -0.0053365 0.153321
OUTPUT3: 2007 0.0760746 -0.0053365 0.153321
OUTPUT3: 2007 0.0760746 -0.0053365 0.153321
OUTPUT3: 2007 0.0760746 -0.0053365 0.153321
OUTPUT3: 2007 0.0760746 -0.0053365 0.153321
OUTPUT3: 2007 0.0753338 -0.00618644 0.152583
OUTPUT3: 2007 0.0753331 -0.00618724 0.152582
OUTPUT3: 2007 0.0740928 -0.00764882 0.151361
OUTPUT3: 2007 0.0740928 -0.00764882 0.15136
OUTPUT3: 2007 0.0740928 -0.00764882 0.151361
OUTPUT3: 2007 0.0740928 -0.00764882 0.151361
OUTPUT3: 2007 0.0740928 -0.00764882 0.151361
OUTPUT3: 2007 0.0740928 -0.00764882 0.151361
OUTPUT3: 2007 0.0740928 -0.00764882 0.151361
OUTPUT3: 2007 0.0740928 -0.00764882 0.151361
OUTPUT3: 2007 0.0740928 -0.00764882 0.151361
OUTPUT3: 2007 0.0740928 -0.00764882 0.151361
OUTPUT3: 2007 0.0740928 -0.00764882 0.151361
OUTPUT3: 2007 0.0740928 -0.00764882 0.15136
OUTPUT3: 2007 0.0740928 -0.00764882 0.15136
OUTPUT3: 2007 0.0740928 -0.00764882 0.15136
OUTPUT3: 2007 0.0740928 -0.00764882 0.15136
OUTPUT3: 2007 0.0740928 -0.00764882 0.15136
OUTPUT3: 2007 0.0673434 -0.0162619 0.144967
OUTPUT3: 2007 0.0667462 -0.0170795 0.144423
OUTPUT3: 2007 0.0661022 -0.0179762 0.143843
OUTPUT3: 2007 0.0638302 -0.0216037 0.141976
OUTPUT3: 2007 0.0639687 -0.0215326 0.142148
OUTPUT3: 2007 0.06397 -0.0215317 0.14215
OUTPUT3: 2007 0.0643837 -0.0211313 0.142589
OUTPUT3: 2007.01 0.0686172 -0.0159479 0.146656
OUTPUT3: 2007.01 0.0686208 -0.0159431 0.14666
OUTPUT3: 2007.01 0.0694096 -0.0149214 0.147393
OUTPUT3: 2007.01 0.0694154 -0.0149139 0.147399
OUTPUT3: 2007.01 0.0712575 -0.0156308 0.149964
OUTPUT3: 2007.01 0.0912242 0.0114338 0.168565
OUTPUT3: 2007.01 0.092068 0.0127508 0.169317
OUTPUT3: 2007.02 0.0744599 -0.00895828 0.152699
OUTPUT3: 2007.02 0.0725173 -0.0114908 0.150843
OUTPUT3: 2007.03 0.0865417 0.00466058 0.164495
OUTPUT3: 2007.03 0.0918689 0.0123889 0.168665
OUTPUT3: 2007.04 0.0921181 0.0106476 0.169549
OUTPUT3: 2007.04 0.0648949 -0.0188708 0.140893
OUTPUT3: 2007.04 0.0649329 -0.018779 0.140906
OUTPUT3: 2007.05 0.0794556 -0.00236103 0.155414
OUTPUT3: 2007.05 0.083002 0.00149523 0.159045
OUTPUT3: 2007.05 0.0849341 0.00362152 0.161012
OUTPUT3: 2007.05 0.112245 0.0361996 0.187748
OUTPUT3: 2007.05 0.112461 0.03664 0.187873
OUTPUT3: 2007.05 0.111993 0.0362275 0.187344
OUTPUT3: 2007.05 0.111376 0.0355615 0.186703
OUTPUT3: 2007.05 0.095514 0.0163107 0.171226
OUTPUT3: 2007.05 0.0936808 0.0140346 0.169465
OUTPUT3: 2007.05 0.0853603 0.00380989 0.161458
OUTPUT3: 2007.05 0.0853577 0.00380676 0.161456
OUTPUT3: 2007.05 0.0850482 0.00343843 0.161155
OUTPUT3: 2007.05 0.0846369 0.00295259 0.160755
OUTPUT3: 2007.05 0.083551 0.00170133 0.15969
OUTPUT3: 2007.05 0.0832464 0.00136384 0.159388
OUTPUT3: 2007.05 0.083245 0.0013623 0.159387
OUTPUT3: 2007.05 0.0820864 0.000503639 0.15812
OUTPUT3: 2007.05 0.0824332 0.00127651 0.158356
OUTPUT3: 2007.05 0.0824337 0.00127745 0.158356
OUTPUT3: 2007.05 0.0833051 0.00281628 0.159059
OUTPUT3: 2007.05 0.0833056 0.00281707 0.15906
OUTPUT3: 2007.05 0.0853924 0.00623481 0.160815
OUTPUT3: 2007.06 0.0858259 0.00693284 0.161182
OUTPUT3: 2007.06 0.0858285 0.00693698 0.161184
OUTPUT3: 2007.06 0.087816 0.0101477 0.162865
OUTPUT3: 2007.06 0.0889 0.0119568 0.163764
OUTPUT3: 2007.06 0.0889012 0.0119589 0.163765
OUTPUT3: 2007.06 0.0892287 0.0125413 0.164027
OUTPUT3: 2007.06 0.0894355 0.0129483 0.164181
OUTPUT3: 2007.06 0.089436 0.0129492 0.164181
OUTPUT3: 2007.06 0.0895151 0.0131958 0.164215
OUTPUT3: 2007.06 0.0879182 0.0113862 0.162659
OUTPUT3: 2007.06 0.0859513 0.00879578 0.160842
OUTPUT3: 2007.06 0.0789412 -0.000709933 0.154435
OUTPUT3: 2007.07 0.0803232 0.00205904 0.154893
OUTPUT3: 2007.08 0.0801447 0.00164789 0.154767
OUTPUT3: 2007.08 0.0779532 0.00243421 0.150863
OUTPUT3: 2007.09 0.0804301 0.00322885 0.153332
OUTPUT3: 2007.09 0.0825044 0.0065907 0.154872
OUTPUT3: 2007.09 0.0825044 0.0065907 0.154872
OUTPUT3: 2007.09 0.0825044 0.0065907 0.154872
OUTPUT3: 2007.09 0.0825044 0.0065907 0.154872
OUTPUT3: 2007.09 0.0825044 0.0065907 0.154872
OUTPUT3: 2007.09 0.0825044 0.0065907 0.154872
OUTPUT3: 2007.09 0.0825044 0.0065907 0.154872
OUTPUT3: 2007.09 0.0825044 0.0065907 0.154872
OUTPUT3: 2007.09 0.0825044 0.0065907 0.154872
OUTPUT3: 2007.09 0.0825044 0.0065907 0.154872
OUTPUT3: 2007.09 0.0825044 0.0065907 0.154872
OUTPUT3: 2007.09 0.0825044 0.0065907 0.154872
OUTPUT3: 2007.09 0.0825044 0.0065907 0.154872
OUTPUT3: 2007.09 0.0825044 0.0065907 0.154872
OUTPUT3: 2007.09 0.0825044 0.0065907 0.154872
OUTPUT3: 2007.09 0.0825044 0.0065907 0.154872
OUTPUT3: 2007.09 0.0821073 0.00478126 0.154725
OUTPUT3: 2007.09 0.0820354 0.00437652 0.15476
OUTPUT3: 2007.09 0.0820354 0.00437652 0.15476
OUTPUT3: 2007.09 0.0820354 0.00437652 0.15476
OUTPUT3: 2007.09 0.0820354 0.00437652 0.15476
OUTPUT3: 2007.09 0.0820354 0.00437652 0.15476
OUTPUT3: 2007.09 0.0820354 0.00437652 0.15476
OUTPUT3: 2007.09 0.0820354 0.00437652 0.15476
OUTPUT3: 2007.09 0.0820354 0.00437652 0.15476
OUTPUT3: 2007.09 0.0820354 0.00437652 0.15476
OUTPUT3: 2007.09 0.0820354 0.00437652 0.15476
OUTPUT3: 2007.09 0.0820354 0.00437652 0.15476
OUTPUT3: 2007.09 0.0820354 0.00437652 0.15476
OUTPUT3: 2007.09 0.0820354 0.00437652 0.15476
OUTPUT3: 2007.09 0.0820354 0.00437652 0.15476
OUTPUT3: 2007.09 0.0820354 0.00437652 0.15476
OUTPUT3: 2007.09 0.0820354 0.00437652 0.15476
OUTPUT3: 2007.09 0.0821183 0.00429264 0.154899
OUTPUT3: 2007.09 0.0821183 0.00429264 0.154898
OUTPUT3: 2007.09 0.0821183 0.00429264 0.154898
OUTPUT3: 2007.09 0.0821183 0.00429264 0.154898
OUTPUT3: 2007.09 0.0821183 0.00429264 0.154898
OUTPUT3: 2007.09 0.0821183 0.00429264 0.154898
OUTPUT3: 2007.09 0.0821183 0.00429264 0.154898
OUTPUT3: 2007.09 0.0821183 0.00429264 0.154898
OUTPUT3: 2007.09 0.0821183 0.00429264 0.154898
OUTPUT3: 2007.09 0.0821183 0.00429264 0.154898
OUTPUT3: 2007.09 0.0821183 0.00429264 0.154898
OUTPUT3: 2007.09 0.0821183 0.00429264 0.154898
OUTPUT3: 2007.09 0.0821183 0.00429264 0.154898
OUTPUT3: 2007.09 0.0821183 0.00429264 0.154898
OUTPUT3: 2007.09 0.0821183 0.00429264 0.154898
OUTPUT3: 2007.09 0.0821183 0.00429264 0.154898
OUTPUT3: 2007.09 0.0850658 0.00978236 0.156984
OUTPUT3: 2007.09 0.0851566 0.0100151 0.157023
OUTPUT3: 2007.1 0.0858675 0.0118941 0.157196
OUTPUT3: 2007.1 0.0864158 0.0120343 0.157829
OUTPUT3: 2007.1 0.0866856 0.0121853 0.158122
OUTPUT3: 2007.1 0.0870609 0.0124379 0.158518
OUTPUT3: 2007.1 0.0902457 0.0155081 0.161538
OUTPUT3: 2007.1 0.0912825 0.0167891 0.162351
OUTPUT3: 2007.1 0.0914603 0.0170421 0.162459
OUTPUT3: 2007.1 0.0896669 0.0155964 0.159924
OUTPUT3: 2007.1 0.0893124 0.0152125 0.159532
OUTPUT3: 2007.1 0.0893119 0.0152119 0.159531
OUTPUT3: 2007.1 0.0873222 0.0129812 0.157396
OUTPUT3: 2007.1 0.0759732 -0.000764402 0.145976
OUTPUT3: 2007.1 0.07402 -0.00322905 0.144076
OUTPUT3: 2007.1 0.0699228 -0.00847445 0.140485
OUTPUT3: 2007.1 0.0698761 -0.00853489 0.140453
OUTPUT3: 2007.1 0.0687032 -0.0100573 0.139643
OUTPUT3: 2007.1 0.0681948 -0.0107205 0.139294
OUTPUT3: 2007.1 0.0681907 -0.0107259 0.139291
OUTPUT3: 2007.1 0.0664589 -0.0130041 0.138109
OUTPUT3: 2007.1 0.0644789 -0.0157032 0.136783
OUTPUT3: 2007.1 0.0644663 -0.015754 0.13678
OUTPUT3: 2007.1 0.0644663 -0.015754 0.13678
OUTPUT3: 2007.1 0.0648248 -0.0153366 0.137027
OUTPUT3: 2007.1 0.065654 -0.0142992 0.137586
OUTPUT3: 2007.1 0.0664551 -0.0132778 0.138122
OUTPUT3: 2007.1 0.0683269 -0.0108629 0.139366
OUTPUT3: 2007.1 0.0696692 -0.00911785 0.140267
OUTPUT3: 2007.1 0.0696898 -0.00909103 0.140282
OUTPUT3: 2007.1 0.0726053 -0.00527833 0.143004
OUTPUT3: 2007.1 0.0744187 -0.00289604 0.144738
OUTPUT3: 2007.1 0.0763449 -0.000358962 0.146576
OUTPUT3: 2007.1 0.0793286 0.00358149 0.14942
OUTPUT3: 2007.1 0.0804902 0.00511838 0.150526
OUTPUT3: 2007.1 0.0818214 0.00688138 0.151794
OUTPUT3: 2007.1 0.081822 0.00688218 0.151795
OUTPUT3: 2007.1 0.0848622 0.0109132 0.154693
OUTPUT3: 2007.1 0.0865596 0.0131657 0.156314
OUTPUT3: 2007.1 0.087533 0.0144574 0.157246
OUTPUT3: 2007.11 0.0816246 0.00583293 0.153291
OUTPUT3: 2007.11 0.081049 0.00482131 0.152861
OUTPUT3: 2007.12 0.0742099 -0.000797875 0.145804
OUTPUT3: 2007.12 0.0724344 -0.00301374 0.14414
OUTPUT3: 2007.12 0.0700364 -0.00597782 0.141873
OUTPUT3: 2007.12 0.0445486 -0.0332979 0.115809
OUTPUT3: 2007.12 0.0356652 -0.0448515 0.107533
OUTPUT3: 2007.13 0.0356819 -0.0428424 0.10688
OUTPUT3: 2007.13 0.0473369 -0.0303642 0.118816
OUTPUT3: 2007.13 0.0489947 -0.0290109 0.120682
OUTPUT3: 2007.13 0.0522868 -0.0262239 0.124357
OUTPUT3: 2007.13 0.0538761 -0.0247172 0.126074
OUTPUT3: 2007.13 0.0562684 -0.0219907 0.128488
OUTPUT3: 2007.13 0.0574196 -0.0202419 0.129483
OUTPUT3: 2007.13 0.0580279 -0.0187865 0.129803
OUTPUT3: 2007.13 0.0579157 -0.0180104 0.129334
OUTPUT3: 2007.13 0.0570254 -0.0181649 0.128087
OUTPUT3: 2007.13 0.0568804 -0.0182481 0.127907
OUTPUT3: 2007.13 0.0568798 -0.0182484 0.127906
OUTPUT3: 2007.13 0.0557769 -0.0190817 0.12661
OUTPUT3: 2007.13 0.0557761 -0.0190824 0.126609
OUTPUT3: 2007.13 0.0520516 -0.0231681 0.122713
OUTPUT3: 2007.13 0.0520516 -0.0231681 0.122713
OUTPUT3: 2007.13 0.0513101 -0.0241326 0.121994
OUTPUT3: 2007.13 0.051309 -0.024134 0.121993
OUTPUT3: 2007.13 0.0505626 -0.02515 0.121284
OUTPUT3: 2007.13 0.0505514 -0.0251655 0.121273
OUTPUT3: 2007.13 0.0498024 -0.0262328 0.120579
OUTPUT3: 2007.14 0.0875008 0.0112997 0.159542
OUTPUT3: 2007.14 0.0887618 0.0124171 0.160927
OUTPUT3: 2007.14 0.105039 0.0301254 0.177335
OUTPUT3: 2007.15 0.0902321 0.0121577 0.162791
OUTPUT3: 2007.15 0.0892757 0.0109698 0.161873
OUTPUT3: 2007.15 0.087398 0.00867214 0.160061
OUTPUT3: 2007.15 0.082367 0.00520727 0.154313
OUTPUT3: 2007.15 0.0823086 0.00526938 0.154212
OUTPUT3: 2007.15 0.0819769 0.00532688 0.153739
OUTPUT3: 2007.15 0.0805331 0.00635121 0.151808
OUTPUT3: 2007.15 0.0820929 0.0088276 0.153106
OUTPUT3: 2007.15 0.0822182 0.00903677 0.153207
OUTPUT3: 2007.15 0.082219 0.00903816 0.153207
OUTPUT3: 2007.15 0.0823067 0.00918615 0.153277
OUTPUT3: 2007.15 0.0826868 0.00985168 0.153569
OUTPUT3: 2007.15 0.0826875 0.00985303 0.153569
OUTPUT3: 2007.15 0.0829962 0.0104576 0.153781
OUTPUT3: 2007.15 0.0829963 0.0104579 0.153781
OUTPUT3: 2007.15 0.0831313 0.010834 0.153831
OUTPUT3: 2007.15 0.0831313 0.0108341 0.153831
OUTPUT3: 2007.15 0.0830997 0.0109579 0.153737
OUTPUT3: 2007.15 0.0830996 0.010958 0.153737
OUTPUT3: 2007.16 0.0533025 -0.0251 0.124708
OUTPUT3: 2007.16 0.0533025 -0.0251001 0.124707
OUTPUT3: 2007.16 0.0508247 -0.0281406 0.122313
OUTPUT3: 2007.16 0.0508246 -0.0281406 0.122313
OUTPUT3: 2007.16 0.0461996 -0.0337579 0.117823
OUTPUT3: 2007.16 0.0461942 -0.0337643 0.117818
OUTPUT3: 2007.16 0.0346643 -0.0433812 0.105064
OUTPUT3: 2007.16 0.034719 -0.043295 0.105111
OUTPUT3: 2007.16 0.0347202 -0.0432932 0.105112
OUTPUT3: 2007.16 0.0353513 -0.0423119 0.10565
OUTPUT3: 2007.16 0.0353537 -0.0423082 0.105652
OUTPUT3: 2007.16 0.0364196 -0.0406966 0.106577
OUTPUT3: 2007.16 0.0364212 -0.0406943 0.106579
OUTPUT3: 2007.16 0.0389189 -0.0382409 0.109299
OUTPUT3: 2007.16 0.0389174 -0.0382431 0.109298
OUTPUT3: 2007.16 0.0381999 -0.0393036 0.108672
OUTPUT3: 2007.16 0.0381949 -0.0393108 0.108668
OUTPUT3: 2007.16 0.0381071 -0.0394395 0.108591
OUTPUT3: 2007.16 0.0371099 -0.040885 0.10771
OUTPUT3: 2007.16 0.0371073 -0.0408888 0.107708
OUTPUT3: 2007.16 0.0361854 -0.0422027 0.106884
OUTPUT3: 2007.16 0.0361836 -0.0422052 0.106883
OUTPUT3: 2007.16 0.0352334 -0.0435391 0.106026
OUTPUT3: 2007.16 0.0352329 -0.0435397 0.106025
OUTPUT3: 2007.16 0.034426 -0.0446568 0.105291
OUTPUT3: 2007.16 0.0344255 -0.0446574 0.105291
OUTPUT3: 2007.16 0.0308419 -0.0480305 0.101384
OUTPUT3: 2007.16 0.0308419 -0.0480305 0.101384
OUTPUT3: 2007.17 0.031414 -0.0472261 0.101899
OUTPUT3: 2007.17 0.0318005 -0.0466891 0.102249
OUTPUT3: 2007.17 0.0318029 -0.0466858 0.102251
OUTPUT3: 2007.17 0.0328771 -0.0452158 0.103234
OUTPUT3: 2007.17 0.0328779 -0.0452148 0.103235
OUTPUT3: 2007.17 0.0340611 -0.0436278 0.104331
OUTPUT3: 2007.17 0.0353413 -0.0419422 0.105529
OUTPUT3: 2007.17 0.035342 -0.0419413 0.10553
OUTPUT3: 2007.17 0.0570214 -0.0173018 0.127401
OUTPUT3: 2007.17 0.0574424 -0.0169237 0.127866
OUTPUT3: 2007.17 0.0581881 -0.0162759 0.128698
OUTPUT3: 2007.17 0.0581892 -0.016275 0.128699
OUTPUT3: 2007.17 0.0582502 -0.0162234 0.128768
OUTPUT3: 2007.17 0.0588806 -0.0157057 0.129482
OUTPUT3: 2007.17 0.0588814 -0.015705 0.129483
OUTPUT3: 2007.17 0.0594702 -0.0152526 0.130163
OUTPUT3: 2007.17 0.0594706 -0.0152524 0.130164
OUTPUT3: 2007.17 0.0599576 -0.0149117 0.130739
OUTPUT3: 2007.17 0.059958 -0.0149115 0.130739
OUTPUT3: 2007.17 0.0602978 -0.0147026 0.131152
OUTPUT3: 2007.17 0.0603 -0.0147013 0.131155
OUTPUT3: 2007.17 0.0605081 -0.0145932 0.131415
OUTPUT3: 2007.17 0.0605086 -0.0145929 0.131416
OUTPUT3: 2007.17 0.0573756 -0.0188025 0.128487
OUTPUT3: 2007.17 0.05667 -0.0194959 0.127732
OUTPUT3: 2007.17 0.05609 -0.0200661 0.127113
OUTPUT3: 2007.17 0.0555491 -0.0206012 0.126537
OUTPUT3: 2007.17 0.0554977 -0.0206522 0.126483
OUTPUT3: 2007.17 0.0550933 -0.0210558 0.126054
OUTPUT3: 2007.17 0.0539646 -0.0222045 0.124871
OUTPUT3: 2007.17 0.0535139 -0.0226747 0.124404
OUTPUT3: 2007.17 0.0449311 -0.0337465 0.116674
OUTPUT3: 2007.17 0.0447227 -0.0340792 0.11654
OUTPUT3: 2007.17 0.0445531 -0.0343525 0.116442
OUTPUT3: 2007.17 0.0448368 -0.0337884 0.116919
OUTPUT3: 2007.18 0.0498009 -0.0250482 0.120977
OUTPUT3: 2007.18 0.0522189 -0.0239942 0.123767
OUTPUT3: 2007.18 0.0521932 -0.0245488 0.123893
OUTPUT3: 2007.18 0.0521278 -0.0254908 0.124074
OUTPUT3: 2007.18 0.0521173 -0.0256319 0.124099
OUTPUT3: 2007.18 0.0520894 -0.0260168 0.124167
OUTPUT3: 2007.18 0.0520302 -0.0274762 0.124384
OUTPUT3: 2007.18 0.0517543 -0.0271771 0.123601
OUTPUT3: 2007.18 0.051443 -0.027067 0.123042
OUTPUT3: 2007.18 0.0510463 -0.0270959 0.122426
OUTPUT3: 2007.18 0.0503638 -0.0273761 0.121489
OUTPUT3: 2007.18 0.0503633 -0.0273764 0.121489
OUTPUT3: 2007.18 0.0449445 -0.0339402 0.116049
OUTPUT3: 2007.18 0.0447418 -0.0347031 0.116062
OUTPUT3: 2007.18 0.0447418 -0.0347044 0.116063
OUTPUT3: 2007.18 0.044785 -0.034876 0.116199
OUTPUT3: 2007.18 0.044785 -0.034876 0.116199
OUTPUT3: 2007.18 0.0449024 -0.0349499 0.116406
OUTPUT3: 2007.18 0.0449036 -0.0349501 0.116408
OUTPUT3: 2007.19 0.0550935 -0.0231964 0.126957
OUTPUT3: 2007.19 0.0568929 -0.020448 0.128585
OUTPUT3: 2007.19 0.0577592 -0.0190229 0.12934
OUTPUT3: 2007.19 0.0577603 -0.0190211 0.129341
OUTPUT3: 2007.19 0.0583265 -0.0180295 0.129818
OUTPUT3: 2007.19 0.0583268 -0.018029 0.129819
OUTPUT3: 2007.19 0.058806 -0.0171266 0.130207
OUTPUT3: 2007.19 0.0588077 -0.0171232 0.130208
OUTPUT3: 2007.19 0.0594922 -0.015543 0.13069
OUTPUT3: 2007.19 0.0578709 -0.0156144 0.128688
OUTPUT3: 2007.19 0.0563342 -0.0170943 0.127134
OUTPUT3: 2007.19 0.0519543 -0.021995 0.122886
OUTPUT3: 2007.19 0.0498901 -0.0244784 0.120932
OUTPUT3: 2007.19 0.0489414 -0.0256441 0.120042
OUTPUT3: 2007.19 0.0465713 -0.0286121 0.117833
OUTPUT3: 2007.19 0.0465702 -0.0286135 0.117832
OUTPUT3: 2007.19 0.0452526 -0.0302931 0.116612
OUTPUT3: 2007.19 0.0452492 -0.0302976 0.116609
OUTPUT3: 2007.19 0.0440804 -0.031803 0.115532
OUTPUT3: 2007.19 0.0440795 -0.0318042 0.115531
OUTPUT3: 2007.19 0.0430781 -0.0331045 0.114611
OUTPUT3: 2007.19 0.0430772 -0.0331057 0.11461
OUTPUT3: 2007.19 0.0375649 -0.039476 0.109133
OUTPUT3: 2007.19 0.0375801 -0.0394046 0.109123
OUTPUT3: 2007.19 0.0375993 -0.0392812 0.109095
OUTPUT3: 2007.19 0.0375993 -0.039281 0.109095
OUTPUT3: 2007.19 0.037598 -0.0391165 0.109016
OUTPUT3: 2007.19 0.0375979 -0.039116 0.109015
OUTPUT3: 2007.19 0.0375882 -0.0390781 0.108982
OUTPUT3: 2007.19 0.0375497 -0.0390163 0.108895
OUTPUT3: 2007.19 0.0375496 -0.0390162 0.108895
OUTPUT3: 2007.19 0.0374207 -0.0389881 0.108684
OUTPUT3: 2007.19 0.0303368 -0.0465239 0.101361
OUTPUT3: 2007.19 0.0296508 -0.0473487 0.100699
OUTPUT3: 2007.19 0.0282867 -0.0489997 0.099388
OUTPUT3: 2007.19 0.0272019 -0.0503196 0.0983504
OUTPUT3: 2007.2 0.0225559 -0.0559744 0.0939329
OUTPUT3: 2007.2 0.0225522 -0.0559789 0.0939293
OUTPUT3: 2007.2 0.0221205 -0.056499 0.0935194
OUTPUT3: 2007.2 0.0216182 -0.0571015 0.0930421
OUTPUT3: 2007.2 0.0216173 -0.0571026 0.0930413
OUTPUT3: 2007.2 0.0207726 -0.0581074 0.0922376
OUTPUT3: 2007.2 0.0207709 -0.0581094 0.092236
OUTPUT3: 2007.2 0.0162499 -0.0621937 0.0876598
OUTPUT3: 2007.2 0.0163103 -0.0618904 0.0876641
OUTPUT3: 2007.2 0.0163869 -0.0616064 0.0876922
OUTPUT3: 2007.2 0.0167892 -0.0602624 0.0878712
OUTPUT3: 2007.2 0.0167892 -0.0602624 0.0878711
OUTPUT3: 2007.2 0.0168433 -0.0599919 0.0878739
OUTPUT3: 2007.2 0.0168434 -0.0599917 0.0878739
OUTPUT3: 2007.2 0.0168519 -0.0597936 0.0878375
OUTPUT3: 2007.2 0.0168519 -0.0597936 0.0878375
OUTPUT3: 2007.2 0.0168051 -0.0596766 0.0877526
OUTPUT3: 2007.2 0.016805 -0.0596766 0.0877524
OUTPUT3: 2007.2 0.0039164 -0.0755564 0.0757623
OUTPUT3: 2007.2 0.00318646 -0.0765185 0.0751003
OUTPUT3: 2007.2 0.00219248 -0.0778238 0.0741982
OUTPUT3: 2007.2 0.00155959 -0.0786507 0.073623
OUTPUT3: 2007.2 0.000303843 -0.0802748 0.0724793
OUTPUT3: 2007.2 0.000302329 -0.0802767 0.0724779
OUTPUT3: 2007.2 -0.000275246 -0.0810118 0.0719497
OUTPUT3: 2007.2 -0.000280275 -0.0810182 0.0719451
OUTPUT3: 2007.2 0.00587669 -0.0707848 0.0772147
OUTPUT3: 2007.2 0.00728753 -0.0687883 0.0784895
OUTPUT3: 2007.2 0.00728779 -0.0687879 0.0784897
OUTPUT3: 2007.2 0.00804411 -0.0677351 0.0791788
OUTPUT3: 2007.2 0.00804412 -0.067735 0.0791788
OUTPUT3: 2007.2 0.0085191 -0.0670824 0.0796144
OUTPUT3: 2007.21 0.00433368 -0.0748114 0.0764965
OUTPUT3: 2007.21 0.00427208 -0.0749073 0.0764442
OUTPUT3: 2007.21 0.00427174 -0.0749079 0.0764439
OUTPUT3: 2007.21 0.00339665 -0.0762693 0.0757
OUTPUT3: 2007.21 0.00339573 -0.0762708 0.0756993
OUTPUT3: 2007.21 0.00253043 -0.0776152 0.074963
OUTPUT3: 2007.21 0.00252891 -0.0776175 0.0749617
OUTPUT3: 2007.21 0.00172617 -0.0788651 0.0742787
OUTPUT3: 2007.21 0.0017261 -0.0788652 0.0742787
OUTPUT3: 2007.21 0.000975205 -0.0800349 0.0736407
OUTPUT3: 2007.21 0.000974957 -0.0800352 0.0736405
OUTPUT3: 2007.21 0.000316771 -0.0810658 0.0730834
OUTPUT3: 2007.21 0.000315302 -0.0810681 0.0730821
OUTPUT3: 2007.21 -0.000253313 -0.0819673 0.0726039
OUTPUT3: 2007.21 0.00869244 -0.0707493 0.0812471
OUTPUT3: 2007.21 0.0142346 -0.063538 0.0865147
OUTPUT3: 2007.21 0.0154622 -0.0619622 0.0876913
OUTPUT3: 2007.21 0.0164114 -0.0607508 0.088604
OUTPUT3: 2007.21 0.0177808 -0.0590149 0.0899264
OUTPUT3: 2007.21 0.0241348 -0.0531065 0.0971287
OUTPUT3: 2007.23 0.0253557 -0.0583207 0.10031
OUTPUT3: 2007.23 0.0233675 -0.0615022 0.0986926
OUTPUT3: 2007.23 0.0233675 -0.0615022 0.0986925
OUTPUT3: 2007.23 0.0233675 -0.0615022 0.0986925
OUTPUT3: 2007.23 0.0233675 -0.0615022 0.0986925
OUTPUT3: 2007.23 0.0233675 -0.0615022 0.0986926
OUTPUT3: 2007.23 0.0233675 -0.0615022 0.0986925
OUTPUT3: 2007.23 0.0233675 -0.0615022 0.0986925
OUTPUT3: 2007.23 0.0233675 -0.0615022 0.0986925
OUTPUT3: 2007.23 0.0233675 -0.0615022 0.0986925
OUTPUT3: 2007.23 0.0233675 -0.0615022 0.0986925
OUTPUT3: 2007.23 0.0233675 -0.0615022 0.0986925
OUTPUT3: 2007.23 0.0233675 -0.0615022 0.0986925
OUTPUT3: 2007.23 0.0233675 -0.0615022 0.0986925
OUTPUT3: 2007.23 0.0233675 -0.0615022 0.0986925
OUTPUT3: 2007.23 0.0233675 -0.0615022 0.0986925
OUTPUT3: 2007.23 0.0233675 -0.0615022 0.0986925
OUTPUT3: 2007.23 0.0358226 -0.0451207 0.110291
OUTPUT3: 2007.23 0.036225 -0.044553 0.110653
OUTPUT3: 2007.23 0.0374288 -0.0428589 0.111739
OUTPUT3: 2007.23 0.0441587 -0.0338796 0.117984
OUTPUT3: 2007.23 0.045154 -0.0328107 0.119001
OUTPUT3: 2007.23 0.0456307 -0.0323935 0.119522
OUTPUT3: 2007.23 0.0459642 -0.0321716 0.119912
OUTPUT3: 2007.24 0.048315 -0.0315658 0.122781
OUTPUT3: 2007.24 0.0228069 -0.0592874 0.0966664
OUTPUT3: 2007.25 0.0604228 -0.017965 0.135054
OUTPUT3: 2007.26 0.0232844 -0.0586779 0.0967494
OUTPUT3: 2007.26 0.0211945 -0.0597544 0.0945604
OUTPUT3: 2007.27 0.0167963 -0.064257 0.0903721
OUTPUT3: 2007.27 0.0171883 -0.0638436 0.0907893
OUTPUT3: 2007.27 0.017578 -0.0634369 0.0912057
OUTPUT3: 2007.27 0.0321846 -0.0472231 0.106031
OUTPUT3: 2007.27 0.0335485 -0.0460301 0.107502
OUTPUT3: 2007.27 0.0358716 -0.0439035 0.109972
OUTPUT3: 2007.27 0.0358718 -0.0439033 0.109972
OUTPUT3: 2007.27 0.0367064 -0.0431108 0.11085
OUTPUT3: 2007.27 0.0367065 -0.0431108 0.11085
OUTPUT3: 2007.27 0.0455001 -0.0338612 0.119731
OUTPUT3: 2007.27 0.0455009 -0.0338603 0.119731
OUTPUT3: 2007.27 0.0478266 -0.0311083 0.121947
OUTPUT3: 2007.27 0.0478278 -0.0311069 0.121948
OUTPUT3: 2007.27 0.0517114 -0.025243 0.124907
OUTPUT3: 2007.28 0.0513162 -0.025603 0.124443
OUTPUT3: 2007.28 0.0511751 -0.0257413 0.124283
OUTPUT3: 2007.28 0.051085 -0.0258315 0.124183
OUTPUT3: 2007.28 0.0480381 -0.0292551 0.120986
OUTPUT3: 2007.28 0.0480377 -0.0292555 0.120985
OUTPUT3: 2007.28 0.0459842 -0.0317552 0.118934
OUTPUT3: 2007.28 0.045984 -0.0317555 0.118934
OUTPUT3: 2007.28 0.0448663 -0.0331544 0.117837
OUTPUT3: 2007.28 0.0448605 -0.0331617 0.117831
OUTPUT3: 2007.28 0.043016 -0.0355201 0.116044
OUTPUT3: 2007.28 0.043013 -0.035524 0.116041
OUTPUT3: 2007.28 0.038101 -0.0420851 0.111411
OUTPUT3: 2007.28 0.0351243 -0.0463233 0.108719
OUTPUT3: 2007.28 0.0345333 -0.0472163 0.108207
OUTPUT3: 2007.28 0.0336499 -0.0487096 0.107508
OUTPUT3: 2007.28 0.0385374 -0.0426864 0.112342
OUTPUT3: 2007.28 0.0405616 -0.0398898 0.11422
OUTPUT3: 2007.28 0.0448138 -0.0338153 0.11809
OUTPUT3: 2007.28 0.0449219 -0.0336573 0.118187
OUTPUT3: 2007.28 0.0454199 -0.0329268 0.118634
OUTPUT3: 2007.28 0.0432277 -0.0349546 0.116414
OUTPUT3: 2007.28 0.0399196 -0.0398846 0.113479
OUTPUT3: 2007.28 0.0387179 -0.0422816 0.112413
OUTPUT3: 2007.29 0.0455758 -0.0337049 0.118329
OUTPUT3: 2007.29 0.0454006 -0.0339969 0.118184
OUTPUT3: 2007.29 0.0452602 -0.0342326 0.118068
OUTPUT3: 2007.29 0.0469015 -0.0319968 0.119458
OUTPUT3: 2007.29 0.0480632 -0.0298731 0.120326
OUTPUT3: 2007.29 0.0482518 -0.0294148 0.120433
OUTPUT3: 2007.29 0.0483158 -0.0291221 0.120427
OUTPUT3: 2007.29 0.0469624 -0.030057 0.118944
OUTPUT3: 2007.29 0.0467162 -0.0303153 0.118701
OUTPUT3: 2007.29 0.0452887 -0.0319016 0.117321
OUTPUT3: 2007.3 0.0354632 -0.041777 0.107495
OUTPUT3: 2007.3 0.0341366 -0.0454919 0.106448
OUTPUT3: 2007.3 0.0333981 -0.0465554 0.105785
OUTPUT3: 2007.32 0.0245537 -0.0508987 0.0957027
OUTPUT3: 2007.32 0.0245673 -0.0508871 0.095717
OUTPUT3: 2007.32 0.0163363 -0.0600526 0.0869432
OUTPUT3: 2007.32 -0.00111378 -0.0796146 0.0688991
OUTPUT3: 2007.32 -0.000600065 -0.079433 0.0695508
OUTPUT3: 2007.32 -0.000160668 -0.0790472 0.0700311
OUTPUT3: 2007.32 1.3063e-05 -0.0788822 0.0702166
OUTPUT3: 2007.32 1.30633e-05 -0.0788822 0.0702167
OUTPUT3: 2007.32 1.30633e-05 -0.0788822 0.0702167
OUTPUT3: 2007.32 1.30633e-05 -0.0788822 0.0702167
OUTPUT3: 2007.32 1.30633e-05 -0.0788822 0.0702167
OUTPUT3: 2007.32 1.30633e-05 -0.0788822 0.0702167
OUTPUT3: 2007.32 1.30633e-05 -0.0788822 0.0702167
OUTPUT3: 2007.32 1.30633e-05 -0.0788822 0.0702167
OUTPUT3: 2007.32 1.30633e-05 -0.0788822 0.0702167
OUTPUT3: 2007.32 1.30633e-05 -0.0788822 0.0702167
OUTPUT3: 2007.32 1.30633e-05 -0.0788822 0.0702167
OUTPUT3: 2007.32 1.30633e-05 -0.0788822 0.0702167
OUTPUT3: 2007.32 1.30633e-05 -0.0788822 0.0702167
OUTPUT3: 2007.32 1.30633e-05 -0.0788822 0.0702167
OUTPUT3: 2007.32 1.30633e-05 -0.0788822 0.0702167
OUTPUT3: 2007.32 1.30633e-05 -0.0788822 0.0702167
OUTPUT3: 2007.33 0.00211307 -0.0754995 0.0714413
OUTPUT3: 2007.33 0.00108488 -0.0775172 0.0706522
OUTPUT3: 2007.33 0.00108488 -0.0775172 0.0706522
OUTPUT3: 2007.33 0.00108488 -0.0775172 0.0706523
OUTPUT3: 2007.33 0.00108488 -0.0775172 0.0706523
OUTPUT3: 2007.33 0.00108488 -0.0775172 0.0706523
OUTPUT3: 2007.33 0.00108488 -0.0775172 0.0706522
OUTPUT3: 2007.33 0.00108488 -0.0775172 0.0706522
OUTPUT3: 2007.33 0.00108488 -0.0775172 0.0706523
OUTPUT3: 2007.33 0.00108488 -0.0775172 0.0706522
OUTPUT3: 2007.33 0.00108488 -0.0775172 0.0706522
OUTPUT3: 2007.33 0.00108488 -0.0775172 0.0706522
OUTPUT3: 2007.33 0.00108488 -0.0775172 0.0706522
OUTPUT3: 2007.33 0.00108488 -0.0775172 0.0706522
OUTPUT3: 2007.33 0.00108488 -0.0775172 0.0706523
OUTPUT3: 2007.33 0.00108488 -0.0775172 0.0706522
OUTPUT3: 2007.33 0.00108488 -0.0775172 0.0706523
OUTPUT3: 2007.33 0.0201066 -0.0547389 0.0889117
OUTPUT3: 2007.33 0.0256712 -0.0470988 0.0939073
OUTPUT3: 2007.33 0.0293331 -0.0417301 0.0970107
OUTPUT3: 2007.33 0.029298 -0.0414327 0.0967647
OUTPUT3: 2007.33 0.0288498 -0.0419364 0.096286
OUTPUT3: 2007.33 0.0273651 -0.0437553 0.0947903
OUTPUT3: 2007.33 0.0238441 -0.0482921 0.0913699
OUTPUT3: 2007.33 0.0222776 -0.0503509 0.0898685
OUTPUT3: 2007.33 0.0187807 -0.0549956 0.0865384
OUTPUT3: 2007.33 0.0175046 -0.0567036 0.0853277
OUTPUT3: 2007.33 0.016934 -0.0574692 0.0847869
OUTPUT3: 2007.33 0.0154846 -0.0594189 0.0834144
OUTPUT3: 2007.33 0.0154843 -0.0594193 0.0834141
OUTPUT3: 2007.33 0.0146548 -0.0605382 0.0826291
OUTPUT3: 2007.33 0.011715 -0.0645217 0.079848
OUTPUT3: 2007.33 0.011122 -0.0653289 0.0792868
OUTPUT3: 2007.33 0.0106442 -0.0659801 0.0788345
OUTPUT3: 2007.33 0.00922288 -0.0679232 0.0774871
OUTPUT3: 2007.33 0.00922046 -0.0679265 0.0774848
OUTPUT3: 2007.33 0.00633736 -0.0719126 0.0750249
OUTPUT3: 2007.33 0.00633634 -0.071914 0.0750243
OUTPUT3: 2007.33 0.00549866 -0.0731161 0.0745796
OUTPUT3: 2007.33 0.00549727 -0.0731182 0.074579
OUTPUT3: 2007.33 0.00537125 -0.0733262 0.07455
OUTPUT3: 2007.33 0.00537078 -0.0733274 0.0745505
OUTPUT3: 2007.33 0.0056845 -0.0729881 0.0748714
OUTPUT3: 2007.33 0.00568539 -0.072987 0.0748721
OUTPUT3: 2007.33 0.00664623 -0.0717833 0.0756238
OUTPUT3: 2007.34 0.032032 -0.0424517 0.0995833
OUTPUT3: 2007.34 0.032234 -0.0422805 0.0998049
OUTPUT3: 2007.34 0.0335698 -0.0411516 0.101273
OUTPUT3: 2007.34 0.0340571 -0.0407343 0.101807
OUTPUT3: 2007.34 0.0352931 -0.0396417 0.103149
OUTPUT3: 2007.34 0.0355125 -0.0394415 0.103385
OUTPUT3: 2007.34 0.0357329 -0.0392382 0.103622
OUTPUT3: 2007.34 0.0449035 -0.0292922 0.112927
OUTPUT3: 2007.34 0.0459102 -0.0280926 0.113911
OUTPUT3: 2007.34 0.0470471 -0.026725 0.115018
OUTPUT3: 2007.34 0.0484882 -0.0249752 0.116415
OUTPUT3: 2007.34 0.0499652 -0.0231667 0.117843
OUTPUT3: 2007.34 0.0509774 -0.0219203 0.118819
OUTPUT3: 2007.34 0.0515425 -0.0212223 0.119364
OUTPUT3: 2007.34 0.0525974 -0.0199161 0.120379
OUTPUT3: 2007.34 0.0543157 -0.0177811 0.122032
OUTPUT3: 2007.34 0.0543182 -0.017778 0.122034
OUTPUT3: 2007.34 0.0560563 -0.0156129 0.123706
OUTPUT3: 2007.34 0.0575556 -0.0137435 0.125148
OUTPUT3: 2007.34 0.061632 -0.00867395 0.129083
OUTPUT3: 2007.34 0.0684171 -0.00191613 0.136523
OUTPUT3: 2007.35 0.0569968 -0.0139136 0.124659
OUTPUT3: 2007.36 0.0431059 -0.0299819 0.109703
OUTPUT3: 2007.36 0.0723491 0.00210285 0.139161
OUTPUT3: 2007.36 0.0738598 0.00359126 0.140753
OUTPUT3: 2007.38 0.0547118 -0.0159189 0.11933
OUTPUT3: 2007.38 0.0547101 -0.0159212 0.119328
OUTPUT3: 2007.38 0.0527082 -0.0186493 0.117467
OUTPUT3: 2007.38 0.058783 -0.0131682 0.123762
OUTPUT3: 2007.38 0.0670934 -0.00260085 0.131502
OUTPUT3: 2007.38 0.0705287 0.00189304 0.134646
OUTPUT3: 2007.38 0.0707391 0.00217027 0.134837
OUTPUT3: 2007.38 0.0745893 0.0072921 0.138304
OUTPUT3: 2007.38 0.0767 0.0101502 0.140157
OUTPUT3: 2007.38 0.0778222 0.0117192 0.141067
OUTPUT3: 2007.38 0.077652 0.0115405 0.140813
OUTPUT3: 2007.38 0.0773914 0.0112058 0.14054
OUTPUT3: 2007.38 0.0770839 0.0108047 0.140228
OUTPUT3: 2007.38 0.0695435 0.000682002 0.133012
OUTPUT3: 2007.38 0.0685472 -0.00066836 0.132073
OUTPUT3: 2007.38 0.0662675 -0.00376361 0.129927
OUTPUT3: 2007.38 0.0625037 -0.0090224 0.126016
OUTPUT3: 2007.38 0.0625506 -0.00895942 0.126059
OUTPUT3: 2007.38 0.0644451 -0.0064205 0.127792
OUTPUT3: 2007.38 0.064487 -0.00636437 0.12783
OUTPUT3: 2007.38 0.0666049 -0.00353389 0.129774
OUTPUT3: 2007.38 0.0666056 -0.00353285 0.129775
OUTPUT3: 2007.38 0.0682847 -0.00129521 0.13132
OUTPUT3: 2007.38 0.0682895 -0.00128881 0.131325
OUTPUT3: 2007.38 0.0696103 0.000466984 0.132544
OUTPUT3: 2007.38 0.0696195 0.00047928 0.132552
OUTPUT3: 2007.39 0.0844862 0.0196437 0.146536
OUTPUT3: 2007.39 0.0848026 0.0199816 0.146858
OUTPUT3: 2007.39 0.0849534 0.0200994 0.147025
OUTPUT3: 2007.39 0.0849535 0.0200994 0.147025
OUTPUT3: 2007.39 0.0849398 0.0200076 0.147036
OUTPUT3: 2007.39 0.0849397 0.0200074 0.147035
OUTPUT3: 2007.39 0.0848544 0.0198497 0.146969
OUTPUT3: 2007.39 0.0848536 0.0198484 0.146968
OUTPUT3: 2007.39 0.0835754 0.0179797 0.145815
OUTPUT3: 2007.39 0.0835753 0.0179797 0.145815
OUTPUT3: 2007.39 0.0829588 0.0171348 0.145238
OUTPUT3: 2007.39 0.0829584 0.0171342 0.145237
OUTPUT3: 2007.39 0.0822654 0.0162025 0.144582
OUTPUT3: 2007.39 0.0822644 0.0162012 0.144581
OUTPUT3: 2007.39 0.0817284 0.0154906 0.144069
OUTPUT3: 2007.39 0.072775 0.00478382 0.13488
OUTPUT3: 2007.39 0.0724005 0.00442586 0.134435
OUTPUT3: 2007.39 0.0721084 0.00416484 0.134074
OUTPUT3: 2007.39 0.0721083 0.00416477 0.134074
OUTPUT3: 2007.39 0.0719112 0.004002 0.13382
OUTPUT3: 2007.39 0.0718024 0.00391894 0.133675
OUTPUT3: 2007.39 0.0718019 0.00391852 0.133674
OUTPUT3: 2007.39 0.0715745 0.00377035 0.133349
OUTPUT3: 2007.39 0.0715743 0.00377023 0.133349
OUTPUT3: 2007.39 0.0714218 0.00371241 0.133096
OUTPUT3: 2007.39 0.0714215 0.00371238 0.133096
OUTPUT3: 2007.39 0.0713408 0.0037372 0.132914
OUTPUT3: 2007.39 0.0713408 0.00373726 0.132914
OUTPUT3: 2007.39 0.0713265 0.00383513 0.132799
OUTPUT3: 2007.39 0.0713265 0.00383522 0.132799
OUTPUT3: 2007.39 0.0713729 0.00399542 0.132747
OUTPUT3: 2007.39 0.071373 0.00399583 0.132747
OUTPUT3: 2007.39 0.0714406 0.00414405 0.132746
OUTPUT3: 2007.39 0.071441 0.00414472 0.132746
OUTPUT3: 2007.39 0.0742098 0.00675469 0.135147
OUTPUT3: 2007.39 0.0744154 0.00676509 0.135404
OUTPUT3: 2007.39 0.0745586 0.00674611 0.135594
OUTPUT3: 2007.39 0.0746318 0.0067274 0.135694
OUTPUT3: 2007.39 0.0746323 0.00672723 0.135695
OUTPUT3: 2007.39 0.0750811 0.00648669 0.136363
OUTPUT3: 2007.39 0.0754833 0.00622559 0.136997
OUTPUT3: 2007.39 0.0754833 0.00622557 0.136997
OUTPUT3: 2007.39 0.0756534 0.00616128 0.137255
OUTPUT3: 2007.39 0.0756535 0.00616127 0.137255
OUTPUT3: 2007.39 0.0757864 0.00613704 0.137448
OUTPUT3: 2007.39 0.0757867 0.00613701 0.137449
OUTPUT3: 2007.39 0.0815165 0.0115814 0.143616
OUTPUT3: 2007.39 0.0830345 0.0134731 0.145087
OUTPUT3: 2007.39 0.0836818 0.0142899 0.14571
OUTPUT3: 2007.39 0.0841764 0.0149165 0.146186
OUTPUT3: 2007.39 0.0847279 0.0156171 0.146715
OUTPUT3: 2007.39 0.0848596 0.0157845 0.146841
OUTPUT3: 2007.39 0.0848612 0.0157866 0.146843
OUTPUT3: 2007.39 0.0856691 0.016815 0.147617
OUTPUT3: 2007.4 0.100327 0.0333628 0.162593
OUTPUT3: 2007.4 0.100584 0.0334379 0.162955
OUTPUT3: 2007.4 0.100742 0.0334472 0.163194
OUTPUT3: 2007.4 0.100977 0.0333616 0.163597
OUTPUT3: 2007.4 0.101093 0.033219 0.163844
OUTPUT3: 2007.4 0.101063 0.0315275 0.164631
OUTPUT3: 2007.4 0.102383 0.0326054 0.166468
OUTPUT3: 2007.4 0.102779 0.0332255 0.166823
OUTPUT3: 2007.4 0.103194 0.0338758 0.167191
OUTPUT3: 2007.4 0.103738 0.0347262 0.16767
OUTPUT3: 2007.4 0.104159 0.0353803 0.168038
OUTPUT3: 2007.4 0.104404 0.0357609 0.168253
OUTPUT3: 2007.4 0.104803 0.0363768 0.168602
OUTPUT3: 2007.4 0.105054 0.0367628 0.168822
OUTPUT3: 2007.4 0.105753 0.0378283 0.169434
OUTPUT3: 2007.4 0.10649 0.0389384 0.170082
OUTPUT3: 2007.4 0.107257 0.0400777 0.170761
OUTPUT3: 2007.4 0.108039 0.0412219 0.171458
OUTPUT3: 2007.4 0.108747 0.0422394 0.172092
OUTPUT3: 2007.4 0.116569 0.0509412 0.179963
OUTPUT3: 2007.4 0.116569 0.0509411 0.179963
OUTPUT3: 2007.4 0.116684 0.0507811 0.180179
OUTPUT3: 2007.4 0.116684 0.050781 0.180179
OUTPUT3: 2007.4 0.11673 0.0505305 0.18033
OUTPUT3: 2007.4 0.11673 0.0505289 0.180331
OUTPUT3: 2007.41 0.11194 0.0413019 0.176748
OUTPUT3: 2007.41 0.117259 0.0500619 0.18096
OUTPUT3: 2007.41 0.11726 0.0500625 0.180961
OUTPUT3: 2007.41 0.117583 0.050318 0.18133
OUTPUT3: 2007.41 0.117584 0.0503182 0.181331
OUTPUT3: 2007.41 0.117884 0.0505246 0.181686
OUTPUT3: 2007.41 0.117884 0.0505249 0.181686
OUTPUT3: 2007.41 0.118094 0.0506477 0.181942
OUTPUT3: 2007.41 0.118095 0.0506485 0.181944
OUTPUT3: 2007.41 0.115087 0.0459612 0.179456
OUTPUT3: 2007.41 0.115087 0.0459606 0.179455
OUTPUT3: 2007.41 0.114633 0.0455567 0.178961
OUTPUT3: 2007.41 0.11373 0.0447626 0.177975
OUTPUT3: 2007.41 0.11373 0.0447625 0.177975
OUTPUT3: 2007.41 0.112892 0.0440311 0.17706
OUTPUT3: 2007.41 0.112889 0.0440279 0.177056
OUTPUT3: 2007.41 0.111338 0.0426743 0.175361
OUTPUT3: 2007.41 0.111338 0.0426743 0.175361
OUTPUT3: 2007.41 0.0900844 0.0214918 0.153291
OUTPUT3: 2007.41 0.0898876 0.0212647 0.1531
OUTPUT3: 2007.41 0.088928 0.0201461 0.152174
OUTPUT3: 2007.41 0.088908 0.0201226 0.152155
OUTPUT3: 2007.41 0.0880334 0.0190857 0.151319
OUTPUT3: 2007.41 0.0880291 0.0190804 0.151314
OUTPUT3: 2007.42 0.0850081 0.0149345 0.148787
OUTPUT3: 2007.42 0.085247 0.0152791 0.14899
OUTPUT3: 2007.42 0.0816531 0.0105233 0.145446
OUTPUT3: 2007.42 0.0813586 0.0100041 0.145223
OUTPUT3: 2007.42 0.0811288 0.00955707 0.145068
OUTPUT3: 2007.42 0.080998 0.00925776 0.145037
OUTPUT3: 2007.42 0.0933893 0.0233824 0.157706
OUTPUT3: 2007.42 0.0934051 0.0234028 0.157721
OUTPUT3: 2007.42 0.0960294 0.0268061 0.160234
OUTPUT3: 2007.42 0.0976709 0.0289564 0.161797
OUTPUT3: 2007.42 0.0976736 0.0289598 0.1618
OUTPUT3: 2007.42 0.0988076 0.030454 0.162876
OUTPUT3: 2007.42 0.0993242 0.0311369 0.163366
OUTPUT3: 2007.42 0.100931 0.0332703 0.164885
OUTPUT3: 2007.42 0.10097 0.0333211 0.164921
OUTPUT3: 2007.42 0.101663 0.0342455 0.165575
OUTPUT3: 2007.42 0.102547 0.0354284 0.166408
OUTPUT3: 2007.42 0.102565 0.035452 0.166424
OUTPUT3: 2007.42 0.104282 0.0377591 0.168037
OUTPUT3: 2007.42 0.104352 0.0378535 0.168103
OUTPUT3: 2007.42 0.10946 0.0448194 0.173094
OUTPUT3: 2007.42 0.111722 0.0480166 0.175758
OUTPUT3: 2007.42 0.111748 0.048074 0.175793
OUTPUT3: 2007.42 0.111404 0.0476489 0.175403
OUTPUT3: 2007.42 0.110586 0.0465675 0.17446
OUTPUT3: 2007.42 0.108256 0.0434253 0.171801
OUTPUT3: 2007.42 0.103374 0.0367805 0.167334
OUTPUT3: 2007.43 0.100283 0.0325728 0.164501
OUTPUT3: 2007.43 0.0982702 0.0298422 0.162651
OUTPUT3: 2007.43 0.0910882 0.0203232 0.15596
OUTPUT3: 2007.43 0.091088 0.0203229 0.15596
OUTPUT3: 2007.43 0.0904755 0.019555 0.155372
OUTPUT3: 2007.43 0.0904719 0.0195506 0.155369
OUTPUT3: 2007.43 0.088379 0.0172204 0.153254
OUTPUT3: 2007.43 0.0883787 0.0172202 0.153254
OUTPUT3: 2007.43 0.0880644 0.0172724 0.15279
OUTPUT3: 2007.43 0.0884812 0.0185419 0.15292
OUTPUT3: 2007.43 0.0884832 0.0185468 0.152921
OUTPUT3: 2007.43 0.0890861 0.0199503 0.153268
OUTPUT3: 2007.43 0.0732686 0.00157822 0.137996
OUTPUT3: 2007.43 0.0734932 0.00186554 0.138215
OUTPUT3: 2007.43 0.0738687 0.00235827 0.138572
OUTPUT3: 2007.43 0.0744094 0.00307669 0.13908
OUTPUT3: 2007.43 0.0750896 0.00398678 0.139714
OUTPUT3: 2007.43 0.0762136 0.00549826 0.140759
OUTPUT3: 2007.43 0.0762198 0.00550653 0.140765
OUTPUT3: 2007.43 0.0771606 0.00677582 0.141636
OUTPUT3: 2007.43 0.0771629 0.00677884 0.141638
OUTPUT3: 2007.43 0.0782182 0.00820525 0.142615
OUTPUT3: 2007.43 0.078224 0.00821301 0.14262
OUTPUT3: 2007.43 0.0789727 0.00922614 0.143312
OUTPUT3: 2007.43 0.0789838 0.00924115 0.143323
OUTPUT3: 2007.44 0.0896207 0.0241078 0.153123
OUTPUT3: 2007.44 0.0896195 0.0241063 0.153122
OUTPUT3: 2007.44 0.0887384 0.0230131 0.15229
OUTPUT3: 2007.44 0.0887375 0.023012 0.15229
OUTPUT3: 2007.44 0.0883465 0.0225257 0.15192
OUTPUT3: 2007.44 0.0876624 0.0216742 0.151273
OUTPUT3: 2007.44 0.0876551 0.0216652 0.151267
OUTPUT3: 2007.44 0.0874739 0.0214395 0.151095
OUTPUT3: 2007.44 0.0538855 -0.0179949 0.118167
OUTPUT3: 2007.44 0.0538849 -0.0179954 0.118166
OUTPUT3: 2007.44 0.0527016 -0.0191844 0.117013
OUTPUT3: 2007.44 0.0527005 -0.0191854 0.117012
OUTPUT3: 2007.44 0.0523434 -0.0195361 0.116672
OUTPUT3: 2007.44 0.0518311 -0.0200311 0.116177
OUTPUT3: 2007.44 0.0516417 -0.0202116 0.115992
OUTPUT3: 2007.44 0.0516378 -0.0202152 0.115988
OUTPUT3: 2007.44 0.0514083 -0.0182858 0.115095
OUTPUT3: 2007.44 0.0514096 -0.0182847 0.115096
OUTPUT3: 2007.44 0.0517639 -0.0179701 0.115522
OUTPUT3: 2007.44 0.0517655 -0.0179687 0.115524
OUTPUT3: 2007.44 0.0521004 -0.0176922 0.115938
OUTPUT3: 2007.44 0.0521016 -0.0176912 0.11594
OUTPUT3: 2007.44 0.0521693 -0.017638 0.116025
OUTPUT3: 2007.44 0.0523188 -0.0175239 0.116216
OUTPUT3: 2007.44 0.052321 -0.0175223 0.116219
OUTPUT3: 2007.44 0.0541923 -0.0153987 0.118912
OUTPUT3: 2007.44 0.0541925 -0.0153976 0.118912
OUTPUT3: 2007.44 0.054243 -0.0151916 0.118931
OUTPUT3: 2007.44 0.0542433 -0.0151906 0.118931
OUTPUT3: 2007.44 0.0542897 -0.0150096 0.118948
OUTPUT3: 2007.45 0.0553192 -0.0125565 0.119844
OUTPUT3: 2007.45 0.0521418 -0.0179477 0.117437
OUTPUT3: 2007.45 0.0521418 -0.0179476 0.117437
OUTPUT3: 2007.45 0.0520631 -0.017911 0.11731
OUTPUT3: 2007.45 0.0519567 -0.0178565 0.117136
OUTPUT3: 2007.45 0.0519127 -0.0178337 0.117064
OUTPUT3: 2007.45 0.0390359 -0.0304448 0.10311
OUTPUT3: 2007.45 0.0380837 -0.0317253 0.102216
OUTPUT3: 2007.45 0.0241131 -0.0499764 0.0907706
OUTPUT3: 2007.45 0.0245543 -0.0492218 0.0909457
OUTPUT3: 2007.46 0.0451968 -0.0226155 0.109132
OUTPUT3: 2007.46 0.0662238 -0.00158487 0.131096
OUTPUT3: 2007.46 0.0665701 -0.00120753 0.13143
OUTPUT3: 2007.46 0.0667854 -0.000967248 0.131634
OUTPUT3: 2007.46 0.0669674 -0.000759295 0.131802
OUTPUT3: 2007.46 0.0671241 -0.000574841 0.131943
OUTPUT3: 2007.46 0.0672529 -0.000417365 0.132053
OUTPUT3: 2007.46 0.0673543 -0.000286261 0.132135
OUTPUT3: 2007.46 0.0674201 -0.000193797 0.132181
OUTPUT3: 2007.46 0.0560564 -0.0140047 0.120736
OUTPUT3: 2007.47 0.066123 -0.00370948 0.131054
OUTPUT3: 2007.47 0.0866616 0.0179118 0.151541
OUTPUT3: 2007.48 0.0862094 0.0206814 0.149618
OUTPUT3: 2007.48 0.0833355 0.017157 0.146926
OUTPUT3: 2007.48 0.0817386 0.0151656 0.145432
OUTPUT3: 2007.48 0.0812293 0.0145285 0.144955
OUTPUT3: 2007.48 0.0773066 0.00961375 0.141275
OUTPUT3: 2007.48 0.0700343 0.000633092 0.134371
OUTPUT3: 2007.48 0.0691233 -0.000464494 0.133494
OUTPUT3: 2007.48 0.0678465 -0.00198646 0.132258
OUTPUT3: 2007.48 0.0676202 -0.00225391 0.132038
OUTPUT3: 2007.48 0.0676201 -0.00225396 0.132038
OUTPUT3: 2007.48 0.0669981 -0.00298499 0.131431
OUTPUT3: 2007.48 0.0662061 -0.00390626 0.130656
OUTPUT3: 2007.48 0.0652482 -0.00500346 0.129711
OUTPUT3: 2007.48 0.0629295 -0.0075521 0.127384
OUTPUT3: 2007.48 0.0611687 -0.00931184 0.125552
OUTPUT3: 2007.48 0.0589755 -0.00902233 0.122386
OUTPUT3: 2007.48 0.0595079 -0.00706717 0.122455
OUTPUT3: 2007.48 0.059513 -0.00702464 0.122448
OUTPUT3: 2007.48 0.0595174 -0.00697321 0.122437
OUTPUT3: 2007.48 0.0595162 -0.0068641 0.1224
OUTPUT3: 2007.48 0.0594239 -0.00672548 0.122233
OUTPUT3: 2007.48 0.0593153 -0.00674365 0.122094
OUTPUT3: 2007.48 0.059315 -0.00674374 0.122094
OUTPUT3: 2007.48 0.0589811 -0.00697199 0.121722
OUTPUT3: 2007.48 0.0585287 -0.00740443 0.121257
OUTPUT3: 2007.48 0.0584554 -0.00748041 0.121183
OUTPUT3: 2007.48 0.058455 -0.00748086 0.121183
OUTPUT3: 2007.48 0.0573111 -0.00876371 0.120065
OUTPUT3: 2007.5 0.0157244 -0.0524513 0.0781287
OUTPUT3: 2007.5 0.0258155 -0.0436818 0.0891494
OUTPUT3: 2007.5 0.0303438 -0.0368841 0.09299
OUTPUT3: 2007.5 0.0379204 -0.0310642 0.101889
OUTPUT3: 2007.5 0.0384706 -0.0303222 0.102407
OUTPUT3: 2007.5 0.039328 -0.0291386 0.103203
OUTPUT3: 2007.51 0.0326633 -0.0375413 0.0970931
OUTPUT3: 2007.52 0.0631687 -0.00274836 0.125535
OUTPUT3: 2007.52 0.0583821 -0.00497236 0.119077
OUTPUT3: 2007.52 0.0552158 -0.0092436 0.116083
OUTPUT3: 2007.53 0.0434858 -0.0226814 0.103991
OUTPUT3: 2007.53 0.0486619 -0.0152626 0.10857
OUTPUT3: 2007.53 0.0490596 -0.0147072 0.108927
OUTPUT3: 2007.53 0.0515348 -0.0112919 0.111167
OUTPUT3: 2007.53 0.0525516 -0.00991088 0.112095
OUTPUT3: 2007.53 0.0528903 -0.00945392 0.112406
OUTPUT3: 2007.53 0.0547441 -0.00698537 0.114413
OUTPUT3: 2007.53 0.0561089 -0.00521429 0.115922
OUTPUT3: 2007.53 0.0578268 -0.00310551 0.117747
OUTPUT3: 2007.53 0.0579111 -0.00301073 0.117831
OUTPUT3: 2007.53 0.0583574 -0.00258086 0.118226
OUTPUT3: 2007.53 0.0583633 -0.00271436 0.118133
OUTPUT3: 2007.53 0.0504834 -0.013762 0.110335
OUTPUT3: 2007.53 0.0504247 -0.0138377 0.110279
OUTPUT3: 2007.53 0.0492491 -0.0153388 0.109148
OUTPUT3: 2007.53 0.0469753 -0.0181604 0.106931
OUTPUT3: 2007.53 0.0469045 -0.0182463 0.106861
OUTPUT3: 2007.53 0.0447962 -0.0207437 0.104763
OUTPUT3: 2007.53 0.0447694 -0.0207746 0.104736
OUTPUT3: 2007.53 0.0433723 -0.0223455 0.103316
OUTPUT3: 2007.53 0.0398462 -0.0255983 0.0994832
OUTPUT3: 2007.53 0.0395385 -0.0256527 0.0990716
OUTPUT3: 2007.53 0.0394283 -0.0254027 0.0988361
OUTPUT3: 2007.53 0.0394283 -0.0254014 0.0988356
OUTPUT3: 2007.53 0.0420751 -0.0211643 0.101277
OUTPUT3: 2007.53 0.0424173 -0.0208775 0.101705
OUTPUT3: 2007.53 0.0424174 -0.0208774 0.101705
OUTPUT3: 2007.53 0.0426048 -0.0207672 0.101963
OUTPUT3: 2007.53 0.0426056 -0.0207669 0.101964
OUTPUT3: 2007.53 0.0426996 -0.0207325 0.102104
OUTPUT3: 2007.53 0.0429127 -0.0207608 0.102477
OUTPUT3: 2007.54 0.042928 -0.0229282 0.103629
OUTPUT3: 2007.54 0.0430291 -0.0229135 0.103786
OUTPUT3: 2007.54 0.0431732 -0.0228213 0.103974
OUTPUT3: 2007.54 0.0432142 -0.022788 0.104024
OUTPUT3: 2007.54 0.0432142 -0.022788 0.104024
OUTPUT3: 2007.54 0.043425 -0.0225906 0.104266
OUTPUT3: 2007.54 0.0436991 -0.0222971 0.104561
OUTPUT3: 2007.54 0.0441421 -0.0217817 0.105017
OUTPUT3: 2007.54 0.0446064 -0.0212147 0.10548
OUTPUT3: 2007.54 0.0446295 -0.0211861 0.105502
OUTPUT3: 2007.54 0.04463 -0.0211854 0.105503
OUTPUT3: 2007.54 0.0452625 -0.0203914 0.106121
OUTPUT3: 2007.54 0.0457523 -0.0197683 0.106596
OUTPUT3: 2007.54 0.0457553 -0.0197645 0.106598
OUTPUT3: 2007.54 0.0586042 -0.00389814 0.119141
OUTPUT3: 2007.54 0.0593808 -0.00300864 0.11995
OUTPUT3: 2007.54 0.0604438 -0.0018079 0.121128
OUTPUT3: 2007.54 0.0606217 -0.00160885 0.121325
OUTPUT3: 2007.54 0.0606227 -0.00160779 0.121326
OUTPUT3: 2007.54 0.0616053 -0.00051943 0.122411
OUTPUT3: 2007.54 0.0616059 -0.000518665 0.122412
OUTPUT3: 2007.54 0.0649646 0.00304754 0.126095
OUTPUT3: 2007.54 0.0650203 0.00310433 0.126156
OUTPUT3: 2007.54 0.0655624 0.00365303 0.126746
OUTPUT3: 2007.54 0.0656722 0.00376319 0.126866
OUTPUT3: 2007.54 0.0656878 0.00377878 0.126883
OUTPUT3: 2007.54 0.0664302 0.00451315 0.12769
OUTPUT3: 2007.54 0.0678679 0.00587993 0.129247
OUTPUT3: 2007.54 0.0665849 0.00325706 0.128454
OUTPUT3: 2007.54 0.04178 -0.0243064 0.10324
OUTPUT3: 2007.55 0.0266974 -0.0398812 0.0889807
OUTPUT3: 2007.55 0.0266863 -0.0400264 0.089047
OUTPUT3: 2007.55 0.0368118 -0.0326453 0.100888
OUTPUT3: 2007.55 0.0379733 -0.0312767 0.10202
OUTPUT3: 2007.56 0.0400145 -0.0271628 0.10325
OUTPUT3: 2007.56 0.037828 -0.0299684 0.101191
OUTPUT3: 2007.56 0.0358708 -0.0325858 0.0993932
OUTPUT3: 2007.56 0.0344139 -0.0357217 0.098717
OUTPUT3: 2007.56 0.0491388 -0.0169212 0.113162
OUTPUT3: 2007.56 0.0492737 -0.0168047 0.113326
OUTPUT3: 2007.56 0.0493801 -0.0167184 0.113457
OUTPUT3: 2007.56 0.0556637 -0.0101314 0.120354
OUTPUT3: 2007.56 0.0559072 -0.00978653 0.120576
OUTPUT3: 2007.57 0.0292234 -0.0400694 0.0939563
OUTPUT3: 2007.57 0.0293857 -0.0396662 0.0940425
OUTPUT3: 2007.57 0.0303376 -0.0349897 0.0941732
OUTPUT3: 2007.57 0.0290866 -0.0364688 0.0928151
OUTPUT3: 2007.57 0.0260935 -0.0401602 0.0897544
OUTPUT3: 2007.57 0.0231747 -0.0438477 0.0870096
OUTPUT3: 2007.57 0.00888184 -0.0620867 0.0736373
OUTPUT3: 2007.57 0.0050682 -0.0668581 0.0707754
OUTPUT3: 2007.57 0.00354832 -0.0687238 0.0696209
OUTPUT3: 2007.57 0.000992246 -0.0717673 0.0676018
OUTPUT3: 2007.57 -0.00118335 -0.07399 0.0655751
OUTPUT3: 2007.57 -0.00116339 -0.0735904 0.065271
OUTPUT3: 2007.57 -0.00108907 -0.0734375 0.0652746
OUTPUT3: 2007.58 -0.000215438 -0.0719499 0.0655784
OUTPUT3: 2007.58 -0.000109316 -0.0717824 0.0656264
OUTPUT3: 2007.58 0.0261267 -0.038093 0.0914075
OUTPUT3: 2007.58 0.010002 -0.0614816 0.0755571
OUTPUT3: 2007.58 0.00883921 -0.0628154 0.0743839
OUTPUT3: 2007.58 0.00236848 -0.0678042 0.0670717
OUTPUT3: 2007.59 0.00342083 -0.067051 0.0686633
OUTPUT3: 2007.59 -0.000836674 -0.0709861 0.063876
OUTPUT3: 2007.59 -0.000951944 -0.0713251 0.0638296
OUTPUT3: 2007.59 -0.00103217 -0.07164 0.0638253
OUTPUT3: 2007.59 -0.001079 -0.071936 0.0639794
OUTPUT3: 2007.59 -0.00108932 -0.0722053 0.0641794
OUTPUT3: 2007.59 -0.00107052 -0.0723889 0.0643601
OUTPUT3: 2007.59 0.0226574 -0.0474403 0.088112
OUTPUT3: 2007.6 0.0446072 -0.0248393 0.111657
OUTPUT3: 2007.6 0.0447927 -0.0218715 0.112152
OUTPUT3: 2007.6 0.0440646 -0.0228583 0.111311
OUTPUT3: 2007.6 0.041079 -0.0310876 0.10889
OUTPUT3: 2007.6 0.0417989 -0.0302263 0.109561
OUTPUT3: 2007.61 0.0482767 -0.0216036 0.114929
OUTPUT3: 2007.61 0.0501782 -0.0226547 0.117548
OUTPUT3: 2007.61 0.0507373 -0.0220211 0.11809
OUTPUT3: 2007.61 0.0510188 -0.0216985 0.118362
OUTPUT3: 2007.61 0.0515175 -0.0211217 0.118842
OUTPUT3: 2007.61 0.0656442 -0.003571 0.131997
OUTPUT3: 2007.61 0.0654657 -0.00382122 0.131827
OUTPUT3: 2007.61 0.0650674 -0.00436569 0.131452
OUTPUT3: 2007.61 0.0647056 -0.00485488 0.131113
OUTPUT3: 2007.61 0.0642469 -0.00547164 0.130684
OUTPUT3: 2007.61 0.0592334 -0.0120576 0.12597
OUTPUT3: 2007.61 0.0592333 -0.0120578 0.12597
OUTPUT3: 2007.61 0.0574117 -0.0143347 0.124207
OUTPUT3: 2007.61 0.0568554 -0.0149807 0.123644
OUTPUT3: 2007.61 0.0566373 -0.0152064 0.123409
OUTPUT3: 2007.61 0.0566373 -0.0152064 0.123409
OUTPUT3: 2007.61 0.05652 -0.0152337 0.123232
OUTPUT3: 2007.61 0.05652 -0.0152335 0.123232
OUTPUT3: 2007.61 0.0567749 -0.0147725 0.123399
OUTPUT3: 2007.61 0.0569944 -0.0144306 0.123573
OUTPUT3: 2007.61 0.0573025 -0.013971 0.123826
OUTPUT3: 2007.61 0.0641975 -0.00523174 0.130117
OUTPUT3: 2007.61 0.0647073 -0.0047333 0.130628
OUTPUT3: 2007.61 0.0647479 -0.00469578 0.130669
OUTPUT3: 2007.62 0.0651579 -0.00433985 0.131093
OUTPUT3: 2007.62 0.0651854 -0.00431774 0.131122
OUTPUT3: 2007.62 0.0655728 -0.00403806 0.131539
OUTPUT3: 2007.62 0.0664628 -0.003936 0.132656
OUTPUT3: 2007.62 0.0665122 -0.0040004 0.132739
OUTPUT3: 2007.62 0.0665731 -0.00411626 0.132852
OUTPUT3: 2007.62 0.0667378 -0.00500101 0.13333
OUTPUT3: 2007.62 0.0716533 -0.00273723 0.139975
OUTPUT3: 2007.62 0.0716565 -0.00273387 0.139978
OUTPUT3: 2007.62 0.0729379 -0.00131995 0.141125
OUTPUT3: 2007.62 0.0742771 0.000210328 0.142274
OUTPUT3: 2007.62 0.0758534 0.00205836 0.143582
OUTPUT3: 2007.62 0.0774829 0.00400606 0.144983
OUTPUT3: 2007.62 0.079165 0.00604455 0.146606
OUTPUT3: 2007.62 0.0799765 0.00703575 0.147389
OUTPUT3: 2007.62 0.080945 0.00822394 0.148322
OUTPUT3: 2007.62 0.0828234 0.0105414 0.150129
OUTPUT3: 2007.62 0.084787 0.0129771 0.152014
OUTPUT3: 2007.62 0.0868193 0.0155072 0.153962
OUTPUT3: 2007.62 0.114716 0.0481892 0.182761
OUTPUT3: 2007.63 0.117783 0.0492273 0.185186
OUTPUT3: 2007.63 0.11845 0.0488371 0.186098
OUTPUT3: 2007.63 0.120766 0.0514832 0.188436
OUTPUT3: 2007.63 0.134863 0.0654834 0.203466
OUTPUT3: 2007.63 0.134323 0.0648521 0.202924
OUTPUT3: 2007.64 0.133585 0.0640241 0.202176
OUTPUT3: 2007.64 0.107701 0.0354166 0.175877
OUTPUT3: 2007.64 0.106508 0.0339631 0.174728
OUTPUT3: 2007.64 0.105199 0.0323392 0.173481
OUTPUT3: 2007.64 0.105319 0.0312949 0.174329
OUTPUT3: 2007.64 0.106174 0.0324122 0.175136
OUTPUT3: 2007.64 0.106531 0.0328845 0.175472
OUTPUT3: 2007.64 0.107545 0.0342351 0.176416
OUTPUT3: 2007.65 0.121092 0.0459965 0.190481
OUTPUT3: 2007.65 0.12243 0.0475935 0.191754
OUTPUT3: 2007.65 0.123151 0.0484786 0.192432
OUTPUT3: 2007.65 0.123151 0.0484786 0.192432
OUTPUT3: 2007.65 0.135055 0.064255 0.20294
OUTPUT3: 2007.65 0.134944 0.0640575 0.202844
OUTPUT3: 2007.65 0.132301 0.0563271 0.201923
OUTPUT3: 2007.65 0.140822 0.0689903 0.209295
OUTPUT3: 2007.65 0.139892 0.0676819 0.208592
OUTPUT3: 2007.66 0.139298 0.0666041 0.208226
OUTPUT3: 2007.66 0.139463 0.0659323 0.208833
OUTPUT3: 2007.66 0.139795 0.066171 0.209234
OUTPUT3: 2007.66 0.14136 0.0676636 0.210944
OUTPUT3: 2007.66 0.143164 0.0696232 0.212799
OUTPUT3: 2007.66 0.148629 0.0760327 0.218191
OUTPUT3: 2007.66 0.162874 0.0935528 0.231868
OUTPUT3: 2007.66 0.136765 0.0619096 0.205793
OUTPUT3: 2007.67 0.134263 0.0610807 0.202188
OUTPUT3: 2007.67 0.133853 0.060358 0.201882
OUTPUT3: 2007.67 0.13085 0.0558666 0.199659
OUTPUT3: 2007.67 0.131394 0.0567492 0.200133
OUTPUT3: 2007.67 0.148217 0.0802665 0.216586
OUTPUT3: 2007.68 0.143212 0.0739805 0.210569
OUTPUT3: 2007.68 0.130614 0.0578008 0.199036
OUTPUT3: 2007.68 0.131939 0.0607585 0.199468
OUTPUT3: 2007.68 0.131859 0.0606369 0.199375
OUTPUT3: 2007.68 0.131844 0.0606171 0.199358
OUTPUT3: 2007.68 0.131749 0.0604981 0.199247
OUTPUT3: 2007.69 0.125535 0.0537327 0.192318
OUTPUT3: 2007.69 0.152981 0.0851628 0.219909
OUTPUT3: 2007.69 0.152981 0.0851628 0.219909
OUTPUT3: 2007.69 0.148121 0.0788666 0.215017
OUTPUT3: 2007.69 0.143621 0.0722663 0.211011
OUTPUT3: 2007.69 0.142706 0.0706236 0.210299
OUTPUT3: 2007.69 0.142537 0.0699958 0.210271
OUTPUT3: 2007.69 0.14285 0.0700677 0.210673
OUTPUT3: 2007.69 0.144561 0.0717146 0.212462
OUTPUT3: 2007.7 0.167859 0.100685 0.234615
OUTPUT3: 2007.7 0.167426 0.100003 0.234049
OUTPUT3: 2007.7 0.16685 0.0991202 0.233317
OUTPUT3: 2007.7 0.160885 0.0902725 0.227873
OUTPUT3: 2007.7 0.160884 0.0902713 0.227872
OUTPUT3: 2007.7 0.159471 0.0882081 0.226588
OUTPUT3: 2007.7 0.159468 0.0882041 0.226585
OUTPUT3: 2007.7 0.157638 0.085549 0.224915
OUTPUT3: 2007.7 0.156838 0.0843983 0.22418
OUTPUT3: 2007.7 0.156834 0.0843931 0.224177
OUTPUT3: 2007.7 0.154537 0.0816463 0.221792
OUTPUT3: 2007.7 0.154541 0.0816535 0.221795
OUTPUT3: 2007.7 0.154874 0.0822425 0.222048
OUTPUT3: 2007.7 0.154876 0.0822463 0.22205
OUTPUT3: 2007.7 0.158567 0.0886858 0.224965
OUTPUT3: 2007.7 0.160129 0.0924448 0.225935
OUTPUT3: 2007.7 0.160118 0.0924398 0.225921
OUTPUT3: 2007.7 0.160117 0.0924394 0.22592
OUTPUT3: 2007.7 0.159871 0.0922725 0.225666
OUTPUT3: 2007.7 0.159869 0.0922707 0.225664
OUTPUT3: 2007.7 0.159618 0.0920462 0.225419
OUTPUT3: 2007.7 0.159617 0.0920454 0.225418
OUTPUT3: 2007.71 0.14979 0.0798423 0.216036
OUTPUT3: 2007.71 0.149018 0.0788424 0.215302
OUTPUT3: 2007.71 0.148284 0.0778953 0.214601
OUTPUT3: 2007.71 0.147608 0.0770257 0.21395
OUTPUT3: 2007.71 0.146995 0.0762432 0.213356
OUTPUT3: 2007.71 0.146611 0.0757571 0.212982
OUTPUT3: 2007.71 0.146085 0.0750969 0.212461
OUTPUT3: 2007.71 0.146082 0.0750934 0.212458
OUTPUT3: 2007.71 0.145912 0.0748824 0.212288
OUTPUT3: 2007.71 0.145742 0.0746736 0.212117
OUTPUT3: 2007.71 0.145662 0.0745749 0.212036
OUTPUT3: 2007.71 0.145199 0.0740208 0.211557
OUTPUT3: 2007.71 0.145198 0.0740201 0.211556
OUTPUT3: 2007.71 0.14496 0.0737481 0.211299
OUTPUT3: 2007.71 0.14495 0.0737375 0.211288
OUTPUT3: 2007.71 0.144767 0.0735435 0.211079
OUTPUT3: 2007.71 0.144645 0.0734332 0.210926
OUTPUT3: 2007.71 0.144645 0.0734332 0.210925
OUTPUT3: 2007.71 0.144581 0.0733974 0.210827
OUTPUT3: 2007.71 0.144581 0.0733973 0.210826
OUTPUT3: 2007.71 0.143176 0.0690274 0.211182
OUTPUT3: 2007.71 0.144244 0.0703388 0.21201
OUTPUT3: 2007.71 0.146756 0.0734521 0.213919
OUTPUT3: 2007.72 0.174466 0.103843 0.242558
OUTPUT3: 2007.72 0.14346 0.0689109 0.211333
OUTPUT3: 2007.73 0.151196 0.0822933 0.217261
OUTPUT3: 2007.73 0.155362 0.08547 0.222087
OUTPUT3: 2007.73 0.155349 0.0853911 0.222099
OUTPUT3: 2007.73 0.147562 0.0782188 0.213865
OUTPUT3: 2007.73 0.140113 0.0693147 0.207069
OUTPUT3: 2007.74 0.130115 0.0599684 0.19663
OUTPUT3: 2007.74 0.125448 0.0589673 0.191301
OUTPUT3: 2007.74 0.119545 0.0522102 0.184814
OUTPUT3: 2007.74 0.0803423 0.00493558 0.149204
OUTPUT3: 2007.74 0.0801022 0.00484221 0.14881
OUTPUT3: 2007.74 0.0801022 0.00484221 0.14881
OUTPUT3: 2007.75 0.0846089 0.0149815 0.148322
OUTPUT3: 2007.75 0.0842783 0.0146744 0.147976
OUTPUT3: 2007.75 0.0831937 0.0134576 0.146908
OUTPUT3: 2007.75 0.0829276 0.013137 0.146653
OUTPUT3: 2007.75 0.082882 0.0130814 0.14661
OUTPUT3: 2007.75 0.082882 0.0130814 0.146609
OUTPUT3: 2007.75 0.082882 0.0130814 0.146609
OUTPUT3: 2007.75 0.082882 0.0130814 0.14661
OUTPUT3: 2007.75 0.082882 0.0130814 0.14661
OUTPUT3: 2007.75 0.082882 0.0130814 0.14661
OUTPUT3: 2007.75 0.082882 0.0130814 0.14661
OUTPUT3: 2007.75 0.082882 0.0130814 0.14661
OUTPUT3: 2007.75 0.082882 0.0130814 0.14661
OUTPUT3: 2007.75 0.082882 0.0130814 0.14661
OUTPUT3: 2007.75 0.082882 0.0130814 0.14661
OUTPUT3: 2007.75 0.082882 0.0130814 0.14661
OUTPUT3: 2007.75 0.082882 0.0130814 0.14661
OUTPUT3: 2007.75 0.082882 0.0130814 0.14661
OUTPUT3: 2007.75 0.082882 0.0130814 0.14661
OUTPUT3: 2007.75 0.082882 0.0130814 0.14661
OUTPUT3: 2007.75 0.0822843 0.0123421 0.146044
OUTPUT3: 2007.75 0.082078 0.0120825 0.14585
OUTPUT3: 2007.75 0.0819211 0.0118838 0.145703
OUTPUT3: 2007.75 0.0793969 0.0085759 0.143868
OUTPUT3: 2007.75 0.0745452 0.00177556 0.140887
OUTPUT3: 2007.75 0.0739135 0.000800985 0.140574
OUTPUT3: 2007.75 0.0735499 5.05708e-05 0.14055
OUTPUT3: 2007.75 0.0750145 0.00160319 0.141857
OUTPUT3: 2007.75 0.0758663 0.00262294 0.142521
OUTPUT3: 2007.75 0.076114 0.00292344 0.142711
OUTPUT3: 2007.75 0.0768096 0.00377361 0.143238
OUTPUT3: 2007.75 0.0768096 0.00377361 0.143238
OUTPUT3: 2007.75 0.0768096 0.00377361 0.143238
OUTPUT3: 2007.75 0.0768096 0.00377361 0.143238
OUTPUT3: 2007.75 0.0768096 0.00377361 0.143238
OUTPUT3: 2007.75 0.0768096 0.00377361 0.143238
OUTPUT3: 2007.75 0.0768096 0.00377361 0.143238
OUTPUT3: 2007.75 0.0768096 0.00377361 0.143238
OUTPUT3: 2007.75 0.0768096 0.00377361 0.143238
OUTPUT3: 2007.75 0.0768096 0.00377361 0.143238
OUTPUT3: 2007.75 0.0768096 0.00377361 0.143238
OUTPUT3: 2007.75 0.0768096 0.00377361 0.143238
OUTPUT3: 2007.75 0.0796311 0.00727565 0.145334
OUTPUT3: 2007.75 0.0796311 0.00727565 0.145334
OUTPUT3: 2007.75 0.0796311 0.00727565 0.145334
OUTPUT3: 2007.75 0.0796311 0.00727565 0.145334
OUTPUT3: 2007.75 0.0796311 0.00727565 0.145334
OUTPUT3: 2007.75 0.0796311 0.00727565 0.145334
OUTPUT3: 2007.75 0.0796311 0.00727565 0.145334
OUTPUT3: 2007.75 0.0796311 0.00727565 0.145334
OUTPUT3: 2007.75 0.0796311 0.00727565 0.145334
OUTPUT3: 2007.75 0.0796311 0.00727565 0.145334
OUTPUT3: 2007.75 0.0796311 0.00727565 0.145334
OUTPUT3: 2007.75 0.0796311 0.00727565 0.145334
OUTPUT3: 2007.75 0.0796311 0.00727565 0.145334
OUTPUT3: 2007.75 0.0796311 0.00727565 0.145334
OUTPUT3: 2007.75 0.0796311 0.00727565 0.145334
OUTPUT3: 2007.75 0.0796311 0.00727565 0.145334
OUTPUT3: 2007.75 0.0905483 0.0209926 0.154653
OUTPUT3: 2007.75 0.0917454 0.0224889 0.155795
OUTPUT3: 2007.75 0.0962198 0.0280353 0.160078
OUTPUT3: 2007.75 0.0988827 0.0312837 0.162643
OUTPUT3: 2007.75 0.100479 0.0332015 0.16419
OUTPUT3: 2007.75 0.10476 0.0381428 0.1684
OUTPUT3: 2007.75 0.105153 0.0385702 0.168795
OUTPUT3: 2007.75 0.105756 0.0392075 0.169405
OUTPUT3: 2007.75 0.106869 0.0402962 0.170559
OUTPUT3: 2007.75 0.104775 0.0349532 0.169296
OUTPUT3: 2007.75 0.104534 0.0345778 0.169081
OUTPUT3: 2007.75 0.104224 0.0341011 0.168803
OUTPUT3: 2007.75 0.103791 0.0334426 0.168412
OUTPUT3: 2007.75 0.10342 0.0328839 0.168074
OUTPUT3: 2007.75 0.102813 0.0319843 0.167515
OUTPUT3: 2007.75 0.102385 0.031359 0.167116
OUTPUT3: 2007.76 0.101636 0.0302852 0.166408
OUTPUT3: 2007.76 0.101602 0.0302367 0.166375
OUTPUT3: 2007.76 0.101204 0.0296791 0.16599
OUTPUT3: 2007.76 0.101175 0.0296386 0.165962
OUTPUT3: 2007.76 0.100831 0.0291669 0.165623
OUTPUT3: 2007.76 0.109181 0.0378965 0.174194
OUTPUT3: 2007.76 0.114603 0.0436103 0.179884
OUTPUT3: 2007.76 0.130765 0.0635158 0.195077
OUTPUT3: 2007.77 0.121996 0.0525315 0.185947
OUTPUT3: 2007.77 0.122506 0.053307 0.18638
OUTPUT3: 2007.77 0.123071 0.0541297 0.186876
OUTPUT3: 2007.77 0.123756 0.0550712 0.1875
OUTPUT3: 2007.77 0.124351 0.0558338 0.188066
OUTPUT3: 2007.77 0.124808 0.0563768 0.188519
OUTPUT3: 2007.77 0.125582 0.0571698 0.189345
OUTPUT3: 2007.77 0.125686 0.0572565 0.189464
OUTPUT3: 2007.77 0.125872 0.0573924 0.189687
OUTPUT3: 2007.77 0.12596 0.0574446 0.189798
OUTPUT3: 2007.77 0.123444 0.0512539 0.18886
OUTPUT3: 2007.77 0.122815 0.0502866 0.188364
OUTPUT3: 2007.77 0.122107 0.0492517 0.187785
OUTPUT3: 2007.77 0.121306 0.0481422 0.187105
OUTPUT3: 2007.77 0.120442 0.0470178 0.186347
OUTPUT3: 2007.77 0.119744 0.0461618 0.185713
OUTPUT3: 2007.77 0.113213 0.0425343 0.178412
OUTPUT3: 2007.77 0.113191 0.0427716 0.178325
OUTPUT3: 2007.77 0.113207 0.0431089 0.178262
OUTPUT3: 2007.77 0.113352 0.0437686 0.178294
OUTPUT3: 2007.78 0.116619 0.045899 0.181915
OUTPUT3: 2007.78 0.115426 0.0446765 0.180598
OUTPUT3: 2007.78 0.113192 0.042212 0.178228
OUTPUT3: 2007.78 0.112922 0.0418998 0.177948
OUTPUT3: 2007.78 0.111681 0.040431 0.176684
OUTPUT3: 2007.78 0.111187 0.0398298 0.176188
OUTPUT3: 2007.78 0.107449 0.0349717 0.172836
OUTPUT3: 2007.78 0.105421 0.032047 0.171604
OUTPUT3: 2007.78 0.105063 0.0314911 0.171407
OUTPUT3: 2007.78 0.104876 0.0311909 0.171308
OUTPUT3: 2007.78 0.104425 0.030354 0.171111
OUTPUT3: 2007.78 0.10479 0.0307451 0.17135
OUTPUT3: 2007.78 0.105334 0.031521 0.171633
OUTPUT3: 2007.78 0.105339 0.0315289 0.171636
OUTPUT3: 2007.78 0.107082 0.0343267 0.172522
OUTPUT3: 2007.78 0.107781 0.0355653 0.173099
OUTPUT3: 2007.78 0.107781 0.0355655 0.173099
OUTPUT3: 2007.78 0.108028 0.0360271 0.173298
OUTPUT3: 2007.78 0.108028 0.0360273 0.173298
OUTPUT3: 2007.78 0.108805 0.037736 0.173905
OUTPUT3: 2007.79 0.10862 0.0374513 0.173863
OUTPUT3: 2007.79 0.108565 0.0372913 0.173872
OUTPUT3: 2007.79 0.116441 0.044096 0.183022
OUTPUT3: 2007.79 0.127093 0.057465 0.193282
OUTPUT3: 2007.8 0.122912 0.046934 0.191296
OUTPUT3: 2007.8 0.121272 0.0449181 0.189829
OUTPUT3: 2007.8 0.121316 0.0439838 0.19078
OUTPUT3: 2007.8 0.121095 0.0437001 0.19063
OUTPUT3: 2007.8 0.120563 0.0430388 0.190253
OUTPUT3: 2007.81 0.12674 0.0510849 0.195259
OUTPUT3: 2007.81 0.125404 0.0498565 0.193859
OUTPUT3: 2007.81 0.115557 0.0421137 0.182823
OUTPUT3: 2007.82 0.103644 0.0245708 0.17453
OUTPUT3: 2007.82 0.103608 0.0245021 0.174523
OUTPUT3: 2007.82 0.120484 0.0471035 0.188038
OUTPUT3: 2007.82 0.121526 0.0482952 0.189077
OUTPUT3: 2007.82 0.122756 0.0496575 0.190321
OUTPUT3: 2007.82 0.122756 0.0496575 0.190321
OUTPUT3: 2007.82 0.133702 0.0574207 0.203258
OUTPUT3: 2007.82 0.1338 0.0574271 0.203415
OUTPUT3: 2007.82 0.133901 0.0574548 0.203574
OUTPUT3: 2007.82 0.133901 0.0574548 0.203574
OUTPUT3: 2007.82 0.133901 0.0574548 0.203574
OUTPUT3: 2007.82 0.133901 0.0574548 0.203574
OUTPUT3: 2007.82 0.133901 0.0574548 0.203574
OUTPUT3: 2007.82 0.133901 0.0574548 0.203574
OUTPUT3: 2007.82 0.133901 0.0574548 0.203573
OUTPUT3: 2007.82 0.133901 0.0574548 0.203573
OUTPUT3: 2007.82 0.133901 0.0574548 0.203574
OUTPUT3: 2007.82 0.133901 0.0574548 0.203574
OUTPUT3: 2007.82 0.133901 0.0574548 0.203574
OUTPUT3: 2007.82 0.133901 0.0574548 0.203574
OUTPUT3: 2007.82 0.133961 0.0574923 0.203663
OUTPUT3: 2007.82 0.133999 0.0575309 0.203717
OUTPUT3: 2007.82 0.133999 0.0575309 0.203717
OUTPUT3: 2007.82 0.133999 0.0575309 0.203717
OUTPUT3: 2007.82 0.133999 0.0575309 0.203717
OUTPUT3: 2007.82 0.133999 0.0575309 0.203717
OUTPUT3: 2007.82 0.133999 0.0575309 0.203717
OUTPUT3: 2007.82 0.133999 0.0575309 0.203717
OUTPUT3: 2007.82 0.133999 0.0575309 0.203717
OUTPUT3: 2007.82 0.133999 0.0575309 0.203717
OUTPUT3: 2007.82 0.133999 0.0575309 0.203717
OUTPUT3: 2007.82 0.133999 0.0575309 0.203717
OUTPUT3: 2007.82 0.133999 0.0575309 0.203717
OUTPUT3: 2007.82 0.133999 0.0575309 0.203717
OUTPUT3: 2007.82 0.133999 0.0575309 0.203717
OUTPUT3: 2007.82 0.133999 0.0575309 0.203717
OUTPUT3: 2007.82 0.133999 0.0575309 0.203717
OUTPUT3: 2007.82 0.134062 0.0576413 0.203795
OUTPUT3: 2007.82 0.13408 0.0576892 0.203812
OUTPUT3: 2007.82 0.134063 0.0603967 0.203011
OUTPUT3: 2007.82 0.134041 0.0604663 0.202958
OUTPUT3: 2007.82 0.133583 0.0607157 0.202254
OUTPUT3: 2007.82 0.133583 0.0607157 0.202254
OUTPUT3: 2007.82 0.133583 0.0607157 0.202254
OUTPUT3: 2007.82 0.133583 0.0607157 0.202254
OUTPUT3: 2007.82 0.133583 0.0607157 0.202254
OUTPUT3: 2007.82 0.133583 0.0607157 0.202254
OUTPUT3: 2007.82 0.133583 0.0607157 0.202254
OUTPUT3: 2007.82 0.133583 0.0607157 0.202255
OUTPUT3: 2007.82 0.133583 0.0607157 0.202255
OUTPUT3: 2007.82 0.133583 0.0607157 0.202254
OUTPUT3: 2007.82 0.133583 0.0607157 0.202254
OUTPUT3: 2007.82 0.133583 0.0607157 0.202254
OUTPUT3: 2007.82 0.133583 0.0607157 0.202254
OUTPUT3: 2007.82 0.133583 0.0607157 0.202254
OUTPUT3: 2007.82 0.133583 0.0607157 0.202254
OUTPUT3: 2007.82 0.133384 0.0605417 0.202041
OUTPUT3: 2007.82 0.133384 0.0605417 0.202041
OUTPUT3: 2007.82 0.133384 0.0605417 0.202041
OUTPUT3: 2007.82 0.133384 0.0605417 0.202041
OUTPUT3: 2007.82 0.133384 0.0605417 0.202041
OUTPUT3: 2007.82 0.133384 0.0605417 0.202041
OUTPUT3: 2007.82 0.133384 0.0605417 0.202041
OUTPUT3: 2007.82 0.133384 0.0605417 0.202041
OUTPUT3: 2007.82 0.133384 0.0605417 0.202041
OUTPUT3: 2007.82 0.133384 0.0605417 0.202041
OUTPUT3: 2007.82 0.133384 0.0605417 0.202041
OUTPUT3: 2007.82 0.133384 0.0605417 0.202041
OUTPUT3: 2007.82 0.133384 0.0605417 0.202041
OUTPUT3: 2007.82 0.133384 0.0605417 0.202041
OUTPUT3: 2007.82 0.133384 0.0605417 0.202041
OUTPUT3: 2007.82 0.133384 0.0605417 0.202041
OUTPUT3: 2007.83 0.126576 0.0499258 0.195801
OUTPUT3: 2007.84 0.129668 0.0528477 0.198427
OUTPUT3: 2007.84 0.129973 0.0533578 0.198646
OUTPUT3: 2007.84 0.13094 0.0548561 0.199388
OUTPUT3: 2007.84 0.129162 0.0497407 0.200374
OUTPUT3: 2007.84 0.129162 0.0497405 0.200375
OUTPUT3: 2007.84 0.129202 0.0496713 0.200508
OUTPUT3: 2007.84 0.129202 0.0496712 0.200508
OUTPUT3: 2007.84 0.129522 0.0495911 0.201164
OUTPUT3: 2007.84 0.129754 0.0496731 0.201519
OUTPUT3: 2007.85 0.171884 0.0992011 0.240477
OUTPUT3: 2007.85 0.171185 0.0979175 0.239947
OUTPUT3: 2007.85 0.170607 0.0969577 0.239474
OUTPUT3: 2007.85 0.16986 0.0957616 0.238847
OUTPUT3: 2007.85 0.167455 0.09207 0.236774
OUTPUT3: 2007.85 0.166751 0.0910148 0.236157
OUTPUT3: 2007.85 0.162191 0.0843759 0.232071
OUTPUT3: 2007.85 0.161916 0.0840901 0.231733
OUTPUT3: 2007.85 0.161917 0.0840906 0.231733
OUTPUT3: 2007.85 0.162238 0.0845659 0.232009
OUTPUT3: 2007.85 0.162241 0.0845705 0.232012
OUTPUT3: 2007.85 0.16502 0.0885769 0.234468
OUTPUT3: 2007.85 0.165238 0.0888869 0.234663
OUTPUT3: 2007.85 0.168853 0.0939964 0.237935
OUTPUT3: 2007.85 0.168854 0.0939973 0.237936
OUTPUT3: 2007.85 0.172536 0.0991351 0.241332
OUTPUT3: 2007.85 0.175154 0.102757 0.243813
OUTPUT3: 2007.85 0.175494 0.103227 0.244146
OUTPUT3: 2007.85 0.175842 0.103711 0.244497
OUTPUT3: 2007.85 0.170651 0.0972026 0.240021
OUTPUT3: 2007.85 0.163309 0.0881969 0.23319
OUTPUT3: 2007.85 0.161837 0.0864407 0.231794
OUTPUT3: 2007.85 0.159759 0.0839945 0.22981
OUTPUT3: 2007.85 0.156434 0.0801737 0.226599
OUTPUT3: 2007.85 0.150341 0.0735805 0.220558
OUTPUT3: 2007.85 0.149605 0.0728374 0.219809
OUTPUT3: 2007.86 0.144459 0.0698364 0.213914
OUTPUT3: 2007.86 0.142341 0.0665616 0.212321
OUTPUT3: 2007.86 0.119772 0.0437029 0.188395
OUTPUT3: 2007.87 0.119749 0.0455805 0.188358
OUTPUT3: 2007.87 0.120739 0.0468888 0.189302
OUTPUT3: 2007.87 0.128667 0.0522683 0.197968
OUTPUT3: 2007.88 0.135945 0.0591473 0.20519
OUTPUT3: 2007.88 0.135893 0.059142 0.205118
OUTPUT3: 2007.88 0.135659 0.0590412 0.204823
OUTPUT3: 2007.88 0.135078 0.0585286 0.204189
OUTPUT3: 2007.88 0.135078 0.0585286 0.204189
OUTPUT3: 2007.88 0.141443 0.0637625 0.211194
OUTPUT3: 2007.88 0.141813 0.0641585 0.211567
OUTPUT3: 2007.88 0.141813 0.0641586 0.211567
OUTPUT3: 2007.88 0.14354 0.0660329 0.213294
OUTPUT3: 2007.89 0.196202 0.124732 0.265397
OUTPUT3: 2007.89 0.18816 0.115939 0.257107
OUTPUT3: 2007.9 0.176326 0.0993218 0.245858
OUTPUT3: 2007.9 0.173989 0.096232 0.243564
OUTPUT3: 2007.9 0.173989 0.096232 0.243563
OUTPUT3: 2007.9 0.173989 0.096232 0.243564
OUTPUT3: 2007.9 0.173989 0.096232 0.243564
OUTPUT3: 2007.9 0.173989 0.096232 0.243564
OUTPUT3: 2007.9 0.173989 0.096232 0.243563
OUTPUT3: 2007.9 0.173989 0.096232 0.243564
OUTPUT3: 2007.9 0.173989 0.096232 0.243564
OUTPUT3: 2007.9 0.173989 0.096232 0.243564
OUTPUT3: 2007.9 0.173989 0.096232 0.243564
OUTPUT3: 2007.9 0.173989 0.096232 0.243564
OUTPUT3: 2007.9 0.173989 0.096232 0.243564
OUTPUT3: 2007.9 0.173989 0.096232 0.243564
OUTPUT3: 2007.9 0.173989 0.096232 0.243564
OUTPUT3: 2007.9 0.173989 0.096232 0.243564
OUTPUT3: 2007.9 0.173989 0.096232 0.243564
OUTPUT3: 2007.9 0.173301 0.0953588 0.242868
OUTPUT3: 2007.9 0.173301 0.0953588 0.242868
OUTPUT3: 2007.9 0.173301 0.0953588 0.242868
OUTPUT3: 2007.9 0.173301 0.0953588 0.242868
OUTPUT3: 2007.9 0.173301 0.0953588 0.242868
OUTPUT3: 2007.9 0.173301 0.0953588 0.242868
OUTPUT3: 2007.9 0.173301 0.0953588 0.242868
OUTPUT3: 2007.9 0.173301 0.0953588 0.242868
OUTPUT3: 2007.9 0.173301 0.0953588 0.242868
OUTPUT3: 2007.9 0.173301 0.0953588 0.242868
OUTPUT3: 2007.9 0.173301 0.0953588 0.242868
OUTPUT3: 2007.9 0.173301 0.0953588 0.242868
OUTPUT3: 2007.9 0.173301 0.0953588 0.242868
OUTPUT3: 2007.9 0.173301 0.0953588 0.242868
OUTPUT3: 2007.9 0.173301 0.0953588 0.242868
OUTPUT3: 2007.9 0.175962 0.101213 0.243869
OUTPUT3: 2007.9 0.177589 0.103633 0.245259
OUTPUT3: 2007.9 0.177589 0.103633 0.245259
OUTPUT3: 2007.9 0.177589 0.103633 0.245259
OUTPUT3: 2007.9 0.177589 0.103633 0.245259
OUTPUT3: 2007.9 0.177589 0.103633 0.245259
OUTPUT3: 2007.9 0.177589 0.103633 0.245259
OUTPUT3: 2007.9 0.177589 0.103633 0.245259
OUTPUT3: 2007.9 0.177589 0.103633 0.245259
OUTPUT3: 2007.9 0.177589 0.103633 0.245259
OUTPUT3: 2007.9 0.177589 0.103633 0.245259
OUTPUT3: 2007.9 0.177589 0.103633 0.245259
OUTPUT3: 2007.9 0.177589 0.103633 0.245259
OUTPUT3: 2007.9 0.177589 0.103633 0.245259
OUTPUT3: 2007.9 0.177589 0.103633 0.245259
OUTPUT3: 2007.9 0.177589 0.103633 0.245259
OUTPUT3: 2007.9 0.177589 0.103633 0.245259
OUTPUT3: 2007.9 0.177768 0.103895 0.245416
OUTPUT3: 2007.9 0.177768 0.103895 0.245416
OUTPUT3: 2007.9 0.177768 0.103895 0.245416
OUTPUT3: 2007.9 0.177768 0.103895 0.245416
OUTPUT3: 2007.9 0.177768 0.103895 0.245416
OUTPUT3: 2007.9 0.177768 0.103895 0.245416
OUTPUT3: 2007.9 0.177768 0.103895 0.245416
OUTPUT3: 2007.9 0.177768 0.103895 0.245416
OUTPUT3: 2007.9 0.177768 0.103895 0.245416
OUTPUT3: 2007.9 0.177768 0.103895 0.245416
OUTPUT3: 2007.9 0.177768 0.103895 0.245416
OUTPUT3: 2007.9 0.177768 0.103895 0.245416
OUTPUT3: 2007.9 0.177768 0.103895 0.245416
OUTPUT3: 2007.9 0.177768 0.103895 0.245416
OUTPUT3: 2007.9 0.177768 0.103895 0.245416
OUTPUT3: 2007.9 0.177768 0.103895 0.245416
OUTPUT3: 2007.9 0.178327 0.104712 0.245914
OUTPUT3: 2007.9 0.178327 0.104712 0.245914
OUTPUT3: 2007.9 0.178327 0.104712 0.245914
OUTPUT3: 2007.9 0.178327 0.104712 0.245914
OUTPUT3: 2007.9 0.178327 0.104712 0.245914
OUTPUT3: 2007.9 0.178327 0.104712 0.245914
OUTPUT3: 2007.9 0.178327 0.104712 0.245914
OUTPUT3: 2007.9 0.178327 0.104712 0.245914
OUTPUT3: 2007.9 0.178327 0.104712 0.245914
OUTPUT3: 2007.9 0.178327 0.104712 0.245914
OUTPUT3: 2007.9 0.178327 0.104712 0.245914
OUTPUT3: 2007.9 0.178327 0.104712 0.245914
OUTPUT3: 2007.9 0.178327 0.104712 0.245914
OUTPUT3: 2007.9 0.178327 0.104712 0.245914
OUTPUT3: 2007.9 0.178327 0.104712 0.245914
OUTPUT3: 2007.9 0.178327 0.104712 0.245914
OUTPUT3: 2007.91 0.161777 0.0874234 0.22922
OUTPUT3: 2007.91 0.16154 0.087589 0.228707
OUTPUT3: 2007.91 0.162183 0.088348 0.229337
OUTPUT3: 2007.91 0.175352 0.100609 0.24362
OUTPUT3: 2007.92 0.173118 0.102296 0.239808
OUTPUT3: 2007.92 0.149187 0.0735081 0.216289
OUTPUT3: 2007.92 0.146542 0.0700804 0.214413
OUTPUT3: 2007.92 0.140816 0.0625851 0.21039
OUTPUT3: 2007.92 0.138069 0.0589824 0.208448
OUTPUT3: 2007.92 0.13569 0.0559095 0.206718
OUTPUT3: 2007.92 0.13544 0.0555931 0.206529
OUTPUT3: 2007.92 0.134751 0.0547369 0.205996
OUTPUT3: 2007.92 0.135572 0.0573776 0.205202
OUTPUT3: 2007.92 0.136224 0.0584302 0.205494
OUTPUT3: 2007.92 0.136865 0.0594444 0.205798
OUTPUT3: 2007.92 0.140707 0.0651408 0.207922
OUTPUT3: 2007.92 0.140947 0.0654728 0.208073
OUTPUT3: 2007.92 0.142355 0.0673545 0.20901
OUTPUT3: 2007.92 0.145521 0.0710755 0.211794
OUTPUT3: 2007.92 0.146635 0.0721973 0.212992
OUTPUT3: 2007.92 0.147119 0.0726564 0.213523
OUTPUT3: 2007.92 0.14712 0.0726571 0.213524
OUTPUT3: 2007.92 0.147589 0.0730882 0.214044
OUTPUT3: 2007.92 0.14774 0.0732241 0.214212
OUTPUT3: 2007.92 0.150677 0.0757425 0.217535
OUTPUT3: 2007.92 0.150677 0.0757427 0.217535
OUTPUT3: 2007.92 0.151974 0.0768608 0.218997
OUTPUT3: 2007.92 0.153265 0.0780217 0.220431
OUTPUT3: 2007.92 0.153754 0.0784782 0.220969
OUTPUT3: 2007.92 0.153756 0.0784799 0.220971
OUTPUT3: 2007.92 0.154016 0.0787262 0.221255
OUTPUT3: 2007.92 0.155573 0.0802586 0.222931
OUTPUT3: 2007.93 0.159903 0.0850821 0.227377
OUTPUT3: 2007.93 0.161812 0.0875104 0.229227
OUTPUT3: 2007.93 0.162398 0.08831 0.229776
OUTPUT3: 2007.93 0.163257 0.0895669 0.230557
OUTPUT3: 2007.93 0.163562 0.0900632 0.23082
OUTPUT3: 2007.93 0.163086 0.0901283 0.230199
OUTPUT3: 2007.93 0.155893 0.0803964 0.223703
OUTPUT3: 2007.93 0.156223 0.0807632 0.224027
OUTPUT3: 2007.93 0.160793 0.0874086 0.227712
OUTPUT3: 2007.94 0.147166 0.0675926 0.217997
OUTPUT3: 2007.94 0.147663 0.068036 0.218537
OUTPUT3: 2007.94 0.18248 0.110821 0.249301
OUTPUT3: 2007.94 0.176666 0.102762 0.243693
OUTPUT3: 2007.94 0.177443 0.103897 0.244375
OUTPUT3: 2007.96 0.17474 0.0982298 0.242211
OUTPUT3: 2007.96 0.169196 0.0977519 0.23438
OUTPUT3: 2007.96 0.169027 0.0977276 0.234154
OUTPUT3: 2007.96 0.168548 0.0975189 0.233561
OUTPUT3: 2007.96 0.167617 0.0962281 0.232731
OUTPUT3: 2007.96 0.167426 0.0953887 0.232776
OUTPUT3: 2007.96 0.16746 0.0949707 0.232979
OUTPUT3: 2007.96 0.167876 0.0945994 0.233704
OUTPUT3: 2007.96 0.168399 0.0948117 0.23436
OUTPUT3: 2007.96 0.168399 0.0948117 0.23436
OUTPUT3: 2007.96 0.168911 0.0952912 0.234895
OUTPUT3: 2007.96 0.168912 0.0952928 0.234897
OUTPUT3: 2007.96 0.169842 0.0969903 0.235539
OUTPUT3: 2007.96 0.169842 0.0969903 0.235539
OUTPUT3: 2007.96 0.169837 0.0978416 0.235178
OUTPUT3: 2007.96 0.169837 0.0978417 0.235178
OUTPUT3: 2007.96 0.169658 0.0980285 0.234837
OUTPUT3: 2007.96 0.169658 0.0980286 0.234837
OUTPUT3: 2007.97 0.168277 0.0977455 0.23293
OUTPUT3: 2007.97 0.167974 0.0975748 0.232557
OUTPUT3: 2007.97 0.166918 0.0968522 0.231305
OUTPUT3: 2007.97 0.166913 0.0968484 0.231299
OUTPUT3: 2007.97 0.166196 0.0962782 0.230481
OUTPUT3: 2007.97 0.16619 0.0962735 0.230475
OUTPUT3: 2007.97 0.165417 0.0956076 0.229614
OUTPUT3: 2007.97 0.164375 0.0946441 0.228482
OUTPUT3: 2007.97 0.163362 0.0936485 0.227404
OUTPUT3: 2007.97 0.162688 0.0929593 0.226698
OUTPUT3: 2007.97 0.160778 0.090908 0.224738
OUTPUT3: 2007.97 0.160769 0.0908982 0.22473
OUTPUT3: 2007.97 0.15964 0.0896256 0.223595
OUTPUT3: 2007.97 0.159631 0.0896154 0.223586
OUTPUT3: 2007.97 0.148892 0.0756435 0.213944
OUTPUT3: 2007.97 0.148312 0.0747512 0.213613
OUTPUT3: 2007.97 0.147956 0.0741809 0.213422
OUTPUT3: 2007.97 0.147621 0.073613 0.213254
OUTPUT3: 2007.97 0.147451 0.0733015 0.21318
OUTPUT3: 2007.97 0.147383 0.0731671 0.213154
OUTPUT3: 2007.97 0.147379 0.0731596 0.213153
OUTPUT3: 2007.97 0.147271 0.0729044 0.213128
OUTPUT3: 2007.97 0.147271 0.072903 0.213128
OUTPUT3: 2007.97 0.147259 0.0727871 0.213161
OUTPUT3: 2007.97 0.147259 0.0727871 0.213161
OUTPUT3: 2007.97 0.147296 0.0727799 0.213206
OUTPUT3: 2007.97 0.147338 0.0728009 0.213245
OUTPUT3: 2007.97 0.147339 0.0728015 0.213245
OUTPUT3: 2007.97 0.147353 0.0728106 0.213257
OUTPUT3: 2007.97 0.147353 0.0728106 0.213257
OUTPUT3: 2007.97 0.147796 0.0732629 0.213577
OUTPUT3: 2007.97 0.147799 0.0732664 0.213579
OUTPUT3: 2007.97 0.148499 0.0741422 0.214116
OUTPUT3: 2007.97 0.148502 0.0741461 0.214118
OUTPUT3: 2007.97 0.154108 0.0832828 0.218839
OUTPUT3: 2007.97 0.154108 0.0832828 0.21884
OUTPUT3: 2007.97 0.154214 0.0835976 0.218896
OUTPUT3: 2007.97 0.154214 0.0835978 0.218896
OUTPUT3: 2007.97 0.154283 0.0839283 0.218904
OUTPUT3: 2007.97 0.154283 0.0839285 0.218904
OUTPUT3: 2007.97 0.154266 0.0841595 0.218826
OUTPUT3: 2007.97 0.154266 0.0841595 0.218826
OUTPUT3: 2007.97 0.154263 0.0841659 0.218822
OUTPUT3: 2007.97 0.15422 0.0842271 0.218753
OUTPUT3: 2007.97 0.154149 0.0842611 0.218657
OUTPUT3: 2007.97 0.154148 0.0842614 0.218655
OUTPUT3: 2007.97 0.153963 0.0842381 0.21843
OUTPUT3: 2007.97 0.153962 0.0842378 0.218429
OUTPUT3: 2007.97 0.153502 0.0839763 0.217919
OUTPUT3: 2007.97 0.153057 0.0836232 0.217449
OUTPUT3: 2007.97 0.1388 0.0665083 0.203967
OUTPUT3: 2007.97 0.138055 0.0655156 0.203294
OUTPUT3: 2007.97 0.138049 0.0655073 0.203288
OUTPUT3: 2007.97 0.137387 0.0646176 0.202693
OUTPUT3: 2007.97 0.137373 0.0645983 0.202681
OUTPUT3: 2007.97 0.136784 0.0638006 0.202154
OUTPUT3: 2007.97 0.136779 0.0637946 0.20215
OUTPUT3: 2007.97 0.136279 0.0631106 0.201706
OUTPUT3: 2007.97 0.136275 0.0631058 0.201703
OUTPUT3: 2007.97 0.135865 0.0625383 0.201341
OUTPUT3: 2007.97 0.135861 0.0625339 0.201338
OUTPUT3: 2007.97 0.135544 0.0620898 0.201062
OUTPUT3: 2007.97 0.135542 0.0620864 0.20106
OUTPUT3: 2007.97 0.135178 0.0615561 0.200756
OUTPUT3: 2007.97 0.135177 0.0615551 0.200755
OUTPUT3: 2007.97 0.135147 0.0614963 0.200739
OUTPUT3: 2007.97 0.135147 0.0614963 0.200739
OUTPUT3: 2007.98 0.139945 0.0677759 0.205151
OUTPUT3: 2007.98 0.14026 0.068182 0.205438
OUTPUT3: 2007.98 0.140666 0.0686993 0.205811
OUTPUT3: 2007.98 0.14067 0.0687038 0.205814
OUTPUT3: 2007.98 0.141089 0.0692277 0.2062
OUTPUT3: 2007.98 0.141093 0.0692318 0.206203
OUTPUT3: 2007.98 0.141111 0.0692543 0.20622
OUTPUT3: 2007.98 0.141174 0.0693317 0.206278
OUTPUT3: 2007.98 0.141473 0.0696941 0.206556
OUTPUT3: 2007.98 0.141475 0.0696975 0.206559
OUTPUT3: 2007.98 0.141548 0.0697844 0.206627
OUTPUT3: 2007.98 0.141772 0.0700452 0.206837
OUTPUT3: 2007.98 0.141772 0.0700452 0.206837
OUTPUT3: 2007.98 0.14181 0.0700895 0.206873
OUTPUT3: 2007.98 0.141813 0.0700922 0.206876
OUTPUT3: 2007.98 0.142103 0.070413 0.207152
OUTPUT3: 2007.98 0.142105 0.0704154 0.207155
OUTPUT3: 2007.98 0.142344 0.0706567 0.207388
OUTPUT3: 2007.98 0.142346 0.0706583 0.20739
OUTPUT3: 2007.98 0.142687 0.0709094 0.207748
OUTPUT3: 2007.98 0.142689 0.0709099 0.207749
OUTPUT3: 2007.98 0.142772 0.0709075 0.207852
OUTPUT3: 2007.98 0.142772 0.0709074 0.207853
OUTPUT3: 2007.98 0.141906 0.0674987 0.207837
OUTPUT3: 2007.98 0.14198 0.0673719 0.208056
OUTPUT3: 2007.98 0.14198 0.0673715 0.208058
OUTPUT3: 2007.98 0.142094 0.0673643 0.20826
OUTPUT3: 2007.98 0.142095 0.0673645 0.208262
OUTPUT3: 2007.98 0.142262 0.067438 0.208505
OUTPUT3: 2007.98 0.142266 0.0674407 0.208511
OUTPUT3: 2007.98 0.142492 0.0676018 0.20879
OUTPUT3: 2007.98 0.142785 0.0678601 0.20911
OUTPUT3: 2007.98 0.142788 0.0678627 0.209113
OUTPUT3: 2007.98 0.143133 0.0682053 0.209453
OUTPUT3: 2007.98 0.143135 0.068208 0.209456
OUTPUT3: 2007.98 0.144053 0.0692234 0.210295
OUTPUT3: 2007.98 0.144056 0.0692268 0.210297
OUTPUT3: 2007.98 0.144515 0.0697679 0.210699
OUTPUT3: 2007.98 0.14452 0.0697747 0.210704
OUTPUT3: 2007.98 0.152595 0.0803142 0.218061
OUTPUT3: 2007.98 0.152926 0.080756 0.218376
OUTPUT3: 2007.98 0.152929 0.0807595 0.218378
OUTPUT3: 2007.98 0.153244 0.0811754 0.218683
OUTPUT3: 2007.98 0.153246 0.0811782 0.218685
OUTPUT3: 2007.98 0.153445 0.0814352 0.218884
OUTPUT3: 2007.98 0.153446 0.0814361 0.218885
OUTPUT3: 2007.98 0.153604 0.0816305 0.219051
OUTPUT3: 2007.98 0.153604 0.0816307 0.219052
OUTPUT3: 2007.98 0.148727 0.0734558 0.215757
OUTPUT3: 2007.98 0.149263 0.0740713 0.21635
OUTPUT3: 2007.99 0.148445 0.0723052 0.216006
OUTPUT3: 2007.99 0.148445 0.0723052 0.216006
OUTPUT3: 2007.99 0.148445 0.0723052 0.216006
OUTPUT3: 2007.99 0.148445 0.0723052 0.216006
OUTPUT3: 2007.99 0.148445 0.0723052 0.216006
OUTPUT3: 2007.99 0.148445 0.0723052 0.216006
OUTPUT3: 2007.99 0.148445 0.0723052 0.216006
OUTPUT3: 2007.99 0.148445 0.0723052 0.216006
OUTPUT3: 2007.99 0.148445 0.0723051 0.216006
OUTPUT3: 2007.99 0.148445 0.0723051 0.216006
OUTPUT3: 2007.99 0.148445 0.0723051 0.216006
OUTPUT3: 2007.99 0.148445 0.0723051 0.216006
OUTPUT3: 2007.99 0.148445 0.0723051 0.216006
OUTPUT3: 2007.99 0.148445 0.0723051 0.216006
OUTPUT3: 2007.99 0.148445 0.0723051 0.216006
OUTPUT3: 2007.99 0.148445 0.0723051 0.216006
OUTPUT3: 2007.99 0.147014 0.0705377 0.214833
OUTPUT3: 2007.99 0.147014 0.0705377 0.214833
OUTPUT3: 2007.99 0.147014 0.0705377 0.214833
OUTPUT3: 2007.99 0.147014 0.0705377 0.214833
OUTPUT3: 2007.99 0.147014 0.0705377 0.214833
OUTPUT3: 2007.99 0.147014 0.0705377 0.214833
OUTPUT3: 2007.99 0.147014 0.0705377 0.214833
OUTPUT3: 2007.99 0.147014 0.0705377 0.214833
OUTPUT3: 2007.99 0.147014 0.0705377 0.214833
OUTPUT3: 2007.99 0.147014 0.0705377 0.214833
OUTPUT3: 2007.99 0.147014 0.0705377 0.214833
OUTPUT3: 2007.99 0.147014 0.0705377 0.214833
OUTPUT3: 2007.99 0.147014 0.0705377 0.214833
OUTPUT3: 2007.99 0.147014 0.0705377 0.214833
OUTPUT3: 2007.99 0.147014 0.0705377 0.214833
OUTPUT3: 2007.99 0.147014 0.0705377 0.214833
OUTPUT3: 2007.99 0.161691 0.0916849 0.227223
OUTPUT3: 2007.99 0.161719 0.0915282 0.227336
OUTPUT3: 2007.99 0.161577 0.0911286 0.227299
OUTPUT3: 2008 0.157847 0.0855151 0.224162
OUTPUT3: 2008 0.156862 0.0842146 0.223254
OUTPUT3: 2008 0.146553 0.0723511 0.213044
OUTPUT3: 2008 0.145394 0.0712107 0.211818
OUTPUT3: 2008 0.143213 0.0692018 0.209455
OUTPUT3: 2008 0.140851 0.0672954 0.206791
OUTPUT3: 2008 0.139825 0.0665995 0.205579
OUTPUT3: 2008 0.139724 0.0665379 0.205458
OUTPUT3: 2008 0.139363 0.0663288 0.205017
OUTPUT3: 2008 0.139357 0.0663254 0.205009
OUTPUT3: 2008 0.138883 0.0660917 0.204415
OUTPUT3: 2008 0.138883 0.0660917 0.204415
OUTPUT3: 2008 0.138883 0.0660917 0.204415
OUTPUT3: 2008 0.138883 0.0660917 0.204415
OUTPUT3: 2008 0.138883 0.0660917 0.204415
OUTPUT3: 2008 0.138883 0.0660917 0.204415
OUTPUT3: 2008 0.138883 0.0660917 0.204415
OUTPUT3: 2008 0.138883 0.0660917 0.204415
OUTPUT3: 2008 0.138883 0.0660917 0.204415
OUTPUT3: 2008 0.138883 0.0660917 0.204415
OUTPUT3: 2008 0.138883 0.0660917 0.204415
OUTPUT3: 2008 0.138883 0.0660917 0.204415
OUTPUT3: 2008 0.138883 0.0660917 0.204415
OUTPUT3: 2008 0.138883 0.0660917 0.204415
OUTPUT3: 2008 0.138883 0.0660917 0.204415
OUTPUT3: 2008 0.138883 0.0660917 0.204415
OUTPUT3: 2008 0.138771 0.0660463 0.204271
OUTPUT3: 2008 0.138723 0.0660284 0.204208
OUTPUT3: 2008 0.138723 0.0660284 0.204208
OUTPUT3: 2008 0.138723 0.0660284 0.204208
OUTPUT3: 2008 0.138723 0.0660284 0.204208
OUTPUT3: 2008 0.138723 0.0660284 0.204208
OUTPUT3: 2008 0.138723 0.0660284 0.204208
OUTPUT3: 2008 0.138723 0.0660284 0.204208
OUTPUT3: 2008 0.138723 0.0660284 0.204208
OUTPUT3: 2008 0.138723 0.0660284 0.204208
OUTPUT3: 2008 0.138723 0.0660284 0.204208
OUTPUT3: 2008 0.138723 0.0660284 0.204208
OUTPUT3: 2008 0.138723 0.0660284 0.204208
OUTPUT3: 2008 0.138723 0.0660284 0.204208
OUTPUT3: 2008 0.138723 0.0660284 0.204208
OUTPUT3: 2008 0.138723 0.0660284 0.204208
OUTPUT3: 2008 0.138723 0.0660284 0.204208
OUTPUT3: 2008 0.138506 0.0660075 0.203892
OUTPUT3: 2008 0.13865 0.066022 0.204091
OUTPUT3: 2008 0.138762 0.0660164 0.20425
OUTPUT3: 2008 0.139312 0.0658699 0.20508
OUTPUT3: 2008 0.139728 0.0657373 0.205708
OUTPUT3: 2008 0.139848 0.0657203 0.205881
OUTPUT3: 2008 0.139892 0.0657182 0.205942
OUTPUT3: 2008 0.140112 0.0657481 0.206233
OUTPUT3: 2008 0.14093 0.0664573 0.207089
OUTPUT3: 2008 0.141312 0.0669932 0.207414
OUTPUT3: 2008 0.141472 0.0672334 0.207545
OUTPUT3: 2008.01 0.155787 0.0824524 0.222549
OUTPUT3: 2008.01 0.158943 0.0883748 0.225123
OUTPUT3: 2008.01 0.143151 0.0665439 0.211391
OUTPUT3: 2008.02 0.190004 0.115747 0.258595
OUTPUT3: 2008.03 0.189362 0.115099 0.257714
OUTPUT3: 2008.04 0.202841 0.132141 0.270722
OUTPUT3: 2008.05 0.196205 0.124853 0.26379
OUTPUT3: 2008.06 0.166691 0.0920543 0.233977
OUTPUT3: 2008.06 0.168003 0.0932928 0.235392
OUTPUT3: 2008.06 0.169521 0.0950501 0.236897
OUTPUT3: 2008.06 0.169523 0.0950532 0.2369
OUTPUT3: 2008.06 0.173766 0.100502 0.24088
OUTPUT3: 2008.06 0.175368 0.102713 0.242315
OUTPUT3: 2008.06 0.178099 0.106743 0.244645
OUTPUT3: 2008.06 0.178101 0.106747 0.244647
OUTPUT3: 2008.06 0.178622 0.107584 0.245058
OUTPUT3: 2008.06 0.179324 0.10884 0.245552
OUTPUT3: 2008.06 0.179239 0.109314 0.245187
OUTPUT3: 2008.06 0.179239 0.109314 0.245187
OUTPUT3: 2008.06 0.178367 0.108449 0.244232
OUTPUT3: 2008.06 0.178367 0.108449 0.244232
OUTPUT3: 2008.06 0.173323 0.102183 0.23931
OUTPUT3: 2008.06 0.173316 0.102173 0.239302
OUTPUT3: 2008.06 0.170942 0.0990277 0.23708
OUTPUT3: 2008.06 0.170942 0.0990271 0.23708
OUTPUT3: 2008.06 0.167838 0.0948296 0.234217
OUTPUT3: 2008.06 0.165196 0.0912034 0.231813
OUTPUT3: 2008.06 0.165196 0.0912033 0.231813
OUTPUT3: 2008.06 0.162079 0.0868901 0.229669
OUTPUT3: 2008.06 0.159604 0.0834776 0.228033
OUTPUT3: 2008.06 0.158319 0.0817511 0.227122
OUTPUT3: 2008.06 0.157851 0.0811492 0.226756
OUTPUT3: 2008.06 0.157231 0.0808666 0.225714
OUTPUT3: 2008.06 0.157231 0.0808671 0.225714
OUTPUT3: 2008.06 0.158366 0.0833006 0.225637
OUTPUT3: 2008.06 0.158741 0.0840721 0.225725
OUTPUT3: 2008.06 0.159551 0.0857682 0.226256
OUTPUT3: 2008.06 0.159904 0.0865329 0.226506
OUTPUT3: 2008.06 0.160751 0.0885459 0.227063
OUTPUT3: 2008.06 0.160751 0.0885468 0.227063
OUTPUT3: 2008.06 0.160931 0.0890763 0.227157
OUTPUT3: 2008.06 0.160931 0.0890764 0.227157
OUTPUT3: 2008.06 0.161067 0.0897294 0.227169
OUTPUT3: 2008.07 0.150912 0.0755224 0.218738
OUTPUT3: 2008.07 0.150912 0.0755224 0.218738
OUTPUT3: 2008.07 0.149676 0.0737174 0.218081
OUTPUT3: 2008.07 0.149522 0.0734851 0.218008
OUTPUT3: 2008.07 0.157685 0.0839461 0.223986
OUTPUT3: 2008.08 0.157748 0.0842963 0.224699
OUTPUT3: 2008.08 0.157748 0.0842963 0.224699
OUTPUT3: 2008.08 0.157748 0.0842963 0.224699
OUTPUT3: 2008.08 0.157748 0.0842963 0.224699
OUTPUT3: 2008.08 0.157748 0.0842963 0.224699
OUTPUT3: 2008.08 0.157748 0.0842963 0.224699
OUTPUT3: 2008.08 0.157748 0.0842963 0.224699
OUTPUT3: 2008.08 0.157748 0.0842963 0.224699
OUTPUT3: 2008.08 0.157748 0.0842963 0.224699
OUTPUT3: 2008.08 0.157748 0.0842963 0.224699
OUTPUT3: 2008.08 0.157748 0.0842963 0.224699
OUTPUT3: 2008.08 0.157748 0.0842963 0.224699
OUTPUT3: 2008.08 0.157748 0.0842963 0.224699
OUTPUT3: 2008.08 0.157748 0.0842963 0.224699
OUTPUT3: 2008.08 0.157748 0.0842963 0.224699
OUTPUT3: 2008.08 0.157748 0.0842963 0.224699
OUTPUT3: 2008.08 0.163962 0.0895278 0.231686
OUTPUT3: 2008.09 0.170371 0.0992956 0.2369
OUTPUT3: 2008.09 0.172962 0.102789 0.239282
OUTPUT3: 2008.09 0.175837 0.102897 0.243429
OUTPUT3: 2008.09 0.175285 0.10198 0.242991
OUTPUT3: 2008.1 0.141588 0.0659575 0.210296
OUTPUT3: 2008.1 0.150666 0.0766894 0.217647
OUTPUT3: 2008.1 0.151746 0.0777174 0.218851
OUTPUT3: 2008.11 0.136969 0.0676155 0.202519
OUTPUT3: 2008.11 0.119779 0.0474058 0.185357
OUTPUT3: 2008.11 0.11814 0.0453071 0.183915
OUTPUT3: 2008.11 0.112986 0.0386004 0.180269
OUTPUT3: 2008.11 0.109255 0.0336379 0.177655
OUTPUT3: 2008.11 0.109072 0.033395 0.177496
OUTPUT3: 2008.11 0.122937 0.0532323 0.187787
OUTPUT3: 2008.11 0.12594 0.0577721 0.190412
OUTPUT3: 2008.11 0.12594 0.0577727 0.190413
OUTPUT3: 2008.11 0.125974 0.0578258 0.190442
OUTPUT3: 2008.11 0.127468 0.0602182 0.192037
OUTPUT3: 2008.11 0.127469 0.0602213 0.19204
OUTPUT3: 2008.11 0.127027 0.0607674 0.191859
OUTPUT3: 2008.11 0.127027 0.0607674 0.191859
OUTPUT3: 2008.11 0.122604 0.0554326 0.186959
OUTPUT3: 2008.11 0.12011 0.0523048 0.184308
OUTPUT3: 2008.12 0.115288 0.0461922 0.17973
OUTPUT3: 2008.12 0.113698 0.0441711 0.178221
OUTPUT3: 2008.12 0.107735 0.0366118 0.172548
OUTPUT3: 2008.12 0.107733 0.0366096 0.172546
OUTPUT3: 2008.12 0.107026 0.0357174 0.171871
OUTPUT3: 2008.12 0.103655 0.0314928 0.168642
OUTPUT3: 2008.12 0.103653 0.031491 0.16864
OUTPUT3: 2008.12 0.101694 0.0290603 0.166828
OUTPUT3: 2008.12 0.0922611 0.0179107 0.159103
OUTPUT3: 2008.12 0.0922394 0.017887 0.159084
OUTPUT3: 2008.12 0.0899811 0.015523 0.157007
OUTPUT3: 2008.12 0.0891539 0.0147278 0.156186
OUTPUT3: 2008.12 0.0880629 0.0137731 0.155026
OUTPUT3: 2008.12 0.0880239 0.0137416 0.154982
OUTPUT3: 2008.12 0.0854152 0.0124235 0.151394
OUTPUT3: 2008.13 0.0986093 0.026812 0.163363
OUTPUT3: 2008.13 0.0978475 0.025816 0.162648
OUTPUT3: 2008.13 0.0872937 0.0148632 0.152886
OUTPUT3: 2008.13 0.0854017 0.00955435 0.153907
OUTPUT3: 2008.14 0.122604 0.0539318 0.185949
OUTPUT3: 2008.14 0.122593 0.0540402 0.185893
OUTPUT3: 2008.14 0.113531 0.0446889 0.176603
OUTPUT3: 2008.14 0.112263 0.0429855 0.17545
OUTPUT3: 2008.14 0.111411 0.04184 0.174675
OUTPUT3: 2008.14 0.111152 0.0414921 0.174439
OUTPUT3: 2008.14 0.110564 0.0407036 0.173903
OUTPUT3: 2008.14 0.110164 0.0401671 0.173538
OUTPUT3: 2008.14 0.109945 0.0398751 0.173338
OUTPUT3: 2008.14 0.109144 0.0388082 0.172605
OUTPUT3: 2008.14 0.108124 0.0374585 0.171667
OUTPUT3: 2008.14 0.106801 0.0357282 0.170442
OUTPUT3: 2008.14 0.105813 0.0344557 0.169609
OUTPUT3: 2008.14 0.104837 0.0332172 0.168813
OUTPUT3: 2008.15 0.0945974 0.0225992 0.159224
OUTPUT3: 2008.15 0.0936077 0.0221856 0.157831
OUTPUT3: 2008.15 0.0933722 0.0221695 0.157431
OUTPUT3: 2008.15 0.0931933 0.0222126 0.15708
OUTPUT3: 2008.15 0.0930702 0.0223107 0.15678
OUTPUT3: 2008.15 0.0930025 0.0224587 0.156533
OUTPUT3: 2008.15 0.0963383 0.0274279 0.158968
OUTPUT3: 2008.15 0.0974183 0.0285988 0.160101
OUTPUT3: 2008.15 0.0975261 0.0287146 0.160214
OUTPUT3: 2008.15 0.0980943 0.0293237 0.16081
OUTPUT3: 2008.15 0.0986988 0.0299714 0.161443
OUTPUT3: 2008.15 0.099314 0.0306328 0.162085
OUTPUT3: 2008.15 0.0999364 0.0313066 0.162731
OUTPUT3: 2008.15 0.100773 0.0322236 0.163592
OUTPUT3: 2008.15 0.101429 0.0329544 0.164261
OUTPUT3: 2008.15 0.102031 0.0336359 0.164867
OUTPUT3: 2008.15 0.102586 0.0342781 0.165421
OUTPUT3: 2008.15 0.104729 0.0369378 0.167463
OUTPUT3: 2008.15 0.105097 0.03745 0.167784
OUTPUT3: 2008.15 0.105437 0.037964 0.168059
OUTPUT3: 2008.15 0.105655 0.0383413 0.168209
OUTPUT3: 2008.15 0.105773 0.0386066 0.168258
OUTPUT3: 2008.15 0.1058 0.0387731 0.16821
OUTPUT3: 2008.15 0.10573 0.0388329 0.168061
OUTPUT3: 2008.15 0.105572 0.0387825 0.167828
OUTPUT3: 2008.15 0.105341 0.0386362 0.167526
OUTPUT3: 2008.15 0.104671 0.0380746 0.166723
OUTPUT3: 2008.15 0.104502 0.0379167 0.166529
OUTPUT3: 2008.15 0.104189 0.0376155 0.166175
OUTPUT3: 2008.15 0.103979 0.0374064 0.165939
OUTPUT3: 2008.15 0.103376 0.0367866 0.165276
OUTPUT3: 2008.15 0.102697 0.0360603 0.164544
OUTPUT3: 2008.15 0.101948 0.035231 0.16375
OUTPUT3: 2008.15 0.101138 0.0343076 0.162903
OUTPUT3: 2008.15 0.100275 0.0332985 0.162012
OUTPUT3: 2008.15 0.099564 0.0324505 0.161286
OUTPUT3: 2008.15 0.0888543 0.0180724 0.152366
OUTPUT3: 2008.15 0.0882063 0.0170245 0.15207
OUTPUT3: 2008.15 0.0881448 0.0169186 0.152046
OUTPUT3: 2008.15 0.0881444 0.0169178 0.152046
OUTPUT3: 2008.15 0.0878835 0.0164291 0.151971
OUTPUT3: 2008.15 0.0878835 0.0164291 0.151971
OUTPUT3: 2008.15 0.087817 0.0162623 0.15198
OUTPUT3: 2008.15 0.0878168 0.0162619 0.15198
OUTPUT3: 2008.15 0.0878534 0.0161841 0.152088
OUTPUT3: 2008.15 0.0878536 0.0161842 0.152088
OUTPUT3: 2008.15 0.0880049 0.0163069 0.152238
OUTPUT3: 2008.15 0.0880053 0.0163073 0.152238
OUTPUT3: 2008.15 0.0883201 0.0166527 0.152489
OUTPUT3: 2008.15 0.0883203 0.016653 0.152489
OUTPUT3: 2008.16 0.0956288 0.0276957 0.156851
OUTPUT3: 2008.16 0.0958995 0.028257 0.157032
OUTPUT3: 2008.16 0.0958998 0.0282576 0.157032
OUTPUT3: 2008.16 0.0961493 0.0288886 0.157161
OUTPUT3: 2008.16 0.0961494 0.0288887 0.157161
OUTPUT3: 2008.16 0.0962057 0.0291146 0.157162
OUTPUT3: 2008.16 0.0962165 0.029219 0.157142
OUTPUT3: 2008.16 0.096128 0.0293923 0.156963
OUTPUT3: 2008.16 0.0878602 0.0197221 0.149066
OUTPUT3: 2008.16 0.0846544 0.0150359 0.147235
OUTPUT3: 2008.16 0.0841436 0.0141773 0.147027
OUTPUT3: 2008.16 0.0838581 0.0136266 0.146963
OUTPUT3: 2008.16 0.0837273 0.013269 0.147013
OUTPUT3: 2008.16 0.0837309 0.0131462 0.14711
OUTPUT3: 2008.16 0.0837313 0.0131455 0.147111
OUTPUT3: 2008.16 0.0837612 0.0131204 0.14718
OUTPUT3: 2008.16 0.104274 0.0377055 0.165725
OUTPUT3: 2008.16 0.105752 0.0395957 0.16711
OUTPUT3: 2008.16 0.107835 0.0422658 0.169058
OUTPUT3: 2008.16 0.109545 0.0444609 0.170654
OUTPUT3: 2008.16 0.111123 0.046485 0.172123
OUTPUT3: 2008.16 0.11254 0.0482984 0.17344
OUTPUT3: 2008.16 0.113476 0.0486501 0.174318
OUTPUT3: 2008.16 0.112217 0.0468835 0.173154
OUTPUT3: 2008.16 0.110965 0.0451371 0.171996
OUTPUT3: 2008.16 0.107889 0.0408817 0.169146
OUTPUT3: 2008.16 0.103552 0.0349456 0.165107
OUTPUT3: 2008.16 0.101232 0.0318032 0.163163
OUTPUT3: 2008.16 0.101232 0.0318032 0.163163
OUTPUT3: 2008.16 0.101232 0.0318032 0.163163
OUTPUT3: 2008.16 0.101232 0.0318032 0.163163
OUTPUT3: 2008.16 0.101232 0.0318032 0.163163
OUTPUT3: 2008.16 0.101232 0.0318032 0.163163
OUTPUT3: 2008.16 0.101232 0.0318032 0.163163
OUTPUT3: 2008.16 0.101232 0.0318032 0.163163
OUTPUT3: 2008.16 0.101232 0.0318032 0.163163
OUTPUT3: 2008.16 0.101232 0.0318032 0.163163
OUTPUT3: 2008.16 0.101232 0.0318032 0.163163
OUTPUT3: 2008.16 0.101232 0.0318032 0.163163
OUTPUT3: 2008.16 0.101232 0.0318032 0.163163
OUTPUT3: 2008.16 0.101232 0.0318032 0.163163
OUTPUT3: 2008.16 0.101232 0.0318032 0.163163
OUTPUT3: 2008.16 0.101232 0.0318032 0.163163
OUTPUT3: 2008.16 0.10114 0.0316792 0.163095
OUTPUT3: 2008.17 0.0998027 0.0298804 0.162226
OUTPUT3: 2008.17 0.0998027 0.0298804 0.162226
OUTPUT3: 2008.17 0.0998027 0.0298804 0.162226
OUTPUT3: 2008.17 0.0998027 0.0298804 0.162226
OUTPUT3: 2008.17 0.0998027 0.0298804 0.162226
OUTPUT3: 2008.17 0.0998027 0.0298804 0.162226
OUTPUT3: 2008.17 0.0998027 0.0298804 0.162226
OUTPUT3: 2008.17 0.0998027 0.0298804 0.162226
OUTPUT3: 2008.17 0.0998027 0.0298804 0.162226
OUTPUT3: 2008.17 0.0998027 0.0298804 0.162226
OUTPUT3: 2008.17 0.0998027 0.0298804 0.162226
OUTPUT3: 2008.17 0.0998027 0.0298804 0.162226
OUTPUT3: 2008.17 0.0998027 0.0298804 0.162226
OUTPUT3: 2008.17 0.0998027 0.0298804 0.162226
OUTPUT3: 2008.17 0.0998027 0.0298804 0.162226
OUTPUT3: 2008.17 0.0998027 0.0298804 0.162226
OUTPUT3: 2008.17 0.099154 0.0290122 0.161811
OUTPUT3: 2008.17 0.093414 0.0216643 0.157906
OUTPUT3: 2008.17 0.093961 0.0227263 0.158046
OUTPUT3: 2008.17 0.0939622 0.0227282 0.158047
OUTPUT3: 2008.17 0.0944578 0.0234786 0.158311
OUTPUT3: 2008.17 0.0944605 0.0234826 0.158313
OUTPUT3: 2008.17 0.0950263 0.0243177 0.158628
OUTPUT3: 2008.17 0.0950303 0.0243236 0.15863
OUTPUT3: 2008.17 0.0966101 0.026596 0.159551
OUTPUT3: 2008.17 0.0980761 0.0286596 0.160436
OUTPUT3: 2008.17 0.0980768 0.0286605 0.160436
OUTPUT3: 2008.17 0.0997597 0.0309921 0.161477
OUTPUT3: 2008.17 0.101676 0.0336051 0.162692
OUTPUT3: 2008.17 0.101836 0.0338211 0.162794
OUTPUT3: 2008.17 0.101836 0.0338216 0.162794
OUTPUT3: 2008.17 0.106776 0.040323 0.167323
OUTPUT3: 2008.17 0.106776 0.0403235 0.167324
OUTPUT3: 2008.17 0.109392 0.0435437 0.169883
OUTPUT3: 2008.17 0.109396 0.0435487 0.169887
OUTPUT3: 2008.17 0.110549 0.0448312 0.171079
OUTPUT3: 2008.17 0.110027 0.0426047 0.171331
OUTPUT3: 2008.17 0.108935 0.0408617 0.170459
OUTPUT3: 2008.17 0.108371 0.0399967 0.169993
OUTPUT3: 2008.17 0.106451 0.037191 0.16834
OUTPUT3: 2008.17 0.106321 0.0370093 0.168225
OUTPUT3: 2008.17 0.105627 0.0360686 0.167676
OUTPUT3: 2008.17 0.105388 0.0357651 0.167507
OUTPUT3: 2008.17 0.105188 0.0355428 0.167357
OUTPUT3: 2008.17 0.106897 0.0379922 0.16867
OUTPUT3: 2008.17 0.107434 0.0386715 0.169155
OUTPUT3: 2008.17 0.107434 0.0386715 0.169155
OUTPUT3: 2008.17 0.107434 0.0386715 0.169155
OUTPUT3: 2008.17 0.107434 0.0386715 0.169155
OUTPUT3: 2008.17 0.107434 0.0386715 0.169155
OUTPUT3: 2008.17 0.107434 0.0386715 0.169155
OUTPUT3: 2008.17 0.107434 0.0386715 0.169155
OUTPUT3: 2008.17 0.107434 0.0386715 0.169155
OUTPUT3: 2008.17 0.107434 0.0386715 0.169155
OUTPUT3: 2008.17 0.107434 0.0386715 0.169155
OUTPUT3: 2008.17 0.107434 0.0386715 0.169155
OUTPUT3: 2008.17 0.107434 0.0386715 0.169155
OUTPUT3: 2008.17 0.107434 0.0386715 0.169155
OUTPUT3: 2008.17 0.107434 0.0386715 0.169155
OUTPUT3: 2008.17 0.107434 0.0386715 0.169155
OUTPUT3: 2008.17 0.107434 0.0386715 0.169155
OUTPUT3: 2008.17 0.107907 0.0392491 0.169607
OUTPUT3: 2008.17 0.107907 0.0392491 0.169607
OUTPUT3: 2008.17 0.107907 0.0392491 0.169607
OUTPUT3: 2008.17 0.107907 0.0392491 0.169607
OUTPUT3: 2008.17 0.107907 0.0392491 0.169607
OUTPUT3: 2008.17 0.107907 0.0392491 0.169607
OUTPUT3: 2008.17 0.107907 0.0392491 0.169607
OUTPUT3: 2008.17 0.107907 0.0392491 0.169607
OUTPUT3: 2008.17 0.107907 0.0392491 0.169607
OUTPUT3: 2008.17 0.107907 0.0392491 0.169607
OUTPUT3: 2008.17 0.107907 0.0392491 0.169607
OUTPUT3: 2008.17 0.107907 0.0392491 0.169607
OUTPUT3: 2008.17 0.108718 0.0401942 0.170402
OUTPUT3: 2008.17 0.108718 0.0401942 0.170402
OUTPUT3: 2008.17 0.108718 0.0401942 0.170402
OUTPUT3: 2008.17 0.108718 0.0401942 0.170402
OUTPUT3: 2008.17 0.108718 0.0401942 0.170402
OUTPUT3: 2008.17 0.108718 0.0401942 0.170402
OUTPUT3: 2008.17 0.108718 0.0401942 0.170402
OUTPUT3: 2008.17 0.108718 0.0401942 0.170402
OUTPUT3: 2008.17 0.108718 0.0401942 0.170402
OUTPUT3: 2008.17 0.108718 0.0401942 0.170402
OUTPUT3: 2008.17 0.108718 0.0401942 0.170402
OUTPUT3: 2008.17 0.108718 0.0401942 0.170402
OUTPUT3: 2008.17 0.108718 0.0401942 0.170402
OUTPUT3: 2008.17 0.108718 0.0401942 0.170402
OUTPUT3: 2008.18 0.128356 0.0601845 0.190879
OUTPUT3: 2008.18 0.120633 0.0523469 0.184175
OUTPUT3: 2008.18 0.120493 0.0527745 0.183868
OUTPUT3: 2008.19 0.114146 0.0456113 0.177836
OUTPUT3: 2008.19 0.0877257 0.016215 0.152216
OUTPUT3: 2008.2 0.0948525 0.0260377 0.157976
OUTPUT3: 2008.2 0.0907725 0.0221045 0.153657
OUTPUT3: 2008.2 0.0903981 0.0217693 0.153231
OUTPUT3: 2008.21 0.101808 0.0356326 0.164114
OUTPUT3: 2008.21 0.102484 0.0367558 0.164648
OUTPUT3: 2008.21 0.0783406 0.00978622 0.13979
OUTPUT3: 2008.21 0.0737516 0.00485212 0.135277
OUTPUT3: 2008.21 0.0731003 0.00394281 0.134881
OUTPUT3: 2008.21 0.0722173 0.00270535 0.13435
OUTPUT3: 2008.21 0.0701955 -0.000156316 0.133166
OUTPUT3: 2008.22 0.0703395 -0.000507321 0.133826
OUTPUT3: 2008.22 0.0747245 0.00507494 0.136997
OUTPUT3: 2008.22 0.0824755 0.0149617 0.143604
OUTPUT3: 2008.22 0.083665 0.0164703 0.144739
OUTPUT3: 2008.22 0.0836713 0.0164784 0.144745
OUTPUT3: 2008.22 0.0876255 0.0214687 0.14853
OUTPUT3: 2008.22 0.0876333 0.0214785 0.148537
OUTPUT3: 2008.22 0.0988422 0.035307 0.159402
OUTPUT3: 2008.22 0.10223 0.039315 0.16276
OUTPUT3: 2008.22 0.10223 0.0393152 0.16276
OUTPUT3: 2008.22 0.103351 0.0406037 0.163889
OUTPUT3: 2008.22 0.105849 0.0432978 0.16648
OUTPUT3: 2008.22 0.106448 0.043769 0.167183
OUTPUT3: 2008.22 0.105418 0.0420016 0.166423
OUTPUT3: 2008.22 0.103317 0.0392432 0.164484
OUTPUT3: 2008.22 0.0942056 0.028777 0.155436
OUTPUT3: 2008.22 0.0860704 0.0210131 0.146691
OUTPUT3: 2008.22 0.0852847 0.0203258 0.145817
OUTPUT3: 2008.22 0.0852808 0.0203223 0.145813
OUTPUT3: 2008.23 0.0626941 -0.00401482 0.122414
OUTPUT3: 2008.23 0.0624357 -0.00400518 0.122054
OUTPUT3: 2008.23 0.0600557 -0.00772452 0.120851
OUTPUT3: 2008.23 0.0606609 -0.00560724 0.121564
OUTPUT3: 2008.23 0.0607341 -0.00524136 0.121544
OUTPUT3: 2008.23 0.0607434 -0.00517279 0.121534
OUTPUT3: 2008.23 0.0607434 -0.00517279 0.121535
OUTPUT3: 2008.23 0.0607434 -0.00517279 0.121535
OUTPUT3: 2008.23 0.0607434 -0.00517279 0.121534
OUTPUT3: 2008.23 0.0607434 -0.00517279 0.121534
OUTPUT3: 2008.23 0.0607434 -0.00517279 0.121534
OUTPUT3: 2008.23 0.0607434 -0.00517279 0.121534
OUTPUT3: 2008.23 0.0607434 -0.00517279 0.121534
OUTPUT3: 2008.23 0.0607434 -0.00517279 0.121534
OUTPUT3: 2008.23 0.0607434 -0.00517279 0.121534
OUTPUT3: 2008.23 0.0607434 -0.00517279 0.121534
OUTPUT3: 2008.23 0.0607434 -0.00517279 0.121534
OUTPUT3: 2008.23 0.0607434 -0.00517279 0.121534
OUTPUT3: 2008.23 0.0607434 -0.00517279 0.121534
OUTPUT3: 2008.23 0.0607434 -0.00517279 0.121534
OUTPUT3: 2008.23 0.0607434 -0.00517279 0.121534
OUTPUT3: 2008.23 0.0547386 -0.0133775 0.116132
OUTPUT3: 2008.24 0.0504544 -0.0202542 0.113454
OUTPUT3: 2008.24 0.0504544 -0.0202542 0.113454
OUTPUT3: 2008.24 0.0504544 -0.0202542 0.113454
OUTPUT3: 2008.24 0.0504544 -0.0202542 0.113454
OUTPUT3: 2008.24 0.0504544 -0.0202542 0.113454
OUTPUT3: 2008.24 0.0504544 -0.0202542 0.113454
OUTPUT3: 2008.24 0.0504544 -0.0202542 0.113454
OUTPUT3: 2008.24 0.0504544 -0.0202542 0.113454
OUTPUT3: 2008.24 0.0504544 -0.0202542 0.113454
OUTPUT3: 2008.24 0.0504544 -0.0202542 0.113454
OUTPUT3: 2008.24 0.0504544 -0.0202542 0.113454
OUTPUT3: 2008.24 0.0504544 -0.0202542 0.113454
OUTPUT3: 2008.24 0.0496436 -0.0215373 0.113073
OUTPUT3: 2008.24 0.0496436 -0.0215373 0.113073
OUTPUT3: 2008.24 0.0496436 -0.0215373 0.113073
OUTPUT3: 2008.24 0.0496436 -0.0215373 0.113073
OUTPUT3: 2008.24 0.0496436 -0.0215373 0.113073
OUTPUT3: 2008.24 0.0496436 -0.0215373 0.113073
OUTPUT3: 2008.24 0.0496436 -0.0215373 0.113073
OUTPUT3: 2008.24 0.0496436 -0.0215373 0.113073
OUTPUT3: 2008.24 0.0496436 -0.0215373 0.113073
OUTPUT3: 2008.24 0.0496436 -0.0215373 0.113073
OUTPUT3: 2008.24 0.0496436 -0.0215373 0.113073
OUTPUT3: 2008.24 0.0496436 -0.0215373 0.113073
OUTPUT3: 2008.24 0.0496436 -0.0215373 0.113073
OUTPUT3: 2008.24 0.0496436 -0.0215373 0.113073
OUTPUT3: 2008.24 0.0496436 -0.0215373 0.113073
OUTPUT3: 2008.24 0.0496436 -0.0215373 0.113073
OUTPUT3: 2008.24 0.0475994 -0.0231715 0.111246
OUTPUT3: 2008.24 0.0475994 -0.0231715 0.111246
OUTPUT3: 2008.24 0.0475994 -0.0231715 0.111246
OUTPUT3: 2008.24 0.0475994 -0.0231715 0.111246
OUTPUT3: 2008.24 0.0475994 -0.0231715 0.111246
OUTPUT3: 2008.24 0.0475994 -0.0231715 0.111246
OUTPUT3: 2008.24 0.0475994 -0.0231715 0.111246
OUTPUT3: 2008.24 0.0475994 -0.0231715 0.111246
OUTPUT3: 2008.24 0.0475994 -0.0231715 0.111246
OUTPUT3: 2008.24 0.0475994 -0.0231715 0.111246
OUTPUT3: 2008.24 0.0475994 -0.0231715 0.111246
OUTPUT3: 2008.24 0.0475994 -0.0231715 0.111246
OUTPUT3: 2008.24 0.0475994 -0.0231715 0.111246
OUTPUT3: 2008.24 0.0475994 -0.0231715 0.111246
OUTPUT3: 2008.24 0.0475994 -0.0231715 0.111246
OUTPUT3: 2008.24 0.0475994 -0.0231715 0.111246
OUTPUT3: 2008.24 0.0487089 -0.0215121 0.111886
OUTPUT3: 2008.24 0.0487089 -0.0215121 0.111886
OUTPUT3: 2008.24 0.0487089 -0.0215121 0.111886
OUTPUT3: 2008.24 0.0487089 -0.0215121 0.111886
OUTPUT3: 2008.24 0.0487089 -0.0215121 0.111886
OUTPUT3: 2008.24 0.0487089 -0.0215121 0.111886
OUTPUT3: 2008.24 0.0487089 -0.0215121 0.111886
OUTPUT3: 2008.24 0.0487089 -0.0215121 0.111886
OUTPUT3: 2008.24 0.0487089 -0.0215121 0.111886
OUTPUT3: 2008.24 0.0487089 -0.0215121 0.111886
OUTPUT3: 2008.24 0.0487089 -0.0215121 0.111886
OUTPUT3: 2008.24 0.0487089 -0.0215121 0.111886
OUTPUT3: 2008.24 0.0487089 -0.0215121 0.111886
OUTPUT3: 2008.24 0.0487089 -0.0215121 0.111886
OUTPUT3: 2008.24 0.0487089 -0.0215121 0.111886
OUTPUT3: 2008.24 0.0487089 -0.0215121 0.111886
OUTPUT3: 2008.24 0.0504506 -0.0190374 0.112982
OUTPUT3: 2008.24 0.0504506 -0.0190374 0.112982
OUTPUT3: 2008.24 0.0504506 -0.0190374 0.112982
OUTPUT3: 2008.24 0.0504506 -0.0190374 0.112982
OUTPUT3: 2008.24 0.0504506 -0.0190374 0.112982
OUTPUT3: 2008.24 0.0504506 -0.0190374 0.112982
OUTPUT3: 2008.24 0.0504506 -0.0190374 0.112982
OUTPUT3: 2008.24 0.0504506 -0.0190374 0.112982
OUTPUT3: 2008.24 0.0504506 -0.0190374 0.112982
OUTPUT3: 2008.24 0.0504506 -0.0190374 0.112982
OUTPUT3: 2008.24 0.0504506 -0.0190374 0.112982
OUTPUT3: 2008.24 0.0504506 -0.0190374 0.112982
OUTPUT3: 2008.24 0.0504506 -0.0190374 0.112982
OUTPUT3: 2008.24 0.0504506 -0.0190374 0.112982
OUTPUT3: 2008.24 0.0504506 -0.0190374 0.112982
OUTPUT3: 2008.24 0.0504506 -0.0190374 0.112982
OUTPUT3: 2008.24 0.0767755 0.00979713 0.13985
OUTPUT3: 2008.24 0.0785655 0.0115217 0.141782
OUTPUT3: 2008.24 0.0785655 0.0115217 0.141782
OUTPUT3: 2008.24 0.0985422 0.0317092 0.162702
OUTPUT3: 2008.24 0.0985611 0.0317353 0.162715
OUTPUT3: 2008.24 0.0985708 0.0317503 0.16272
OUTPUT3: 2008.25 0.0839782 0.0139624 0.148393
OUTPUT3: 2008.25 0.0672555 -0.005794 0.132799
OUTPUT3: 2008.26 0.0791539 0.00827187 0.144379
OUTPUT3: 2008.27 0.071445 -0.0018956 0.137789
OUTPUT3: 2008.27 0.0724551 -0.000562687 0.138485
OUTPUT3: 2008.27 0.0955356 0.0265579 0.160997
OUTPUT3: 2008.27 0.095544 0.0264562 0.161046
OUTPUT3: 2008.27 0.095482 0.0261865 0.161057
OUTPUT3: 2008.27 0.0844311 0.0111866 0.150729
OUTPUT3: 2008.27 0.0838295 0.0106115 0.150131
OUTPUT3: 2008.27 0.0915119 0.0186302 0.158316
OUTPUT3: 2008.28 0.0726376 2.69243e-05 0.140124
OUTPUT3: 2008.28 0.0639824 -0.0113474 0.132147
OUTPUT3: 2008.28 0.0633481 -0.0119695 0.131476
OUTPUT3: 2008.28 0.0623935 -0.0127597 0.130409
OUTPUT3: 2008.28 0.0618247 -0.0131347 0.129734
OUTPUT3: 2008.28 0.0609905 -0.0135626 0.128698
OUTPUT3: 2008.28 0.0597814 -0.0140593 0.12715
OUTPUT3: 2008.28 0.0596665 -0.0141083 0.127004
OUTPUT3: 2008.28 0.0542297 -0.0184925 0.120925
OUTPUT3: 2008.28 0.0501825 -0.0234543 0.117274
OUTPUT3: 2008.28 0.0501764 -0.0234623 0.11727
OUTPUT3: 2008.28 0.0492204 -0.0247366 0.116604
OUTPUT3: 2008.28 0.0476473 -0.0268893 0.115546
OUTPUT3: 2008.28 0.0448347 -0.0308572 0.113728
OUTPUT3: 2008.28 0.0442354 -0.0317141 0.113346
OUTPUT3: 2008.28 0.0442331 -0.0317175 0.113344
OUTPUT3: 2008.28 0.0434954 -0.0327737 0.112872
OUTPUT3: 2008.28 0.0434912 -0.0327798 0.112869
OUTPUT3: 2008.28 0.0430262 -0.0334452 0.11257
OUTPUT3: 2008.29 0.0390804 -0.0388869 0.109807
OUTPUT3: 2008.29 0.0390732 -0.038896 0.109802
OUTPUT3: 2008.29 0.0380275 -0.0401323 0.108878
OUTPUT3: 2008.29 0.0380273 -0.0401325 0.108877
OUTPUT3: 2008.29 0.0378089 -0.0403626 0.10866
OUTPUT3: 2008.29 0.0377543 -0.0404181 0.108604
OUTPUT3: 2008.29 0.0370943 -0.0410057 0.107853
OUTPUT3: 2008.29 0.0370942 -0.0410058 0.107853
OUTPUT3: 2008.29 0.0352503 -0.0413078 0.104657
OUTPUT3: 2008.3 0.0374197 -0.0394801 0.10753
OUTPUT3: 2008.3 0.0355698 -0.0420291 0.106033
OUTPUT3: 2008.3 0.0355698 -0.0420291 0.106033
OUTPUT3: 2008.3 0.0355698 -0.0420291 0.106033
OUTPUT3: 2008.3 0.0355698 -0.0420291 0.106033
OUTPUT3: 2008.3 0.0355698 -0.0420291 0.106033
OUTPUT3: 2008.3 0.0355698 -0.0420291 0.106033
OUTPUT3: 2008.3 0.0355698 -0.0420291 0.106033
OUTPUT3: 2008.3 0.0355698 -0.0420291 0.106033
OUTPUT3: 2008.3 0.0355698 -0.0420291 0.106033
OUTPUT3: 2008.3 0.0355698 -0.0420291 0.106033
OUTPUT3: 2008.3 0.0355698 -0.0420291 0.106033
OUTPUT3: 2008.3 0.0355698 -0.0420291 0.106033
OUTPUT3: 2008.3 0.0355698 -0.0420291 0.106033
OUTPUT3: 2008.3 0.0355698 -0.0420291 0.106033
OUTPUT3: 2008.3 0.043403 -0.0313952 0.113152
OUTPUT3: 2008.3 0.0440373 -0.0305665 0.113738
OUTPUT3: 2008.31 0.0493859 -0.0286341 0.120342
OUTPUT3: 2008.31 0.0488748 -0.0295372 0.120228
OUTPUT3: 2008.31 0.0488748 -0.0295372 0.120228
OUTPUT3: 2008.31 0.0488748 -0.0295372 0.120228
OUTPUT3: 2008.31 0.0488748 -0.0295372 0.120228
OUTPUT3: 2008.31 0.0488748 -0.0295372 0.120228
OUTPUT3: 2008.31 0.0488748 -0.0295372 0.120228
OUTPUT3: 2008.31 0.0488748 -0.0295372 0.120228
OUTPUT3: 2008.31 0.0488748 -0.0295372 0.120228
OUTPUT3: 2008.31 0.0488748 -0.0295372 0.120228
OUTPUT3: 2008.31 0.0488748 -0.0295372 0.120228
OUTPUT3: 2008.31 0.0488748 -0.0295372 0.120228
OUTPUT3: 2008.31 0.0488748 -0.0295372 0.120228
OUTPUT3: 2008.31 0.0488748 -0.0295372 0.120228
OUTPUT3: 2008.31 0.0488748 -0.0295372 0.120228
OUTPUT3: 2008.31 0.0488748 -0.0295372 0.120228
OUTPUT3: 2008.31 0.0488748 -0.0295372 0.120228
OUTPUT3: 2008.31 0.0560721 -0.0225277 0.12819
OUTPUT3: 2008.31 0.0855427 0.0099046 0.156346
OUTPUT3: 2008.31 0.0855427 0.0099046 0.156346
OUTPUT3: 2008.31 0.0855427 0.0099046 0.156346
OUTPUT3: 2008.31 0.0855427 0.0099046 0.156346
OUTPUT3: 2008.31 0.0855427 0.0099046 0.156346
OUTPUT3: 2008.31 0.0855427 0.0099046 0.156346
OUTPUT3: 2008.31 0.0855427 0.0099046 0.156346
OUTPUT3: 2008.31 0.0855427 0.0099046 0.156346
OUTPUT3: 2008.31 0.0855427 0.0099046 0.156346
OUTPUT3: 2008.31 0.0855427 0.0099046 0.156346
OUTPUT3: 2008.31 0.0855427 0.0099046 0.156346
OUTPUT3: 2008.31 0.0855427 0.0099046 0.156346
OUTPUT3: 2008.31 0.0855427 0.0099046 0.156346
OUTPUT3: 2008.31 0.0855427 0.0099046 0.156346
OUTPUT3: 2008.31 0.0855427 0.0099046 0.156346
OUTPUT3: 2008.31 0.0855427 0.0099046 0.156346
OUTPUT3: 2008.31 0.0857152 0.0103117 0.156435
OUTPUT3: 2008.31 0.0857152 0.0103117 0.156434
OUTPUT3: 2008.31 0.0857152 0.0103117 0.156434
OUTPUT3: 2008.31 0.0857152 0.0103117 0.156435
OUTPUT3: 2008.31 0.0857152 0.0103117 0.156435
OUTPUT3: 2008.31 0.0857152 0.0103117 0.156435
OUTPUT3: 2008.31 0.0857152 0.0103117 0.156435
OUTPUT3: 2008.31 0.0857152 0.0103117 0.156435
OUTPUT3: 2008.31 0.0857152 0.0103117 0.156435
OUTPUT3: 2008.31 0.0857152 0.0103117 0.156435
OUTPUT3: 2008.31 0.0857152 0.0103117 0.156435
OUTPUT3: 2008.31 0.0857152 0.0103117 0.156435
OUTPUT3: 2008.31 0.0857152 0.0103117 0.156435
OUTPUT3: 2008.31 0.0857152 0.0103117 0.156435
OUTPUT3: 2008.31 0.0857152 0.0103117 0.156435
OUTPUT3: 2008.31 0.0857152 0.0103117 0.156435
OUTPUT3: 2008.31 0.085764 0.0104281 0.156459
OUTPUT3: 2008.31 0.085764 0.0104281 0.156459
OUTPUT3: 2008.31 0.085764 0.0104281 0.156459
OUTPUT3: 2008.31 0.085764 0.0104281 0.156459
OUTPUT3: 2008.31 0.085764 0.0104281 0.156459
OUTPUT3: 2008.31 0.085764 0.0104281 0.156459
OUTPUT3: 2008.31 0.085764 0.0104281 0.156459
OUTPUT3: 2008.31 0.085764 0.0104281 0.156459
OUTPUT3: 2008.31 0.085764 0.0104281 0.156459
OUTPUT3: 2008.31 0.085764 0.0104281 0.156459
OUTPUT3: 2008.31 0.085764 0.0104281 0.156459
OUTPUT3: 2008.31 0.085764 0.0104281 0.156459
OUTPUT3: 2008.31 0.085764 0.0104281 0.156459
OUTPUT3: 2008.31 0.085764 0.0104281 0.156459
OUTPUT3: 2008.31 0.085764 0.0104281 0.156459
OUTPUT3: 2008.31 0.085764 0.0104281 0.156459
OUTPUT3: 2008.32 0.0859717 0.0109397 0.156559
OUTPUT3: 2008.32 0.0859717 0.0109397 0.156559
OUTPUT3: 2008.32 0.0859717 0.0109397 0.156559
OUTPUT3: 2008.32 0.0859717 0.0109397 0.156559
OUTPUT3: 2008.32 0.0859717 0.0109397 0.156559
OUTPUT3: 2008.32 0.0859717 0.0109397 0.156559
OUTPUT3: 2008.32 0.0859717 0.0109397 0.156559
OUTPUT3: 2008.32 0.0859717 0.0109397 0.156559
OUTPUT3: 2008.32 0.0859717 0.0109397 0.156559
OUTPUT3: 2008.32 0.0859717 0.0109397 0.156559
OUTPUT3: 2008.32 0.0859717 0.0109397 0.156559
OUTPUT3: 2008.32 0.0859717 0.0109397 0.156559
OUTPUT3: 2008.32 0.0859717 0.0109397 0.156559
OUTPUT3: 2008.32 0.0859717 0.0109397 0.156559
OUTPUT3: 2008.32 0.0859717 0.0109397 0.156559
OUTPUT3: 2008.32 0.0859717 0.0109397 0.156559
OUTPUT3: 2008.32 0.0771969 0.000996654 0.147852
OUTPUT3: 2008.32 0.0771969 0.000996644 0.147852
OUTPUT3: 2008.32 0.0584814 -0.0207754 0.131157
OUTPUT3: 2008.32 0.0582113 -0.0210164 0.130884
OUTPUT3: 2008.33 0.0504898 -0.0273867 0.121618
OUTPUT3: 2008.33 0.0527552 -0.0233894 0.123188
OUTPUT3: 2008.33 0.0529949 -0.0229434 0.123379
OUTPUT3: 2008.33 0.0524206 -0.0229542 0.12328
OUTPUT3: 2008.33 0.0519213 -0.0242067 0.123154
OUTPUT3: 2008.33 0.051809 -0.02469 0.123235
OUTPUT3: 2008.34 0.0532216 -0.0241134 0.125287
OUTPUT3: 2008.34 0.0537764 -0.0234886 0.125881
OUTPUT3: 2008.34 0.0552286 -0.0216493 0.12734
OUTPUT3: 2008.34 0.0569756 -0.0191711 0.128978
OUTPUT3: 2008.34 0.0585878 -0.0166393 0.130398
OUTPUT3: 2008.34 0.0588745 -0.016156 0.130639
OUTPUT3: 2008.34 0.0591536 -0.0156711 0.13087
OUTPUT3: 2008.34 0.0591553 -0.0156682 0.130871
OUTPUT3: 2008.34 0.0599922 -0.0140654 0.131517
OUTPUT3: 2008.34 0.0600586 -0.0139189 0.131562
OUTPUT3: 2008.34 0.0600354 -0.012727 0.131197
OUTPUT3: 2008.34 0.0600353 -0.0127271 0.131197
OUTPUT3: 2008.34 0.0591761 -0.0133722 0.13035
OUTPUT3: 2008.34 0.0591758 -0.0133726 0.130349
OUTPUT3: 2008.34 0.0556298 -0.01716 0.126733
OUTPUT3: 2008.34 0.0556291 -0.0171607 0.126732
OUTPUT3: 2008.34 0.0524489 -0.0209263 0.12366
OUTPUT3: 2008.34 0.0482721 -0.0260369 0.119678
OUTPUT3: 2008.34 0.047606 -0.0268599 0.119044
OUTPUT3: 2008.34 0.0473646 -0.0271584 0.118815
OUTPUT3: 2008.34 0.0173933 -0.060685 0.0888217
OUTPUT3: 2008.35 0.0106445 -0.0661552 0.0819411
OUTPUT3: 2008.36 0.00760263 -0.066362 0.0783242
OUTPUT3: 2008.36 0.00760259 -0.0663623 0.0783243
OUTPUT3: 2008.36 0.00749005 -0.06676 0.0782976
OUTPUT3: 2008.36 0.00748977 -0.0667607 0.0782976
OUTPUT3: 2008.36 0.00728089 -0.0672471 0.0781677
OUTPUT3: 2008.36 0.00727943 -0.0672501 0.0781666
OUTPUT3: 2008.36 0.00696882 -0.0678674 0.0779395
OUTPUT3: 2008.36 0.00696871 -0.0678676 0.0779393
OUTPUT3: 2008.36 0.00691992 -0.0679592 0.0779019
OUTPUT3: 2008.36 0.00666793 -0.0684177 0.0777039
OUTPUT3: 2008.36 0.00666701 -0.0684193 0.0777031
OUTPUT3: 2008.36 0.00629891 -0.0690583 0.0774039
OUTPUT3: 2008.36 0.00629811 -0.0690597 0.0774031
OUTPUT3: 2008.36 0.00565668 -0.0701188 0.0768637
OUTPUT3: 2008.36 0.00565569 -0.0701204 0.0768628
OUTPUT3: 2008.36 -0.00937229 -0.0891589 0.06397
OUTPUT3: 2008.36 -0.00985996 -0.0895519 0.0634732
OUTPUT3: 2008.36 -0.0102789 -0.0898444 0.0630129
OUTPUT3: 2008.36 -0.0102793 -0.0898446 0.0630124
OUTPUT3: 2008.36 -0.0106136 -0.0900285 0.062608
OUTPUT3: 2008.36 -0.0106139 -0.0900286 0.0626077
OUTPUT3: 2008.36 -0.0108675 -0.0901126 0.0622591
OUTPUT3: 2008.36 -0.0108678 -0.0901126 0.0622586
OUTPUT3: 2008.37 -0.00936656 -0.086869 0.0621186
OUTPUT3: 2008.37 -0.00928502 -0.0867947 0.0621856
OUTPUT3: 2008.37 -0.00906404 -0.0866144 0.0623796
OUTPUT3: 2008.37 -0.0090638 -0.0866143 0.0623798
OUTPUT3: 2008.37 -0.00889948 -0.0865047 0.0625381
OUTPUT3: 2008.37 -0.00889919 -0.0865045 0.0625384
OUTPUT3: 2008.37 -0.00875681 -0.0864326 0.0626882
OUTPUT3: 2008.37 -0.00875641 -0.0864325 0.0626886
OUTPUT3: 2008.37 -0.00863798 -0.0863964 0.0628257
OUTPUT3: 2008.37 -0.00863793 -0.0863964 0.0628258
OUTPUT3: 2008.37 -0.00854379 -0.0863924 0.0629472
OUTPUT3: 2008.37 -0.00854359 -0.0863924 0.0629475
OUTPUT3: 2008.37 -0.00846214 -0.0864233 0.0630691
OUTPUT3: 2008.37 -0.00846209 -0.0864234 0.0630692
OUTPUT3: 2008.37 -0.00842897 -0.0864562 0.063128
OUTPUT3: 2008.37 -0.00842888 -0.0864563 0.0631281
OUTPUT3: 2008.37 -0.00852293 -0.0859467 0.0627801
OUTPUT3: 2008.37 -0.0083615 -0.0854368 0.0628451
OUTPUT3: 2008.37 -0.00836136 -0.0854365 0.0628451
OUTPUT3: 2008.37 -0.00825025 -0.0851438 0.0629058
OUTPUT3: 2008.37 -0.00824995 -0.085143 0.062906
OUTPUT3: 2008.37 -0.00812089 -0.084838 0.0629868
OUTPUT3: 2008.37 -0.00812057 -0.0848373 0.062987
OUTPUT3: 2008.37 -0.00801163 -0.0846015 0.0630619
OUTPUT3: 2008.37 -0.00801106 -0.0846003 0.0630624
OUTPUT3: 2008.37 -0.00492153 -0.0812818 0.0663417
OUTPUT3: 2008.37 -0.00492105 -0.0812816 0.0663424
OUTPUT3: 2008.37 -0.00464381 -0.0811374 0.0666922
OUTPUT3: 2008.37 -0.00464336 -0.0811371 0.0666927
OUTPUT3: 2008.37 -0.00445685 -0.0810433 0.066929
OUTPUT3: 2008.37 -0.00436121 -0.0809956 0.0670504
OUTPUT3: 2008.37 -0.00436086 -0.0809955 0.0670509
OUTPUT3: 2008.37 -0.0042513 -0.080941 0.0671898
OUTPUT3: 2008.37 -0.0040737 -0.0808524 0.0674149
OUTPUT3: 2008.37 -0.00407333 -0.0808522 0.0674154
OUTPUT3: 2008.37 -0.00378116 -0.080703 0.0677841
OUTPUT3: 2008.37 -0.00378079 -0.0807028 0.0677846
OUTPUT3: 2008.37 -0.00348511 -0.0805441 0.0681542
OUTPUT3: 2008.37 -0.00348474 -0.0805439 0.0681548
OUTPUT3: 2008.37 -0.00327325 -0.0804234 0.0684163
OUTPUT3: 2008.37 -0.00326811 -0.0804204 0.0684226
OUTPUT3: 2008.37 -0.00312664 -0.0803358 0.0685959
OUTPUT3: 2008.37 -0.00312528 -0.080335 0.0685975
OUTPUT3: 2008.37 -0.00291465 -0.0802024 0.0688527
OUTPUT3: 2008.37 -0.00291421 -0.0802021 0.0688533
OUTPUT3: 2008.37 0.00126764 -0.0752809 0.0729772
OUTPUT3: 2008.37 0.00153338 -0.0748077 0.0731714
OUTPUT3: 2008.37 0.00153375 -0.074807 0.0731717
OUTPUT3: 2008.37 0.00177938 -0.0743522 0.0733433
OUTPUT3: 2008.37 0.00177961 -0.0743518 0.0733435
OUTPUT3: 2008.37 0.00200709 -0.0739158 0.0734953
OUTPUT3: 2008.37 0.00200746 -0.073915 0.0734956
OUTPUT3: 2008.37 0.00221671 -0.0735019 0.0736291
OUTPUT3: 2008.37 0.00221695 -0.0735014 0.0736292
OUTPUT3: 2008.37 0.00240527 -0.0731208 0.0737443
OUTPUT3: 2008.37 0.00240554 -0.0731202 0.0737444
OUTPUT3: 2008.37 0.00257346 -0.0727755 0.0738432
OUTPUT3: 2008.37 0.00257369 -0.072775 0.0738433
OUTPUT3: 2008.38 0.00272181 -0.0724698 0.073928
OUTPUT3: 2008.38 0.00272197 -0.0724694 0.073928
OUTPUT3: 2008.38 0.00282311 -0.0722631 0.0739851
OUTPUT3: 2008.38 0.00282436 -0.0722606 0.0739858
OUTPUT3: 2008.38 0.00394852 -0.0724689 0.0754924
OUTPUT3: 2008.38 0.0039486 -0.072469 0.0754925
OUTPUT3: 2008.38 0.0041314 -0.0725713 0.0757814
OUTPUT3: 2008.38 0.00413141 -0.0725713 0.0757814
OUTPUT3: 2008.38 0.00434851 -0.0726429 0.0761084
OUTPUT3: 2008.38 0.00434885 -0.0726429 0.0761089
OUTPUT3: 2008.38 0.00451487 -0.0726694 0.0763496
OUTPUT3: 2008.38 0.00451638 -0.0726696 0.0763517
OUTPUT3: 2008.38 0.00451846 -0.0726698 0.0763547
OUTPUT3: 2008.38 0.00500301 -0.0726444 0.077023
OUTPUT3: 2008.38 0.00500355 -0.0726443 0.0770237
OUTPUT3: 2008.38 0.00534908 -0.0725571 0.0774768
OUTPUT3: 2008.38 0.00535016 -0.0725568 0.0774782
OUTPUT3: 2008.38 0.0056348 -0.0724519 0.0778401
OUTPUT3: 2008.38 0.00573513 -0.0724087 0.0779655
OUTPUT3: 2008.38 0.00609217 -0.0722322 0.0784039
OUTPUT3: 2008.38 0.0060934 -0.0722316 0.0784054
OUTPUT3: 2008.38 0.0121408 -0.065528 0.0845307
OUTPUT3: 2008.38 0.012346 -0.0650789 0.0846624
OUTPUT3: 2008.38 0.0125165 -0.0645837 0.0847306
OUTPUT3: 2008.38 0.0125166 -0.0645832 0.0847306
OUTPUT3: 2008.38 0.0125624 -0.0643572 0.0847176
OUTPUT3: 2008.38 0.0125737 -0.0642186 0.0846865
OUTPUT3: 2008.38 0.0125737 -0.0642181 0.0846863
OUTPUT3: 2008.38 0.0125252 -0.0639593 0.0845326
OUTPUT3: 2008.38 0.0125251 -0.0639591 0.0845323
OUTPUT3: 2008.38 0.0122954 -0.063806 0.0841654
OUTPUT3: 2008.38 0.0119824 -0.0638422 0.0837478
OUTPUT3: 2008.38 0.0115461 -0.0640248 0.0832107
OUTPUT3: 2008.38 0.0109993 -0.0643527 0.082571
OUTPUT3: 2008.39 -0.0154684 -0.0958278 0.0585787
OUTPUT3: 2008.39 -0.00972498 -0.0909686 0.0655266
OUTPUT3: 2008.39 -0.00852027 -0.0894601 0.0664231
OUTPUT3: 2008.39 -0.00642508 -0.086818 0.0679645
OUTPUT3: 2008.39 0.010696 -0.0658005 0.0833221
OUTPUT3: 2008.39 0.0106966 -0.0657998 0.0833228
OUTPUT3: 2008.39 0.0116036 -0.0649427 0.0843816
OUTPUT3: 2008.39 0.0120726 -0.0645731 0.0849792
OUTPUT3: 2008.39 0.0122444 -0.0644548 0.0852114
OUTPUT3: 2008.39 0.0125862 -0.0642263 0.0856868
OUTPUT3: 2008.39 0.0125863 -0.0642262 0.085687
OUTPUT3: 2008.4 0.0135791 -0.0630151 0.0867931
OUTPUT3: 2008.4 0.0141285 -0.0620909 0.0872575
OUTPUT3: 2008.4 0.0143433 -0.0616986 0.0874223
OUTPUT3: 2008.4 0.0149427 -0.0604199 0.0877959
OUTPUT3: 2008.4 0.0150144 -0.060187 0.0878056
OUTPUT3: 2008.4 0.0150386 -0.0600132 0.087768
OUTPUT3: 2008.4 0.0150386 -0.0600131 0.0877679
OUTPUT3: 2008.4 0.0150357 -0.0599778 0.0877485
OUTPUT3: 2008.4 0.0150211 -0.0599315 0.0877062
OUTPUT3: 2008.4 0.0149966 -0.0599045 0.0876575
OUTPUT3: 2008.4 0.0149965 -0.0599045 0.0876572
OUTPUT3: 2008.4 0.0149934 -0.0599026 0.0876517
OUTPUT3: 2008.4 0.0149934 -0.0599026 0.0876517
OUTPUT3: 2008.4 0.0129257 -0.0618204 0.0853359
OUTPUT3: 2008.4 0.0120538 -0.062846 0.0844548
OUTPUT3: 2008.4 0.0120531 -0.0628469 0.0844541
OUTPUT3: 2008.4 0.0102037 -0.0651196 0.0826289
OUTPUT3: 2008.4 0.00911356 -0.0664963 0.0815698
OUTPUT3: 2008.4 0.00635569 -0.0700507 0.0789231
OUTPUT3: 2008.4 0.00635331 -0.0700538 0.0789209
OUTPUT3: 2008.4 0.00481481 -0.0720668 0.0774582
OUTPUT3: 2008.4 0.000820432 -0.077355 0.0736891
OUTPUT3: 2008.4 -0.00145074 -0.0803883 0.0715582
OUTPUT3: 2008.4 -0.00145944 -0.0803999 0.0715501
OUTPUT3: 2008.4 0.0139345 -0.0623126 0.0867212
OUTPUT3: 2008.4 0.0115359 -0.0661607 0.0847943
OUTPUT3: 2008.4 0.0115359 -0.0661607 0.0847943
OUTPUT3: 2008.4 0.0115359 -0.0661607 0.0847943
OUTPUT3: 2008.4 0.0115359 -0.0661607 0.0847943
OUTPUT3: 2008.4 0.0115359 -0.0661607 0.0847943
OUTPUT3: 2008.4 0.0115359 -0.0661607 0.0847943
OUTPUT3: 2008.4 0.0115359 -0.0661607 0.0847943
OUTPUT3: 2008.4 0.0115359 -0.0661607 0.0847943
OUTPUT3: 2008.4 0.0115359 -0.0661607 0.0847943
OUTPUT3: 2008.4 0.0115359 -0.0661607 0.0847943
OUTPUT3: 2008.4 0.0115359 -0.0661607 0.0847943
OUTPUT3: 2008.4 0.0115359 -0.0661607 0.0847943
OUTPUT3: 2008.4 0.0115359 -0.0661607 0.0847943
OUTPUT3: 2008.4 0.0115359 -0.0661607 0.0847943
OUTPUT3: 2008.4 0.0115359 -0.0661607 0.0847943
OUTPUT3: 2008.4 0.0115359 -0.0661607 0.0847943
OUTPUT3: 2008.4 0.0113187 -0.0664858 0.08461
OUTPUT3: 2008.4 0.0113187 -0.0664858 0.08461
OUTPUT3: 2008.4 0.0113187 -0.0664858 0.08461
OUTPUT3: 2008.4 0.0113187 -0.0664858 0.08461
OUTPUT3: 2008.4 0.0113187 -0.0664858 0.08461
OUTPUT3: 2008.4 0.0113187 -0.0664858 0.08461
OUTPUT3: 2008.4 0.0113187 -0.0664858 0.08461
OUTPUT3: 2008.4 0.0113187 -0.0664858 0.08461
OUTPUT3: 2008.4 0.0113187 -0.0664858 0.08461
OUTPUT3: 2008.4 0.0113187 -0.0664858 0.08461
OUTPUT3: 2008.4 0.0113187 -0.0664858 0.08461
OUTPUT3: 2008.4 0.0113187 -0.0664858 0.08461
OUTPUT3: 2008.4 0.0113187 -0.0664858 0.08461
OUTPUT3: 2008.4 0.0113187 -0.0664858 0.08461
OUTPUT3: 2008.4 0.0113187 -0.0664858 0.08461
OUTPUT3: 2008.4 0.0113187 -0.0664858 0.0846099
OUTPUT3: 2008.41 0.00640788 -0.071446 0.0796218
OUTPUT3: 2008.41 0.00634178 -0.071981 0.0797092
OUTPUT3: 2008.42 0.0510603 -0.026569 0.125446
OUTPUT3: 2008.42 0.0443359 -0.0352706 0.118532
OUTPUT3: 2008.43 0.0426699 -0.0382428 0.118613
OUTPUT3: 2008.43 0.0602116 -0.0198059 0.135552
OUTPUT3: 2008.43 0.0611011 -0.0186005 0.136386
OUTPUT3: 2008.44 0.0495167 -0.0304085 0.124708
OUTPUT3: 2008.44 0.0499756 -0.030221 0.125596
OUTPUT3: 2008.44 0.0507724 -0.0292198 0.126357
OUTPUT3: 2008.45 0.035955 -0.0473723 0.114075
OUTPUT3: 2008.45 0.0359551 -0.0473722 0.114075
OUTPUT3: 2008.45 0.0362716 -0.0468301 0.114164
OUTPUT3: 2008.45 0.0362717 -0.04683 0.114164
OUTPUT3: 2008.45 0.036619 -0.0462667 0.114304
OUTPUT3: 2008.45 0.0366194 -0.0462661 0.114304
OUTPUT3: 2008.45 0.0370534 -0.045574 0.114493
OUTPUT3: 2008.45 0.037054 -0.0455729 0.114494
OUTPUT3: 2008.45 0.0383007 -0.0436181 0.115076
OUTPUT3: 2008.45 0.0413574 -0.0389307 0.116606
OUTPUT3: 2008.45 0.042496 -0.0372123 0.117236
OUTPUT3: 2008.45 0.0470634 -0.0304615 0.121269
OUTPUT3: 2008.45 0.0499658 -0.0263316 0.124142
OUTPUT3: 2008.45 0.0507352 -0.0252749 0.125037
OUTPUT3: 2008.45 0.0513786 -0.0244148 0.125781
OUTPUT3: 2008.45 0.0519197 -0.0237206 0.1264
OUTPUT3: 2008.45 0.0525953 -0.0229851 0.127143
OUTPUT3: 2008.45 0.0525956 -0.022985 0.127143
OUTPUT3: 2008.45 0.0526501 -0.0230189 0.127182
OUTPUT3: 2008.45 0.0526501 -0.0230189 0.127182
OUTPUT3: 2008.45 0.052357 -0.0236833 0.126782
OUTPUT3: 2008.45 0.0508139 -0.0262933 0.125123
OUTPUT3: 2008.45 0.0508139 -0.0262934 0.125123
OUTPUT3: 2008.45 0.0501067 -0.0274192 0.124534
OUTPUT3: 2008.45 0.0501059 -0.0274204 0.124533
OUTPUT3: 2008.45 0.043062 -0.0379148 0.118635
OUTPUT3: 2008.45 0.043062 -0.0379148 0.118635
OUTPUT3: 2008.45 0.0424117 -0.0388329 0.118238
OUTPUT3: 2008.45 0.0424116 -0.038833 0.118238
OUTPUT3: 2008.45 0.0405468 -0.041407 0.117104
OUTPUT3: 2008.45 0.0405467 -0.0414071 0.117104
OUTPUT3: 2008.46 0.037097 -0.0455891 0.114663
OUTPUT3: 2008.46 0.0508828 -0.0268923 0.12492
OUTPUT3: 2008.46 0.0511777 -0.0266588 0.125245
OUTPUT3: 2008.46 0.039039 -0.0450238 0.118207
OUTPUT3: 2008.47 0.0678837 -0.012382 0.143827
OUTPUT3: 2008.47 0.0676736 -0.0127031 0.14365
OUTPUT3: 2008.48 0.0624598 -0.0154151 0.138323
OUTPUT3: 2008.48 0.0624598 -0.0154151 0.138323
OUTPUT3: 2008.48 0.0476977 -0.0319009 0.123559
OUTPUT3: 2008.48 0.0476977 -0.0319009 0.123559
OUTPUT3: 2008.48 0.0476977 -0.0319009 0.123559
OUTPUT3: 2008.48 0.0476977 -0.0319009 0.123559
OUTPUT3: 2008.48 0.0476977 -0.0319009 0.123559
OUTPUT3: 2008.48 0.0476977 -0.0319009 0.123559
OUTPUT3: 2008.48 0.0476977 -0.0319009 0.123559
OUTPUT3: 2008.48 0.0476977 -0.0319009 0.123559
OUTPUT3: 2008.48 0.0476977 -0.0319009 0.123559
OUTPUT3: 2008.48 0.0476977 -0.0319009 0.123559
OUTPUT3: 2008.48 0.0476977 -0.0319009 0.123559
OUTPUT3: 2008.48 0.0476977 -0.0319009 0.123559
OUTPUT3: 2008.48 0.0478757 -0.0313925 0.123602
OUTPUT3: 2008.48 0.0478757 -0.0313925 0.123602
OUTPUT3: 2008.48 0.0478757 -0.0313925 0.123602
OUTPUT3: 2008.48 0.0478757 -0.0313925 0.123602
OUTPUT3: 2008.48 0.0478757 -0.0313925 0.123602
OUTPUT3: 2008.48 0.0478757 -0.0313925 0.123602
OUTPUT3: 2008.48 0.0478757 -0.0313925 0.123602
OUTPUT3: 2008.48 0.0478757 -0.0313925 0.123602
OUTPUT3: 2008.48 0.0478757 -0.0313925 0.123602
OUTPUT3: 2008.48 0.0478757 -0.0313925 0.123602
OUTPUT3: 2008.48 0.0478757 -0.0313925 0.123602
OUTPUT3: 2008.48 0.0478757 -0.0313925 0.123602
OUTPUT3: 2008.48 0.0478757 -0.0313925 0.123602
OUTPUT3: 2008.48 0.0478757 -0.0313925 0.123602
OUTPUT3: 2008.48 0.0478757 -0.0313925 0.123602
OUTPUT3: 2008.48 0.0478757 -0.0313925 0.123602
OUTPUT3: 2008.48 0.0379344 -0.0423372 0.113827
OUTPUT3: 2008.48 0.0379344 -0.0423372 0.113827
OUTPUT3: 2008.48 0.0379344 -0.0423372 0.113827
OUTPUT3: 2008.48 0.0379344 -0.0423372 0.113827
OUTPUT3: 2008.48 0.0379344 -0.0423372 0.113827
OUTPUT3: 2008.48 0.0379344 -0.0423372 0.113827
OUTPUT3: 2008.48 0.0379344 -0.0423372 0.113827
OUTPUT3: 2008.48 0.0379344 -0.0423372 0.113827
OUTPUT3: 2008.48 0.0379344 -0.0423372 0.113827
OUTPUT3: 2008.48 0.0379344 -0.0423372 0.113827
OUTPUT3: 2008.48 0.0379344 -0.0423372 0.113827
OUTPUT3: 2008.48 0.0379344 -0.0423372 0.113827
OUTPUT3: 2008.48 0.0379344 -0.0423372 0.113827
OUTPUT3: 2008.48 0.0379344 -0.0423372 0.113827
OUTPUT3: 2008.48 0.0379344 -0.0423372 0.113827
OUTPUT3: 2008.48 0.0379344 -0.0423372 0.113827
OUTPUT3: 2008.48 0.0368554 -0.0439279 0.113261
OUTPUT3: 2008.48 0.0368554 -0.0439279 0.113261
OUTPUT3: 2008.48 0.0368554 -0.0439279 0.113261
OUTPUT3: 2008.48 0.0368554 -0.0439279 0.113261
OUTPUT3: 2008.48 0.0368554 -0.0439279 0.113261
OUTPUT3: 2008.48 0.0368554 -0.0439279 0.113261
OUTPUT3: 2008.48 0.0368554 -0.0439279 0.113261
OUTPUT3: 2008.48 0.0368554 -0.0439279 0.113261
OUTPUT3: 2008.48 0.0368554 -0.0439279 0.113261
OUTPUT3: 2008.48 0.0368554 -0.0439279 0.113261
OUTPUT3: 2008.48 0.0368554 -0.0439279 0.113261
OUTPUT3: 2008.48 0.0368554 -0.0439279 0.113261
OUTPUT3: 2008.48 0.0368554 -0.0439279 0.113261
OUTPUT3: 2008.48 0.0368554 -0.0439279 0.113261
OUTPUT3: 2008.48 0.0368554 -0.0439279 0.113261
OUTPUT3: 2008.48 0.0368554 -0.0439279 0.113261
OUTPUT3: 2008.48 0.0350324 -0.0466945 0.112373
OUTPUT3: 2008.48 0.0350324 -0.0466945 0.112373
OUTPUT3: 2008.48 0.0350324 -0.0466945 0.112373
OUTPUT3: 2008.48 0.0350324 -0.0466945 0.112373
OUTPUT3: 2008.48 0.0350324 -0.0466945 0.112373
OUTPUT3: 2008.48 0.0350324 -0.0466945 0.112373
OUTPUT3: 2008.48 0.0350324 -0.0466945 0.112373
OUTPUT3: 2008.48 0.0350324 -0.0466945 0.112373
OUTPUT3: 2008.48 0.0350324 -0.0466945 0.112373
OUTPUT3: 2008.48 0.0350324 -0.0466945 0.112373
OUTPUT3: 2008.48 0.0350324 -0.0466945 0.112373
OUTPUT3: 2008.48 0.0350324 -0.0466945 0.112373
OUTPUT3: 2008.48 0.0350324 -0.0466945 0.112373
OUTPUT3: 2008.48 0.0350324 -0.0466945 0.112373
OUTPUT3: 2008.48 0.0350324 -0.0466945 0.112373
OUTPUT3: 2008.48 0.0350324 -0.0466945 0.112373
OUTPUT3: 2008.48 0.0354104 -0.0485032 0.114765
OUTPUT3: 2008.48 0.0363373 -0.0473485 0.115458
OUTPUT3: 2008.48 0.0384135 -0.0446988 0.116955
OUTPUT3: 2008.49 0.0535877 -0.0243222 0.127992
OUTPUT3: 2008.49 0.0548833 -0.0225645 0.129532
OUTPUT3: 2008.49 0.0550591 -0.0224109 0.129833
OUTPUT3: 2008.49 0.0543873 -0.023414 0.129094
OUTPUT3: 2008.49 0.0527451 -0.025837 0.127691
OUTPUT3: 2008.49 0.0527446 -0.0258378 0.12769
OUTPUT3: 2008.49 0.0517407 -0.0273253 0.126849
OUTPUT3: 2008.49 0.0517406 -0.0273254 0.126849
OUTPUT3: 2008.49 0.0495177 -0.0307224 0.125002
OUTPUT3: 2008.49 0.0492914 -0.0311066 0.124879
OUTPUT3: 2008.49 0.0492913 -0.0311068 0.124879
OUTPUT3: 2008.49 0.0492066 -0.0314385 0.125044
OUTPUT3: 2008.49 0.0492066 -0.0314385 0.125044
OUTPUT3: 2008.49 0.0496337 -0.0310028 0.125477
OUTPUT3: 2008.49 0.051676 -0.0285535 0.127184
OUTPUT3: 2008.49 0.0517261 -0.028492 0.127226
OUTPUT3: 2008.5 0.106775 0.0274419 0.182871
OUTPUT3: 2008.51 0.106094 0.0221584 0.185753
OUTPUT3: 2008.51 0.106094 0.0221584 0.185753
OUTPUT3: 2008.51 0.107971 0.024716 0.187086
OUTPUT3: 2008.51 0.107971 0.024716 0.187086
OUTPUT3: 2008.51 0.10917 0.0263502 0.187922
OUTPUT3: 2008.51 0.10917 0.0263502 0.187922
OUTPUT3: 2008.51 0.110224 0.0277811 0.188656
OUTPUT3: 2008.51 0.110224 0.0277811 0.188656
OUTPUT3: 2008.51 0.12915 0.0504187 0.205539
OUTPUT3: 2008.51 0.132237 0.0529171 0.20908
OUTPUT3: 2008.51 0.132237 0.0529171 0.20908
OUTPUT3: 2008.51 0.134764 0.0538921 0.212607
OUTPUT3: 2008.51 0.134764 0.0538921 0.212607
OUTPUT3: 2008.51 0.134713 0.0539773 0.212515
OUTPUT3: 2008.51 0.134713 0.0539773 0.212515
OUTPUT3: 2008.51 0.134666 0.0540699 0.212422
OUTPUT3: 2008.51 0.134659 0.0540841 0.212408
OUTPUT3: 2008.51 0.134659 0.0540841 0.212408
OUTPUT3: 2008.51 0.134601 0.0542103 0.212289
OUTPUT3: 2008.51 0.134601 0.0542103 0.212289
OUTPUT3: 2008.51 0.134542 0.0543527 0.212161
OUTPUT3: 2008.51 0.134542 0.0543527 0.212161
OUTPUT3: 2008.51 0.13448 0.0545071 0.212024
OUTPUT3: 2008.51 0.13448 0.0545071 0.212024
OUTPUT3: 2008.51 0.13443 0.0546368 0.211911
OUTPUT3: 2008.51 0.13443 0.0546368 0.211911
OUTPUT3: 2008.51 0.132112 0.0540377 0.209318
OUTPUT3: 2008.51 0.132112 0.0540377 0.209318
OUTPUT3: 2008.51 0.131899 0.0537629 0.209084
OUTPUT3: 2008.51 0.131899 0.0537629 0.209084
OUTPUT3: 2008.51 0.130346 0.0516809 0.20735
OUTPUT3: 2008.51 0.130346 0.0516809 0.20735
OUTPUT3: 2008.52 0.115106 0.0339092 0.192152
OUTPUT3: 2008.52 0.115106 0.0339092 0.192152
OUTPUT3: 2008.52 0.113665 0.0323752 0.190793
OUTPUT3: 2008.52 0.113665 0.0323752 0.190793
OUTPUT3: 2008.52 0.113574 0.0322778 0.190706
OUTPUT3: 2008.52 0.112175 0.0307938 0.189443
OUTPUT3: 2008.52 0.112175 0.0307938 0.189443
OUTPUT3: 2008.52 0.111137 0.0296927 0.18853
OUTPUT3: 2008.52 0.111137 0.0296927 0.18853
OUTPUT3: 2008.52 0.110044 0.0285345 0.187571
OUTPUT3: 2008.52 0.110044 0.0285345 0.187571
OUTPUT3: 2008.52 0.108462 0.0268555 0.186185
OUTPUT3: 2008.52 0.108461 0.0268546 0.186185
OUTPUT3: 2008.52 0.107069 0.0253735 0.18497
OUTPUT3: 2008.52 0.107069 0.0253735 0.18497
OUTPUT3: 2008.52 0.0873118 0.00273418 0.169023
OUTPUT3: 2008.52 0.114028 0.0328737 0.191339
OUTPUT3: 2008.52 0.123673 0.0436455 0.201056
OUTPUT3: 2008.52 0.123673 0.0436455 0.201056
OUTPUT3: 2008.52 0.122431 0.0418839 0.199937
OUTPUT3: 2008.52 0.122431 0.0418839 0.199937
OUTPUT3: 2008.52 0.12117 0.0400926 0.198802
OUTPUT3: 2008.52 0.12117 0.0400926 0.198802
OUTPUT3: 2008.52 0.120329 0.0388965 0.198046
OUTPUT3: 2008.52 0.120329 0.0388965 0.198046
OUTPUT3: 2008.52 0.11923 0.0373303 0.197164
OUTPUT3: 2008.52 0.11923 0.0373303 0.197164
OUTPUT3: 2008.53 0.118033 0.03562 0.196385
OUTPUT3: 2008.53 0.118033 0.03562 0.196385
OUTPUT3: 2008.53 0.116589 0.0328721 0.196242
OUTPUT3: 2008.53 0.116589 0.0328721 0.196242
OUTPUT3: 2008.53 0.117943 0.0347266 0.197108
OUTPUT3: 2008.53 0.117943 0.0347266 0.197108
OUTPUT3: 2008.53 0.118787 0.0358838 0.197646
OUTPUT3: 2008.53 0.118787 0.0358838 0.197646
OUTPUT3: 2008.53 0.120024 0.0375836 0.198434
OUTPUT3: 2008.53 0.120024 0.0375836 0.198434
OUTPUT3: 2008.53 0.121042 0.0389827 0.199164
OUTPUT3: 2008.53 0.121042 0.0389827 0.199164
OUTPUT3: 2008.53 0.122077 0.040405 0.199966
OUTPUT3: 2008.53 0.122077 0.040405 0.199966
OUTPUT3: 2008.53 0.122976 0.0416393 0.200791
OUTPUT3: 2008.53 0.122976 0.0416393 0.200791
OUTPUT3: 2008.53 0.133387 0.0550518 0.211745
OUTPUT3: 2008.53 0.133304 0.0547966 0.211615
OUTPUT3: 2008.53 0.13317 0.0544859 0.211431
OUTPUT3: 2008.53 0.13317 0.0544859 0.211431
OUTPUT3: 2008.53 0.132988 0.0541036 0.211188
OUTPUT3: 2008.53 0.132933 0.0539931 0.211116
OUTPUT3: 2008.53 0.132933 0.0539931 0.211116
OUTPUT3: 2008.53 0.132632 0.0534046 0.210726
OUTPUT3: 2008.53 0.132632 0.0534046 0.210726
OUTPUT3: 2008.53 0.132326 0.0528251 0.210332
OUTPUT3: 2008.53 0.132326 0.0528251 0.210332
OUTPUT3: 2008.53 0.132003 0.0522243 0.20992
OUTPUT3: 2008.53 0.132003 0.0522243 0.20992
OUTPUT3: 2008.53 0.131616 0.0515085 0.209628
OUTPUT3: 2008.53 0.131616 0.0515085 0.209628
OUTPUT3: 2008.53 0.132659 0.0507216 0.211487
OUTPUT3: 2008.53 0.133326 0.0515825 0.212119
OUTPUT3: 2008.53 0.133326 0.0515825 0.212119
OUTPUT3: 2008.53 0.133624 0.0519696 0.2124
OUTPUT3: 2008.53 0.134364 0.052939 0.213095
OUTPUT3: 2008.53 0.134364 0.052939 0.213095
OUTPUT3: 2008.53 0.134591 0.0532375 0.213307
OUTPUT3: 2008.53 0.135663 0.0546574 0.214309
OUTPUT3: 2008.53 0.135663 0.0546574 0.214309
OUTPUT3: 2008.53 0.136612 0.0559222 0.215192
OUTPUT3: 2008.53 0.136612 0.0559222 0.215191
OUTPUT3: 2008.53 0.137271 0.0568051 0.215804
OUTPUT3: 2008.53 0.137271 0.0568051 0.215804
OUTPUT3: 2008.53 0.137912 0.0576649 0.216399
OUTPUT3: 2008.53 0.137912 0.0576649 0.216399
OUTPUT3: 2008.55 0.124286 0.0425491 0.202709
OUTPUT3: 2008.55 0.131463 0.0473805 0.211187
OUTPUT3: 2008.55 0.131773 0.0478404 0.211407
OUTPUT3: 2008.55 0.131773 0.0478404 0.211407
OUTPUT3: 2008.55 0.132395 0.0488635 0.21183
OUTPUT3: 2008.55 0.136457 0.0509826 0.217502
OUTPUT3: 2008.55 0.135637 0.0492723 0.217457
OUTPUT3: 2008.55 0.135015 0.0481328 0.217308
OUTPUT3: 2008.55 0.134698 0.0476409 0.217171
OUTPUT3: 2008.55 0.13434 0.0474616 0.216766
OUTPUT3: 2008.55 0.134465 0.0480697 0.216546
OUTPUT3: 2008.56 0.13752 0.0548985 0.216538
OUTPUT3: 2008.56 0.13752 0.0548987 0.216538
OUTPUT3: 2008.56 0.138001 0.0557752 0.216673
OUTPUT3: 2008.56 0.138001 0.0557753 0.216673
OUTPUT3: 2008.56 0.139327 0.0580055 0.217498
OUTPUT3: 2008.56 0.139327 0.058006 0.217498
OUTPUT3: 2008.56 0.140712 0.0600349 0.218829
OUTPUT3: 2008.56 0.140713 0.0600358 0.21883
OUTPUT3: 2008.56 0.141639 0.0612052 0.219885
OUTPUT3: 2008.56 0.142032 0.0616523 0.220321
OUTPUT3: 2008.56 0.143132 0.0627364 0.221502
OUTPUT3: 2008.56 0.143132 0.0627364 0.221502
OUTPUT3: 2008.56 0.144377 0.0636557 0.222788
OUTPUT3: 2008.56 0.144377 0.0636558 0.222788
OUTPUT3: 2008.57 0.151488 0.068401 0.230829
OUTPUT3: 2008.57 0.151488 0.068401 0.230829
OUTPUT3: 2008.57 0.151488 0.068401 0.230829
OUTPUT3: 2008.57 0.151488 0.068401 0.230829
OUTPUT3: 2008.57 0.151488 0.068401 0.230829
OUTPUT3: 2008.57 0.151488 0.068401 0.230829
OUTPUT3: 2008.57 0.151488 0.068401 0.230829
OUTPUT3: 2008.57 0.151488 0.068401 0.230829
OUTPUT3: 2008.57 0.151488 0.068401 0.230829
OUTPUT3: 2008.57 0.151488 0.068401 0.230829
OUTPUT3: 2008.57 0.151488 0.068401 0.230829
OUTPUT3: 2008.57 0.151488 0.068401 0.230829
OUTPUT3: 2008.57 0.151488 0.068401 0.230829
OUTPUT3: 2008.57 0.151488 0.068401 0.230829
OUTPUT3: 2008.57 0.151488 0.068401 0.230829
OUTPUT3: 2008.57 0.151488 0.068401 0.230829
OUTPUT3: 2008.57 0.15171 0.0688444 0.231005
OUTPUT3: 2008.57 0.15171 0.0688444 0.231005
OUTPUT3: 2008.57 0.15171 0.0688444 0.231005
OUTPUT3: 2008.57 0.15171 0.0688444 0.231005
OUTPUT3: 2008.57 0.15171 0.0688444 0.231005
OUTPUT3: 2008.57 0.15171 0.0688444 0.231005
OUTPUT3: 2008.57 0.15171 0.0688444 0.231005
OUTPUT3: 2008.57 0.15171 0.0688444 0.231005
OUTPUT3: 2008.57 0.15171 0.0688444 0.231005
OUTPUT3: 2008.57 0.15171 0.0688444 0.231005
OUTPUT3: 2008.57 0.15171 0.0688444 0.231005
OUTPUT3: 2008.57 0.15171 0.0688444 0.231005
OUTPUT3: 2008.57 0.15171 0.0688444 0.231005
OUTPUT3: 2008.57 0.15171 0.0688444 0.231005
OUTPUT3: 2008.57 0.15171 0.0688444 0.231005
OUTPUT3: 2008.57 0.15171 0.0688444 0.231005
OUTPUT3: 2008.57 0.146925 0.0646401 0.226291
OUTPUT3: 2008.57 0.146925 0.0646401 0.226291
OUTPUT3: 2008.57 0.146925 0.0646401 0.226291
OUTPUT3: 2008.57 0.146925 0.0646401 0.226291
OUTPUT3: 2008.57 0.146925 0.0646401 0.226291
OUTPUT3: 2008.57 0.146925 0.0646401 0.226291
OUTPUT3: 2008.57 0.146925 0.0646401 0.226291
OUTPUT3: 2008.57 0.146925 0.0646401 0.226291
OUTPUT3: 2008.57 0.146925 0.0646401 0.226291
OUTPUT3: 2008.57 0.146925 0.0646401 0.226291
OUTPUT3: 2008.57 0.146925 0.0646401 0.226291
OUTPUT3: 2008.57 0.146639 0.0641689 0.22609
OUTPUT3: 2008.57 0.146639 0.0641689 0.22609
OUTPUT3: 2008.57 0.146639 0.0641689 0.22609
OUTPUT3: 2008.57 0.146639 0.0641689 0.22609
OUTPUT3: 2008.57 0.146639 0.0641689 0.22609
OUTPUT3: 2008.57 0.146639 0.0641689 0.22609
OUTPUT3: 2008.57 0.146639 0.0641689 0.22609
OUTPUT3: 2008.57 0.146639 0.0641689 0.22609
OUTPUT3: 2008.57 0.146639 0.0641689 0.22609
OUTPUT3: 2008.57 0.146639 0.0641689 0.22609
OUTPUT3: 2008.57 0.146639 0.0641689 0.22609
OUTPUT3: 2008.57 0.146639 0.0641689 0.22609
OUTPUT3: 2008.57 0.146639 0.0641689 0.22609
OUTPUT3: 2008.57 0.146639 0.0641689 0.22609
OUTPUT3: 2008.57 0.146639 0.0641689 0.22609
OUTPUT3: 2008.57 0.146639 0.0641689 0.22609
OUTPUT3: 2008.57 0.146575 0.0640555 0.226049
OUTPUT3: 2008.57 0.146575 0.0640555 0.226049
OUTPUT3: 2008.57 0.146575 0.0640555 0.226049
OUTPUT3: 2008.57 0.146575 0.0640555 0.226049
OUTPUT3: 2008.57 0.146575 0.0640555 0.226049
OUTPUT3: 2008.57 0.146575 0.0640555 0.226049
OUTPUT3: 2008.57 0.146575 0.0640555 0.226049
OUTPUT3: 2008.57 0.146575 0.0640555 0.226049
OUTPUT3: 2008.57 0.146575 0.0640555 0.226049
OUTPUT3: 2008.57 0.146575 0.0640555 0.226049
OUTPUT3: 2008.57 0.146575 0.0640555 0.226049
OUTPUT3: 2008.57 0.146575 0.0640555 0.226049
OUTPUT3: 2008.57 0.146575 0.0640555 0.226049
OUTPUT3: 2008.57 0.146575 0.0640555 0.226049
OUTPUT3: 2008.57 0.146575 0.0640555 0.226049
OUTPUT3: 2008.57 0.146575 0.0640555 0.226049
OUTPUT3: 2008.57 0.154147 0.0724766 0.234052
OUTPUT3: 2008.58 0.127225 0.0418975 0.208526
OUTPUT3: 2008.58 0.136159 0.0564474 0.215815
OUTPUT3: 2008.58 0.135175 0.0552602 0.214741
OUTPUT3: 2008.58 0.108478 0.027015 0.186983
OUTPUT3: 2008.58 0.108943 0.0275563 0.187495
OUTPUT3: 2008.58 0.109543 0.0282104 0.188138
OUTPUT3: 2008.59 0.124855 0.0442304 0.204858
OUTPUT3: 2008.6 0.122586 0.0434682 0.20312
OUTPUT3: 2008.61 0.0970644 0.0174105 0.176374
OUTPUT3: 2008.61 0.0741649 -0.0105622 0.154612
OUTPUT3: 2008.61 0.063297 -0.0208331 0.143577
OUTPUT3: 2008.61 0.0632973 -0.0208328 0.143577
OUTPUT3: 2008.61 0.064763 -0.0192678 0.144816
OUTPUT3: 2008.61 0.0647632 -0.0192676 0.144816
OUTPUT3: 2008.61 0.0666575 -0.0171462 0.146356
OUTPUT3: 2008.61 0.0666575 -0.0171462 0.146356
OUTPUT3: 2008.61 0.068754 -0.014712 0.148008
OUTPUT3: 2008.61 0.068754 -0.014712 0.148008
OUTPUT3: 2008.61 0.0739453 -0.0084149 0.152442
OUTPUT3: 2008.61 0.0739454 -0.00841482 0.152442
OUTPUT3: 2008.61 0.0756988 -0.0062188 0.154123
OUTPUT3: 2008.61 0.0756988 -0.0062188 0.154123
OUTPUT3: 2008.62 0.0784818 -0.00267288 0.156773
OUTPUT3: 2008.62 0.0801428 -0.000535599 0.158641
OUTPUT3: 2008.62 0.0803441 -0.000321039 0.158844
OUTPUT3: 2008.62 0.0798752 -0.00100188 0.158285
OUTPUT3: 2008.62 0.078196 -0.0033905 0.156554
OUTPUT3: 2008.62 0.0759231 -0.00662555 0.154515
OUTPUT3: 2008.62 0.0703537 -0.0145315 0.150937
OUTPUT3: 2008.62 0.0703519 -0.014534 0.150936
OUTPUT3: 2008.62 0.0699844 -0.014807 0.150428
OUTPUT3: 2008.62 0.0699846 -0.0148067 0.150428
OUTPUT3: 2008.62 0.0724459 -0.010471 0.151192
OUTPUT3: 2008.62 0.0724459 -0.010471 0.151192
OUTPUT3: 2008.62 0.0546738 -0.0325691 0.137671
OUTPUT3: 2008.62 0.0550301 -0.0321386 0.137943
OUTPUT3: 2008.62 0.0563187 -0.0305488 0.138901
OUTPUT3: 2008.62 0.0563187 -0.0305488 0.138901
OUTPUT3: 2008.63 0.0865147 0.00742681 0.167815
OUTPUT3: 2008.63 0.0759075 -0.00568056 0.15519
OUTPUT3: 2008.63 0.0759386 -0.00565681 0.15522
OUTPUT3: 2008.63 0.0760404 -0.00559706 0.155312
OUTPUT3: 2008.64 0.0627508 -0.0236664 0.145046
OUTPUT3: 2008.64 0.062147 -0.0243072 0.144554
OUTPUT3: 2008.64 0.0953796 0.0127875 0.175487
OUTPUT3: 2008.64 0.0905668 0.00763856 0.170063
OUTPUT3: 2008.65 0.0812056 0.00143436 0.160762
OUTPUT3: 2008.65 0.0712308 -0.0135429 0.151628
OUTPUT3: 2008.65 0.0692571 -0.0156526 0.1496
OUTPUT3: 2008.66 0.0544315 -0.0317077 0.136005
OUTPUT3: 2008.66 0.0544315 -0.0317077 0.136005
OUTPUT3: 2008.66 0.0544315 -0.0317077 0.136005
OUTPUT3: 2008.66 0.0544315 -0.0317077 0.136005
OUTPUT3: 2008.66 0.0544315 -0.0317077 0.136005
OUTPUT3: 2008.66 0.0544315 -0.0317077 0.136005
OUTPUT3: 2008.66 0.0544315 -0.0317077 0.136005
OUTPUT3: 2008.66 0.0544315 -0.0317077 0.136005
OUTPUT3: 2008.66 0.0544315 -0.0317077 0.136005
OUTPUT3: 2008.66 0.0544315 -0.0317077 0.136005
OUTPUT3: 2008.66 0.0544315 -0.0317077 0.136005
OUTPUT3: 2008.66 0.0544315 -0.0317077 0.136005
OUTPUT3: 2008.66 0.0544315 -0.0317077 0.136005
OUTPUT3: 2008.66 0.0544315 -0.0317077 0.136005
OUTPUT3: 2008.66 0.0544315 -0.0317077 0.136005
OUTPUT3: 2008.66 0.0492787 -0.0349864 0.129519
OUTPUT3: 2008.66 0.0492787 -0.0349864 0.129519
OUTPUT3: 2008.66 0.0492787 -0.0349864 0.129519
OUTPUT3: 2008.66 0.0492787 -0.0349864 0.129519
OUTPUT3: 2008.66 0.0492787 -0.0349864 0.129519
OUTPUT3: 2008.66 0.0492787 -0.0349864 0.129519
OUTPUT3: 2008.66 0.0492787 -0.0349864 0.129519
OUTPUT3: 2008.66 0.0492787 -0.0349864 0.129519
OUTPUT3: 2008.66 0.0492787 -0.0349864 0.129519
OUTPUT3: 2008.66 0.0492787 -0.0349864 0.129519
OUTPUT3: 2008.66 0.0492787 -0.0349864 0.129519
OUTPUT3: 2008.66 0.0491459 -0.0351387 0.129406
OUTPUT3: 2008.66 0.0485053 -0.035882 0.12887
OUTPUT3: 2008.66 0.0485053 -0.035882 0.12887
OUTPUT3: 2008.66 0.0485053 -0.035882 0.12887
OUTPUT3: 2008.66 0.0485053 -0.035882 0.12887
OUTPUT3: 2008.66 0.0485053 -0.035882 0.12887
OUTPUT3: 2008.66 0.0485053 -0.035882 0.12887
OUTPUT3: 2008.66 0.0485053 -0.035882 0.12887
OUTPUT3: 2008.66 0.0485053 -0.035882 0.12887
OUTPUT3: 2008.66 0.0485053 -0.035882 0.12887
OUTPUT3: 2008.66 0.0485053 -0.035882 0.12887
OUTPUT3: 2008.66 0.0485053 -0.035882 0.12887
OUTPUT3: 2008.66 0.0485053 -0.035882 0.12887
OUTPUT3: 2008.66 0.0485053 -0.035882 0.12887
OUTPUT3: 2008.66 0.0485053 -0.035882 0.12887
OUTPUT3: 2008.66 0.0485053 -0.035882 0.12887
OUTPUT3: 2008.66 0.0485053 -0.035882 0.12887
OUTPUT3: 2008.67 0.0666052 -0.0139706 0.145966
OUTPUT3: 2008.67 0.066552 -0.0140608 0.145894
OUTPUT3: 2008.67 0.0664241 -0.0142736 0.145723
OUTPUT3: 2008.67 0.0575285 -0.0273558 0.13785
OUTPUT3: 2008.67 0.0580429 -0.02657 0.138121
OUTPUT3: 2008.67 0.0580429 -0.02657 0.138121
OUTPUT3: 2008.67 0.0580429 -0.02657 0.138121
OUTPUT3: 2008.67 0.0580429 -0.02657 0.138121
OUTPUT3: 2008.67 0.0580429 -0.02657 0.138121
OUTPUT3: 2008.67 0.0580429 -0.02657 0.138121
OUTPUT3: 2008.67 0.0580429 -0.02657 0.138121
OUTPUT3: 2008.67 0.0580429 -0.02657 0.138121
OUTPUT3: 2008.67 0.0580429 -0.02657 0.138121
OUTPUT3: 2008.67 0.0580429 -0.02657 0.138121
OUTPUT3: 2008.67 0.0580429 -0.02657 0.138121
OUTPUT3: 2008.67 0.0580429 -0.02657 0.138121
OUTPUT3: 2008.67 0.0580429 -0.02657 0.138121
OUTPUT3: 2008.67 0.0580429 -0.02657 0.138121
OUTPUT3: 2008.67 0.0580429 -0.02657 0.138121
OUTPUT3: 2008.67 0.0580429 -0.02657 0.138121
OUTPUT3: 2008.67 0.0586057 -0.0257153 0.138419
OUTPUT3: 2008.67 0.0586057 -0.0257153 0.138419
OUTPUT3: 2008.67 0.0586057 -0.0257153 0.138419
OUTPUT3: 2008.67 0.0586057 -0.0257153 0.138419
OUTPUT3: 2008.67 0.0586057 -0.0257153 0.138419
OUTPUT3: 2008.67 0.0586057 -0.0257153 0.138419
OUTPUT3: 2008.67 0.0586057 -0.0257153 0.138419
OUTPUT3: 2008.67 0.0586057 -0.0257153 0.138419
OUTPUT3: 2008.67 0.0586057 -0.0257153 0.138419
OUTPUT3: 2008.67 0.0586057 -0.0257153 0.138419
OUTPUT3: 2008.67 0.0586057 -0.0257153 0.138419
OUTPUT3: 2008.67 0.0586057 -0.0257153 0.138419
OUTPUT3: 2008.67 0.0586057 -0.0257153 0.138419
OUTPUT3: 2008.67 0.0586057 -0.0257153 0.138419
OUTPUT3: 2008.67 0.0586057 -0.0257153 0.138419
OUTPUT3: 2008.67 0.0586057 -0.0257153 0.138419
OUTPUT3: 2008.67 0.0597384 -0.0240013 0.139087
OUTPUT3: 2008.67 0.0597384 -0.0240013 0.139087
OUTPUT3: 2008.67 0.0597384 -0.0240013 0.139087
OUTPUT3: 2008.67 0.0597384 -0.0240013 0.139087
OUTPUT3: 2008.67 0.0597384 -0.0240013 0.139087
OUTPUT3: 2008.67 0.0597384 -0.0240013 0.139087
OUTPUT3: 2008.67 0.0597384 -0.0240013 0.139087
OUTPUT3: 2008.67 0.0597384 -0.0240013 0.139087
OUTPUT3: 2008.67 0.0597384 -0.0240013 0.139087
OUTPUT3: 2008.67 0.0597384 -0.0240013 0.139087
OUTPUT3: 2008.67 0.0597384 -0.0240013 0.139087
OUTPUT3: 2008.67 0.0597384 -0.0240013 0.139087
OUTPUT3: 2008.67 0.0597384 -0.0240013 0.139087
OUTPUT3: 2008.67 0.0597384 -0.0240013 0.139087
OUTPUT3: 2008.67 0.0597384 -0.0240013 0.139087
OUTPUT3: 2008.67 0.0597384 -0.0240013 0.139087
OUTPUT3: 2008.67 0.0486753 -0.0388803 0.131723
OUTPUT3: 2008.68 0.055115 -0.0330296 0.138812
OUTPUT3: 2008.68 0.0551116 -0.0331393 0.13896
OUTPUT3: 2008.68 0.0844001 0.0022844 0.162877
OUTPUT3: 2008.68 0.0862641 0.00440414 0.16474
OUTPUT3: 2008.68 0.0879315 0.00627279 0.166419
OUTPUT3: 2008.68 0.0894894 0.00799106 0.168
OUTPUT3: 2008.68 0.0909229 0.00954408 0.169468
OUTPUT3: 2008.68 0.0922136 0.0109143 0.170802
OUTPUT3: 2008.68 0.0971197 0.0148799 0.176437
OUTPUT3: 2008.68 0.09679 0.0145213 0.176103
OUTPUT3: 2008.69 0.0964358 0.0141632 0.175733
OUTPUT3: 2008.69 0.0961825 0.0139217 0.175462
OUTPUT3: 2008.69 0.0954091 0.0132534 0.174603
OUTPUT3: 2008.69 0.0952352 0.0131177 0.174404
OUTPUT3: 2008.69 0.0933437 0.0124672 0.171778
OUTPUT3: 2008.69 0.0933864 0.0124653 0.171828
OUTPUT3: 2008.69 0.0934004 0.0124615 0.171846
OUTPUT3: 2008.69 0.0934669 0.0124206 0.171939
OUTPUT3: 2008.69 0.0935189 0.0123543 0.172023
OUTPUT3: 2008.69 0.0935612 0.0122619 0.172104
OUTPUT3: 2008.69 0.0935867 0.0121715 0.172162
OUTPUT3: 2008.7 0.103594 0.0258227 0.181357
OUTPUT3: 2008.7 0.0879021 0.00780708 0.164765
OUTPUT3: 2008.7 0.0882334 0.00825246 0.165066
OUTPUT3: 2008.7 0.0882334 0.00825246 0.165066
OUTPUT3: 2008.71 0.0988146 0.0166479 0.17695
OUTPUT3: 2008.71 0.0991156 0.016992 0.177248
OUTPUT3: 2008.71 0.100567 0.018745 0.178649
OUTPUT3: 2008.71 0.100567 0.018745 0.178649
OUTPUT3: 2008.71 0.100567 0.018745 0.178649
OUTPUT3: 2008.71 0.100567 0.018745 0.178649
OUTPUT3: 2008.71 0.100567 0.018745 0.178649
OUTPUT3: 2008.71 0.100567 0.018745 0.178649
OUTPUT3: 2008.71 0.100567 0.018745 0.178649
OUTPUT3: 2008.71 0.100567 0.018745 0.178649
OUTPUT3: 2008.71 0.100567 0.018745 0.178649
OUTPUT3: 2008.71 0.100567 0.018745 0.178649
OUTPUT3: 2008.71 0.100567 0.018745 0.178649
OUTPUT3: 2008.71 0.100567 0.018745 0.178649
OUTPUT3: 2008.71 0.100567 0.018745 0.178649
OUTPUT3: 2008.71 0.100567 0.018745 0.178649
OUTPUT3: 2008.71 0.100567 0.018745 0.178649
OUTPUT3: 2008.71 0.100567 0.018745 0.178649
OUTPUT3: 2008.71 0.0846371 0.00256431 0.162089
OUTPUT3: 2008.72 0.0751618 -0.00755954 0.153209
OUTPUT3: 2008.72 0.0694575 -0.0149637 0.14928
OUTPUT3: 2008.72 0.0694575 -0.0149637 0.14928
OUTPUT3: 2008.72 0.0694575 -0.0149637 0.14928
OUTPUT3: 2008.72 0.0694575 -0.0149637 0.14928
OUTPUT3: 2008.72 0.0694575 -0.0149637 0.14928
OUTPUT3: 2008.72 0.0694575 -0.0149637 0.14928
OUTPUT3: 2008.72 0.0694575 -0.0149637 0.14928
OUTPUT3: 2008.72 0.0694575 -0.0149637 0.14928
OUTPUT3: 2008.72 0.0694575 -0.0149637 0.14928
OUTPUT3: 2008.72 0.0694575 -0.0149637 0.14928
OUTPUT3: 2008.72 0.0694575 -0.0149637 0.14928
OUTPUT3: 2008.72 0.0694575 -0.0149637 0.14928
OUTPUT3: 2008.72 0.0694575 -0.0149637 0.14928
OUTPUT3: 2008.72 0.0694575 -0.0149637 0.14928
OUTPUT3: 2008.72 0.110441 0.031423 0.187334
OUTPUT3: 2008.72 0.110441 0.0314231 0.187335
OUTPUT3: 2008.72 0.112106 0.0317151 0.189576
OUTPUT3: 2008.72 0.112106 0.0317149 0.189576
OUTPUT3: 2008.72 0.112238 0.0314835 0.189843
OUTPUT3: 2008.72 0.112238 0.0314835 0.189842
OUTPUT3: 2008.72 0.112305 0.0308868 0.190146
OUTPUT3: 2008.72 0.112305 0.0308862 0.190146
OUTPUT3: 2008.72 0.112246 0.0302692 0.190273
OUTPUT3: 2008.72 0.112246 0.0302692 0.190273
OUTPUT3: 2008.72 0.11223 0.0297961 0.190395
OUTPUT3: 2008.72 0.112262 0.0297987 0.190434
OUTPUT3: 2008.72 0.112363 0.029892 0.190531
OUTPUT3: 2008.72 0.1124 0.0299374 0.190563
OUTPUT3: 2008.72 0.1124 0.0299374 0.190563
OUTPUT3: 2008.72 0.112642 0.0302815 0.190764
OUTPUT3: 2008.72 0.112694 0.0303614 0.190807
OUTPUT3: 2008.72 0.112694 0.0303615 0.190806
OUTPUT3: 2008.73 0.118978 0.0407445 0.19578
OUTPUT3: 2008.73 0.118956 0.0407553 0.195744
OUTPUT3: 2008.73 0.118725 0.0404648 0.195522
OUTPUT3: 2008.73 0.118582 0.0402718 0.19539
OUTPUT3: 2008.73 0.110262 0.0286625 0.187821
OUTPUT3: 2008.73 0.108851 0.0267474 0.186509
OUTPUT3: 2008.73 0.101936 0.0179233 0.180374
OUTPUT3: 2008.73 0.113671 0.0361358 0.189301
OUTPUT3: 2008.73 0.113671 0.0361358 0.189301
OUTPUT3: 2008.73 0.113671 0.0361358 0.189301
OUTPUT3: 2008.73 0.113671 0.0361358 0.189301
OUTPUT3: 2008.73 0.113671 0.0361358 0.189301
OUTPUT3: 2008.73 0.113671 0.0361358 0.189301
OUTPUT3: 2008.73 0.113671 0.0361358 0.189301
OUTPUT3: 2008.73 0.113671 0.0361358 0.189301
OUTPUT3: 2008.73 0.113671 0.0361358 0.189301
OUTPUT3: 2008.73 0.113671 0.0361358 0.189301
OUTPUT3: 2008.73 0.113671 0.0361358 0.189301
OUTPUT3: 2008.73 0.113671 0.0361358 0.189301
OUTPUT3: 2008.73 0.113671 0.0361358 0.189301
OUTPUT3: 2008.73 0.113671 0.0361358 0.189301
OUTPUT3: 2008.73 0.113671 0.0361358 0.189301
OUTPUT3: 2008.73 0.113671 0.0361358 0.189301
OUTPUT3: 2008.73 0.114443 0.0370348 0.190061
OUTPUT3: 2008.73 0.114443 0.0370348 0.190061
OUTPUT3: 2008.73 0.114443 0.0370348 0.190061
OUTPUT3: 2008.73 0.114443 0.0370348 0.190061
OUTPUT3: 2008.73 0.114443 0.0370348 0.190061
OUTPUT3: 2008.73 0.114443 0.0370348 0.190061
OUTPUT3: 2008.73 0.114443 0.0370348 0.190061
OUTPUT3: 2008.73 0.114443 0.0370348 0.190061
OUTPUT3: 2008.73 0.114443 0.0370348 0.190061
OUTPUT3: 2008.73 0.114443 0.0370348 0.190061
OUTPUT3: 2008.73 0.114443 0.0370348 0.190061
OUTPUT3: 2008.73 0.114443 0.0370348 0.190061
OUTPUT3: 2008.73 0.114443 0.0370348 0.190061
OUTPUT3: 2008.73 0.114443 0.0370348 0.190061
OUTPUT3: 2008.73 0.114443 0.0370348 0.190061
OUTPUT3: 2008.73 0.114443 0.0370348 0.190061
OUTPUT3: 2008.74 0.0982839 0.0180037 0.173992
OUTPUT3: 2008.74 0.0913127 0.0129189 0.165396
OUTPUT3: 2008.74 0.100872 0.0201939 0.17636
OUTPUT3: 2008.75 0.117567 0.0425611 0.191788
OUTPUT3: 2008.75 0.10495 0.0231644 0.181322
OUTPUT3: 2008.75 0.1051 0.0233099 0.181465
OUTPUT3: 2008.76 0.0947225 0.0170493 0.167873
OUTPUT3: 2008.76 0.0946568 0.0171572 0.167726
OUTPUT3: 2008.76 0.0901413 0.0155741 0.161884
OUTPUT3: 2008.77 0.0653209 -0.0121551 0.137559
OUTPUT3: 2008.77 0.0737006 0.00315191 0.144829
OUTPUT3: 2008.77 0.0737375 0.00322623 0.144869
OUTPUT3: 2008.77 0.0736762 0.00319771 0.144783
OUTPUT3: 2008.77 0.0736762 0.00319771 0.144783
OUTPUT3: 2008.77 0.0724711 0.00160476 0.143331
OUTPUT3: 2008.77 0.0442507 -0.0351458 0.118426
OUTPUT3: 2008.77 0.0416917 -0.0350353 0.114144
OUTPUT3: 2008.77 0.0416923 -0.0350345 0.114144
OUTPUT3: 2008.77 0.0427865 -0.0334459 0.114767
OUTPUT3: 2008.77 0.0427881 -0.0334436 0.114768
OUTPUT3: 2008.77 0.045096 -0.0302483 0.116196
OUTPUT3: 2008.77 0.0450961 -0.0302481 0.116197
OUTPUT3: 2008.77 0.0476711 -0.0268672 0.117927
OUTPUT3: 2008.77 0.0476717 -0.0268664 0.117927
OUTPUT3: 2008.78 0.0524771 -0.0210033 0.121489
OUTPUT3: 2008.78 0.0524771 -0.0210033 0.121489
OUTPUT3: 2008.78 0.0539216 -0.0193629 0.122652
OUTPUT3: 2008.78 0.0565887 -0.0165279 0.125316
OUTPUT3: 2008.78 0.0565887 -0.0165279 0.125316
OUTPUT3: 2008.78 0.0609885 -0.0129972 0.130261
OUTPUT3: 2008.78 0.0609885 -0.0129972 0.130261
OUTPUT3: 2008.78 0.0617064 -0.0134605 0.131437
OUTPUT3: 2008.78 0.0613487 -0.0145722 0.131551
OUTPUT3: 2008.78 0.0607776 -0.0154724 0.131274
OUTPUT3: 2008.78 0.0602663 -0.0151391 0.13037
OUTPUT3: 2008.78 0.0606163 -0.0142057 0.130298
OUTPUT3: 2008.78 0.0608994 -0.0135957 0.130331
OUTPUT3: 2008.78 0.0618271 -0.0118907 0.130691
OUTPUT3: 2008.78 0.0628055 -0.0103447 0.131465
OUTPUT3: 2008.78 0.0629476 -0.0101351 0.131583
OUTPUT3: 2008.78 0.0635083 -0.0093388 0.132064
OUTPUT3: 2008.78 0.0644386 -0.00811652 0.1329
OUTPUT3: 2008.78 0.064951 -0.00749105 0.133379
OUTPUT3: 2008.78 0.0649511 -0.00749101 0.133379
OUTPUT3: 2008.78 0.06796 -0.00441533 0.136403
OUTPUT3: 2008.78 0.0696132 -0.00303798 0.138158
OUTPUT3: 2008.78 0.0701332 -0.00261426 0.138708
OUTPUT3: 2008.78 0.0717221 -0.0012328 0.140341
OUTPUT3: 2008.78 0.0738058 0.000918424 0.142338
OUTPUT3: 2008.78 0.074355 0.00154361 0.142842
OUTPUT3: 2008.78 0.0749736 0.00226766 0.143403
OUTPUT3: 2008.78 0.0755393 0.00294346 0.143913
OUTPUT3: 2008.79 0.0825189 0.0112603 0.150299
OUTPUT3: 2008.79 0.0846072 0.0135235 0.152327
OUTPUT3: 2008.79 0.0854565 0.0144049 0.153171
OUTPUT3: 2008.79 0.0864739 0.0154316 0.154195
OUTPUT3: 2008.79 0.0874782 0.0164153 0.15522
OUTPUT3: 2008.79 0.0874802 0.0164172 0.155222
OUTPUT3: 2008.79 0.0884306 0.0173224 0.156204
OUTPUT3: 2008.79 0.0884965 0.0173843 0.156272
OUTPUT3: 2008.79 0.0885014 0.017389 0.156277
OUTPUT3: 2008.79 0.0895502 0.0183597 0.157374
OUTPUT3: 2008.79 0.0906125 0.019318 0.158498
OUTPUT3: 2008.79 0.0906162 0.0193212 0.158501
OUTPUT3: 2008.79 0.091639 0.0202232 0.159593
OUTPUT3: 2008.79 0.0926698 0.0211154 0.160702
OUTPUT3: 2008.79 0.106778 0.0335451 0.175961
OUTPUT3: 2008.79 0.107937 0.0347301 0.17716
OUTPUT3: 2008.79 0.108947 0.0357993 0.178192
OUTPUT3: 2008.79 0.10992 0.0368649 0.179173
OUTPUT3: 2008.79 0.110855 0.0379233 0.180101
OUTPUT3: 2008.79 0.111737 0.038958 0.180964
OUTPUT3: 2008.79 0.112791 0.0402431 0.181976
OUTPUT3: 2008.79 0.113554 0.0412109 0.182692
OUTPUT3: 2008.79 0.114056 0.0418676 0.183156
OUTPUT3: 2008.79 0.116611 0.0459874 0.185085
OUTPUT3: 2008.79 0.116394 0.0456182 0.184897
OUTPUT3: 2008.79 0.116167 0.0452042 0.184713
OUTPUT3: 2008.79 0.115941 0.0447577 0.184542
OUTPUT3: 2008.79 0.115726 0.0442952 0.184392
OUTPUT3: 2008.79 0.115539 0.0438481 0.184278
OUTPUT3: 2008.79 0.118206 0.0438303 0.187874
OUTPUT3: 2008.79 0.118877 0.0445566 0.188542
OUTPUT3: 2008.79 0.119935 0.0457937 0.189561
OUTPUT3: 2008.79 0.120627 0.0466583 0.190207
OUTPUT3: 2008.79 0.121316 0.0475614 0.190835
OUTPUT3: 2008.79 0.121989 0.0484844 0.191431
OUTPUT3: 2008.79 0.122591 0.0493504 0.191949
OUTPUT3: 2008.8 0.122563 0.0522825 0.190608
OUTPUT3: 2008.8 0.122444 0.0521592 0.190483
OUTPUT3: 2008.8 0.121992 0.0516786 0.190012
OUTPUT3: 2008.8 0.121397 0.0510242 0.189402
OUTPUT3: 2008.8 0.120492 0.0499908 0.18849
OUTPUT3: 2008.8 0.120434 0.0499232 0.188433
OUTPUT3: 2008.8 0.119509 0.0488269 0.187518
OUTPUT3: 2008.8 0.118468 0.0475561 0.186504
OUTPUT3: 2008.8 0.133002 0.0650482 0.201997
OUTPUT3: 2008.81 0.090405 0.0210357 0.156578
OUTPUT3: 2008.81 0.0925061 0.0235972 0.158625
OUTPUT3: 2008.81 0.0958849 0.02727 0.162113
OUTPUT3: 2008.81 0.0958867 0.0272715 0.162115
OUTPUT3: 2008.81 0.096415 0.0276477 0.162748
OUTPUT3: 2008.81 0.0956174 0.0248129 0.162816
OUTPUT3: 2008.81 0.0956166 0.0248114 0.162816
OUTPUT3: 2008.81 0.0952527 0.024134 0.162573
OUTPUT3: 2008.81 0.095252 0.0241326 0.162572
OUTPUT3: 2008.82 0.0943407 0.0225312 0.161932
OUTPUT3: 2008.82 0.0937307 0.0215263 0.161495
OUTPUT3: 2008.82 0.0936638 0.0214662 0.161489
OUTPUT3: 2008.82 0.0941167 0.0222335 0.161888
OUTPUT3: 2008.82 0.0973862 0.0274868 0.164687
OUTPUT3: 2008.82 0.0985336 0.029294 0.165671
OUTPUT3: 2008.82 0.0993349 0.0305514 0.16636
OUTPUT3: 2008.82 0.101245 0.0335517 0.16865
OUTPUT3: 2008.82 0.102228 0.0351739 0.169976
OUTPUT3: 2008.82 0.102236 0.0352347 0.17003
OUTPUT3: 2008.82 0.102226 0.0352284 0.170025
OUTPUT3: 2008.82 0.102024 0.0350007 0.169846
OUTPUT3: 2008.82 0.101978 0.034944 0.1698
OUTPUT3: 2008.82 0.101977 0.0349434 0.1698
OUTPUT3: 2008.82 0.101588 0.0344421 0.169394
OUTPUT3: 2008.82 0.101588 0.0344417 0.169394
OUTPUT3: 2008.82 0.101076 0.0337642 0.168842
OUTPUT3: 2008.82 0.101076 0.0337642 0.168842
OUTPUT3: 2008.82 0.101076 0.0337642 0.168842
OUTPUT3: 2008.82 0.101076 0.0337642 0.168842
OUTPUT3: 2008.82 0.101076 0.0337642 0.168842
OUTPUT3: 2008.82 0.101076 0.0337642 0.168842
OUTPUT3: 2008.82 0.101076 0.0337642 0.168842
OUTPUT3: 2008.82 0.101076 0.0337642 0.168842
OUTPUT3: 2008.82 0.101076 0.0337642 0.168842
OUTPUT3: 2008.82 0.101076 0.0337642 0.168842
OUTPUT3: 2008.82 0.101076 0.0337642 0.168842
OUTPUT3: 2008.82 0.101076 0.0337642 0.168842
OUTPUT3: 2008.82 0.101076 0.0337642 0.168842
OUTPUT3: 2008.82 0.101076 0.0337642 0.168842
OUTPUT3: 2008.82 0.0761544 0.00625013 0.143053
OUTPUT3: 2008.83 0.0747762 0.00104229 0.143323
OUTPUT3: 2008.83 0.0747762 0.00104229 0.143323
OUTPUT3: 2008.83 0.0747762 0.00104229 0.143323
OUTPUT3: 2008.83 0.0747762 0.00104229 0.143323
OUTPUT3: 2008.83 0.0747762 0.00104229 0.143323
OUTPUT3: 2008.83 0.0747762 0.00104229 0.143323
OUTPUT3: 2008.83 0.0747762 0.00104229 0.143323
OUTPUT3: 2008.83 0.0747762 0.00104229 0.143323
OUTPUT3: 2008.83 0.0747762 0.00104229 0.143323
OUTPUT3: 2008.83 0.0747762 0.00104229 0.143323
OUTPUT3: 2008.83 0.0747762 0.00104229 0.143323
OUTPUT3: 2008.83 0.0747762 0.00104229 0.143323
OUTPUT3: 2008.83 0.0747762 0.00104229 0.143323
OUTPUT3: 2008.83 0.0747762 0.00104229 0.143323
OUTPUT3: 2008.83 0.0747762 0.00104229 0.143323
OUTPUT3: 2008.83 0.0747762 0.00104229 0.143323
OUTPUT3: 2008.83 0.0563896 -0.0191299 0.12696
OUTPUT3: 2008.83 0.0481254 -0.026787 0.119212
OUTPUT3: 2008.83 0.0477869 -0.0271607 0.118943
OUTPUT3: 2008.85 0.0812225 0.0103766 0.149466
OUTPUT3: 2008.85 0.0810115 0.0102418 0.149229
OUTPUT3: 2008.85 0.0802935 0.00970212 0.148445
OUTPUT3: 2008.85 0.0802935 0.00970212 0.148445
OUTPUT3: 2008.85 0.0781922 0.00772227 0.14633
OUTPUT3: 2008.85 0.0674823 -0.00663669 0.13689
OUTPUT3: 2008.85 0.0842387 0.0153341 0.153283
OUTPUT3: 2008.86 0.0881945 0.0168185 0.156899
OUTPUT3: 2008.87 0.0740659 0.00155708 0.142051
OUTPUT3: 2008.87 0.0758839 0.00534701 0.143034
OUTPUT3: 2008.87 0.0764117 0.00630876 0.143388
OUTPUT3: 2008.87 0.0768037 0.00700873 0.143658
OUTPUT3: 2008.87 0.0768073 0.00701499 0.14366
OUTPUT3: 2008.87 0.076891 0.00716303 0.143718
OUTPUT3: 2008.87 0.0771673 0.00795054 0.143556
OUTPUT3: 2008.87 0.0656365 -0.00871188 0.135156
OUTPUT3: 2008.87 0.0635002 -0.0115306 0.133692
OUTPUT3: 2008.87 0.0614353 -0.0140767 0.132145
OUTPUT3: 2008.87 0.0614353 -0.0140767 0.132145
OUTPUT3: 2008.87 0.0614353 -0.0140767 0.132145
OUTPUT3: 2008.87 0.0614353 -0.0140767 0.132145
OUTPUT3: 2008.87 0.0614353 -0.0140767 0.132145
OUTPUT3: 2008.87 0.0614353 -0.0140767 0.132145
OUTPUT3: 2008.87 0.0614353 -0.0140767 0.132145
OUTPUT3: 2008.87 0.0614353 -0.0140767 0.132145
OUTPUT3: 2008.87 0.0614353 -0.0140767 0.132145
OUTPUT3: 2008.87 0.0614353 -0.0140767 0.132145
OUTPUT3: 2008.87 0.0614353 -0.0140767 0.132145
OUTPUT3: 2008.87 0.0614353 -0.0140767 0.132145
OUTPUT3: 2008.87 0.0614353 -0.0140767 0.132145
OUTPUT3: 2008.87 0.0614353 -0.0140767 0.132145
OUTPUT3: 2008.87 0.0614353 -0.0140767 0.132145
OUTPUT3: 2008.87 0.0614353 -0.0140767 0.132145
OUTPUT3: 2008.87 0.0611352 -0.0144216 0.131902
OUTPUT3: 2008.87 0.0607109 -0.014891 0.131544
OUTPUT3: 2008.87 0.0607109 -0.014891 0.131544
OUTPUT3: 2008.87 0.0607109 -0.014891 0.131544
OUTPUT3: 2008.87 0.0607109 -0.014891 0.131544
OUTPUT3: 2008.87 0.0607109 -0.014891 0.131544
OUTPUT3: 2008.87 0.0607109 -0.014891 0.131544
OUTPUT3: 2008.87 0.0607109 -0.014891 0.131544
OUTPUT3: 2008.87 0.0607109 -0.014891 0.131544
OUTPUT3: 2008.87 0.0607109 -0.014891 0.131544
OUTPUT3: 2008.87 0.0607109 -0.014891 0.131544
OUTPUT3: 2008.87 0.0607109 -0.014891 0.131544
OUTPUT3: 2008.87 0.0607109 -0.014891 0.131544
OUTPUT3: 2008.87 0.0607109 -0.014891 0.131544
OUTPUT3: 2008.87 0.0607109 -0.014891 0.131544
OUTPUT3: 2008.87 0.0607109 -0.014891 0.131544
OUTPUT3: 2008.87 0.0607109 -0.014891 0.131544
OUTPUT3: 2008.87 0.060891 -0.0124081 0.129933
OUTPUT3: 2008.87 0.0642693 -0.00701781 0.131463
OUTPUT3: 2008.87 0.0642713 -0.00701473 0.131464
OUTPUT3: 2008.87 0.0651163 -0.00575846 0.131914
OUTPUT3: 2008.87 0.069237 3.08553e-05 0.135637
OUTPUT3: 2008.87 0.0692383 3.27204e-05 0.135638
OUTPUT3: 2008.87 0.0719717 0.00358556 0.138591
OUTPUT3: 2008.87 0.0719718 0.00358563 0.138591
OUTPUT3: 2008.87 0.0727793 0.00458644 0.139519
OUTPUT3: 2008.87 0.0761437 0.00840842 0.143304
OUTPUT3: 2008.87 0.0775362 0.00965782 0.1448
OUTPUT3: 2008.87 0.0776314 0.00972325 0.144898
OUTPUT3: 2008.88 0.0763197 0.00610019 0.14394
OUTPUT3: 2008.88 0.0753052 0.00468802 0.143035
OUTPUT3: 2008.89 0.061215 -0.0105697 0.129486
OUTPUT3: 2008.89 0.0537528 -0.0157476 0.120477
OUTPUT3: 2008.89 0.0608929 -0.00662344 0.128881
OUTPUT3: 2008.89 0.0612913 -0.00606184 0.129358
OUTPUT3: 2008.9 0.0622231 -0.004745 0.130482
OUTPUT3: 2008.9 0.0473529 -0.0251764 0.115739
OUTPUT3: 2008.9 0.0473529 -0.0251764 0.115739
OUTPUT3: 2008.9 0.0473529 -0.0251764 0.115739
OUTPUT3: 2008.9 0.0473529 -0.0251764 0.115739
OUTPUT3: 2008.9 0.0473529 -0.0251764 0.115739
OUTPUT3: 2008.9 0.0473529 -0.0251764 0.115739
OUTPUT3: 2008.9 0.0473529 -0.0251764 0.115739
OUTPUT3: 2008.9 0.0473529 -0.0251764 0.115739
OUTPUT3: 2008.9 0.0473529 -0.0251764 0.115739
OUTPUT3: 2008.9 0.0473529 -0.0251764 0.115739
OUTPUT3: 2008.9 0.0473529 -0.0251764 0.115739
OUTPUT3: 2008.9 0.0466221 -0.0260714 0.115039
OUTPUT3: 2008.9 0.0466221 -0.0260714 0.115039
OUTPUT3: 2008.9 0.0466221 -0.0260714 0.115039
OUTPUT3: 2008.9 0.0466221 -0.0260714 0.115039
OUTPUT3: 2008.9 0.0466221 -0.0260714 0.115039
OUTPUT3: 2008.9 0.0466221 -0.0260714 0.115039
OUTPUT3: 2008.9 0.0466221 -0.0260714 0.115039
OUTPUT3: 2008.9 0.0466221 -0.0260714 0.115039
OUTPUT3: 2008.9 0.0466221 -0.0260714 0.115039
OUTPUT3: 2008.9 0.0466221 -0.0260714 0.115039
OUTPUT3: 2008.9 0.0466221 -0.0260714 0.115039
OUTPUT3: 2008.9 0.0466221 -0.0260714 0.115039
OUTPUT3: 2008.9 0.0466221 -0.0260714 0.115039
OUTPUT3: 2008.9 0.0466221 -0.0260714 0.115039
OUTPUT3: 2008.9 0.0466221 -0.0260714 0.115039
OUTPUT3: 2008.9 0.0466221 -0.0260714 0.115039
OUTPUT3: 2008.9 0.0219784 -0.0513813 0.0909876
OUTPUT3: 2008.9 0.0219784 -0.0513813 0.0909876
OUTPUT3: 2008.9 0.0219784 -0.0513813 0.0909876
OUTPUT3: 2008.9 0.0219784 -0.0513813 0.0909876
OUTPUT3: 2008.9 0.0219784 -0.0513813 0.0909876
OUTPUT3: 2008.9 0.0219784 -0.0513813 0.0909876
OUTPUT3: 2008.9 0.0219784 -0.0513813 0.0909876
OUTPUT3: 2008.9 0.0219784 -0.0513813 0.0909876
OUTPUT3: 2008.9 0.0219784 -0.0513813 0.0909876
OUTPUT3: 2008.9 0.0219784 -0.0513813 0.0909876
OUTPUT3: 2008.9 0.0219784 -0.0513814 0.0909876
OUTPUT3: 2008.9 0.0219784 -0.0513814 0.0909876
OUTPUT3: 2008.9 0.0219784 -0.0513814 0.0909876
OUTPUT3: 2008.9 0.0219784 -0.0513814 0.0909876
OUTPUT3: 2008.9 0.0219784 -0.0513814 0.0909876
OUTPUT3: 2008.9 0.0219784 -0.0513814 0.0909876
OUTPUT3: 2008.9 0.0217382 -0.0516653 0.0908005
OUTPUT3: 2008.9 0.0217382 -0.0516653 0.0908005
OUTPUT3: 2008.9 0.0217382 -0.0516653 0.0908005
OUTPUT3: 2008.9 0.0217382 -0.0516653 0.0908005
OUTPUT3: 2008.9 0.0217382 -0.0516653 0.0908005
OUTPUT3: 2008.9 0.0217382 -0.0516653 0.0908005
OUTPUT3: 2008.9 0.0217382 -0.0516653 0.0908005
OUTPUT3: 2008.9 0.0217382 -0.0516653 0.0908005
OUTPUT3: 2008.9 0.0217382 -0.0516653 0.0908005
OUTPUT3: 2008.9 0.0217382 -0.0516653 0.0908005
OUTPUT3: 2008.9 0.0217382 -0.0516653 0.0908005
OUTPUT3: 2008.9 0.0217382 -0.0516653 0.0908005
OUTPUT3: 2008.9 0.0217382 -0.0516653 0.0908005
OUTPUT3: 2008.9 0.0217382 -0.0516653 0.0908005
OUTPUT3: 2008.9 0.0217382 -0.0516653 0.0908005
OUTPUT3: 2008.9 0.0217382 -0.0516653 0.0908005
OUTPUT3: 2008.9 0.0217705 -0.051568 0.0907868
OUTPUT3: 2008.9 0.0217705 -0.051568 0.0907868
OUTPUT3: 2008.9 0.0217705 -0.051568 0.0907868
OUTPUT3: 2008.9 0.0217705 -0.051568 0.0907868
OUTPUT3: 2008.9 0.0217705 -0.051568 0.0907868
OUTPUT3: 2008.9 0.0217705 -0.051568 0.0907868
OUTPUT3: 2008.9 0.0217705 -0.051568 0.0907868
OUTPUT3: 2008.9 0.0217705 -0.051568 0.0907868
OUTPUT3: 2008.9 0.0217705 -0.051568 0.0907868
OUTPUT3: 2008.9 0.0217705 -0.051568 0.0907868
OUTPUT3: 2008.9 0.0217705 -0.051568 0.0907868
OUTPUT3: 2008.9 0.0217705 -0.051568 0.0907868
OUTPUT3: 2008.9 0.0217705 -0.051568 0.0907868
OUTPUT3: 2008.9 0.0217705 -0.051568 0.0907868
OUTPUT3: 2008.9 0.0217705 -0.051568 0.0907868
OUTPUT3: 2008.9 0.0217705 -0.051568 0.0907868
OUTPUT3: 2008.91 0.0347869 -0.034717 0.101101
OUTPUT3: 2008.91 0.0137266 -0.0604389 0.0833188
OUTPUT3: 2008.92 0.0194879 -0.0501323 0.0855863
OUTPUT3: 2008.92 0.0229383 -0.0457169 0.0880969
OUTPUT3: 2008.92 0.0229413 -0.0457133 0.0880992
OUTPUT3: 2008.92 0.0253836 -0.0428456 0.0901059
OUTPUT3: 2008.92 0.0253839 -0.0428454 0.0901061
OUTPUT3: 2008.92 0.0317829 -0.0362556 0.0968794
OUTPUT3: 2008.92 0.0318085 -0.0362316 0.0969059
OUTPUT3: 2008.92 0.0377626 -0.03104 0.103364
OUTPUT3: 2008.92 0.0377657 -0.0310374 0.103367
OUTPUT3: 2008.92 0.0406625 -0.0286199 0.106613
OUTPUT3: 2008.92 0.043029 -0.0265836 0.109237
OUTPUT3: 2008.92 0.0465894 -0.023293 0.113088
OUTPUT3: 2008.92 0.0505609 -0.0192139 0.117216
OUTPUT3: 2008.92 0.0523542 -0.0172319 0.119022
OUTPUT3: 2008.92 0.0598128 -0.00825429 0.126231
OUTPUT3: 2008.92 0.0625021 -0.00481842 0.129126
OUTPUT3: 2008.92 0.0637056 -0.00326265 0.13047
OUTPUT3: 2008.92 0.0651391 -0.00140153 0.132073
OUTPUT3: 2008.92 0.0666496 0.000561275 0.133765
OUTPUT3: 2008.92 0.0710618 0.00553644 0.138706
OUTPUT3: 2008.92 0.0710618 0.00553645 0.138706
OUTPUT3: 2008.92 0.072441 0.00691485 0.140276
OUTPUT3: 2008.92 0.0724411 0.00691493 0.140276
OUTPUT3: 2008.92 0.0631062 -0.00807848 0.129943
OUTPUT3: 2008.93 0.0511763 -0.0211697 0.120086
OUTPUT3: 2008.93 0.0788366 0.00915097 0.145354
OUTPUT3: 2008.93 0.0869875 0.0189851 0.153551
OUTPUT3: 2008.94 0.0640274 -0.00909669 0.133056
OUTPUT3: 2008.95 0.0888821 0.0208802 0.154184
OUTPUT3: 2008.95 0.0857248 0.0156213 0.151498
OUTPUT3: 2008.95 0.0847209 0.0139832 0.151004
OUTPUT3: 2008.95 0.0840485 0.0126037 0.151176
OUTPUT3: 2008.95 0.08452 0.0132478 0.151508
OUTPUT3: 2008.95 0.0845934 0.0133493 0.151558
OUTPUT3: 2008.95 0.086087 0.0154415 0.152522
OUTPUT3: 2008.95 0.0876472 0.0176438 0.153491
OUTPUT3: 2008.95 0.0937962 0.0262673 0.158529
OUTPUT3: 2008.95 0.0937963 0.0262675 0.158529
OUTPUT3: 2008.95 0.0945104 0.0272502 0.159203
OUTPUT3: 2008.95 0.0945119 0.0272523 0.159205
OUTPUT3: 2008.95 0.0967612 0.0301205 0.161793
OUTPUT3: 2008.95 0.0967611 0.0301203 0.161793
OUTPUT3: 2008.95 0.095487 0.0281381 0.160437
OUTPUT3: 2008.95 0.095486 0.0281366 0.160436
OUTPUT3: 2008.95 0.0947344 0.0270342 0.159816
OUTPUT3: 2008.95 0.0910699 0.0219029 0.15669
OUTPUT3: 2008.95 0.0910698 0.0219029 0.15669
OUTPUT3: 2008.95 0.0902251 0.0208084 0.155954
OUTPUT3: 2008.95 0.0899492 0.0207127 0.155723
OUTPUT3: 2008.96 0.097432 0.0308941 0.162825
OUTPUT3: 2008.97 0.0978843 0.0309276 0.162934
OUTPUT3: 2008.97 0.103294 0.0333865 0.169156
OUTPUT3: 2008.97 0.103386 0.0331109 0.169345
OUTPUT3: 2008.97 0.103386 0.0331109 0.169345
OUTPUT3: 2008.97 0.103386 0.0331109 0.169345
OUTPUT3: 2008.97 0.103386 0.0331109 0.169345
OUTPUT3: 2008.97 0.103386 0.0331109 0.169345
OUTPUT3: 2008.97 0.103386 0.0331109 0.169345
OUTPUT3: 2008.97 0.103386 0.0331109 0.169345
OUTPUT3: 2008.97 0.103386 0.0331109 0.169345
OUTPUT3: 2008.97 0.103386 0.0331109 0.169345
OUTPUT3: 2008.97 0.103386 0.0331109 0.169345
OUTPUT3: 2008.97 0.103386 0.0331109 0.169345
OUTPUT3: 2008.97 0.103386 0.0331109 0.169345
OUTPUT3: 2008.97 0.103386 0.0331109 0.169345
OUTPUT3: 2008.97 0.103386 0.0331109 0.169345
OUTPUT3: 2008.97 0.103386 0.0331109 0.169345
OUTPUT3: 2008.97 0.103386 0.0331109 0.169345
OUTPUT3: 2008.97 0.1034 0.0330784 0.16937
OUTPUT3: 2008.97 0.1034 0.0330784 0.16937
OUTPUT3: 2008.97 0.1034 0.0330784 0.16937
OUTPUT3: 2008.97 0.1034 0.0330784 0.16937
OUTPUT3: 2008.97 0.1034 0.0330784 0.16937
OUTPUT3: 2008.97 0.1034 0.0330784 0.16937
OUTPUT3: 2008.97 0.1034 0.0330784 0.16937
OUTPUT3: 2008.97 0.1034 0.0330784 0.16937
OUTPUT3: 2008.97 0.1034 0.0330784 0.16937
OUTPUT3: 2008.97 0.1034 0.0330784 0.16937
OUTPUT3: 2008.97 0.1034 0.0330784 0.16937
OUTPUT3: 2008.97 0.1034 0.0330784 0.16937
OUTPUT3: 2008.97 0.1034 0.0330784 0.16937
OUTPUT3: 2008.97 0.1034 0.0330784 0.16937
OUTPUT3: 2008.97 0.10347 0.0329431 0.169571
OUTPUT3: 2008.97 0.10347 0.0329431 0.169571
OUTPUT3: 2008.97 0.10347 0.0329431 0.169571
OUTPUT3: 2008.97 0.10347 0.0329431 0.169571
OUTPUT3: 2008.97 0.10347 0.0329431 0.169571
OUTPUT3: 2008.97 0.10347 0.0329431 0.169571
OUTPUT3: 2008.97 0.10347 0.0329431 0.169571
OUTPUT3: 2008.97 0.10347 0.0329431 0.169571
OUTPUT3: 2008.97 0.10347 0.0329431 0.169571
OUTPUT3: 2008.97 0.10347 0.0329431 0.169571
OUTPUT3: 2008.97 0.10347 0.0329431 0.169571
OUTPUT3: 2008.97 0.10347 0.0329431 0.169571
OUTPUT3: 2008.97 0.10347 0.0329431 0.169571
OUTPUT3: 2008.97 0.10347 0.0329431 0.169571
OUTPUT3: 2008.97 0.10347 0.0329431 0.169571
OUTPUT3: 2008.97 0.10347 0.0329431 0.169571
OUTPUT3: 2008.97 0.103605 0.0328249 0.169886
OUTPUT3: 2008.97 0.103605 0.0328249 0.169886
OUTPUT3: 2008.97 0.103605 0.0328249 0.169886
OUTPUT3: 2008.97 0.103605 0.0328249 0.169886
OUTPUT3: 2008.97 0.103605 0.0328249 0.169886
OUTPUT3: 2008.97 0.103605 0.0328249 0.169886
OUTPUT3: 2008.97 0.103605 0.0328249 0.169886
OUTPUT3: 2008.97 0.103605 0.0328249 0.169886
OUTPUT3: 2008.97 0.103605 0.0328249 0.169886
OUTPUT3: 2008.97 0.103605 0.0328249 0.169886
OUTPUT3: 2008.97 0.103605 0.0328249 0.169886
OUTPUT3: 2008.97 0.103605 0.0328249 0.169886
OUTPUT3: 2008.97 0.106263 0.0371646 0.171699
OUTPUT3: 2008.97 0.106293 0.0372174 0.171716
OUTPUT3: 2008.97 0.106293 0.0372174 0.171716
OUTPUT3: 2008.97 0.106552 0.0376606 0.171863
OUTPUT3: 2008.97 0.106848 0.0381411 0.172049
OUTPUT3: 2008.97 0.107146 0.0385928 0.172255
OUTPUT3: 2008.97 0.107452 0.039023 0.172489
OUTPUT3: 2008.97 0.107766 0.0394283 0.172753
OUTPUT3: 2008.97 0.108093 0.039811 0.173053
OUTPUT3: 2008.97 0.108626 0.0403568 0.173592
OUTPUT3: 2008.97 0.115248 0.0450854 0.181421
OUTPUT3: 2008.97 0.115249 0.045086 0.181422
OUTPUT3: 2008.97 0.116407 0.046062 0.18265
OUTPUT3: 2008.97 0.116714 0.0463336 0.182967
OUTPUT3: 2008.97 0.116715 0.0463338 0.182967
OUTPUT3: 2008.97 0.117808 0.0473387 0.184064
OUTPUT3: 2008.97 0.117808 0.0473388 0.184064
OUTPUT3: 2008.97 0.118826 0.0483263 0.185044
OUTPUT3: 2008.97 0.119809 0.0493264 0.185999
OUTPUT3: 2008.97 0.11981 0.0493275 0.186
OUTPUT3: 2008.97 0.120767 0.0503409 0.186909
OUTPUT3: 2008.97 0.120767 0.0503411 0.18691
OUTPUT3: 2008.97 0.121543 0.0511912 0.187629
OUTPUT3: 2008.97 0.121547 0.0511952 0.187633
OUTPUT3: 2008.98 0.131915 0.0646248 0.197112
OUTPUT3: 2008.98 0.131915 0.0646254 0.197112
OUTPUT3: 2008.98 0.132429 0.0653929 0.197565
OUTPUT3: 2008.98 0.13243 0.0653938 0.197566
OUTPUT3: 2008.98 0.132855 0.0660412 0.197939
OUTPUT3: 2008.98 0.132867 0.06606 0.19795
OUTPUT3: 2008.98 0.132867 0.0660601 0.19795
OUTPUT3: 2008.98 0.133228 0.0666195 0.198265
OUTPUT3: 2008.98 0.133228 0.0666201 0.198265
OUTPUT3: 2008.98 0.133516 0.0670769 0.198536
OUTPUT3: 2008.98 0.133725 0.0674193 0.198797
OUTPUT3: 2008.98 0.133725 0.0674195 0.198797
OUTPUT3: 2008.98 0.133861 0.0676553 0.198976
OUTPUT3: 2008.98 0.133861 0.0676556 0.198976
OUTPUT3: 2008.98 0.133928 0.0677867 0.199074
OUTPUT3: 2008.98 0.133928 0.0677867 0.199074
OUTPUT3: 2008.98 0.131169 0.0640783 0.196533
OUTPUT3: 2008.98 0.130899 0.0637355 0.196286
OUTPUT3: 2008.98 0.130514 0.0632631 0.195927
OUTPUT3: 2008.98 0.130514 0.0632626 0.195926
OUTPUT3: 2008.98 0.130186 0.0628762 0.195614
OUTPUT3: 2008.98 0.130063 0.062734 0.195494
OUTPUT3: 2008.98 0.130062 0.062734 0.195494
OUTPUT3: 2008.98 0.129669 0.0622962 0.195106
OUTPUT3: 2008.98 0.129669 0.0622958 0.195105
OUTPUT3: 2008.98 0.129264 0.0618674 0.194696
OUTPUT3: 2008.98 0.128844 0.0614459 0.194263
OUTPUT3: 2008.98 0.128406 0.0610264 0.1938
OUTPUT3: 2008.98 0.12794 0.060599 0.1933
OUTPUT3: 2008.98 0.118361 0.0516717 0.182931
OUTPUT3: 2008.98 0.11836 0.0516712 0.18293
OUTPUT3: 2008.98 0.117507 0.0507703 0.182044
OUTPUT3: 2008.98 0.117507 0.0507697 0.182044
OUTPUT3: 2008.98 0.116521 0.0497083 0.181027
OUTPUT3: 2008.98 0.11652 0.0497066 0.181026
OUTPUT3: 2008.98 0.115296 0.0483602 0.179775
OUTPUT3: 2008.98 0.114022 0.0469246 0.178485
OUTPUT3: 2008.98 0.113112 0.04588 0.177571
OUTPUT3: 2008.98 0.112169 0.0447806 0.176631
OUTPUT3: 2008.98 0.112164 0.0447751 0.176626
OUTPUT3: 2008.98 0.110904 0.0432779 0.175379
OUTPUT3: 2008.98 0.110899 0.0432725 0.175375
OUTPUT3: 2008.98 0.109653 0.0417618 0.174154
OUTPUT3: 2008.98 0.109652 0.0417603 0.174153
OUTPUT3: 2008.98 0.102295 0.0312356 0.16964
OUTPUT3: 2008.98 0.102296 0.0312359 0.16964
OUTPUT3: 2008.98 0.102768 0.0316926 0.170077
OUTPUT3: 2008.98 0.102769 0.0316932 0.170078
OUTPUT3: 2008.98 0.103408 0.0323749 0.170624
OUTPUT3: 2008.98 0.103409 0.0323751 0.170624
OUTPUT3: 2008.98 0.103417 0.0323845 0.170631
OUTPUT3: 2008.98 0.104208 0.0332756 0.171272
OUTPUT3: 2008.98 0.10421 0.0332778 0.171274
OUTPUT3: 2008.99 0.105156 0.0343831 0.172012
OUTPUT3: 2008.99 0.105156 0.0343834 0.172012
OUTPUT3: 2008.99 0.106243 0.0356886 0.172835
OUTPUT3: 2008.99 0.106245 0.0356907 0.172836
OUTPUT3: 2008.99 0.10744 0.0371574 0.173719
OUTPUT3: 2008.99 0.107442 0.0371597 0.173721
OUTPUT3: 2008.99 0.108739 0.0387782 0.174658
OUTPUT3: 2008.99 0.108739 0.0387787 0.174658
OUTPUT3: 2008.99 0.123317 0.058647 0.18838
OUTPUT3: 2008.99 0.123317 0.0586473 0.18838
OUTPUT3: 2008.99 0.12338 0.0588593 0.188481
OUTPUT3: 2008.99 0.12338 0.0588593 0.188481
OUTPUT3: 2008.99 0.123231 0.0587881 0.188339
OUTPUT3: 2008.99 0.123229 0.0587868 0.188338
OUTPUT3: 2008.99 0.12303 0.0586001 0.188129
OUTPUT3: 2008.99 0.12303 0.0586001 0.188129
OUTPUT3: 2008.99 0.12303 0.0586001 0.188129
OUTPUT3: 2008.99 0.12303 0.0586001 0.188129
OUTPUT3: 2008.99 0.12303 0.0586001 0.188129
OUTPUT3: 2008.99 0.12303 0.0586001 0.188129
OUTPUT3: 2008.99 0.12303 0.0586001 0.188129
OUTPUT3: 2008.99 0.12303 0.0586001 0.188129
OUTPUT3: 2008.99 0.122608 0.0581498 0.187675
OUTPUT3: 2008.99 0.122608 0.0581489 0.187674
OUTPUT3: 2008.99 0.122525 0.0580562 0.187584
OUTPUT3: 2008.99 0.122525 0.0580562 0.187584
OUTPUT3: 2008.99 0.122525 0.0580562 0.187584
OUTPUT3: 2008.99 0.122525 0.0580562 0.187584
OUTPUT3: 2008.99 0.122525 0.0580562 0.187584
OUTPUT3: 2008.99 0.122525 0.0580562 0.187584
OUTPUT3: 2008.99 0.122525 0.0580562 0.187584
OUTPUT3: 2008.99 0.122525 0.0580562 0.187584
OUTPUT3: 2008.99 0.122525 0.0580562 0.187584
OUTPUT3: 2008.99 0.122525 0.0580562 0.187584
OUTPUT3: 2008.99 0.122525 0.0580562 0.187584
OUTPUT3: 2008.99 0.122525 0.0580562 0.187584
OUTPUT3: 2008.99 0.122525 0.0580562 0.187584
OUTPUT3: 2008.99 0.122525 0.0580562 0.187584
OUTPUT3: 2008.99 0.122525 0.0580562 0.187584
OUTPUT3: 2008.99 0.122525 0.0580562 0.187584
OUTPUT3: 2008.99 0.121933 0.0573737 0.186935
OUTPUT3: 2008.99 0.121931 0.0573713 0.186933
OUTPUT3: 2008.99 0.121059 0.0563276 0.185968
OUTPUT3: 2008.99 0.121058 0.0563262 0.185966
OUTPUT3: 2008.99 0.120087 0.0551367 0.184886
OUTPUT3: 2008.99 0.120085 0.0551348 0.184884
OUTPUT3: 2008.99 0.101672 0.031519 0.167999
OUTPUT3: 2008.99 0.100377 0.0298775 0.167043
OUTPUT3: 2008.99 0.100377 0.0298775 0.167043
OUTPUT3: 2008.99 0.100261 0.0297319 0.166956
OUTPUT3: 2009 0.0922721 0.0230959 0.157445
OUTPUT3: 2009 0.0886984 0.0186511 0.154831
OUTPUT3: 2009 0.0814637 0.0104259 0.148966
OUTPUT3: 2009 0.0811259 0.0102075 0.148566
OUTPUT3: 2009 0.0810447 0.0105354 0.148177
OUTPUT3: 2009 0.0812898 0.011073 0.148174
OUTPUT3: 2009 0.0838839 0.0151782 0.149357
OUTPUT3: 2009 0.0851066 0.0169283 0.150053
OUTPUT3: 2009 0.085108 0.0169303 0.150054
OUTPUT3: 2009 0.0887805 0.0219088 0.152374
OUTPUT3: 2009 0.0912588 0.0250747 0.154906
OUTPUT3: 2009 0.091259 0.025075 0.154906
OUTPUT3: 2009 0.0959169 0.030406 0.160274
OUTPUT3: 2009 0.096651 0.0310233 0.16111
OUTPUT3: 2009 0.0956735 0.0287418 0.16016
OUTPUT3: 2009 0.0952223 0.0281267 0.159765
OUTPUT3: 2009 0.0940503 0.0266526 0.158676
OUTPUT3: 2009 0.0930765 0.025536 0.157719
OUTPUT3: 2009 0.0922716 0.0246793 0.156897
OUTPUT3: 2009 0.0922697 0.0246773 0.156895
OUTPUT3: 2009 0.0850692 0.0180142 0.148926
OUTPUT3: 2009.01 0.0734187 0.0019543 0.141177
OUTPUT3: 2009.01 0.0733893 0.00191474 0.141159
OUTPUT3: 2009.04 0.0920214 0.0299107 0.154709
OUTPUT3: 2009.04 0.0926845 0.0307612 0.155497
OUTPUT3: 2009.04 0.0944953 0.0330697 0.157639
OUTPUT3: 2009.04 0.0944953 0.0330698 0.157639
OUTPUT3: 2009.04 0.0963786 0.030855 0.158458
OUTPUT3: 2009.04 0.110901 0.0492585 0.172539
OUTPUT3: 2009.04 0.111978 0.0507348 0.17374
OUTPUT3: 2009.05 0.117775 0.0564761 0.179007
OUTPUT3: 2009.05 0.117169 0.0555315 0.178223
OUTPUT3: 2009.05 0.117169 0.0555315 0.178223
OUTPUT3: 2009.05 0.117169 0.0555315 0.178223
OUTPUT3: 2009.05 0.117169 0.0555315 0.178223
OUTPUT3: 2009.05 0.117169 0.0555315 0.178223
OUTPUT3: 2009.05 0.117169 0.0555315 0.178223
OUTPUT3: 2009.05 0.117169 0.0555315 0.178223
OUTPUT3: 2009.05 0.117169 0.0555315 0.178223
OUTPUT3: 2009.05 0.116607 0.0547304 0.177523
OUTPUT3: 2009.05 0.116607 0.0547304 0.177523
OUTPUT3: 2009.05 0.116607 0.0547304 0.177523
OUTPUT3: 2009.05 0.116607 0.0547304 0.177523
OUTPUT3: 2009.05 0.116607 0.0547304 0.177523
OUTPUT3: 2009.05 0.116607 0.0547304 0.177523
OUTPUT3: 2009.05 0.116607 0.0547304 0.177523
OUTPUT3: 2009.05 0.116607 0.0547304 0.177523
OUTPUT3: 2009.05 0.116607 0.0547304 0.177523
OUTPUT3: 2009.05 0.116607 0.0547304 0.177523
OUTPUT3: 2009.05 0.116607 0.0547304 0.177523
OUTPUT3: 2009.05 0.116607 0.0547304 0.177523
OUTPUT3: 2009.05 0.116607 0.0547304 0.177523
OUTPUT3: 2009.05 0.116607 0.0547304 0.177523
OUTPUT3: 2009.05 0.116607 0.0547304 0.177523
OUTPUT3: 2009.05 0.116607 0.0547304 0.177523
OUTPUT3: 2009.06 0.108676 0.0456945 0.168862
OUTPUT3: 2009.06 0.110041 0.0497154 0.169757
OUTPUT3: 2009.06 0.087074 0.0252311 0.145541
OUTPUT3: 2009.06 0.0870728 0.0252297 0.145541
OUTPUT3: 2009.06 0.0838156 0.0211734 0.143023
OUTPUT3: 2009.06 0.0838016 0.0211565 0.143011
OUTPUT3: 2009.06 0.0786616 0.0166624 0.1376
OUTPUT3: 2009.06 0.0786605 0.0166632 0.137598
OUTPUT3: 2009.06 0.0784349 0.0172748 0.136754
OUTPUT3: 2009.06 0.078589 0.0184732 0.13612
OUTPUT3: 2009.06 0.0789983 0.019771 0.135847
OUTPUT3: 2009.06 0.0791788 0.0201991 0.135836
OUTPUT3: 2009.06 0.0791788 0.0201991 0.135836
OUTPUT3: 2009.06 0.0791788 0.0201991 0.135836
OUTPUT3: 2009.06 0.0791788 0.0201991 0.135836
OUTPUT3: 2009.06 0.0791788 0.0201991 0.135836
OUTPUT3: 2009.06 0.0791788 0.0201991 0.135836
OUTPUT3: 2009.06 0.0791788 0.0201991 0.135836
OUTPUT3: 2009.06 0.0791788 0.0201991 0.135836
OUTPUT3: 2009.06 0.0791788 0.0201991 0.135836
OUTPUT3: 2009.06 0.0791788 0.0201991 0.135836
OUTPUT3: 2009.06 0.0791788 0.0201991 0.135836
OUTPUT3: 2009.06 0.0791788 0.0201991 0.135836
OUTPUT3: 2009.06 0.0791788 0.0201991 0.135836
OUTPUT3: 2009.06 0.0791788 0.0201991 0.135836
OUTPUT3: 2009.06 0.0791976 0.02024 0.135838
OUTPUT3: 2009.06 0.0792238 0.0202959 0.135841
OUTPUT3: 2009.06 0.0793285 0.0205062 0.135927
OUTPUT3: 2009.06 0.0793285 0.0205062 0.135927
OUTPUT3: 2009.06 0.0793285 0.0205062 0.135927
OUTPUT3: 2009.06 0.0793285 0.0205062 0.135927
OUTPUT3: 2009.06 0.0793285 0.0205062 0.135927
OUTPUT3: 2009.06 0.0793285 0.0205062 0.135927
OUTPUT3: 2009.06 0.0793285 0.0205062 0.135927
OUTPUT3: 2009.06 0.0793285 0.0205062 0.135927
OUTPUT3: 2009.06 0.0793285 0.0205062 0.135927
OUTPUT3: 2009.06 0.0793285 0.0205062 0.135927
OUTPUT3: 2009.06 0.0793285 0.0205062 0.135927
OUTPUT3: 2009.06 0.0793285 0.0205062 0.135927
OUTPUT3: 2009.06 0.0793285 0.0205062 0.135927
OUTPUT3: 2009.06 0.0793285 0.0205062 0.135927
OUTPUT3: 2009.06 0.0794281 0.0206861 0.136056
OUTPUT3: 2009.06 0.0796059 0.0209538 0.136278
OUTPUT3: 2009.06 0.0796059 0.0209538 0.136278
OUTPUT3: 2009.06 0.0796059 0.0209538 0.136278
OUTPUT3: 2009.06 0.0796059 0.0209538 0.136278
OUTPUT3: 2009.06 0.0796059 0.0209538 0.136278
OUTPUT3: 2009.06 0.0796059 0.0209538 0.136278
OUTPUT3: 2009.06 0.0796059 0.0209538 0.136278
OUTPUT3: 2009.06 0.0796059 0.0209538 0.136278
OUTPUT3: 2009.06 0.0796059 0.0209538 0.136278
OUTPUT3: 2009.06 0.0796059 0.0209538 0.136278
OUTPUT3: 2009.06 0.0796059 0.0209538 0.136278
OUTPUT3: 2009.06 0.0796059 0.0209538 0.136278
OUTPUT3: 2009.06 0.0796059 0.0209538 0.136278
OUTPUT3: 2009.06 0.0796059 0.0209538 0.136278
OUTPUT3: 2009.07 0.0799755 0.0212081 0.136684
OUTPUT3: 2009.07 0.0801798 0.0210592 0.136937
OUTPUT3: 2009.07 0.0802657 0.0209032 0.137209
OUTPUT3: 2009.07 0.080559 0.0200412 0.138382
OUTPUT3: 2009.07 0.0806214 0.0198522 0.138634
OUTPUT3: 2009.07 0.0806216 0.0198516 0.138635
OUTPUT3: 2009.07 0.0806787 0.0196922 0.138855
OUTPUT3: 2009.07 0.0808713 0.0192625 0.13951
OUTPUT3: 2009.07 0.0811509 0.0188932 0.140264
OUTPUT3: 2009.07 0.0813225 0.0187745 0.140643
OUTPUT3: 2009.07 0.08371 0.0205619 0.143292
OUTPUT3: 2009.07 0.0856037 0.0251076 0.143308
OUTPUT3: 2009.09 0.0453598 -0.0178841 0.105982
OUTPUT3: 2009.09 0.0573066 -0.00421511 0.116359
OUTPUT3: 2009.09 0.0567775 -0.0050513 0.115837
OUTPUT3: 2009.1 0.0537294 -0.00817587 0.112659
OUTPUT3: 2009.1 0.0541977 -0.00747078 0.113053
OUTPUT3: 2009.1 0.0537519 -0.00853498 0.112601
OUTPUT3: 2009.1 0.0529207 -0.00962379 0.111892
OUTPUT3: 2009.1 0.0511255 -0.0119247 0.110574
OUTPUT3: 2009.1 0.0415561 -0.0211969 0.101973
OUTPUT3: 2009.11 0.0658191 0.0039521 0.124847
OUTPUT3: 2009.11 0.0743125 0.0139508 0.133795
OUTPUT3: 2009.11 0.0755591 0.0169127 0.135571
OUTPUT3: 2009.11 0.0672068 0.00428287 0.126582
OUTPUT3: 2009.11 0.0672068 0.00428287 0.126582
OUTPUT3: 2009.11 0.0683545 0.00605234 0.127279
OUTPUT3: 2009.11 0.0724849 0.0132589 0.131124
OUTPUT3: 2009.11 0.0725864 0.0134744 0.131247
OUTPUT3: 2009.11 0.0725865 0.0134745 0.131247
OUTPUT3: 2009.11 0.0728725 0.0142047 0.131717
OUTPUT3: 2009.11 0.0728725 0.0142047 0.131717
OUTPUT3: 2009.11 0.0711337 0.0117643 0.129494
OUTPUT3: 2009.11 0.0711336 0.0117642 0.129494
OUTPUT3: 2009.11 0.0706478 0.0108986 0.128883
OUTPUT3: 2009.11 0.0705998 0.0108107 0.128823
OUTPUT3: 2009.12 0.0695589 0.0087713 0.127615
OUTPUT3: 2009.12 0.0695588 0.00877107 0.127615
OUTPUT3: 2009.12 0.0689164 0.00728461 0.127633
OUTPUT3: 2009.12 0.0743201 0.0111005 0.134085
OUTPUT3: 2009.12 0.0888943 0.0292102 0.14874
OUTPUT3: 2009.12 0.088786 0.0289882 0.148592
OUTPUT3: 2009.12 0.088446 0.0283105 0.148131
OUTPUT3: 2009.12 0.088446 0.0283105 0.148131
OUTPUT3: 2009.13 0.0554148 -0.0095484 0.117815
OUTPUT3: 2009.13 0.0591385 -0.00245455 0.118061
OUTPUT3: 2009.13 0.0591385 -0.00245455 0.118061
OUTPUT3: 2009.13 0.0591385 -0.00245455 0.118061
OUTPUT3: 2009.13 0.0591385 -0.00245455 0.118061
OUTPUT3: 2009.13 0.0591385 -0.00245455 0.118061
OUTPUT3: 2009.13 0.0591385 -0.00245455 0.118061
OUTPUT3: 2009.13 0.0591385 -0.00245455 0.118061
OUTPUT3: 2009.13 0.0591385 -0.00245455 0.118061
OUTPUT3: 2009.13 0.0591385 -0.00245455 0.118061
OUTPUT3: 2009.13 0.0591385 -0.00245455 0.118061
OUTPUT3: 2009.13 0.0591385 -0.00245455 0.118061
OUTPUT3: 2009.13 0.0591385 -0.00245455 0.118061
OUTPUT3: 2009.13 0.0591385 -0.00245455 0.118061
OUTPUT3: 2009.13 0.0591385 -0.00245455 0.118061
OUTPUT3: 2009.14 0.0300479 -0.0312062 0.0882761
OUTPUT3: 2009.14 0.026162 -0.0361022 0.0853579
OUTPUT3: 2009.14 0.0252221 -0.0372762 0.0846446
OUTPUT3: 2009.14 0.0238445 -0.0389871 0.0835917
OUTPUT3: 2009.14 0.0231974 -0.039786 0.0830935
OUTPUT3: 2009.14 0.0231974 -0.039786 0.0830935
OUTPUT3: 2009.14 0.0220337 -0.0412144 0.0821906
OUTPUT3: 2009.14 0.0220337 -0.0412144 0.0821906
OUTPUT3: 2009.14 0.0220337 -0.0412144 0.0821906
OUTPUT3: 2009.14 0.0220337 -0.0412144 0.0821906
OUTPUT3: 2009.14 0.0220337 -0.0412144 0.0821906
OUTPUT3: 2009.14 0.0220337 -0.0412144 0.0821906
OUTPUT3: 2009.14 0.0220337 -0.0412144 0.0821906
OUTPUT3: 2009.14 0.0220337 -0.0412144 0.0821906
OUTPUT3: 2009.14 0.0220337 -0.0412144 0.0821906
OUTPUT3: 2009.14 0.0220337 -0.0412144 0.0821906
OUTPUT3: 2009.14 0.0220337 -0.0412144 0.0821906
OUTPUT3: 2009.14 0.0220337 -0.0412144 0.0821907
OUTPUT3: 2009.14 0.0220337 -0.0412144 0.0821906
OUTPUT3: 2009.14 0.0220337 -0.0412144 0.0821906
OUTPUT3: 2009.14 0.0206873 -0.0428509 0.0811333
OUTPUT3: 2009.14 0.0206863 -0.0428521 0.0811325
OUTPUT3: 2009.14 0.0203207 -0.0432931 0.0808427
OUTPUT3: 2009.14 0.0203207 -0.0432931 0.0808427
OUTPUT3: 2009.14 0.0203207 -0.0432931 0.0808427
OUTPUT3: 2009.14 0.0203207 -0.0432931 0.0808427
OUTPUT3: 2009.14 0.0203207 -0.0432931 0.0808427
OUTPUT3: 2009.14 0.0203207 -0.0432931 0.0808427
OUTPUT3: 2009.14 0.0203207 -0.0432931 0.0808427
OUTPUT3: 2009.14 0.0203207 -0.0432931 0.0808427
OUTPUT3: 2009.14 0.0203207 -0.0432931 0.0808427
OUTPUT3: 2009.14 0.0203207 -0.0432931 0.0808427
OUTPUT3: 2009.14 0.0203207 -0.0432931 0.0808427
OUTPUT3: 2009.14 0.0203207 -0.0432931 0.0808427
OUTPUT3: 2009.14 0.0203207 -0.0432931 0.0808427
OUTPUT3: 2009.14 0.0203207 -0.0432931 0.0808427
OUTPUT3: 2009.14 0.0162325 -0.0480876 0.077489
OUTPUT3: 2009.14 0.0110018 -0.0533199 0.072432
OUTPUT3: 2009.14 0.0101737 -0.053626 0.0711769
OUTPUT3: 2009.14 0.0101725 -0.0536255 0.0711742
OUTPUT3: 2009.14 0.0100992 -0.0527604 0.070277
OUTPUT3: 2009.14 0.0100994 -0.0527595 0.0702767
OUTPUT3: 2009.14 0.0106604 -0.0512907 0.0700099
OUTPUT3: 2009.14 0.0115978 -0.0494229 0.0700761
OUTPUT3: 2009.14 0.0123724 -0.0480354 0.0702647
OUTPUT3: 2009.14 0.0123725 -0.0480353 0.0702647
OUTPUT3: 2009.14 0.0136903 -0.0458393 0.0709782
OUTPUT3: 2009.14 0.0138629 -0.0455634 0.0711949
OUTPUT3: 2009.14 0.0169794 -0.0409983 0.0752362
OUTPUT3: 2009.14 0.0169796 -0.0409981 0.0752364
OUTPUT3: 2009.14 0.0183216 -0.0395006 0.0767574
OUTPUT3: 2009.14 0.0185286 -0.0396398 0.0767948
OUTPUT3: 2009.14 0.0185286 -0.0396399 0.0767948
OUTPUT3: 2009.14 0.0183189 -0.0403224 0.0763508
OUTPUT3: 2009.14 0.018318 -0.0403248 0.0763495
OUTPUT3: 2009.14 0.0171452 -0.0427662 0.0748109
OUTPUT3: 2009.14 0.0170464 -0.0429532 0.0746852
OUTPUT3: 2009.14 0.0170458 -0.0429543 0.0746844
OUTPUT3: 2009.14 0.0165091 -0.0439482 0.0740911
OUTPUT3: 2009.14 0.0159894 -0.0448836 0.0737063
OUTPUT3: 2009.14 0.0135853 -0.0490196 0.0727922
OUTPUT3: 2009.14 0.0132867 -0.0495443 0.0727651
OUTPUT3: 2009.15 0.016621 -0.0451013 0.0753728
OUTPUT3: 2009.15 0.0170563 -0.0445213 0.0756814
OUTPUT3: 2009.15 0.0171148 -0.0444435 0.0757229
OUTPUT3: 2009.15 0.0181231 -0.0431132 0.0764416
OUTPUT3: 2009.15 0.0193216 -0.0415554 0.077313
OUTPUT3: 2009.15 0.0193216 -0.0415554 0.0773131
OUTPUT3: 2009.15 0.0193216 -0.0415554 0.0773131
OUTPUT3: 2009.15 0.0193216 -0.0415554 0.077313
OUTPUT3: 2009.15 0.0193216 -0.0415554 0.077313
OUTPUT3: 2009.15 0.0193216 -0.0415554 0.077313
OUTPUT3: 2009.15 0.0193216 -0.0415554 0.077313
OUTPUT3: 2009.15 0.0193216 -0.0415554 0.0773131
OUTPUT3: 2009.15 0.0202923 -0.0403127 0.0783101
OUTPUT3: 2009.15 0.0202923 -0.0403127 0.0783101
OUTPUT3: 2009.15 0.0202923 -0.0403127 0.0783101
OUTPUT3: 2009.15 0.0202923 -0.0403127 0.0783101
OUTPUT3: 2009.15 0.0202923 -0.0403127 0.0783101
OUTPUT3: 2009.15 0.0202923 -0.0403127 0.0783101
OUTPUT3: 2009.15 0.0202923 -0.0403127 0.0783101
OUTPUT3: 2009.15 0.0202923 -0.0403127 0.0783101
OUTPUT3: 2009.15 0.0202923 -0.0403127 0.0783101
OUTPUT3: 2009.15 0.0202923 -0.0403127 0.0783101
OUTPUT3: 2009.15 0.0202923 -0.0403127 0.0783101
OUTPUT3: 2009.15 0.0202923 -0.0403127 0.0783101
OUTPUT3: 2009.15 0.0202923 -0.0403127 0.0783101
OUTPUT3: 2009.15 0.0202923 -0.0403127 0.0783101
OUTPUT3: 2009.15 0.0202923 -0.0403127 0.0783101
OUTPUT3: 2009.15 0.0202923 -0.0403127 0.0783101
OUTPUT3: 2009.16 0.0124292 -0.048179 0.0721935
OUTPUT3: 2009.16 0.0151277 -0.047743 0.0749109
OUTPUT3: 2009.16 0.0125307 -0.0498504 0.0722935
OUTPUT3: 2009.17 0.0109179 -0.0525586 0.0716304
OUTPUT3: 2009.17 0.0108356 -0.0527284 0.0716191
OUTPUT3: 2009.17 0.0259968 -0.0348856 0.0855917
OUTPUT3: 2009.17 0.0310821 -0.0294778 0.0906317
OUTPUT3: 2009.17 0.0295113 -0.0324852 0.0888676
OUTPUT3: 2009.18 0.0403122 -0.0197015 0.10054
OUTPUT3: 2009.18 0.039805 -0.0204113 0.100021
OUTPUT3: 2009.18 0.039533 -0.0207861 0.0997441
OUTPUT3: 2009.18 0.0392367 -0.0211875 0.0994448
OUTPUT3: 2009.18 0.039225 -0.0212032 0.099433
OUTPUT3: 2009.18 0.0376609 -0.0222469 0.0993422
OUTPUT3: 2009.18 0.00775939 -0.0546517 0.0678197
OUTPUT3: 2009.18 0.0108915 -0.0504967 0.069929
OUTPUT3: 2009.18 0.0135536 -0.0470371 0.0719751
OUTPUT3: 2009.19 0.0312944 -0.0287624 0.0906583
OUTPUT3: 2009.19 0.0299161 -0.0310841 0.088976
OUTPUT3: 2009.19 0.0296013 -0.0315714 0.0887033
OUTPUT3: 2009.19 0.0212823 -0.0369526 0.0814001
OUTPUT3: 2009.19 0.0199923 -0.0387356 0.0797518
OUTPUT3: 2009.19 0.000144999 -0.0619337 0.059298
OUTPUT3: 2009.19 -0.00153675 -0.0634191 0.0576154
OUTPUT3: 2009.2 -0.00431669 -0.0658129 0.0545603
OUTPUT3: 2009.2 0.00358292 -0.0567725 0.0612009
OUTPUT3: 2009.2 0.0037072 -0.0565879 0.0612809
OUTPUT3: 2009.2 0.00446839 -0.0554701 0.0617813
OUTPUT3: 2009.2 0.00807049 -0.0513956 0.0650029
OUTPUT3: 2009.2 0.00812353 -0.0513597 0.0650663
OUTPUT3: 2009.2 0.00844799 -0.0511535 0.0654614
OUTPUT3: 2009.2 0.00883438 -0.0509301 0.0659441
OUTPUT3: 2009.2 0.00939163 -0.0506262 0.0666464
OUTPUT3: 2009.2 0.0103324 -0.0500706 0.0677863
OUTPUT3: 2009.2 0.0107423 -0.0497817 0.0682455
OUTPUT3: 2009.2 0.0107427 -0.0497814 0.068246
OUTPUT3: 2009.2 0.0110673 -0.0495236 0.0685878
OUTPUT3: 2009.2 0.0110674 -0.0495236 0.0685879
OUTPUT3: 2009.2 0.0124724 -0.0479913 0.0698084
OUTPUT3: 2009.2 0.0124725 -0.0479912 0.0698084
OUTPUT3: 2009.2 0.0128763 -0.0473458 0.0700436
OUTPUT3: 2009.2 0.0128765 -0.0473455 0.0700437
OUTPUT3: 2009.2 0.0130338 -0.0470381 0.0701005
OUTPUT3: 2009.21 0.0132398 -0.0465158 0.0701011
OUTPUT3: 2009.21 0.0132652 -0.0457701 0.069929
OUTPUT3: 2009.21 0.0131828 -0.0456858 0.0698725
OUTPUT3: 2009.21 0.012302 -0.0459863 0.0690692
OUTPUT3: 2009.21 0.0120045 -0.046234 0.0687731
OUTPUT3: 2009.21 0.0102011 -0.0488137 0.0673056
OUTPUT3: 2009.21 0.0136771 -0.0476787 0.0726618
OUTPUT3: 2009.21 0.0154382 -0.046177 0.0745343
OUTPUT3: 2009.21 0.0563636 -0.00461267 0.118314
OUTPUT3: 2009.22 0.0366367 -0.0233652 0.0960581
OUTPUT3: 2009.22 0.0348698 -0.0255162 0.0940396
OUTPUT3: 2009.22 0.0343584 -0.0261433 0.0934735
OUTPUT3: 2009.22 0.0328599 -0.0279897 0.0918134
OUTPUT3: 2009.22 0.0328599 -0.0279897 0.0918134
OUTPUT3: 2009.22 0.0290682 -0.0316749 0.088406
OUTPUT3: 2009.22 0.0310297 -0.0290759 0.0907603
OUTPUT3: 2009.22 0.0310297 -0.0290759 0.0907603
OUTPUT3: 2009.22 0.0310297 -0.0290759 0.0907603
OUTPUT3: 2009.22 0.0310297 -0.0290759 0.0907603
OUTPUT3: 2009.22 0.0310297 -0.0290759 0.0907603
OUTPUT3: 2009.22 0.0310297 -0.0290759 0.0907603
OUTPUT3: 2009.22 0.0310297 -0.0290759 0.0907603
OUTPUT3: 2009.22 0.0310297 -0.0290759 0.0907603
OUTPUT3: 2009.22 0.0319347 -0.027897 0.0919001
OUTPUT3: 2009.22 0.0319347 -0.027897 0.0919001
OUTPUT3: 2009.22 0.0319347 -0.027897 0.0919001
OUTPUT3: 2009.22 0.0319347 -0.027897 0.0919001
OUTPUT3: 2009.22 0.0319347 -0.027897 0.0919001
OUTPUT3: 2009.22 0.0319347 -0.027897 0.0919001
OUTPUT3: 2009.22 0.0319347 -0.027897 0.0919001
OUTPUT3: 2009.22 0.0319347 -0.027897 0.0919001
OUTPUT3: 2009.22 0.0319347 -0.027897 0.0919001
OUTPUT3: 2009.22 0.0319347 -0.027897 0.0919001
OUTPUT3: 2009.22 0.0319347 -0.027897 0.0919001
OUTPUT3: 2009.22 0.0319347 -0.027897 0.0919001
OUTPUT3: 2009.22 0.0319347 -0.027897 0.0919001
OUTPUT3: 2009.22 0.0319347 -0.027897 0.0919001
OUTPUT3: 2009.22 0.0319347 -0.027897 0.0919001
OUTPUT3: 2009.22 0.0319347 -0.027897 0.0919001
OUTPUT3: 2009.23 0.0361851 -0.0241146 0.0967394
OUTPUT3: 2009.23 0.0359858 -0.0244152 0.0965134
OUTPUT3: 2009.23 0.0332396 -0.0264899 0.0947262
OUTPUT3: 2009.23 0.0183159 -0.0441389 0.0781863
OUTPUT3: 2009.23 0.0176303 -0.04503 0.0776484
OUTPUT3: 2009.23 0.0156548 -0.0475727 0.0761703
OUTPUT3: 2009.23 0.0156548 -0.0475727 0.0761703
OUTPUT3: 2009.23 0.0156548 -0.0475727 0.0761703
OUTPUT3: 2009.23 0.0156548 -0.0475727 0.0761703
OUTPUT3: 2009.23 0.0156548 -0.0475727 0.0761703
OUTPUT3: 2009.23 0.0156548 -0.0475727 0.0761703
OUTPUT3: 2009.23 0.0156548 -0.0475727 0.0761703
OUTPUT3: 2009.23 0.0156548 -0.0475727 0.0761703
OUTPUT3: 2009.23 0.0156548 -0.0475727 0.0761703
OUTPUT3: 2009.23 0.0156548 -0.0475727 0.0761703
OUTPUT3: 2009.23 0.0156548 -0.0475727 0.0761703
OUTPUT3: 2009.23 0.0156548 -0.0475727 0.0761703
OUTPUT3: 2009.23 0.0156548 -0.0475727 0.0761703
OUTPUT3: 2009.23 0.0156548 -0.0475727 0.0761703
OUTPUT3: 2009.23 0.01451 -0.0490224 0.0753255
OUTPUT3: 2009.23 0.01451 -0.0490224 0.0753255
OUTPUT3: 2009.23 0.01451 -0.0490224 0.0753255
OUTPUT3: 2009.23 0.01451 -0.0490224 0.0753255
OUTPUT3: 2009.23 0.01451 -0.0490224 0.0753255
OUTPUT3: 2009.23 0.01451 -0.0490224 0.0753255
OUTPUT3: 2009.23 0.01451 -0.0490224 0.0753256
OUTPUT3: 2009.23 0.01451 -0.0490224 0.0753256
OUTPUT3: 2009.23 0.01451 -0.0490224 0.0753256
OUTPUT3: 2009.23 0.01451 -0.0490224 0.0753255
OUTPUT3: 2009.23 0.01451 -0.0490224 0.0753255
OUTPUT3: 2009.23 0.01451 -0.0490224 0.0753256
OUTPUT3: 2009.23 0.01451 -0.0490224 0.0753256
OUTPUT3: 2009.23 0.01451 -0.0490224 0.0753255
OUTPUT3: 2009.23 0.0125818 -0.0513992 0.073851
OUTPUT3: 2009.23 0.0125818 -0.0513992 0.073851
OUTPUT3: 2009.23 0.0125818 -0.0513992 0.073851
OUTPUT3: 2009.23 0.0125818 -0.0513992 0.073851
OUTPUT3: 2009.23 0.0125818 -0.0513992 0.073851
OUTPUT3: 2009.23 0.0125818 -0.0513992 0.073851
OUTPUT3: 2009.23 0.0125818 -0.0513992 0.073851
OUTPUT3: 2009.23 0.0125818 -0.0513992 0.073851
OUTPUT3: 2009.23 0.0125818 -0.0513992 0.073851
OUTPUT3: 2009.23 0.0125818 -0.0513992 0.073851
OUTPUT3: 2009.23 0.0125818 -0.0513992 0.073851
OUTPUT3: 2009.23 0.0125818 -0.0513992 0.073851
OUTPUT3: 2009.23 0.0125818 -0.0513992 0.073851
OUTPUT3: 2009.23 0.0125818 -0.0513992 0.073851
OUTPUT3: 2009.23 0.0128424 -0.0485082 0.0722755
OUTPUT3: 2009.23 0.0143789 -0.046159 0.0741491
OUTPUT3: 2009.23 0.015237 -0.0448802 0.0752738
OUTPUT3: 2009.24 0.0217278 -0.0378123 0.0829617
OUTPUT3: 2009.24 0.020854 -0.0387935 0.0818227
OUTPUT3: 2009.24 -0.0141284 -0.0770218 0.046478
OUTPUT3: 2009.25 -0.0181178 -0.077896 0.0426867
OUTPUT3: 2009.25 -0.0272589 -0.09045 0.0335074
OUTPUT3: 2009.25 -0.0278554 -0.0913377 0.0331784
OUTPUT3: 2009.25 -0.0282123 -0.0918749 0.0329847
OUTPUT3: 2009.26 -0.0263533 -0.0883669 0.033753
OUTPUT3: 2009.26 -0.0262244 -0.0880821 0.0339348
OUTPUT3: 2009.26 -0.034531 -0.0982134 0.026994
OUTPUT3: 2009.26 -0.0317013 -0.095094 0.0298919
OUTPUT3: 2009.26 -0.0320871 -0.0969075 0.0308136
OUTPUT3: 2009.26 -0.0320869 -0.0969076 0.0308142
OUTPUT3: 2009.26 -0.0278608 -0.0933023 0.0354224
OUTPUT3: 2009.26 -0.0278607 -0.0933022 0.0354225
OUTPUT3: 2009.26 -0.0269769 -0.0923486 0.0362082
OUTPUT3: 2009.26 -0.0269736 -0.092345 0.0362111
OUTPUT3: 2009.27 -0.0232071 -0.0880821 0.0393839
OUTPUT3: 2009.27 -0.0232035 -0.088078 0.0393868
OUTPUT3: 2009.27 -0.0190737 -0.0831878 0.0426761
OUTPUT3: 2009.27 -0.0190734 -0.0831874 0.0426764
OUTPUT3: 2009.27 -0.00890151 -0.0706704 0.0514289
OUTPUT3: 2009.27 -0.00588438 -0.0668807 0.0548182
OUTPUT3: 2009.27 -0.00558415 -0.0665022 0.0551559
OUTPUT3: 2009.27 -0.00557318 -0.0664884 0.0551683
OUTPUT3: 2009.27 0.00546567 -0.0565584 0.0682615
OUTPUT3: 2009.27 0.0054659 -0.0565582 0.0682618
OUTPUT3: 2009.27 0.00607175 -0.0561153 0.0689839
OUTPUT3: 2009.27 0.00613631 -0.0560673 0.0690605
OUTPUT3: 2009.27 0.00509011 -0.0568605 0.0677794
OUTPUT3: 2009.27 0.00444519 -0.0573416 0.0670045
OUTPUT3: 2009.27 0.00210088 -0.0591017 0.0642063
OUTPUT3: 2009.27 -0.000445536 -0.0610425 0.0611992
OUTPUT3: 2009.27 -0.00208522 -0.062573 0.0593798
OUTPUT3: 2009.27 -0.00788734 -0.0696817 0.0532482
OUTPUT3: 2009.27 -0.00849215 -0.0703505 0.0526665
OUTPUT3: 2009.27 -0.00888471 -0.0707603 0.0522834
OUTPUT3: 2009.27 -0.00930615 -0.0703254 0.0522841
OUTPUT3: 2009.27 -0.00920906 -0.0701467 0.0524243
OUTPUT3: 2009.27 -0.0089668 -0.069719 0.0527741
OUTPUT3: 2009.27 -0.00980092 -0.0706815 0.0524032
OUTPUT3: 2009.27 -0.0103958 -0.0710968 0.0516663
OUTPUT3: 2009.28 -0.0252084 -0.086608 0.0349931
OUTPUT3: 2009.28 -0.0252749 -0.088075 0.0352412
OUTPUT3: 2009.28 -0.0253187 -0.0881745 0.0352346
OUTPUT3: 2009.29 -0.0258788 -0.0867645 0.0357669
OUTPUT3: 2009.29 -0.0272541 -0.0876917 0.0340578
OUTPUT3: 2009.29 -0.0287047 -0.0886705 0.0322585
OUTPUT3: 2009.29 -0.0302265 -0.0897838 0.0303758
OUTPUT3: 2009.29 -0.0317876 -0.0918466 0.0284683
OUTPUT3: 2009.29 -0.0333403 -0.0938853 0.0266926
OUTPUT3: 2009.29 -0.0511627 -0.114903 0.0109014
OUTPUT3: 2009.29 -0.0511636 -0.114904 0.0109004
OUTPUT3: 2009.29 -0.0514977 -0.115144 0.0105332
OUTPUT3: 2009.29 -0.0514979 -0.115144 0.0105329
OUTPUT3: 2009.29 -0.0516575 -0.115243 0.0103466
OUTPUT3: 2009.29 -0.0516579 -0.115243 0.0103461
OUTPUT3: 2009.29 -0.0519965 -0.115387 0.00990638
OUTPUT3: 2009.29 -0.0521867 -0.115357 0.00958348
OUTPUT3: 2009.29 -0.052247 -0.115172 0.00936103
OUTPUT3: 2009.29 -0.052182 -0.114842 0.00923904
OUTPUT3: 2009.29 -0.0519969 -0.114378 0.00921707
OUTPUT3: 2009.29 -0.0516992 -0.113797 0.00929393
OUTPUT3: 2009.29 -0.0512986 -0.113114 0.0094661
OUTPUT3: 2009.29 -0.0378761 -0.0984971 0.0217907
OUTPUT3: 2009.29 -0.0370372 -0.0978239 0.022587
OUTPUT3: 2009.29 -0.0370372 -0.0978239 0.022587
OUTPUT3: 2009.29 -0.0362492 -0.0972083 0.0233799
OUTPUT3: 2009.29 -0.0361797 -0.0971547 0.0234495
OUTPUT3: 2009.29 -0.0361797 -0.0971547 0.0234495
OUTPUT3: 2009.29 -0.0353894 -0.0965513 0.0242394
OUTPUT3: 2009.29 -0.0346756 -0.096014 0.0249492
OUTPUT3: 2009.29 -0.034179 -0.0956421 0.0254414
OUTPUT3: 2009.29 -0.0271943 -0.0887534 0.0325681
OUTPUT3: 2009.29 -0.0265349 -0.0877808 0.0332953
OUTPUT3: 2009.29 -0.0261374 -0.087179 0.0337372
OUTPUT3: 2009.29 -0.0261367 -0.0871778 0.0337381
OUTPUT3: 2009.29 -0.0256733 -0.0864701 0.0342553
OUTPUT3: 2009.29 -0.0256423 -0.0864227 0.0342899
OUTPUT3: 2009.29 -0.025266 -0.0858488 0.0347107
OUTPUT3: 2009.29 -0.0248523 -0.0852241 0.0352075
OUTPUT3: 2009.29 -0.0244629 -0.084646 0.0356962
OUTPUT3: 2009.3 -0.0194326 -0.0790386 0.0413391
OUTPUT3: 2009.3 -0.0194325 -0.0790385 0.0413392
OUTPUT3: 2009.3 -0.0188547 -0.0784619 0.0419121
OUTPUT3: 2009.3 -0.0188541 -0.0784613 0.0419126
OUTPUT3: 2009.3 -0.0181055 -0.0776959 0.0426397
OUTPUT3: 2009.3 -0.0165924 -0.0761705 0.0440713
OUTPUT3: 2009.3 -0.016386 -0.0760023 0.0442639
OUTPUT3: 2009.3 -0.0160639 -0.0757415 0.0445632
OUTPUT3: 2009.3 -0.0153839 -0.0751958 0.0451925
OUTPUT3: 2009.3 -0.0147658 -0.0747029 0.0457624
OUTPUT3: 2009.3 -0.0141557 -0.0742167 0.0463243
OUTPUT3: 2009.3 -0.0135442 -0.0737275 0.0468925
OUTPUT3: 2009.3 -0.0129755 -0.0732689 0.047456
OUTPUT3: 2009.3 -0.00946816 -0.0700604 0.0508132
OUTPUT3: 2009.3 -0.00982201 -0.0704035 0.0504211
OUTPUT3: 2009.3 -0.0102686 -0.070853 0.0499384
OUTPUT3: 2009.3 -0.0107635 -0.0713671 0.0494073
OUTPUT3: 2009.3 -0.0113197 -0.071961 0.0488029
OUTPUT3: 2009.3 -0.0119281 -0.0726274 0.0481336
OUTPUT3: 2009.3 -0.0192639 -0.082747 0.0432121
OUTPUT3: 2009.3 -0.0190512 -0.0827232 0.0435709
OUTPUT3: 2009.3 -0.018752 -0.0825589 0.0439627
OUTPUT3: 2009.3 -0.018683 -0.0825129 0.0440459
OUTPUT3: 2009.3 -0.0179301 -0.08192 0.0448782
OUTPUT3: 2009.3 -0.0179301 -0.08192 0.0448782
OUTPUT3: 2009.3 -0.0179301 -0.08192 0.0448782
OUTPUT3: 2009.3 -0.0179301 -0.08192 0.0448782
OUTPUT3: 2009.3 -0.0179301 -0.08192 0.0448782
OUTPUT3: 2009.3 -0.0179301 -0.08192 0.0448782
OUTPUT3: 2009.3 -0.0179301 -0.08192 0.0448782
OUTPUT3: 2009.3 -0.0179301 -0.08192 0.0448782
OUTPUT3: 2009.3 -0.0179301 -0.08192 0.0448782
OUTPUT3: 2009.3 -0.0179301 -0.08192 0.0448782
OUTPUT3: 2009.3 -0.0179301 -0.08192 0.0448782
OUTPUT3: 2009.3 -0.0179301 -0.08192 0.0448782
OUTPUT3: 2009.3 -0.0179301 -0.08192 0.0448782
OUTPUT3: 2009.3 -0.0179301 -0.08192 0.0448782
OUTPUT3: 2009.3 -0.0178341 -0.0818369 0.0449779
OUTPUT3: 2009.3 -0.0172935 -0.0813497 0.0455234
OUTPUT3: 2009.3 -0.0171261 -0.0811935 0.0456879
OUTPUT3: 2009.3 -0.0171261 -0.0811935 0.0456879
OUTPUT3: 2009.3 -0.0171261 -0.0811935 0.0456879
OUTPUT3: 2009.3 -0.0171261 -0.0811935 0.0456879
OUTPUT3: 2009.3 -0.0171261 -0.0811935 0.0456879
OUTPUT3: 2009.3 -0.0171261 -0.0811935 0.0456879
OUTPUT3: 2009.3 -0.0171261 -0.0811935 0.0456879
OUTPUT3: 2009.3 -0.0171261 -0.0811935 0.0456879
OUTPUT3: 2009.3 -0.0171261 -0.0811935 0.0456879
OUTPUT3: 2009.3 -0.0171261 -0.0811935 0.0456879
OUTPUT3: 2009.3 -0.0171261 -0.0811935 0.0456879
OUTPUT3: 2009.3 -0.0171261 -0.0811935 0.0456879
OUTPUT3: 2009.3 -0.0171261 -0.0811935 0.0456879
OUTPUT3: 2009.3 -0.0171261 -0.0811935 0.0456879
OUTPUT3: 2009.3 -0.016478 -0.0805712 0.0463099
OUTPUT3: 2009.3 -0.0154581 -0.0795498 0.0472541
OUTPUT3: 2009.3 -0.0150886 -0.0791701 0.0475883
OUTPUT3: 2009.3 -0.0150886 -0.0791701 0.0475883
OUTPUT3: 2009.3 -0.0150886 -0.0791701 0.0475883
OUTPUT3: 2009.3 -0.0150886 -0.0791701 0.0475883
OUTPUT3: 2009.3 -0.0150886 -0.0791701 0.0475883
OUTPUT3: 2009.3 -0.0150886 -0.0791701 0.0475883
OUTPUT3: 2009.3 -0.0150886 -0.0791701 0.0475883
OUTPUT3: 2009.3 -0.0150886 -0.0791701 0.0475883
OUTPUT3: 2009.3 -0.0150886 -0.0791701 0.0475883
OUTPUT3: 2009.3 -0.0150886 -0.0791701 0.0475883
OUTPUT3: 2009.3 -0.0150886 -0.0791701 0.0475883
OUTPUT3: 2009.3 -0.0150886 -0.0791701 0.0475883
OUTPUT3: 2009.3 -0.0150886 -0.0791701 0.0475883
OUTPUT3: 2009.3 -0.0150886 -0.0791701 0.0475883
OUTPUT3: 2009.31 0.0104052 -0.0509062 0.0717769
OUTPUT3: 2009.31 0.0104052 -0.0509062 0.0717769
OUTPUT3: 2009.31 0.0104052 -0.0509062 0.0717769
OUTPUT3: 2009.31 0.0104052 -0.0509062 0.0717769
OUTPUT3: 2009.31 0.0104052 -0.0509062 0.0717769
OUTPUT3: 2009.31 0.0104052 -0.0509062 0.0717769
OUTPUT3: 2009.31 0.0104052 -0.0509062 0.0717769
OUTPUT3: 2009.31 0.0104052 -0.0509062 0.0717769
OUTPUT3: 2009.31 0.00895054 -0.0528184 0.070192
OUTPUT3: 2009.31 0.00895054 -0.0528184 0.0701921
OUTPUT3: 2009.31 0.00895054 -0.0528184 0.0701921
OUTPUT3: 2009.31 0.00895054 -0.0528184 0.070192
OUTPUT3: 2009.31 0.00895054 -0.0528184 0.070192
OUTPUT3: 2009.31 0.00895054 -0.0528184 0.070192
OUTPUT3: 2009.31 0.00895054 -0.0528184 0.070192
OUTPUT3: 2009.31 0.00895054 -0.0528184 0.070192
OUTPUT3: 2009.31 0.00895054 -0.0528184 0.070192
OUTPUT3: 2009.31 0.00895054 -0.0528184 0.070192
OUTPUT3: 2009.31 0.00895054 -0.0528184 0.070192
OUTPUT3: 2009.31 0.00895054 -0.0528184 0.070192
OUTPUT3: 2009.31 0.00895054 -0.0528184 0.0701921
OUTPUT3: 2009.31 0.00895054 -0.0528184 0.070192
OUTPUT3: 2009.31 0.00895054 -0.0528184 0.070192
OUTPUT3: 2009.31 0.00895054 -0.0528184 0.070192
OUTPUT3: 2009.31 -0.00186011 -0.0636811 0.0588977
OUTPUT3: 2009.31 -0.00192006 -0.0634882 0.0589136
OUTPUT3: 2009.31 -0.00196515 -0.0633276 0.05893
OUTPUT3: 2009.31 -0.00876157 -0.070012 0.053308
OUTPUT3: 2009.31 -0.0101891 -0.07121 0.0517074
OUTPUT3: 2009.31 -0.0164207 -0.0763674 0.0444543
OUTPUT3: 2009.31 -0.0167767 -0.0768104 0.0440315
OUTPUT3: 2009.31 -0.0174683 -0.0776745 0.0432083
OUTPUT3: 2009.31 -0.0195459 -0.0802941 0.0407227
OUTPUT3: 2009.31 -0.0195459 -0.0802941 0.0407227
OUTPUT3: 2009.31 -0.0212405 -0.0824536 0.0387283
OUTPUT3: 2009.31 -0.0219974 -0.0834237 0.0380465
OUTPUT3: 2009.31 -0.0240082 -0.0860153 0.0366103
OUTPUT3: 2009.31 -0.0240108 -0.0860186 0.0366084
OUTPUT3: 2009.31 -0.0350723 -0.100363 0.0287878
OUTPUT3: 2009.31 -0.0350727 -0.100363 0.0287875
OUTPUT3: 2009.31 -0.0352141 -0.100497 0.0286452
OUTPUT3: 2009.31 -0.0352142 -0.100497 0.028645
OUTPUT3: 2009.31 -0.0346807 -0.0996029 0.0288482
OUTPUT3: 2009.31 -0.0340311 -0.0986372 0.0292009
OUTPUT3: 2009.32 -0.0337409 -0.0982125 0.029364
OUTPUT3: 2009.32 -0.0312828 -0.0946789 0.0307997
OUTPUT3: 2009.32 -0.0312806 -0.0946758 0.030801
OUTPUT3: 2009.32 -0.0277353 -0.0896869 0.0331137
OUTPUT3: 2009.32 -0.0274806 -0.0893327 0.0332833
OUTPUT3: 2009.32 -0.0233349 -0.0837096 0.0370605
OUTPUT3: 2009.32 -0.023334 -0.0837085 0.0370616
OUTPUT3: 2009.32 -0.0220392 -0.0821044 0.0386304
OUTPUT3: 2009.32 -0.0217061 -0.0817621 0.0390071
OUTPUT3: 2009.32 -0.0177505 -0.0798955 0.0430459
OUTPUT3: 2009.32 -0.0170632 -0.0790651 0.0436096
OUTPUT3: 2009.32 -0.00506044 -0.0670862 0.0559591
OUTPUT3: 2009.32 -0.00584067 -0.0683196 0.0550552
OUTPUT3: 2009.32 -0.00659536 -0.069446 0.0544888
OUTPUT3: 2009.34 0.0115117 -0.0543631 0.0762806
OUTPUT3: 2009.34 0.0325341 -0.0291154 0.0952264
OUTPUT3: 2009.34 0.0435507 -0.0192264 0.106099
OUTPUT3: 2009.34 0.0437487 -0.0189816 0.106313
OUTPUT3: 2009.34 0.0439249 -0.0187592 0.106504
OUTPUT3: 2009.34 0.0443886 -0.0181558 0.10701
OUTPUT3: 2009.35 0.0611151 -0.0021571 0.125153
OUTPUT3: 2009.36 0.0207703 -0.0416634 0.083744
OUTPUT3: 2009.36 0.0182257 -0.0442201 0.0806496
OUTPUT3: 2009.36 0.00759347 -0.056491 0.0701624
OUTPUT3: 2009.36 0.00778277 -0.0561161 0.0703013
OUTPUT3: 2009.36 0.00818504 -0.0553588 0.070622
OUTPUT3: 2009.37 0.0119887 -0.0519913 0.0761394
OUTPUT3: 2009.37 -0.00211102 -0.0657049 0.0599645
OUTPUT3: 2009.37 -0.00223913 -0.0657527 0.0598052
OUTPUT3: 2009.38 -0.00916834 -0.0701563 0.0520575
OUTPUT3: 2009.38 -0.0371598 -0.100341 0.0247922
OUTPUT3: 2009.38 -0.0378806 -0.10075 0.0238866
OUTPUT3: 2009.38 -0.0401419 -0.101175 0.0204128
OUTPUT3: 2009.38 -0.0402418 -0.101064 0.0201617
OUTPUT3: 2009.38 -0.0399194 -0.0997109 0.0196685
OUTPUT3: 2009.38 -0.0396482 -0.0993398 0.0198367
OUTPUT3: 2009.38 -0.0392173 -0.0988442 0.0202605
OUTPUT3: 2009.38 -0.038806 -0.0984287 0.020677
OUTPUT3: 2009.38 -0.0376719 -0.0974251 0.021762
OUTPUT3: 2009.38 -0.0332423 -0.0939819 0.0263817
OUTPUT3: 2009.39 -0.0252997 -0.0867518 0.0346401
OUTPUT3: 2009.39 -0.0199891 -0.0804735 0.0400905
OUTPUT3: 2009.39 -0.019335 -0.0795986 0.0408328
OUTPUT3: 2009.39 -0.0170087 -0.0774406 0.0436008
OUTPUT3: 2009.39 -0.0161352 -0.076999 0.0447812
OUTPUT3: 2009.39 -0.0161352 -0.076999 0.0447812
OUTPUT3: 2009.39 -0.0161352 -0.076999 0.0447812
OUTPUT3: 2009.39 -0.0161352 -0.076999 0.0447812
OUTPUT3: 2009.39 -0.0161352 -0.076999 0.0447812
OUTPUT3: 2009.39 -0.0161352 -0.076999 0.0447812
OUTPUT3: 2009.39 -0.0161352 -0.076999 0.0447812
OUTPUT3: 2009.39 -0.0161352 -0.076999 0.0447812
OUTPUT3: 2009.39 -0.0160288 -0.0769506 0.0449289
OUTPUT3: 2009.39 -0.0156436 -0.0767883 0.0454733
OUTPUT3: 2009.39 -0.0156436 -0.0767883 0.0454733
OUTPUT3: 2009.39 -0.0156436 -0.0767883 0.0454733
OUTPUT3: 2009.39 -0.0156436 -0.0767883 0.0454733
OUTPUT3: 2009.39 -0.0156436 -0.0767883 0.0454733
OUTPUT3: 2009.39 -0.0156436 -0.0767883 0.0454733
OUTPUT3: 2009.39 -0.0156436 -0.0767883 0.0454733
OUTPUT3: 2009.39 -0.0156436 -0.0767883 0.0454733
OUTPUT3: 2009.39 -0.0156436 -0.0767883 0.0454733
OUTPUT3: 2009.39 -0.0156436 -0.0767883 0.0454733
OUTPUT3: 2009.39 -0.0156436 -0.0767883 0.0454733
OUTPUT3: 2009.39 -0.0156436 -0.0767883 0.0454733
OUTPUT3: 2009.39 -0.0156436 -0.0767883 0.0454733
OUTPUT3: 2009.39 -0.0156436 -0.0767883 0.0454733
OUTPUT3: 2009.39 -0.0156436 -0.0767883 0.0454733
OUTPUT3: 2009.39 -0.0156436 -0.0767883 0.0454733
OUTPUT3: 2009.39 -0.0143639 -0.0768907 0.0477525
OUTPUT3: 2009.39 -0.0148195 -0.0776758 0.0476808
OUTPUT3: 2009.39 -0.0148202 -0.0776767 0.0476804
OUTPUT3: 2009.39 -0.0156337 -0.0785739 0.0470591
OUTPUT3: 2009.39 -0.015635 -0.0785752 0.047058
OUTPUT3: 2009.39 -0.0162167 -0.0791362 0.0464958
OUTPUT3: 2009.39 -0.0162175 -0.079137 0.046495
OUTPUT3: 2009.39 -0.0172998 -0.0801016 0.0453322
OUTPUT3: 2009.39 -0.0173 -0.0801017 0.045332
OUTPUT3: 2009.39 -0.0193278 -0.0817655 0.0429392
OUTPUT3: 2009.39 -0.0225201 -0.0842059 0.0390382
OUTPUT3: 2009.4 -0.0419017 -0.100922 0.0167554
OUTPUT3: 2009.4 -0.0386585 -0.0972704 0.0196928
OUTPUT3: 2009.4 -0.0386624 -0.0973464 0.0196342
OUTPUT3: 2009.4 -0.0386295 -0.0975314 0.0195068
OUTPUT3: 2009.4 -0.0386295 -0.0975314 0.0195068
OUTPUT3: 2009.4 -0.0384475 -0.0976245 0.01962
OUTPUT3: 2009.4 -0.0382463 -0.0975676 0.0199227
OUTPUT3: 2009.4 -0.0382463 -0.0975676 0.0199227
OUTPUT3: 2009.4 -0.0382463 -0.0975676 0.0199227
OUTPUT3: 2009.4 -0.0382463 -0.0975676 0.0199227
OUTPUT3: 2009.4 -0.0382463 -0.0975676 0.0199227
OUTPUT3: 2009.4 -0.0382463 -0.0975676 0.0199227
OUTPUT3: 2009.4 -0.0382463 -0.0975676 0.0199227
OUTPUT3: 2009.4 -0.0382463 -0.0975676 0.0199227
OUTPUT3: 2009.4 -0.0382463 -0.0975676 0.0199227
OUTPUT3: 2009.4 -0.0382463 -0.0975676 0.0199227
OUTPUT3: 2009.4 -0.0382463 -0.0975676 0.0199227
OUTPUT3: 2009.4 -0.0382463 -0.0975676 0.0199227
OUTPUT3: 2009.4 -0.0382463 -0.0975676 0.0199227
OUTPUT3: 2009.4 -0.0382463 -0.0975676 0.0199227
OUTPUT3: 2009.4 -0.0379309 -0.0973875 0.0203306
OUTPUT3: 2009.4 -0.0379309 -0.0973875 0.0203306
OUTPUT3: 2009.4 -0.0379309 -0.0973875 0.0203306
OUTPUT3: 2009.4 -0.0379309 -0.0973875 0.0203306
OUTPUT3: 2009.4 -0.0379309 -0.0973875 0.0203306
OUTPUT3: 2009.4 -0.0379309 -0.0973875 0.0203306
OUTPUT3: 2009.4 -0.0379309 -0.0973875 0.0203306
OUTPUT3: 2009.4 -0.0379309 -0.0973875 0.0203306
OUTPUT3: 2009.4 -0.0379309 -0.0973875 0.0203306
OUTPUT3: 2009.4 -0.0379309 -0.0973875 0.0203306
OUTPUT3: 2009.4 -0.0379309 -0.0973875 0.0203306
OUTPUT3: 2009.4 -0.037043 -0.096664 0.0213218
OUTPUT3: 2009.4 -0.037043 -0.096664 0.0213218
OUTPUT3: 2009.4 -0.037043 -0.096664 0.0213218
OUTPUT3: 2009.4 -0.037043 -0.096664 0.0213218
OUTPUT3: 2009.4 -0.037043 -0.096664 0.0213218
OUTPUT3: 2009.4 -0.037043 -0.096664 0.0213218
OUTPUT3: 2009.4 -0.037043 -0.096664 0.0213218
OUTPUT3: 2009.4 -0.037043 -0.096664 0.0213218
OUTPUT3: 2009.4 -0.037043 -0.096664 0.0213218
OUTPUT3: 2009.4 -0.037043 -0.096664 0.0213218
OUTPUT3: 2009.4 -0.037043 -0.096664 0.0213218
OUTPUT3: 2009.4 -0.037043 -0.096664 0.0213218
OUTPUT3: 2009.4 -0.037043 -0.096664 0.0213218
OUTPUT3: 2009.4 -0.037043 -0.096664 0.0213218
OUTPUT3: 2009.4 -0.0213505 -0.0817079 0.038815
OUTPUT3: 2009.4 -0.0166101 -0.0786488 0.0447754
OUTPUT3: 2009.41 -0.0428869 -0.1049 0.0182185
OUTPUT3: 2009.41 -0.0416089 -0.103229 0.0191055
OUTPUT3: 2009.41 -0.0410409 -0.102488 0.0194998
OUTPUT3: 2009.41 -0.0394064 -0.100357 0.0206361
OUTPUT3: 2009.41 -0.0376547 -0.0980795 0.0218569
OUTPUT3: 2009.41 -0.0358096 -0.095687 0.0231467
OUTPUT3: 2009.41 -0.010356 -0.0717375 0.050693
OUTPUT3: 2009.41 -0.0103321 -0.0716109 0.0505778
OUTPUT3: 2009.41 -0.0111492 -0.0715729 0.0487976
OUTPUT3: 2009.41 -0.0257082 -0.0849194 0.0325778
OUTPUT3: 2009.41 -0.0257839 -0.0848792 0.0324287
OUTPUT3: 2009.42 -0.0272685 -0.0846662 0.0301832
OUTPUT3: 2009.42 -0.0276953 -0.0852149 0.0298223
OUTPUT3: 2009.42 -0.0296227 -0.0877079 0.0281941
OUTPUT3: 2009.42 -0.0465417 -0.107025 0.0133347
OUTPUT3: 2009.42 -0.0469951 -0.107284 0.0127691
OUTPUT3: 2009.42 -0.0474122 -0.107434 0.0121853
OUTPUT3: 2009.42 -0.0477128 -0.107418 0.0116765
OUTPUT3: 2009.42 -0.0435035 -0.100103 0.0131221
OUTPUT3: 2009.42 -0.043228 -0.0998368 0.0133872
OUTPUT3: 2009.42 -0.0420699 -0.0988702 0.0145653
OUTPUT3: 2009.42 -0.0396825 -0.0964545 0.0171661
OUTPUT3: 2009.42 -0.0396057 -0.0965029 0.0173371
OUTPUT3: 2009.42 -0.0395402 -0.0965586 0.017494
OUTPUT3: 2009.42 -0.0395375 -0.0965613 0.0175009
OUTPUT3: 2009.42 -0.0394804 -0.0966293 0.0176524
OUTPUT3: 2009.42 -0.039449 -0.0966817 0.0177475
OUTPUT3: 2009.43 -0.0443161 -0.100729 0.0118131
OUTPUT3: 2009.43 -0.0448962 -0.101627 0.0114121
OUTPUT3: 2009.43 -0.0570089 -0.115658 0.000695422
OUTPUT3: 2009.43 -0.0572867 -0.115583 0.000192287
OUTPUT3: 2009.43 -0.0574598 -0.1155 -0.000144987
OUTPUT3: 2009.43 -0.05772 -0.115327 -0.000694256
OUTPUT3: 2009.43 -0.05879 -0.114243 -0.00342669
OUTPUT3: 2009.43 -0.05879 -0.114243 -0.00342654
OUTPUT3: 2009.43 -0.0587804 -0.114205 -0.00339323
OUTPUT3: 2009.43 -0.0587803 -0.114205 -0.00339322
OUTPUT3: 2009.43 -0.0587658 -0.114168 -0.00339465
OUTPUT3: 2009.43 -0.0587463 -0.114124 -0.00340663
OUTPUT3: 2009.43 -0.0587462 -0.114123 -0.00340668
OUTPUT3: 2009.43 -0.0586242 -0.113879 -0.00351663
OUTPUT3: 2009.43 -0.0581879 -0.113154 -0.00308038
OUTPUT3: 2009.43 -0.0579801 -0.11312 -0.00272093
OUTPUT3: 2009.43 -0.0579801 -0.11312 -0.0027209
OUTPUT3: 2009.43 -0.057721 -0.113173 -0.00229233
OUTPUT3: 2009.43 -0.0577209 -0.113173 -0.0022922
OUTPUT3: 2009.43 -0.0545413 -0.111809 0.00189637
OUTPUT3: 2009.43 -0.0535461 -0.110916 0.00295948
OUTPUT3: 2009.43 -0.0529594 -0.110308 0.0035479
OUTPUT3: 2009.43 -0.0524062 -0.109685 0.00407862
OUTPUT3: 2009.44 -0.0510872 -0.108025 0.00525446
OUTPUT3: 2009.44 -0.0481835 -0.104604 0.00807115
OUTPUT3: 2009.44 -0.0472053 -0.105064 0.0108039
OUTPUT3: 2009.44 -0.0476482 -0.105737 0.0107627
OUTPUT3: 2009.44 -0.0483285 -0.106302 0.00998915
OUTPUT3: 2009.44 -0.0486142 -0.106489 0.0095874
OUTPUT3: 2009.44 -0.0489206 -0.106665 0.00912056
OUTPUT3: 2009.44 -0.0496946 -0.107224 0.00767203
OUTPUT3: 2009.44 -0.049637 -0.107151 0.00774112
OUTPUT3: 2009.47 -0.0652488 -0.125967 -0.00471223
OUTPUT3: 2009.47 -0.0646913 -0.125484 -0.00413641
OUTPUT3: 2009.47 -0.0688937 -0.128227 -0.0092433
OUTPUT3: 2009.47 -0.0802495 -0.139816 -0.0207438
OUTPUT3: 2009.47 -0.0803897 -0.139985 -0.0208417
OUTPUT3: 2009.47 -0.0807753 -0.140457 -0.0210918
OUTPUT3: 2009.47 -0.0807753 -0.140457 -0.0210918
OUTPUT3: 2009.47 -0.0811038 -0.140872 -0.0212775
OUTPUT3: 2009.47 -0.0813958 -0.141442 -0.0214122
OUTPUT3: 2009.47 -0.0813958 -0.141442 -0.0214122
OUTPUT3: 2009.47 -0.0813958 -0.141442 -0.0214122
OUTPUT3: 2009.47 -0.0813958 -0.141442 -0.0214122
OUTPUT3: 2009.47 -0.0813958 -0.141442 -0.0214122
OUTPUT3: 2009.47 -0.0813958 -0.141442 -0.0214122
OUTPUT3: 2009.47 -0.0813958 -0.141442 -0.0214122
OUTPUT3: 2009.47 -0.0813958 -0.141442 -0.0214122
OUTPUT3: 2009.47 -0.0815846 -0.141879 -0.0214762
OUTPUT3: 2009.47 -0.0815846 -0.141879 -0.0214762
OUTPUT3: 2009.47 -0.0815846 -0.141879 -0.0214762
OUTPUT3: 2009.47 -0.0815846 -0.141879 -0.0214762
OUTPUT3: 2009.47 -0.0815846 -0.141879 -0.0214762
OUTPUT3: 2009.47 -0.0815846 -0.141879 -0.0214762
OUTPUT3: 2009.47 -0.0815846 -0.141879 -0.0214762
OUTPUT3: 2009.47 -0.0815846 -0.141879 -0.0214762
OUTPUT3: 2009.47 -0.0815846 -0.141879 -0.0214762
OUTPUT3: 2009.47 -0.0815846 -0.141879 -0.0214762
OUTPUT3: 2009.47 -0.0815846 -0.141879 -0.0214762
OUTPUT3: 2009.47 -0.0815846 -0.141879 -0.0214762
OUTPUT3: 2009.47 -0.0815846 -0.141879 -0.0214762
OUTPUT3: 2009.47 -0.0815846 -0.141879 -0.0214762
OUTPUT3: 2009.47 -0.0815846 -0.141879 -0.0214762
OUTPUT3: 2009.47 -0.0815846 -0.141879 -0.0214762
OUTPUT3: 2009.47 -0.0795443 -0.139081 -0.0197651
OUTPUT3: 2009.47 -0.0795443 -0.139081 -0.0197651
OUTPUT3: 2009.47 -0.0795443 -0.139081 -0.0197651
OUTPUT3: 2009.47 -0.0795443 -0.139081 -0.0197651
OUTPUT3: 2009.47 -0.0795443 -0.139081 -0.0197651
OUTPUT3: 2009.47 -0.0795443 -0.139081 -0.0197651
OUTPUT3: 2009.47 -0.0795443 -0.139081 -0.0197651
OUTPUT3: 2009.47 -0.0795443 -0.139081 -0.0197651
OUTPUT3: 2009.47 -0.0795443 -0.139081 -0.0197651
OUTPUT3: 2009.47 -0.0795443 -0.139081 -0.0197651
OUTPUT3: 2009.47 -0.0795443 -0.139081 -0.0197651
OUTPUT3: 2009.47 -0.0795443 -0.139081 -0.0197651
OUTPUT3: 2009.47 -0.0795443 -0.139081 -0.0197651
OUTPUT3: 2009.47 -0.0795443 -0.139081 -0.0197651
OUTPUT3: 2009.47 -0.0794934 -0.138967 -0.0197436
OUTPUT3: 2009.47 -0.0793016 -0.13871 -0.0196637
OUTPUT3: 2009.47 -0.0793016 -0.13871 -0.0196637
OUTPUT3: 2009.47 -0.0793016 -0.13871 -0.0196637
OUTPUT3: 2009.47 -0.0793016 -0.13871 -0.0196637
OUTPUT3: 2009.47 -0.0793016 -0.13871 -0.0196637
OUTPUT3: 2009.47 -0.0793016 -0.13871 -0.0196637
OUTPUT3: 2009.47 -0.0793016 -0.13871 -0.0196637
OUTPUT3: 2009.47 -0.0793016 -0.13871 -0.0196637
OUTPUT3: 2009.47 -0.0793016 -0.13871 -0.0196637
OUTPUT3: 2009.47 -0.0793016 -0.13871 -0.0196637
OUTPUT3: 2009.47 -0.0793016 -0.13871 -0.0196637
OUTPUT3: 2009.47 -0.0793016 -0.13871 -0.0196637
OUTPUT3: 2009.47 -0.0793016 -0.13871 -0.0196637
OUTPUT3: 2009.47 -0.0793016 -0.13871 -0.0196637
OUTPUT3: 2009.47 -0.0788873 -0.138316 -0.019346
OUTPUT3: 2009.47 -0.0788873 -0.138316 -0.019346
OUTPUT3: 2009.47 -0.0788873 -0.138316 -0.019346
OUTPUT3: 2009.47 -0.0788873 -0.138316 -0.019346
OUTPUT3: 2009.47 -0.0788873 -0.138316 -0.019346
OUTPUT3: 2009.47 -0.0788873 -0.138316 -0.019346
OUTPUT3: 2009.47 -0.0788873 -0.138316 -0.019346
OUTPUT3: 2009.47 -0.0788873 -0.138316 -0.019346
OUTPUT3: 2009.47 -0.0788873 -0.138316 -0.019346
OUTPUT3: 2009.47 -0.0788873 -0.138316 -0.019346
OUTPUT3: 2009.47 -0.0788873 -0.138316 -0.019346
OUTPUT3: 2009.47 -0.0788873 -0.138316 -0.019346
OUTPUT3: 2009.47 -0.0788873 -0.138316 -0.019346
OUTPUT3: 2009.47 -0.0788873 -0.138316 -0.019346
OUTPUT3: 2009.48 -0.0777272 -0.137476 -0.0179517
OUTPUT3: 2009.48 -0.0667379 -0.127315 -0.00661717
OUTPUT3: 2009.48 -0.0652101 -0.124953 -0.00552408
OUTPUT3: 2009.48 -0.0608474 -0.121717 -1.8912e-06
OUTPUT3: 2009.49 -0.0878034 -0.147919 -0.0270984
OUTPUT3: 2009.5 -0.041288 -0.101529 0.0185904
OUTPUT3: 2009.5 -0.0403621 -0.100877 0.0198121
OUTPUT3: 2009.5 -0.0397815 -0.100471 0.0205848
OUTPUT3: 2009.5 -0.0378861 -0.0991664 0.0231406
OUTPUT3: 2009.5 -0.0349139 -0.0971725 0.0272986
OUTPUT3: 2009.5 -0.0349297 -0.0971854 0.0273327
OUTPUT3: 2009.5 -0.0351836 -0.0973539 0.0270144
OUTPUT3: 2009.5 -0.0362061 -0.0980283 0.0256691
OUTPUT3: 2009.5 -0.038688 -0.0996623 0.0223359
OUTPUT3: 2009.5 -0.0409917 -0.101183 0.0192233
OUTPUT3: 2009.5 -0.0447652 -0.103694 0.0142496
OUTPUT3: 2009.51 -0.0631532 -0.124249 -0.00183869
OUTPUT3: 2009.51 -0.0663468 -0.126724 -0.00584536
OUTPUT3: 2009.51 -0.1005 -0.1644 -0.0365104
OUTPUT3: 2009.51 -0.101272 -0.164934 -0.0373782
OUTPUT3: 2009.51 -0.0866112 -0.146794 -0.0267138
OUTPUT3: 2009.51 -0.085482 -0.145641 -0.0255269
OUTPUT3: 2009.52 -0.0624333 -0.122362 -0.00227958
OUTPUT3: 2009.52 -0.0486654 -0.109235 0.0120315
OUTPUT3: 2009.53 -0.0642961 -0.124493 -0.00413697
OUTPUT3: 2009.53 -0.0409674 -0.102563 0.0208976
OUTPUT3: 2009.53 -0.0421229 -0.102997 0.0189305
OUTPUT3: 2009.54 -0.047588 -0.106884 0.0113444
OUTPUT3: 2009.54 -0.0300764 -0.0895126 0.0291868
OUTPUT3: 2009.54 -0.0199645 -0.0802198 0.0406671
OUTPUT3: 2009.54 -0.0199645 -0.0802198 0.0406671
OUTPUT3: 2009.54 -0.0199645 -0.0802198 0.0406671
OUTPUT3: 2009.54 -0.0199645 -0.0802198 0.0406671
OUTPUT3: 2009.54 -0.0199645 -0.0802198 0.0406671
OUTPUT3: 2009.54 -0.0199645 -0.0802198 0.0406671
OUTPUT3: 2009.54 -0.0199645 -0.0802198 0.0406671
OUTPUT3: 2009.54 -0.0199645 -0.0802198 0.0406671
OUTPUT3: 2009.54 -0.0201264 -0.0802825 0.0404027
OUTPUT3: 2009.54 -0.0205982 -0.080464 0.0396297
OUTPUT3: 2009.54 -0.0205982 -0.080464 0.0396297
OUTPUT3: 2009.54 -0.0205982 -0.080464 0.0396297
OUTPUT3: 2009.54 -0.0205982 -0.080464 0.0396297
OUTPUT3: 2009.54 -0.0205982 -0.0804639 0.0396297
OUTPUT3: 2009.54 -0.0205982 -0.080464 0.0396297
OUTPUT3: 2009.54 -0.0205982 -0.080464 0.0396297
OUTPUT3: 2009.54 -0.0205982 -0.080464 0.0396297
OUTPUT3: 2009.54 -0.0205982 -0.080464 0.0396297
OUTPUT3: 2009.54 -0.0205982 -0.080464 0.0396297
OUTPUT3: 2009.54 -0.0205982 -0.080464 0.0396297
OUTPUT3: 2009.54 -0.0205982 -0.080464 0.0396297
OUTPUT3: 2009.54 -0.0205982 -0.080464 0.0396297
OUTPUT3: 2009.54 -0.0205982 -0.080464 0.0396297
OUTPUT3: 2009.54 -0.0205982 -0.080464 0.0396297
OUTPUT3: 2009.54 -0.0205982 -0.080464 0.0396297
OUTPUT3: 2009.55 -0.0169217 -0.0752217 0.0415116
OUTPUT3: 2009.55 -0.0169217 -0.0752217 0.0415116
OUTPUT3: 2009.55 -0.0169217 -0.0752217 0.0415116
OUTPUT3: 2009.55 -0.0169217 -0.0752217 0.0415116
OUTPUT3: 2009.55 -0.0169217 -0.0752217 0.0415116
OUTPUT3: 2009.55 -0.0169217 -0.0752217 0.0415116
OUTPUT3: 2009.55 -0.0169217 -0.0752217 0.0415116
OUTPUT3: 2009.55 -0.0169217 -0.0752216 0.0415116
OUTPUT3: 2009.55 -0.0169217 -0.0752218 0.0415116
OUTPUT3: 2009.55 -0.0169217 -0.0752216 0.0415116
OUTPUT3: 2009.55 -0.0169217 -0.0752217 0.0415116
OUTPUT3: 2009.55 -0.0169217 -0.0752217 0.0415116
OUTPUT3: 2009.55 -0.0169217 -0.0752217 0.0415116
OUTPUT3: 2009.55 -0.0169217 -0.0752217 0.0415116
OUTPUT3: 2009.55 -0.0156493 -0.074048 0.0428658
OUTPUT3: 2009.55 -0.0156493 -0.074048 0.0428658
OUTPUT3: 2009.55 -0.0156493 -0.074048 0.0428658
OUTPUT3: 2009.55 -0.0156493 -0.074048 0.0428658
OUTPUT3: 2009.55 -0.0156493 -0.074048 0.0428658
OUTPUT3: 2009.55 -0.0156493 -0.074048 0.0428658
OUTPUT3: 2009.55 -0.0156493 -0.074048 0.0428658
OUTPUT3: 2009.55 -0.0156493 -0.074048 0.0428658
OUTPUT3: 2009.55 -0.0156493 -0.074048 0.0428658
OUTPUT3: 2009.55 -0.0156493 -0.074048 0.0428658
OUTPUT3: 2009.55 -0.0156493 -0.074048 0.0428658
OUTPUT3: 2009.55 -0.0156493 -0.074048 0.0428658
OUTPUT3: 2009.55 -0.0156493 -0.074048 0.0428658
OUTPUT3: 2009.55 -0.0156493 -0.074048 0.0428658
OUTPUT3: 2009.55 -0.00544103 -0.0648278 0.0545729
OUTPUT3: 2009.55 -0.00556364 -0.0648537 0.0543395
OUTPUT3: 2009.55 -0.00606467 -0.0650262 0.0534637
OUTPUT3: 2009.55 -0.00607357 -0.0650298 0.0534488
OUTPUT3: 2009.55 -0.00607357 -0.0650298 0.0534488
OUTPUT3: 2009.55 -0.00666842 -0.0655399 0.0524771
OUTPUT3: 2009.55 -0.0160135 -0.074983 0.0426999
OUTPUT3: 2009.56 0.00616231 -0.0512268 0.0636626
OUTPUT3: 2009.56 0.0061136 -0.0512715 0.0636055
OUTPUT3: 2009.56 0.0060086 -0.0513639 0.0634816
OUTPUT3: 2009.56 0.00599632 -0.0513743 0.063467
OUTPUT3: 2009.56 0.00586951 -0.0514721 0.0633143
OUTPUT3: 2009.56 0.00603211 -0.0512862 0.0639794
OUTPUT3: 2009.56 0.0083332 -0.0506986 0.0684356
OUTPUT3: 2009.56 0.00876401 -0.0505193 0.069142
OUTPUT3: 2009.56 0.00944392 -0.0502116 0.0701948
OUTPUT3: 2009.56 0.010105 -0.0498857 0.0711085
OUTPUT3: 2009.56 0.0102113 -0.0498319 0.0712288
OUTPUT3: 2009.56 0.0102405 -0.0498173 0.0712571
OUTPUT3: 2009.56 0.0102602 -0.0498078 0.0712735
OUTPUT3: 2009.56 0.0102987 -0.0497915 0.0712842
OUTPUT3: 2009.57 0.00790892 -0.0514962 0.0676435
OUTPUT3: 2009.57 0.00724232 -0.0519955 0.0667579
OUTPUT3: 2009.57 0.00266515 -0.055632 0.0611704
OUTPUT3: 2009.57 0.000348836 -0.0575742 0.0585641
OUTPUT3: 2009.57 -0.000589929 -0.058375 0.0575373
OUTPUT3: 2009.57 -0.00100625 -0.0587322 0.0570865
OUTPUT3: 2009.57 -0.00962367 -0.0668218 0.0479265
OUTPUT3: 2009.57 -0.00962429 -0.0668224 0.0479258
OUTPUT3: 2009.57 -0.010286 -0.0675053 0.0471675
OUTPUT3: 2009.57 -0.0102874 -0.0675068 0.047166
OUTPUT3: 2009.57 -0.0118902 -0.0691185 0.0451218
OUTPUT3: 2009.57 -0.011891 -0.0691192 0.0451207
OUTPUT3: 2009.57 -0.0124229 -0.0696119 0.0442467
OUTPUT3: 2009.57 -0.0126497 -0.069699 0.0439563
OUTPUT3: 2009.57 -0.0125371 -0.0695571 0.0440821
OUTPUT3: 2009.57 -0.0125363 -0.0695567 0.0440829
OUTPUT3: 2009.57 -0.0124908 -0.0695314 0.0441331
OUTPUT3: 2009.57 -0.00210851 -0.058809 0.0551533
OUTPUT3: 2009.57 -0.00210682 -0.0588074 0.0551551
OUTPUT3: 2009.57 -0.00189074 -0.0586191 0.0553803
OUTPUT3: 2009.57 -0.00281428 -0.0603423 0.0556229
OUTPUT3: 2009.57 -0.00419967 -0.0615496 0.0535406
OUTPUT3: 2009.58 -0.00432208 -0.0616488 0.0533327
OUTPUT3: 2009.58 -0.00467034 -0.0619199 0.0527069
OUTPUT3: 2009.58 -0.00467846 -0.061926 0.0526916
OUTPUT3: 2009.58 -0.00305501 -0.060137 0.0539421
OUTPUT3: 2009.58 -0.0030545 -0.0601365 0.0539427
OUTPUT3: 2009.58 0.00785958 -0.0503023 0.0669555
OUTPUT3: 2009.58 0.0158605 -0.0426231 0.0738896
OUTPUT3: 2009.59 0.0526928 -0.00882452 0.115257
OUTPUT3: 2009.59 0.0532483 -0.00826723 0.115797
OUTPUT3: 2009.6 0.0755273 0.0173752 0.134647
OUTPUT3: 2009.61 0.0295758 -0.0296171 0.08811
OUTPUT3: 2009.61 0.0298671 -0.0293233 0.0884991
OUTPUT3: 2009.61 0.0302936 -0.0288738 0.0890053
OUTPUT3: 2009.61 0.0304311 -0.0287247 0.0891556
OUTPUT3: 2009.61 0.0340871 -0.0242183 0.09235
OUTPUT3: 2009.61 0.0343408 -0.023881 0.0926139
OUTPUT3: 2009.61 0.0349166 -0.0231434 0.0932199
OUTPUT3: 2009.61 0.035397 -0.0226041 0.0937422
OUTPUT3: 2009.61 0.0358952 -0.02217 0.0943113
OUTPUT3: 2009.61 0.0360297 -0.0220766 0.0944706
OUTPUT3: 2009.61 0.0361749 -0.0219865 0.0946453
OUTPUT3: 2009.61 0.0374535 -0.0216934 0.0980122
OUTPUT3: 2009.61 0.0374537 -0.0216938 0.0980133
OUTPUT3: 2009.61 0.0375046 -0.0218409 0.0983714
OUTPUT3: 2009.61 0.0375049 -0.0218426 0.098375
OUTPUT3: 2009.61 0.0374521 -0.0224241 0.0989996
OUTPUT3: 2009.61 0.0374519 -0.0224248 0.099
OUTPUT3: 2009.61 0.0372048 -0.0229258 0.0990447
OUTPUT3: 2009.61 0.0363928 -0.023886 0.0983317
OUTPUT3: 2009.61 0.0363807 -0.0238979 0.0983182
OUTPUT3: 2009.61 0.0362589 -0.0240167 0.0981804
OUTPUT3: 2009.61 0.0355334 -0.0246727 0.0973006
OUTPUT3: 2009.61 0.0355334 -0.0246728 0.0973005
OUTPUT3: 2009.61 0.0321779 -0.0273527 0.0928847
OUTPUT3: 2009.61 0.0321744 -0.0273553 0.0928803
OUTPUT3: 2009.61 0.0304943 -0.0287223 0.090742
OUTPUT3: 2009.61 0.0304871 -0.0287291 0.0907329
OUTPUT3: 2009.61 0.0266805 -0.0323566 0.086112
OUTPUT3: 2009.62 0.0233366 -0.0356471 0.0827081
OUTPUT3: 2009.62 0.0204009 -0.0386093 0.079711
OUTPUT3: 2009.62 0.0196798 -0.0393461 0.078974
OUTPUT3: 2009.62 0.0189082 -0.0401383 0.0781851
OUTPUT3: 2009.62 0.0176438 -0.0414438 0.0768917
OUTPUT3: 2009.62 0.00551158 -0.0543547 0.066567
OUTPUT3: 2009.62 0.00458496 -0.0551817 0.0650803
OUTPUT3: 2009.63 0.00669027 -0.0532801 0.0661198
OUTPUT3: 2009.63 0.0109634 -0.0488589 0.069984
OUTPUT3: 2009.64 0.0374169 -0.0239207 0.100149
OUTPUT3: 2009.64 0.0272115 -0.0313285 0.0857714
OUTPUT3: 2009.64 0.0272343 -0.0313418 0.0858041
OUTPUT3: 2009.64 0.0304305 -0.0288424 0.0907979
OUTPUT3: 2009.64 0.030212 -0.0290368 0.0904841
OUTPUT3: 2009.64 0.0298851 -0.0293282 0.0900339
OUTPUT3: 2009.64 0.029537 -0.0296393 0.0895564
OUTPUT3: 2009.64 0.0293833 -0.0297769 0.0893464
OUTPUT3: 2009.64 0.0293833 -0.0297769 0.0893464
OUTPUT3: 2009.64 0.0293833 -0.0297769 0.0893464
OUTPUT3: 2009.64 0.0293833 -0.0297768 0.0893464
OUTPUT3: 2009.64 0.0293833 -0.0297768 0.0893464
OUTPUT3: 2009.64 0.0293833 -0.0297769 0.0893464
OUTPUT3: 2009.64 0.0293833 -0.0297769 0.0893464
OUTPUT3: 2009.64 0.0293833 -0.0297769 0.0893464
OUTPUT3: 2009.64 0.0292554 -0.0298915 0.0891719
OUTPUT3: 2009.64 0.029064 -0.0300634 0.0889113
OUTPUT3: 2009.64 0.0287917 -0.0303081 0.0885418
OUTPUT3: 2009.64 0.0287917 -0.0303081 0.0885418
OUTPUT3: 2009.64 0.0287917 -0.0303081 0.0885418
OUTPUT3: 2009.64 0.0287917 -0.0303081 0.0885418
OUTPUT3: 2009.64 0.0287917 -0.0303081 0.0885418
OUTPUT3: 2009.64 0.0287917 -0.0303081 0.0885418
OUTPUT3: 2009.64 0.0287917 -0.0303081 0.0885418
OUTPUT3: 2009.64 0.0287917 -0.0303081 0.0885418
OUTPUT3: 2009.64 0.0287917 -0.0303081 0.0885418
OUTPUT3: 2009.64 0.0287917 -0.0303081 0.0885418
OUTPUT3: 2009.64 0.0287917 -0.0303081 0.0885418
OUTPUT3: 2009.64 0.0287917 -0.0303081 0.0885418
OUTPUT3: 2009.64 0.0287917 -0.0303081 0.0885418
OUTPUT3: 2009.64 0.0287917 -0.0303081 0.0885418
OUTPUT3: 2009.64 0.0287917 -0.0303081 0.0885418
OUTPUT3: 2009.64 0.0287917 -0.0303081 0.0885418
OUTPUT3: 2009.64 0.0284847 -0.0305848 0.0881266
OUTPUT3: 2009.64 0.0278453 -0.0311627 0.0872674
OUTPUT3: 2009.64 0.0165511 -0.0421633 0.0752669
OUTPUT3: 2009.64 0.0158912 -0.0427938 0.0746006
OUTPUT3: 2009.64 0.0158912 -0.0427938 0.0746006
OUTPUT3: 2009.64 0.0157236 -0.0429489 0.0744326
OUTPUT3: 2009.64 0.0153142 -0.0433376 0.0740255
OUTPUT3: 2009.64 0.0152296 -0.0434368 0.0739421
OUTPUT3: 2009.64 0.0149693 -0.0437498 0.0736876
OUTPUT3: 2009.64 0.0146854 -0.0441089 0.0734153
OUTPUT3: 2009.65 0.0107868 -0.0488235 0.0710559
OUTPUT3: 2009.65 0.0101891 -0.0493605 0.0702405
OUTPUT3: 2009.65 0.0095454 -0.0499347 0.0693616
OUTPUT3: 2009.65 0.00886125 -0.0505422 0.0684171
OUTPUT3: 2009.65 0.00814874 -0.0511728 0.0674261
OUTPUT3: 2009.65 0.0074142 -0.0518217 0.0663997
OUTPUT3: 2009.65 0.00146467 -0.0575766 0.0601014
OUTPUT3: 2009.65 0.00160653 -0.0573983 0.0602506
OUTPUT3: 2009.65 0.00171077 -0.0572694 0.0603603
OUTPUT3: 2009.65 0.00179205 -0.0571696 0.0604458
OUTPUT3: 2009.65 0.00206861 -0.0568332 0.0607371
OUTPUT3: 2009.65 0.00257706 -0.0562788 0.0612729
OUTPUT3: 2009.65 0.00316038 -0.0557818 0.0618881
OUTPUT3: 2009.65 0.00368933 -0.0553276 0.0624463
OUTPUT3: 2009.65 0.00427689 -0.0548199 0.0630667
OUTPUT3: 2009.65 0.00507883 -0.0541227 0.0639137
OUTPUT3: 2009.65 0.0169821 -0.0433176 0.0790481
OUTPUT3: 2009.65 0.0170317 -0.0432554 0.0790763
OUTPUT3: 2009.65 0.0172538 -0.0429469 0.0791544
OUTPUT3: 2009.65 0.0174054 -0.042657 0.0790813
OUTPUT3: 2009.65 0.0174396 -0.0424874 0.0788351
OUTPUT3: 2009.65 0.0173586 -0.0424801 0.0784218
OUTPUT3: 2009.65 0.0171659 -0.042573 0.0778513
OUTPUT3: 2009.65 0.0077917 -0.0518826 0.0668302
OUTPUT3: 2009.65 0.00766173 -0.0520082 0.066682
OUTPUT3: 2009.65 0.00751745 -0.0521392 0.0665028
OUTPUT3: 2009.65 0.00735367 -0.0522592 0.0662497
OUTPUT3: 2009.65 0.00730628 -0.0522492 0.0660994
OUTPUT3: 2009.65 0.00736076 -0.0521048 0.0660031
OUTPUT3: 2009.65 0.0074939 -0.0518811 0.0659909
OUTPUT3: 2009.65 0.00771047 -0.0515578 0.066041
OUTPUT3: 2009.66 0.0236979 -0.0377966 0.0873774
OUTPUT3: 2009.66 0.0249082 -0.0368746 0.0888305
OUTPUT3: 2009.66 0.030791 -0.0299337 0.092172
OUTPUT3: 2009.66 0.0279322 -0.0319303 0.0885145
OUTPUT3: 2009.66 0.027177 -0.0325102 0.087627
OUTPUT3: 2009.66 0.027177 -0.0325102 0.087627
OUTPUT3: 2009.66 0.027177 -0.0325102 0.087627
OUTPUT3: 2009.66 0.027177 -0.0325102 0.087627
OUTPUT3: 2009.66 0.027177 -0.0325102 0.087627
OUTPUT3: 2009.66 0.027177 -0.0325102 0.087627
OUTPUT3: 2009.66 0.027177 -0.0325102 0.087627
OUTPUT3: 2009.66 0.027177 -0.0325102 0.087627
OUTPUT3: 2009.66 0.027177 -0.0325102 0.087627
OUTPUT3: 2009.66 0.027177 -0.0325102 0.087627
OUTPUT3: 2009.66 0.027177 -0.0325102 0.087627
OUTPUT3: 2009.66 0.027177 -0.0325102 0.087627
OUTPUT3: 2009.66 0.027177 -0.0325102 0.087627
OUTPUT3: 2009.66 0.027177 -0.0325102 0.087627
OUTPUT3: 2009.66 0.0260982 -0.0333621 0.0863943
OUTPUT3: 2009.66 0.0260982 -0.0333621 0.0863943
OUTPUT3: 2009.66 0.0260982 -0.0333621 0.0863943
OUTPUT3: 2009.66 0.0260982 -0.0333621 0.0863943
OUTPUT3: 2009.66 0.0260982 -0.0333621 0.0863943
OUTPUT3: 2009.66 0.0260982 -0.0333621 0.0863943
OUTPUT3: 2009.66 0.0260982 -0.0333621 0.0863943
OUTPUT3: 2009.66 0.0260982 -0.0333621 0.0863943
OUTPUT3: 2009.66 0.0260982 -0.0333621 0.0863943
OUTPUT3: 2009.66 0.0260982 -0.0333621 0.0863943
OUTPUT3: 2009.66 0.0260982 -0.0333621 0.0863943
OUTPUT3: 2009.66 0.0260982 -0.0333621 0.0863943
OUTPUT3: 2009.66 0.0260982 -0.0333621 0.0863943
OUTPUT3: 2009.66 0.0260982 -0.0333621 0.0863943
OUTPUT3: 2009.66 0.0242679 -0.0348559 0.0843752
OUTPUT3: 2009.66 0.0241145 -0.0349833 0.0842094
OUTPUT3: 2009.66 0.0241145 -0.0349833 0.0842094
OUTPUT3: 2009.66 0.0241145 -0.0349833 0.0842094
OUTPUT3: 2009.66 0.0241145 -0.0349833 0.0842094
OUTPUT3: 2009.66 0.0241145 -0.0349833 0.0842094
OUTPUT3: 2009.66 0.0241145 -0.0349833 0.0842094
OUTPUT3: 2009.66 0.0241145 -0.0349833 0.0842094
OUTPUT3: 2009.66 0.0241145 -0.0349833 0.0842094
OUTPUT3: 2009.66 0.0241145 -0.0349833 0.0842094
OUTPUT3: 2009.66 0.0241145 -0.0349833 0.0842094
OUTPUT3: 2009.66 0.0241145 -0.0349833 0.0842094
OUTPUT3: 2009.66 0.0241145 -0.0349833 0.0842094
OUTPUT3: 2009.66 0.0241145 -0.0349833 0.0842094
OUTPUT3: 2009.66 0.0241145 -0.0349833 0.0842094
OUTPUT3: 2009.66 0.0206297 -0.0379429 0.0805371
OUTPUT3: 2009.66 0.0206216 -0.0379499 0.0805288
OUTPUT3: 2009.66 0.0203275 -0.0382038 0.0802251
OUTPUT3: 2009.66 0.0168108 -0.0413223 0.0766213
OUTPUT3: 2009.66 0.0135578 -0.0447442 0.0732492
OUTPUT3: 2009.66 0.0112978 -0.0470812 0.0707867
OUTPUT3: 2009.66 0.0108959 -0.0474893 0.0703266
OUTPUT3: 2009.66 0.00879573 -0.0495193 0.0676125
OUTPUT3: 2009.66 0.00878858 -0.0495254 0.067601
OUTPUT3: 2009.66 0.00878517 -0.0495283 0.0675955
OUTPUT3: 2009.66 0.00855415 -0.0497148 0.0671853
OUTPUT3: 2009.66 0.00855368 -0.0497152 0.0671844
OUTPUT3: 2009.66 0.00897487 -0.0489521 0.0666554
OUTPUT3: 2009.66 0.00897799 -0.0489482 0.0666572
OUTPUT3: 2009.66 0.00983419 -0.0479464 0.0672481
OUTPUT3: 2009.66 0.00983747 -0.0479427 0.0672506
OUTPUT3: 2009.66 0.0105769 -0.0471156 0.0678611
OUTPUT3: 2009.66 0.0105818 -0.0471101 0.0678653
OUTPUT3: 2009.66 0.0118615 -0.0457239 0.069172
OUTPUT3: 2009.66 0.0121064 -0.0454634 0.0694249
OUTPUT3: 2009.66 0.0121101 -0.0454594 0.0694287
OUTPUT3: 2009.66 0.0146457 -0.042835 0.0720563
OUTPUT3: 2009.66 0.0154719 -0.042005 0.0729161
OUTPUT3: 2009.66 0.0154785 -0.0419983 0.072923
OUTPUT3: 2009.67 0.0172852 -0.0402255 0.0749364
OUTPUT3: 2009.67 0.0172854 -0.0402253 0.0749366
OUTPUT3: 2009.67 0.0183535 -0.0392069 0.0762486
OUTPUT3: 2009.67 0.0183567 -0.0392039 0.0762526
OUTPUT3: 2009.67 0.0189178 -0.0386794 0.0769653
OUTPUT3: 2009.67 0.0189204 -0.0386769 0.0769687
OUTPUT3: 2009.67 0.0193941 -0.0382409 0.0775849
OUTPUT3: 2009.67 0.0193943 -0.0382408 0.0775852
OUTPUT3: 2009.67 0.019658 -0.038001 0.077935
OUTPUT3: 2009.67 0.0196625 -0.037997 0.0779409
OUTPUT3: 2009.67 0.0205329 -0.0372265 0.0791389
OUTPUT3: 2009.67 0.0205366 -0.0372233 0.0791442
OUTPUT3: 2009.67 0.0213389 -0.0365613 0.0803628
OUTPUT3: 2009.67 0.0213401 -0.0365604 0.0803649
OUTPUT3: 2009.67 0.0218245 -0.0362523 0.0813167
OUTPUT3: 2009.67 0.0218539 -0.0362943 0.0815059
OUTPUT3: 2009.67 0.00846911 -0.0503102 0.0690429
OUTPUT3: 2009.67 0.00688564 -0.0517792 0.0668621
OUTPUT3: 2009.68 0.00523457 -0.0528663 0.0632468
OUTPUT3: 2009.68 0.00700847 -0.0508476 0.0651493
OUTPUT3: 2009.68 0.0128238 -0.0478372 0.0752657
OUTPUT3: 2009.68 -0.0113964 -0.0696859 0.0464792
OUTPUT3: 2009.68 -0.0133798 -0.0727798 0.0476261
OUTPUT3: 2009.69 -0.044081 -0.103802 0.0152155
OUTPUT3: 2009.69 -0.045793 -0.105701 0.0137381
OUTPUT3: 2009.69 -0.0290027 -0.0882507 0.0297624
OUTPUT3: 2009.69 -0.0102172 -0.0694965 0.0503003
OUTPUT3: 2009.7 -0.000750299 -0.063881 0.0642987
OUTPUT3: 2009.7 -0.0159677 -0.0748769 0.0432466
OUTPUT3: 2009.7 -0.0160829 -0.0750031 0.0431262
OUTPUT3: 2009.7 -0.0177795 -0.0768184 0.0413548
OUTPUT3: 2009.7 -0.0185516 -0.0787498 0.0434552
OUTPUT3: 2009.7 -0.0184366 -0.0785956 0.0434943
OUTPUT3: 2009.7 -0.0214006 -0.0800683 0.0376136
OUTPUT3: 2009.7 -0.0214067 -0.0800475 0.037604
OUTPUT3: 2009.71 -0.034152 -0.0931621 0.0244716
OUTPUT3: 2009.71 -0.0342695 -0.0932902 0.0243494
OUTPUT3: 2009.71 -0.0514436 -0.110959 0.00681366
OUTPUT3: 2009.71 -0.0304285 -0.0886095 0.0277896
OUTPUT3: 2009.71 -0.0296551 -0.0878179 0.0285777
OUTPUT3: 2009.71 -0.0273313 -0.0854486 0.0309439
OUTPUT3: 2009.71 -0.0273313 -0.0854486 0.0309439
OUTPUT3: 2009.71 -0.0227462 -0.0808117 0.0361289
OUTPUT3: 2009.72 -0.00955174 -0.0680762 0.0506215
OUTPUT3: 2009.72 -0.00319086 -0.0605768 0.0551975
OUTPUT3: 2009.72 -0.00100478 -0.0589916 0.0579903
OUTPUT3: 2009.72 -0.00100478 -0.0589916 0.0579903
OUTPUT3: 2009.72 -0.00100478 -0.0589916 0.0579903
OUTPUT3: 2009.72 -0.00100478 -0.0589916 0.0579903
OUTPUT3: 2009.72 -0.00100478 -0.0589916 0.0579903
OUTPUT3: 2009.72 -0.00100478 -0.0589916 0.0579903
OUTPUT3: 2009.72 -0.00100478 -0.0589916 0.0579903
OUTPUT3: 2009.72 -0.00100478 -0.0589916 0.0579903
OUTPUT3: 2009.72 -0.00100478 -0.0589916 0.0579903
OUTPUT3: 2009.72 -0.00100478 -0.0589916 0.0579903
OUTPUT3: 2009.72 -0.00100478 -0.0589916 0.0579903
OUTPUT3: 2009.72 -0.00100478 -0.0589916 0.0579903
OUTPUT3: 2009.72 -0.00100478 -0.0589916 0.0579903
OUTPUT3: 2009.72 -0.00100478 -0.0589916 0.0579903
OUTPUT3: 2009.72 -0.000943824 -0.0589482 0.0580694
OUTPUT3: 2009.72 -0.00031569 -0.0585034 0.0588885
OUTPUT3: 2009.72 -0.00031569 -0.0585034 0.0588885
OUTPUT3: 2009.72 -0.00031569 -0.0585034 0.0588885
OUTPUT3: 2009.72 -0.00031569 -0.0585034 0.0588885
OUTPUT3: 2009.72 -0.00031569 -0.0585034 0.0588885
OUTPUT3: 2009.72 -0.00031569 -0.0585034 0.0588885
OUTPUT3: 2009.72 -0.00031569 -0.0585034 0.0588885
OUTPUT3: 2009.72 -0.00031569 -0.0585034 0.0588885
OUTPUT3: 2009.72 -0.00031569 -0.0585034 0.0588885
OUTPUT3: 2009.72 -0.00031569 -0.0585034 0.0588885
OUTPUT3: 2009.72 -0.00031569 -0.0585034 0.0588885
OUTPUT3: 2009.72 -0.00031569 -0.0585034 0.0588885
OUTPUT3: 2009.72 -0.00031569 -0.0585034 0.0588885
OUTPUT3: 2009.72 -0.00031569 -0.0585034 0.0588885
OUTPUT3: 2009.72 0.00232286 -0.0566786 0.0623943
OUTPUT3: 2009.72 0.00232286 -0.0566786 0.0623943
OUTPUT3: 2009.72 0.00232286 -0.0566786 0.0623943
OUTPUT3: 2009.72 0.00232286 -0.0566786 0.0623943
OUTPUT3: 2009.72 0.00232286 -0.0566786 0.0623943
OUTPUT3: 2009.72 0.00232286 -0.0566786 0.0623943
OUTPUT3: 2009.72 0.00232286 -0.0566786 0.0623943
OUTPUT3: 2009.72 0.00232286 -0.0566786 0.0623943
OUTPUT3: 2009.72 0.00232286 -0.0566786 0.0623943
OUTPUT3: 2009.72 0.00232286 -0.0566786 0.0623943
OUTPUT3: 2009.72 0.00232286 -0.0566786 0.0623943
OUTPUT3: 2009.72 0.00232286 -0.0566786 0.0623943
OUTPUT3: 2009.72 0.00232286 -0.0566786 0.0623943
OUTPUT3: 2009.72 0.00232286 -0.0566786 0.0623943
OUTPUT3: 2009.72 0.00903998 -0.05246 0.0720026
OUTPUT3: 2009.72 0.00878525 -0.0527883 0.0719299
OUTPUT3: 2009.72 0.00808981 -0.053325 0.0711114
OUTPUT3: 2009.72 0.00443127 -0.0559147 0.0664041
OUTPUT3: 2009.72 0.00284272 -0.0570041 0.0642991
OUTPUT3: 2009.72 0.00149136 -0.0579235 0.0624951
OUTPUT3: 2009.72 -0.0150053 -0.0716502 0.0412235
OUTPUT3: 2009.73 -0.0190445 -0.0760041 0.0370905
OUTPUT3: 2009.73 -0.0190425 -0.0760015 0.0370927
OUTPUT3: 2009.73 -0.0188536 -0.0757572 0.0373064
OUTPUT3: 2009.73 -0.0121907 -0.0691917 0.0461475
OUTPUT3: 2009.73 -0.00845378 -0.0668588 0.0516749
OUTPUT3: 2009.73 -0.0030762 -0.0634686 0.0591777
OUTPUT3: 2009.73 -0.00274166 -0.0632083 0.059576
OUTPUT3: 2009.73 -0.00274103 -0.0632078 0.0595768
OUTPUT3: 2009.73 -0.00269798 -0.0631722 0.0596253
OUTPUT3: 2009.73 -0.00221968 -0.062567 0.0598729
OUTPUT3: 2009.73 -0.00373461 -0.0627262 0.0566717
OUTPUT3: 2009.73 -0.00420622 -0.0628511 0.0557818
OUTPUT3: 2009.73 -0.00420728 -0.0628514 0.0557798
OUTPUT3: 2009.73 -0.00480125 -0.0630125 0.0546665
OUTPUT3: 2009.73 -0.00524526 -0.0631301 0.0538329
OUTPUT3: 2009.73 -0.00527707 -0.0631383 0.0537729
OUTPUT3: 2009.73 -0.0062043 -0.0628531 0.0513489
OUTPUT3: 2009.74 -0.0226313 -0.0804745 0.0346994
OUTPUT3: 2009.74 -0.0232497 -0.0811079 0.0340693
OUTPUT3: 2009.74 -0.0232497 -0.0811079 0.0340693
OUTPUT3: 2009.74 -0.0232497 -0.0811079 0.0340693
OUTPUT3: 2009.74 -0.0232497 -0.0811079 0.0340693
OUTPUT3: 2009.74 -0.0232497 -0.0811079 0.0340693
OUTPUT3: 2009.74 -0.0232497 -0.0811079 0.0340693
OUTPUT3: 2009.74 -0.0232497 -0.0811079 0.0340693
OUTPUT3: 2009.74 -0.0234036 -0.0812563 0.0339163
OUTPUT3: 2009.74 -0.0234036 -0.0812563 0.0339163
OUTPUT3: 2009.74 -0.0234036 -0.0812563 0.0339163
OUTPUT3: 2009.74 -0.0234036 -0.0812563 0.0339163
OUTPUT3: 2009.74 -0.0234036 -0.0812563 0.0339163
OUTPUT3: 2009.74 -0.0234036 -0.0812563 0.0339163
OUTPUT3: 2009.74 -0.0234036 -0.0812563 0.0339163
OUTPUT3: 2009.74 -0.0234036 -0.0812563 0.0339163
OUTPUT3: 2009.74 -0.0234036 -0.0812563 0.0339163
OUTPUT3: 2009.74 -0.0234036 -0.0812563 0.0339163
OUTPUT3: 2009.74 -0.0234036 -0.0812563 0.0339163
OUTPUT3: 2009.74 -0.0154956 -0.073451 0.0428842
OUTPUT3: 2009.74 -0.0165611 -0.0745752 0.0417229
OUTPUT3: 2009.74 -0.0172078 -0.0761175 0.0414439
OUTPUT3: 2009.75 -0.00665924 -0.065038 0.0513018
OUTPUT3: 2009.75 -0.00559389 -0.063807 0.0523889
OUTPUT3: 2009.75 0.00578378 -0.0548554 0.0685223
OUTPUT3: 2009.75 0.00258768 -0.0549828 0.0610145
OUTPUT3: 2009.75 0.00257764 -0.0550347 0.0610816
OUTPUT3: 2009.76 0.00685748 -0.0540519 0.0699702
OUTPUT3: 2009.76 0.00729324 -0.0537893 0.0706283
OUTPUT3: 2009.76 0.00739582 -0.0537137 0.0707621
OUTPUT3: 2009.76 0.0075699 -0.0535652 0.0709586
OUTPUT3: 2009.76 0.00759142 -0.0535446 0.0709793
OUTPUT3: 2009.76 0.00671898 -0.0516868 0.0661426
OUTPUT3: 2009.76 0.00653933 -0.0517033 0.0657523
OUTPUT3: 2009.76 0.00634291 -0.0517488 0.0653682
OUTPUT3: 2009.76 0.00633345 -0.0517518 0.0653507
OUTPUT3: 2009.76 0.00614995 -0.0518203 0.0650319
OUTPUT3: 2009.76 0.00600447 -0.0518908 0.0648037
OUTPUT3: 2009.76 0.00595265 -0.0519192 0.0647274
OUTPUT3: 2009.76 0.0057475 -0.0520473 0.0644493
OUTPUT3: 2009.76 0.00553637 -0.0522032 0.0641991
OUTPUT3: 2009.76 0.00531786 -0.0523865 0.0639728
OUTPUT3: 2009.76 0.00174641 -0.0562285 0.0614388
OUTPUT3: 2009.76 0.00161442 -0.0563621 0.0613279
OUTPUT3: 2009.76 0.00142427 -0.0565516 0.0611629
OUTPUT3: 2009.76 0.00127117 -0.0567014 0.0610249
OUTPUT3: 2009.76 0.00114339 -0.0568244 0.0609061
OUTPUT3: 2009.76 0.000883446 -0.0570685 0.0606528
OUTPUT3: 2009.76 0.000645101 -0.057284 0.0604044
OUTPUT3: 2009.76 0.000626596 -0.0573004 0.0603843
OUTPUT3: 2009.76 0.000432767 -0.0574678 0.0601663
OUTPUT3: 2009.76 0.000251138 -0.0576168 0.059945
OUTPUT3: 2009.76 0.000104639 -0.0577285 0.0597468
OUTPUT3: 2009.76 0.00243017 -0.0558452 0.0618377
OUTPUT3: 2009.76 0.00243017 -0.0558452 0.0618377
OUTPUT3: 2009.76 0.00269205 -0.0556832 0.0621796
OUTPUT3: 2009.76 0.00307623 -0.0554589 0.0627021
OUTPUT3: 2009.76 0.00339198 -0.0552885 0.0631523
OUTPUT3: 2009.76 0.00344783 -0.0552599 0.0632342
OUTPUT3: 2009.76 0.00379391 -0.0550951 0.0637597
OUTPUT3: 2009.76 0.0041059 -0.0549712 0.064268
OUTPUT3: 2009.76 0.00436961 -0.0548968 0.0647393
OUTPUT3: 2009.76 0.00439978 -0.0548911 0.064797
OUTPUT3: 2009.76 0.0045202 -0.0548775 0.0650397
OUTPUT3: 2009.77 -0.0033427 -0.0627509 0.0580289
OUTPUT3: 2009.77 -0.00454213 -0.0636777 0.0565849
OUTPUT3: 2009.77 -0.00468727 -0.0637886 0.0564083
OUTPUT3: 2009.77 -0.00577549 -0.0646114 0.0550718
OUTPUT3: 2009.77 -0.00611635 -0.0648662 0.0546489
OUTPUT3: 2009.77 -0.00755767 -0.0659295 0.0528396
OUTPUT3: 2009.77 -0.00912406 -0.0670597 0.0508362
OUTPUT3: 2009.77 -0.00945245 -0.0672935 0.0504114
OUTPUT3: 2009.77 -0.0105062 -0.0680361 0.0490372
OUTPUT3: 2009.77 -0.0119736 -0.069051 0.047095
OUTPUT3: 2009.77 -0.0130583 -0.069873 0.045637
OUTPUT3: 2009.77 -0.0186463 -0.074706 0.0369232
OUTPUT3: 2009.77 -0.0179199 -0.0739038 0.0376829
OUTPUT3: 2009.77 -0.0178653 -0.0738433 0.03774
OUTPUT3: 2009.77 -0.0170658 -0.0729561 0.0385788
OUTPUT3: 2009.77 -0.0154866 -0.071344 0.0403104
OUTPUT3: 2009.77 0.00238904 -0.057233 0.063709
OUTPUT3: 2009.77 0.00233462 -0.0572583 0.0636336
OUTPUT3: 2009.77 0.00224031 -0.0573109 0.0635032
OUTPUT3: 2009.77 0.00222002 -0.0573227 0.0634752
OUTPUT3: 2009.77 -0.000594247 -0.0590909 0.0595848
OUTPUT3: 2009.77 -0.0150335 -0.070651 0.0403096
OUTPUT3: 2009.77 -0.0152498 -0.0708251 0.0400732
OUTPUT3: 2009.77 -0.0139403 -0.0693073 0.0422608
OUTPUT3: 2009.78 -0.0067734 -0.0651625 0.0530937
OUTPUT3: 2009.78 -0.00563522 -0.0645461 0.0547883
OUTPUT3: 2009.78 -0.00308874 -0.0631593 0.0585562
OUTPUT3: 2009.78 -0.00190307 -0.062519 0.0602993
OUTPUT3: 2009.78 -0.0011968 -0.0622055 0.0613408
OUTPUT3: 2009.78 -0.00191017 -0.0626846 0.0603213
OUTPUT3: 2009.78 -0.0020188 -0.0627549 0.0601662
OUTPUT3: 2009.78 -0.00321441 -0.0635187 0.0584627
OUTPUT3: 2009.78 -0.00971464 -0.0676447 0.0493132
OUTPUT3: 2009.78 -0.0110411 -0.0684933 0.0474673
OUTPUT3: 2009.78 -0.0293772 -0.0850955 0.0256096
OUTPUT3: 2009.78 -0.0303179 -0.0861597 0.0248764
OUTPUT3: 2009.78 -0.031054 -0.086987 0.0242788
OUTPUT3: 2009.78 -0.0279283 -0.0836728 0.0272223
OUTPUT3: 2009.78 -0.0279248 -0.0836697 0.0272273
OUTPUT3: 2009.78 -0.0269821 -0.0828232 0.0285339
OUTPUT3: 2009.78 -0.0269798 -0.082821 0.0285371
OUTPUT3: 2009.78 -0.025853 -0.0817946 0.0300683
OUTPUT3: 2009.78 -0.0220513 -0.0782315 0.0350197
OUTPUT3: 2009.78 -0.0220492 -0.0782294 0.0350223
OUTPUT3: 2009.78 -0.0197569 -0.0760074 0.037865
OUTPUT3: 2009.78 -0.01975 -0.0760006 0.0378734
OUTPUT3: 2009.79 -0.00994496 -0.0665917 0.0476739
OUTPUT3: 2009.79 -0.00994496 -0.0665917 0.0476739
OUTPUT3: 2009.79 -0.00994496 -0.0665917 0.0476739
OUTPUT3: 2009.79 -0.00994496 -0.0665917 0.0476739
OUTPUT3: 2009.79 -0.00994496 -0.0665917 0.0476739
OUTPUT3: 2009.79 -0.00994496 -0.0665917 0.0476739
OUTPUT3: 2009.79 -0.00994496 -0.0665917 0.0476739
OUTPUT3: 2009.79 -0.00994496 -0.0665917 0.0476739
OUTPUT3: 2009.79 -0.00994496 -0.0665917 0.0476739
OUTPUT3: 2009.79 -0.00994496 -0.0665917 0.0476739
OUTPUT3: 2009.79 -0.00994496 -0.0665917 0.0476739
OUTPUT3: 2009.79 -0.00994496 -0.0665917 0.0476739
OUTPUT3: 2009.79 -0.00994496 -0.0665917 0.0476739
OUTPUT3: 2009.79 -0.00994496 -0.0665917 0.0476739
OUTPUT3: 2009.79 -0.00981241 -0.0665043 0.0478544
OUTPUT3: 2009.79 -0.00981241 -0.0665043 0.0478544
OUTPUT3: 2009.79 -0.00981241 -0.0665043 0.0478544
OUTPUT3: 2009.79 -0.00981241 -0.0665043 0.0478544
OUTPUT3: 2009.79 -0.00981241 -0.0665043 0.0478544
OUTPUT3: 2009.79 -0.00981241 -0.0665043 0.0478544
OUTPUT3: 2009.79 -0.00981241 -0.0665043 0.0478544
OUTPUT3: 2009.79 -0.00981241 -0.0665043 0.0478544
OUTPUT3: 2009.79 -0.00981241 -0.0665043 0.0478544
OUTPUT3: 2009.79 -0.00981241 -0.0665043 0.0478544
OUTPUT3: 2009.79 -0.00981241 -0.0665043 0.0478544
OUTPUT3: 2009.79 -0.00981241 -0.0665043 0.0478544
OUTPUT3: 2009.79 -0.00981241 -0.0665043 0.0478544
OUTPUT3: 2009.79 -0.00981241 -0.0665043 0.0478544
OUTPUT3: 2009.79 -0.0092303 -0.0661654 0.0487105
OUTPUT3: 2009.79 -0.0092303 -0.0661654 0.0487105
OUTPUT3: 2009.79 -0.0092303 -0.0661654 0.0487105
OUTPUT3: 2009.79 -0.0092303 -0.0661654 0.0487105
OUTPUT3: 2009.79 -0.0092303 -0.0661654 0.0487105
OUTPUT3: 2009.79 -0.0092303 -0.0661654 0.0487105
OUTPUT3: 2009.79 -0.0092303 -0.0661654 0.0487105
OUTPUT3: 2009.79 -0.0092303 -0.0661654 0.0487105
OUTPUT3: 2009.79 -0.0092303 -0.0661654 0.0487105
OUTPUT3: 2009.79 -0.0092303 -0.0661654 0.0487105
OUTPUT3: 2009.79 -0.0092303 -0.0661654 0.0487105
OUTPUT3: 2009.79 -0.0092303 -0.0661654 0.0487105
OUTPUT3: 2009.79 -0.0092303 -0.0661654 0.0487105
OUTPUT3: 2009.79 -0.0092303 -0.0661654 0.0487105
OUTPUT3: 2009.79 -0.00643372 -0.0656381 0.0542692
OUTPUT3: 2009.79 -0.0282167 -0.0840216 0.0282164
OUTPUT3: 2009.79 -0.0289963 -0.0848095 0.0273909
OUTPUT3: 2009.79 -0.0394548 -0.0967532 0.0199932
OUTPUT3: 2009.79 -0.0394064 -0.0967407 0.0200947
OUTPUT3: 2009.79 -0.039342 -0.0967155 0.0202154
OUTPUT3: 2009.79 -0.0392352 -0.0966589 0.0203924
OUTPUT3: 2009.79 -0.0391294 -0.0965906 0.0205483
OUTPUT3: 2009.79 -0.0391077 -0.0965755 0.0205783
OUTPUT3: 2009.79 -0.0391077 -0.0965755 0.0205783
OUTPUT3: 2009.8 -0.0352208 -0.0923318 0.0224435
OUTPUT3: 2009.8 -0.0352208 -0.0923318 0.0224435
OUTPUT3: 2009.8 -0.0352208 -0.0923318 0.0224435
OUTPUT3: 2009.8 -0.0352208 -0.0923318 0.0224435
OUTPUT3: 2009.8 -0.0352208 -0.0923318 0.0224435
OUTPUT3: 2009.8 -0.0352208 -0.0923318 0.0224435
OUTPUT3: 2009.8 -0.0352208 -0.0923318 0.0224435
OUTPUT3: 2009.8 -0.0352208 -0.0923318 0.0224435
OUTPUT3: 2009.8 -0.0352648 -0.0924428 0.0224764
OUTPUT3: 2009.8 -0.0352648 -0.0924428 0.0224764
OUTPUT3: 2009.8 -0.0352648 -0.0924428 0.0224764
OUTPUT3: 2009.8 -0.0352648 -0.0924428 0.0224764
OUTPUT3: 2009.8 -0.0352648 -0.0924428 0.0224764
OUTPUT3: 2009.8 -0.0352648 -0.0924428 0.0224764
OUTPUT3: 2009.8 -0.0352648 -0.0924428 0.0224764
OUTPUT3: 2009.8 -0.0352648 -0.0924428 0.0224764
OUTPUT3: 2009.8 -0.0352648 -0.0924428 0.0224764
OUTPUT3: 2009.8 -0.0352648 -0.0924428 0.0224764
OUTPUT3: 2009.8 -0.0352648 -0.0924428 0.0224764
OUTPUT3: 2009.8 -0.0352648 -0.0924428 0.0224764
OUTPUT3: 2009.8 -0.0352648 -0.0924428 0.0224764
OUTPUT3: 2009.8 -0.0352648 -0.0924428 0.0224764
OUTPUT3: 2009.8 -0.0352648 -0.0924428 0.0224764
OUTPUT3: 2009.8 -0.0352648 -0.0924428 0.0224764
OUTPUT3: 2009.8 -0.0426426 -0.102025 0.0187608
OUTPUT3: 2009.8 -0.0436016 -0.102805 0.0176307
OUTPUT3: 2009.8 -0.0551379 -0.111185 0.00114986
OUTPUT3: 2009.8 -0.0555866 -0.11166 0.000727162
OUTPUT3: 2009.8 -0.0617076 -0.119276 -0.00392459
OUTPUT3: 2009.81 -0.0596368 -0.115955 -0.00375131
OUTPUT3: 2009.81 -0.0276777 -0.0863951 0.0326389
OUTPUT3: 2009.81 -0.025603 -0.0846072 0.0350195
OUTPUT3: 2009.82 -0.0362836 -0.0921568 0.0185372
OUTPUT3: 2009.82 -0.0330743 -0.0885561 0.021442
OUTPUT3: 2009.82 -0.00711624 -0.0665113 0.0542234
OUTPUT3: 2009.82 -0.00655147 -0.0659705 0.0547995
OUTPUT3: 2009.82 -0.0151242 -0.0696955 0.0389766
OUTPUT3: 2009.82 -0.0126864 -0.0670113 0.0414618
OUTPUT3: 2009.82 -0.0121062 -0.0663621 0.042182
OUTPUT3: 2009.82 -0.00924983 -0.0635842 0.0457846
OUTPUT3: 2009.82 -0.00502453 -0.0596199 0.0511759
OUTPUT3: 2009.83 -0.00166868 -0.0571739 0.0554799
OUTPUT3: 2009.83 -0.000200696 -0.0561012 0.0573817
OUTPUT3: 2009.83 0.0105789 -0.0477418 0.0706654
OUTPUT3: 2009.83 0.0117627 -0.0463751 0.0715374
OUTPUT3: 2009.83 0.00877441 -0.0473988 0.0662491
OUTPUT3: 2009.83 -0.00134326 -0.0551336 0.0525639
OUTPUT3: 2009.83 0.00287834 -0.0524301 0.0603611
OUTPUT3: 2009.83 0.00814145 -0.0487718 0.0672513
OUTPUT3: 2009.83 0.0156223 -0.0406311 0.0729978
OUTPUT3: 2009.84 0.00580644 -0.0476475 0.0601244
OUTPUT3: 2009.84 0.00342123 -0.0507649 0.0596389
OUTPUT3: 2009.84 0.00222136 -0.0522957 0.0590389
OUTPUT3: 2009.84 0.00181403 -0.0526619 0.0585995
OUTPUT3: 2009.85 -0.00194048 -0.0546975 0.0514619
OUTPUT3: 2009.85 0.00583616 -0.0499972 0.0642487
OUTPUT3: 2009.85 0.0147709 -0.0371182 0.067977
OUTPUT3: 2009.85 0.0181072 -0.0357965 0.0741205
OUTPUT3: 2009.85 0.0178753 -0.0360311 0.0739179
OUTPUT3: 2009.85 0.0168711 -0.0369977 0.0729611
OUTPUT3: 2009.86 0.0105078 -0.0421074 0.0651248
OUTPUT3: 2009.86 0.0102328 -0.0422982 0.0647174
OUTPUT3: 2009.86 0.00981118 -0.0425872 0.0640455
OUTPUT3: 2009.86 0.00779382 -0.0462036 0.063538
OUTPUT3: 2009.86 0.0077834 -0.0462122 0.063526
OUTPUT3: 2009.86 0.00558574 -0.0479879 0.0609431
OUTPUT3: 2009.86 0.0055857 -0.0479879 0.060943
OUTPUT3: 2009.86 -0.00353947 -0.0548318 0.0496532
OUTPUT3: 2009.86 -0.0106171 -0.0606532 0.0406163
OUTPUT3: 2009.86 -0.0163511 -0.066072 0.0332571
OUTPUT3: 2009.86 -0.0180073 -0.0676733 0.0314309
OUTPUT3: 2009.86 -0.0180105 -0.0676766 0.0314276
OUTPUT3: 2009.86 -0.0182883 -0.067952 0.0311417
OUTPUT3: 2009.86 -0.0184782 -0.0681428 0.0309476
OUTPUT3: 2009.86 -0.0184836 -0.0681482 0.0309421
OUTPUT3: 2009.86 -0.0188555 -0.0685349 0.0305687
OUTPUT3: 2009.86 -0.0186285 -0.0685314 0.0309133
OUTPUT3: 2009.86 -0.0177564 -0.0678285 0.0321141
OUTPUT3: 2009.86 -0.017753 -0.0678257 0.0321191
OUTPUT3: 2009.86 -0.016042 -0.0663803 0.0345731
OUTPUT3: 2009.86 -0.0160409 -0.0663794 0.0345747
OUTPUT3: 2009.86 -0.014662 -0.0651866 0.036492
OUTPUT3: 2009.86 -0.0146599 -0.0651848 0.0364949
OUTPUT3: 2009.86 -0.0140167 -0.064622 0.0373723
OUTPUT3: 2009.86 -0.0140164 -0.0646217 0.0373727
OUTPUT3: 2009.86 -0.0121286 -0.0629443 0.0398717
OUTPUT3: 2009.86 -0.0113701 -0.0622568 0.0408308
OUTPUT3: 2009.86 -0.0113645 -0.0622516 0.0408379
OUTPUT3: 2009.86 -0.0104412 -0.0613976 0.0419466
OUTPUT3: 2009.86 -0.0099605 -0.0609415 0.0424836
OUTPUT3: 2009.86 -0.00983795 -0.0608233 0.0426141
OUTPUT3: 2009.86 -0.00961572 -0.0606066 0.0428421
OUTPUT3: 2009.86 -0.00944796 -0.0604404 0.0430053
OUTPUT3: 2009.87 -0.00911603 -0.0601032 0.043299
OUTPUT3: 2009.87 -0.0036235 -0.054409 0.0484299
OUTPUT3: 2009.87 0.0150108 -0.0428431 0.0749962
OUTPUT3: 2009.87 0.014817 -0.0430091 0.074777
OUTPUT3: 2009.88 0.0119684 -0.0415183 0.0671874
OUTPUT3: 2009.89 0.0366443 -0.0237301 0.0995655
OUTPUT3: 2009.9 0.00777072 -0.0490573 0.0672932
OUTPUT3: 2009.9 -0.0045928 -0.0615896 0.0548074
OUTPUT3: 2009.91 -0.00525055 -0.0618995 0.0537135
OUTPUT3: 2009.91 -0.00614999 -0.0622879 0.052158
OUTPUT3: 2009.91 -0.00636636 -0.0623855 0.0517825
OUTPUT3: 2009.91 -0.00646906 -0.0624414 0.051614
OUTPUT3: 2009.91 -0.00678764 -0.0628726 0.0514191
OUTPUT3: 2009.91 -0.00700356 -0.0632388 0.051406
OUTPUT3: 2009.91 -0.00718069 -0.0634999 0.0513491
OUTPUT3: 2009.91 -0.00896073 -0.0655666 0.0500853
OUTPUT3: 2009.91 -0.00896458 -0.0655706 0.0500819
OUTPUT3: 2009.91 -0.0115187 -0.0680496 0.0476479
OUTPUT3: 2009.91 -0.0115323 -0.0680621 0.0476341
OUTPUT3: 2009.91 -0.0125076 -0.0689505 0.0466289
OUTPUT3: 2009.91 -0.0125103 -0.0689529 0.0466261
OUTPUT3: 2009.91 -0.0145767 -0.0708153 0.0444157
OUTPUT3: 2009.91 -0.014906 -0.0711192 0.0440555
OUTPUT3: 2009.91 -0.0149128 -0.0711254 0.0440481
OUTPUT3: 2009.91 -0.0189381 -0.0749655 0.039519
OUTPUT3: 2009.91 -0.0242151 -0.0801333 0.0333434
OUTPUT3: 2009.91 -0.0242159 -0.080134 0.0333424
OUTPUT3: 2009.91 -0.0267416 -0.0825747 0.0303258
OUTPUT3: 2009.91 -0.0281737 -0.0839511 0.028604
OUTPUT3: 2009.91 -0.0281767 -0.083954 0.0286003
OUTPUT3: 2009.91 -0.0325815 -0.0881578 0.0233103
OUTPUT3: 2009.91 -0.0331369 -0.0886861 0.0226761
OUTPUT3: 2009.91 -0.0332915 -0.0888341 0.0225248
OUTPUT3: 2009.91 -0.0332779 -0.0888239 0.02259
OUTPUT3: 2009.91 -0.033165 -0.0887194 0.0227659
OUTPUT3: 2009.91 -0.033073 -0.0886336 0.0228999
OUTPUT3: 2009.91 -0.0327298 -0.0883131 0.0233804
OUTPUT3: 2009.91 -0.0327145 -0.0882986 0.0234016
OUTPUT3: 2009.91 -0.0302228 -0.0859633 0.0267283
OUTPUT3: 2009.91 -0.00222967 -0.0624562 0.0605853
OUTPUT3: 2009.92 -0.000537411 -0.0575817 0.058849
OUTPUT3: 2009.92 -0.000476159 -0.0574597 0.0588702
OUTPUT3: 2009.92 0.0127142 -0.0490472 0.0779027
OUTPUT3: 2009.92 0.013075 -0.0487927 0.078382
OUTPUT3: 2009.93 -0.00778842 -0.0665281 0.053576
OUTPUT3: 2009.93 -0.0229024 -0.0831831 0.0397236
OUTPUT3: 2009.94 -0.0699457 -0.128531 -0.0108739
OUTPUT3: 2009.94 -0.0713677 -0.12961 -0.0122008
OUTPUT3: 2009.94 -0.07063 -0.128869 -0.0112913
OUTPUT3: 2009.94 -0.0693369 -0.127596 -0.00964161
OUTPUT3: 2009.94 -0.0659255 -0.12606 -0.00234337
OUTPUT3: 2009.94 -0.0665842 -0.126647 -0.00307411
OUTPUT3: 2009.94 -0.0679683 -0.127809 -0.00472196
OUTPUT3: 2009.94 -0.0771208 -0.135078 -0.019722
OUTPUT3: 2009.95 -0.0542946 -0.113 0.00743186
OUTPUT3: 2009.95 -0.0544277 -0.112999 0.0071253
OUTPUT3: 2009.95 -0.0571926 -0.114952 0.00228419
OUTPUT3: 2009.96 -0.0504887 -0.108327 0.00857842
OUTPUT3: 2009.96 -0.0494276 -0.107332 0.00982238
OUTPUT3: 2009.96 -0.0403174 -0.0987877 0.0206053
OUTPUT3: 2009.96 -0.0403163 -0.0987865 0.0206065
OUTPUT3: 2009.96 -0.0399978 -0.0984727 0.0209365
OUTPUT3: 2009.96 -0.0392644 -0.0976781 0.0214722
OUTPUT3: 2009.96 -0.0392644 -0.0976781 0.0214722
OUTPUT3: 2009.96 -0.0404349 -0.0982516 0.0185846
OUTPUT3: 2009.96 -0.0404352 -0.0982517 0.0185839
OUTPUT3: 2009.96 -0.0406816 -0.0983013 0.017863
OUTPUT3: 2009.96 -0.0400321 -0.0974453 0.0182038
OUTPUT3: 2009.96 -0.0229682 -0.082084 0.0397134
OUTPUT3: 2009.96 -0.0221595 -0.081469 0.0407069
OUTPUT3: 2009.96 -0.0214686 -0.0809276 0.0415363
OUTPUT3: 2009.96 -0.0208899 -0.0804536 0.0422056
OUTPUT3: 2009.96 -0.0204725 -0.080086 0.0426573
OUTPUT3: 2009.96 -0.020244 -0.0798604 0.0428752
OUTPUT3: 2009.97 -0.0319353 -0.0886001 0.0261506
OUTPUT3: 2009.97 -0.0329388 -0.0895474 0.0248739
OUTPUT3: 2009.97 -0.033006 -0.0896111 0.0247893
OUTPUT3: 2009.97 -0.0338515 -0.0904178 0.0237369
OUTPUT3: 2009.97 -0.0338526 -0.0904188 0.0237355
OUTPUT3: 2009.97 -0.0347242 -0.0912607 0.0226788
OUTPUT3: 2009.97 -0.0347308 -0.091267 0.0226711
OUTPUT3: 2009.97 -0.0354261 -0.0919497 0.0218583
OUTPUT3: 2009.97 -0.0354374 -0.0919609 0.0218454
OUTPUT3: 2009.97 -0.0359208 -0.0924449 0.021306
OUTPUT3: 2009.97 -0.0359285 -0.0924527 0.0212976
OUTPUT3: 2009.97 -0.0300557 -0.0876668 0.0308839
OUTPUT3: 2009.97 -0.0286358 -0.0863244 0.032694
OUTPUT3: 2009.97 -0.0276015 -0.0853564 0.0339648
OUTPUT3: 2009.97 -0.0271404 -0.0849651 0.0345167
OUTPUT3: 2009.97 -0.0266748 -0.0845633 0.0350639
OUTPUT3: 2009.97 -0.0257956 -0.0837833 0.0360655
OUTPUT3: 2009.97 -0.02498 -0.0830297 0.0369495
OUTPUT3: 2009.97 -0.0237667 -0.080006 0.0341195
OUTPUT3: 2009.97 -0.0239946 -0.0801865 0.0337251
OUTPUT3: 2009.97 -0.0246623 -0.080735 0.032623
OUTPUT3: 2009.97 -0.0251608 -0.0811623 0.0318474
OUTPUT3: 2009.97 -0.0251665 -0.0811673 0.0318389
OUTPUT3: 2009.97 -0.0256498 -0.0815964 0.0311258
OUTPUT3: 2009.97 -0.0256545 -0.0816006 0.0311191
OUTPUT3: 2009.97 -0.0261118 -0.0820214 0.0304835
OUTPUT3: 2009.97 -0.0261171 -0.0820264 0.0304763
OUTPUT3: 2009.97 -0.026562 -0.082453 0.0299025
OUTPUT3: 2009.97 -0.0265655 -0.0824565 0.0298982
OUTPUT3: 2009.97 -0.0268233 -0.0827137 0.0295923
OUTPUT3: 2009.97 -0.0237797 -0.0818004 0.0381404
OUTPUT3: 2009.97 -0.0232586 -0.081633 0.0391142
OUTPUT3: 2009.97 -0.0227621 -0.0815437 0.0400315
OUTPUT3: 2009.97 -0.0223055 -0.0814636 0.0408679
OUTPUT3: 2009.97 -0.0219006 -0.0813995 0.0416068
OUTPUT3: 2009.97 -0.0216589 -0.0813684 0.0420485
OUTPUT3: 2009.98 -0.0278754 -0.0866479 0.0340822
OUTPUT3: 2009.98 -0.0293386 -0.0876976 0.0321668
OUTPUT3: 2009.98 -0.0313101 -0.0891361 0.0296351
OUTPUT3: 2009.98 -0.0319894 -0.089639 0.0287763
OUTPUT3: 2009.98 -0.0325964 -0.0901023 0.0280147
OUTPUT3: 2009.98 -0.0339029 -0.0912143 0.026395
OUTPUT3: 2009.98 -0.0351405 -0.0924183 0.024886
OUTPUT3: 2009.98 -0.0501671 -0.108502 0.00985702
OUTPUT3: 2009.98 -0.0504224 -0.108852 0.00977385
OUTPUT3: 2009.98 -0.050557 -0.109047 0.00975426
OUTPUT3: 2009.98 -0.0506078 -0.109124 0.00975458
OUTPUT3: 2009.98 -0.0507287 -0.109323 0.00979109
OUTPUT3: 2009.98 -0.0507909 -0.109459 0.00988433
OUTPUT3: 2009.98 -0.0473543 -0.105799 0.0134154
OUTPUT3: 2009.98 -0.0469434 -0.105332 0.013788
OUTPUT3: 2009.98 -0.0466158 -0.104966 0.0141024
OUTPUT3: 2009.98 -0.0462436 -0.104559 0.0144823
OUTPUT3: 2009.98 -0.0458857 -0.104178 0.0148732
OUTPUT3: 2009.98 -0.0455769 -0.103857 0.0152329
OUTPUT3: 2009.98 -0.0452622 -0.10354 0.0156221
OUTPUT3: 2009.98 -0.0409508 -0.100994 0.0229538
OUTPUT3: 2009.98 -0.0406496 -0.100906 0.0235077
OUTPUT3: 2009.98 -0.0404139 -0.10083 0.0239273
OUTPUT3: 2009.98 -0.0401205 -0.10072 0.0244271
OUTPUT3: 2009.98 -0.0399037 -0.100625 0.0247756
OUTPUT3: 2009.99 -0.039696 -0.100522 0.0250895
OUTPUT3: 2009.99 -0.0662496 -0.127521 -0.00159125
OUTPUT3: 2009.99 -0.0673527 -0.128649 -0.00280628
OUTPUT3: 2009.99 -0.0941834 -0.15491 -0.0344589
OUTPUT3: 2009.99 -0.0938308 -0.154554 -0.0340055
OUTPUT3: 2010 -0.0917427 -0.153275 -0.030966
OUTPUT3: 2010 -0.0925415 -0.154018 -0.0317942
OUTPUT3: 2010.01 -0.0275373 -0.0922819 0.0411322
OUTPUT3: 2010.01 -0.039868 -0.100844 0.0244443
OUTPUT3: 2010.01 -0.0419618 -0.10281 0.0217084
OUTPUT3: 2010.01 -0.0453262 -0.105983 0.0173606
OUTPUT3: 2010.01 -0.0473644 -0.107916 0.0147576
OUTPUT3: 2010.01 -0.0529704 -0.113283 0.00773959
OUTPUT3: 2010.02 -0.0573081 -0.117503 0.00255753
OUTPUT3: 2010.02 -0.059032 -0.119204 0.000768311
OUTPUT3: 2010.02 -0.0669633 -0.1277 -0.00701278
OUTPUT3: 2010.02 -0.0669634 -0.1277 -0.00701241
OUTPUT3: 2010.02 -0.0669316 -0.127809 -0.00659457
OUTPUT3: 2010.02 -0.0669309 -0.127809 -0.00659152
OUTPUT3: 2010.02 -0.0663341 -0.127487 -0.00516768
OUTPUT3: 2010.02 -0.0663331 -0.127486 -0.00516575
OUTPUT3: 2010.02 -0.0648835 -0.126348 -0.00265842
OUTPUT3: 2010.02 -0.0615105 -0.123359 0.00227161
OUTPUT3: 2010.02 -0.0615047 -0.123353 0.00227952
OUTPUT3: 2010.02 -0.0559386 -0.117918 0.00914392
OUTPUT3: 2010.02 -0.0559362 -0.117916 0.00914647
OUTPUT3: 2010.02 -0.0520369 -0.113631 0.0127924
OUTPUT3: 2010.02 -0.052036 -0.11363 0.012793
OUTPUT3: 2010.02 -0.0515092 -0.112984 0.0131221
OUTPUT3: 2010.02 -0.0501764 -0.11104 0.0132247
OUTPUT3: 2010.02 -0.0500812 -0.110813 0.0130225
OUTPUT3: 2010.02 -0.0500336 -0.110604 0.0126978
OUTPUT3: 2010.02 -0.0500315 -0.110484 0.0124212
OUTPUT3: 2010.02 -0.0446637 -0.106687 0.0216115
OUTPUT3: 2010.03 -0.0400462 -0.101633 0.0247925
OUTPUT3: 2010.05 -0.0750767 -0.138673 -0.00767728
OUTPUT3: 2010.05 -0.0742062 -0.13805 -0.00648612
OUTPUT3: 2010.05 -0.0856466 -0.149129 -0.0199693
OUTPUT3: 2010.05 -0.0867193 -0.150176 -0.0212512
OUTPUT3: 2010.05 -0.0874669 -0.150907 -0.022139
OUTPUT3: 2010.06 -0.110553 -0.174502 -0.045715
OUTPUT3: 2010.06 -0.11841 -0.182569 -0.0545356
OUTPUT3: 2010.07 -0.0969021 -0.161207 -0.0296413
OUTPUT3: 2010.07 -0.0976738 -0.161929 -0.0306703
OUTPUT3: 2010.07 -0.119738 -0.184913 -0.054332
OUTPUT3: 2010.08 -0.0994024 -0.163235 -0.0329766
OUTPUT3: 2010.08 -0.0993465 -0.163144 -0.0329525
OUTPUT3: 2010.08 -0.0992092 -0.16293 -0.0328795
OUTPUT3: 2010.08 -0.0990843 -0.162743 -0.0327996
OUTPUT3: 2010.08 -0.10154 -0.16522 -0.033815
OUTPUT3: 2010.08 -0.101603 -0.165282 -0.0338759
OUTPUT3: 2010.08 -0.101603 -0.165282 -0.0338759
OUTPUT3: 2010.08 -0.101845 -0.165521 -0.0341132
OUTPUT3: 2010.08 -0.102477 -0.166138 -0.0347431
OUTPUT3: 2010.09 -0.123046 -0.185571 -0.0597729
OUTPUT3: 2010.09 -0.112805 -0.17483 -0.0489613
OUTPUT3: 2010.09 -0.112805 -0.17483 -0.0489617
OUTPUT3: 2010.09 -0.103955 -0.166241 -0.0383023
OUTPUT3: 2010.09 -0.102607 -0.165053 -0.0363248
OUTPUT3: 2010.09 -0.0991586 -0.163267 -0.0305543
OUTPUT3: 2010.09 -0.0991585 -0.163268 -0.0305532
OUTPUT3: 2010.1 -0.103856 -0.167465 -0.0357048
OUTPUT3: 2010.1 -0.103857 -0.167465 -0.0357053
OUTPUT3: 2010.1 -0.106138 -0.169301 -0.0385909
OUTPUT3: 2010.1 -0.106141 -0.169303 -0.0385943
OUTPUT3: 2010.1 -0.107723 -0.170649 -0.0406269
OUTPUT3: 2010.1 -0.107724 -0.170651 -0.0406292
OUTPUT3: 2010.1 -0.109407 -0.172234 -0.0428116
OUTPUT3: 2010.1 -0.109409 -0.172237 -0.0428146
OUTPUT3: 2010.1 -0.115059 -0.177526 -0.0502465
OUTPUT3: 2010.1 -0.116939 -0.179281 -0.0527442
OUTPUT3: 2010.1 -0.120974 -0.183043 -0.0581372
OUTPUT3: 2010.1 -0.124573 -0.186403 -0.0629767
OUTPUT3: 2010.1 -0.124824 -0.186638 -0.063315
OUTPUT3: 2010.1 -0.125136 -0.18711 -0.0637659
OUTPUT3: 2010.1 -0.119441 -0.181879 -0.0562212
OUTPUT3: 2010.1 -0.115626 -0.178332 -0.0511938
OUTPUT3: 2010.1 -0.0979908 -0.161175 -0.0302704
OUTPUT3: 2010.11 -0.11442 -0.177955 -0.0498146
OUTPUT3: 2010.11 -0.104132 -0.166988 -0.0398994
OUTPUT3: 2010.11 -0.103963 -0.166796 -0.0397642
OUTPUT3: 2010.11 -0.103789 -0.1666 -0.039624
OUTPUT3: 2010.11 -0.103222 -0.165964 -0.0391582
OUTPUT3: 2010.11 -0.10247 -0.165131 -0.0385167
OUTPUT3: 2010.11 -0.101693 -0.164282 -0.0378226
OUTPUT3: 2010.11 -0.100887 -0.163416 -0.037069
OUTPUT3: 2010.11 -0.100365 -0.162863 -0.0365621
OUTPUT3: 2010.12 -0.0824371 -0.146327 -0.0139274
OUTPUT3: 2010.12 -0.0816816 -0.145757 -0.0129043
OUTPUT3: 2010.12 -0.0807925 -0.145078 -0.011712
OUTPUT3: 2010.12 -0.079979 -0.144445 -0.0106375
OUTPUT3: 2010.12 -0.0799743 -0.144442 -0.0106314
OUTPUT3: 2010.12 -0.0794105 -0.143998 -0.00990013
OUTPUT3: 2010.12 -0.0793182 -0.142422 -0.0133091
OUTPUT3: 2010.12 -0.0795456 -0.142604 -0.0137115
OUTPUT3: 2010.12 -0.0798662 -0.142863 -0.0142711
OUTPUT3: 2010.12 -0.0799661 -0.142944 -0.0144436
OUTPUT3: 2010.12 -0.0804254 -0.143321 -0.0152264
OUTPUT3: 2010.12 -0.0809875 -0.14379 -0.016161
OUTPUT3: 2010.12 -0.0833728 -0.146672 -0.017905
OUTPUT3: 2010.12 -0.0829671 -0.146375 -0.0171483
OUTPUT3: 2010.12 -0.0825895 -0.146088 -0.0164701
OUTPUT3: 2010.12 -0.082513 -0.146029 -0.0163353
OUTPUT3: 2010.12 -0.0820248 -0.145643 -0.0154937
OUTPUT3: 2010.12 -0.0816912 -0.145373 -0.0149354
OUTPUT3: 2010.12 -0.0815591 -0.145265 -0.0147177
OUTPUT3: 2010.12 -0.0739382 -0.137489 -0.00595541
OUTPUT3: 2010.12 -0.0737921 -0.137232 -0.00598881
OUTPUT3: 2010.12 -0.0736836 -0.137021 -0.00607504
OUTPUT3: 2010.12 -0.0736213 -0.136866 -0.0062149
OUTPUT3: 2010.12 -0.073609 -0.136802 -0.00631788
OUTPUT3: 2010.13 -0.0781781 -0.141644 -0.0107784
OUTPUT3: 2010.13 -0.0786194 -0.142172 -0.0110714
OUTPUT3: 2010.13 -0.0790651 -0.142705 -0.0113696
OUTPUT3: 2010.13 -0.0795009 -0.143225 -0.0116657
OUTPUT3: 2010.13 -0.0797785 -0.143555 -0.0118575
OUTPUT3: 2010.13 -0.0798314 -0.143617 -0.0118944
OUTPUT3: 2010.13 -0.0812706 -0.145215 -0.0135461
OUTPUT3: 2010.13 -0.0808185 -0.144718 -0.0131864
OUTPUT3: 2010.13 -0.0803198 -0.144178 -0.0127697
OUTPUT3: 2010.13 -0.0797727 -0.143592 -0.0122934
OUTPUT3: 2010.13 -0.0793147 -0.143107 -0.0118814
OUTPUT3: 2010.13 -0.0741833 -0.138533 -0.00614715
OUTPUT3: 2010.13 -0.0743804 -0.138748 -0.00635858
OUTPUT3: 2010.13 -0.0743825 -0.13875 -0.00636084
OUTPUT3: 2010.13 -0.075097 -0.139519 -0.0071411
OUTPUT3: 2010.13 -0.0751036 -0.139526 -0.00714839
OUTPUT3: 2010.13 -0.0751603 -0.139586 -0.00721114
OUTPUT3: 2010.13 -0.0759367 -0.140407 -0.00807868
OUTPUT3: 2010.13 -0.0759485 -0.140419 -0.00809199
OUTPUT3: 2010.14 -0.0659389 -0.131315 0.00436568
OUTPUT3: 2010.14 -0.0643203 -0.129936 0.00631102
OUTPUT3: 2010.14 -0.0578482 -0.124147 0.0133183
OUTPUT3: 2010.14 -0.0570807 -0.123067 0.0137266
OUTPUT3: 2010.14 -0.0568908 -0.122627 0.0136421
OUTPUT3: 2010.14 -0.056828 -0.122275 0.0133921
OUTPUT3: 2010.14 -0.0573096 -0.121509 0.0115315
OUTPUT3: 2010.14 -0.0573811 -0.121487 0.0113357
OUTPUT3: 2010.14 -0.0581726 -0.121746 0.00926055
OUTPUT3: 2010.14 -0.0582805 -0.121802 0.00896682
OUTPUT3: 2010.14 -0.0582816 -0.121802 0.00896385
OUTPUT3: 2010.14 -0.0585246 -0.121911 0.00823823
OUTPUT3: 2010.14 -0.0585247 -0.121912 0.00823784
OUTPUT3: 2010.14 -0.0586414 -0.121931 0.0077678
OUTPUT3: 2010.14 -0.0583922 -0.121501 0.00733872
OUTPUT3: 2010.14 -0.0583903 -0.121498 0.00733954
OUTPUT3: 2010.14 -0.056791 -0.119881 0.00884109
OUTPUT3: 2010.14 -0.0567898 -0.11988 0.0088424
OUTPUT3: 2010.14 -0.055258 -0.11843 0.0106534
OUTPUT3: 2010.14 -0.0552566 -0.118429 0.0106551
OUTPUT3: 2010.14 -0.0543251 -0.117562 0.0118116
OUTPUT3: 2010.14 -0.0543244 -0.117561 0.0118125
OUTPUT3: 2010.14 -0.0526654 -0.116031 0.0139282
OUTPUT3: 2010.14 -0.0526622 -0.116028 0.0139323
OUTPUT3: 2010.14 -0.0491795 -0.11285 0.0185029
OUTPUT3: 2010.14 -0.0467258 -0.110627 0.0217791
OUTPUT3: 2010.14 -0.0449859 -0.109256 0.0241164
OUTPUT3: 2010.14 -0.0442559 -0.108761 0.025099
OUTPUT3: 2010.14 -0.0435222 -0.108267 0.0260866
OUTPUT3: 2010.14 -0.0393918 -0.105394 0.0315528
OUTPUT3: 2010.14 -0.0397202 -0.105476 0.0309717
OUTPUT3: 2010.15 -0.0504771 -0.114181 0.0160716
OUTPUT3: 2010.15 -0.0499288 -0.114641 0.0195521
OUTPUT3: 2010.15 -0.0857532 -0.151124 -0.0195818
OUTPUT3: 2010.15 -0.0853433 -0.150804 -0.0189525
OUTPUT3: 2010.15 -0.0850599 -0.150569 -0.0185422
OUTPUT3: 2010.16 -0.0764589 -0.141845 -0.00925862
OUTPUT3: 2010.16 -0.0764137 -0.141773 -0.00925674
OUTPUT3: 2010.16 -0.0763722 -0.141688 -0.00928206
OUTPUT3: 2010.16 -0.0763665 -0.141659 -0.00931159
OUTPUT3: 2010.16 -0.0763665 -0.141659 -0.00931159
OUTPUT3: 2010.16 -0.0790527 -0.145288 -0.00875135
OUTPUT3: 2010.16 -0.0790841 -0.145347 -0.00869696
OUTPUT3: 2010.17 -0.107888 -0.174132 -0.0408202
OUTPUT3: 2010.17 -0.097778 -0.164434 -0.0289104
OUTPUT3: 2010.18 -0.072832 -0.138948 -0.00165849
OUTPUT3: 2010.18 -0.0724978 -0.13769 -0.00300021
OUTPUT3: 2010.19 -0.057204 -0.126808 0.0171989
OUTPUT3: 2010.19 -0.0988462 -0.163692 -0.0336702
OUTPUT3: 2010.19 -0.10632 -0.172219 -0.0395882
OUTPUT3: 2010.2 -0.0748869 -0.140398 -0.00596093
OUTPUT3: 2010.2 -0.0730621 -0.138696 -0.00361344
OUTPUT3: 2010.2 -0.0720962 -0.13779 -0.00238156
OUTPUT3: 2010.2 -0.0678637 -0.133753 0.00287684
OUTPUT3: 2010.2 -0.0659438 -0.13187 0.00514504
OUTPUT3: 2010.2 -0.065194 -0.131122 0.00599908
OUTPUT3: 2010.2 -0.0636307 -0.129533 0.00769215
OUTPUT3: 2010.2 -0.0631408 -0.129053 0.00818765
OUTPUT3: 2010.2 -0.0631097 -0.129021 0.00821832
OUTPUT3: 2010.2 -0.062925 -0.128836 0.00839829
OUTPUT3: 2010.2 -0.0611911 -0.126841 0.00973345
OUTPUT3: 2010.2 -0.0607559 -0.126005 0.00933558
OUTPUT3: 2010.2 -0.0607899 -0.125954 0.00907932
OUTPUT3: 2010.2 -0.0607901 -0.125954 0.00907805
OUTPUT3: 2010.2 -0.0608767 -0.125943 0.00872242
OUTPUT3: 2010.2 -0.0608767 -0.125943 0.00872219
OUTPUT3: 2010.2 -0.0615793 -0.12624 0.0067699
OUTPUT3: 2010.2 -0.0615794 -0.12624 0.0067696
OUTPUT3: 2010.2 -0.0615136 -0.126151 0.00671366
OUTPUT3: 2010.2 -0.0615136 -0.126151 0.00671366
OUTPUT3: 2010.2 -0.0613893 -0.126034 0.00683519
OUTPUT3: 2010.2 -0.0613892 -0.126034 0.0068353
OUTPUT3: 2010.2 -0.061181 -0.125846 0.00707957
OUTPUT3: 2010.2 -0.0611807 -0.125846 0.00708001
OUTPUT3: 2010.2 -0.0562568 -0.121422 0.0134636
OUTPUT3: 2010.2 -0.0511619 -0.116616 0.019628
OUTPUT3: 2010.2 -0.0482166 -0.113748 0.0228881
OUTPUT3: 2010.2 -0.0476343 -0.113195 0.0235002
OUTPUT3: 2010.2 -0.0473572 -0.112929 0.0237873
OUTPUT3: 2010.2 -0.047115 -0.112695 0.0240359
OUTPUT3: 2010.2 -0.0465072 -0.112102 0.0246499
OUTPUT3: 2010.2 -0.045806 -0.111405 0.0253395
OUTPUT3: 2010.21 -0.0441071 -0.109655 0.0269166
OUTPUT3: 2010.21 -0.0416901 -0.106976 0.0288826
OUTPUT3: 2010.21 -0.041687 -0.106972 0.0288849
OUTPUT3: 2010.22 -0.053765 -0.120975 0.0149639
OUTPUT3: 2010.23 -0.0550019 -0.122768 0.0149839
OUTPUT3: 2010.23 -0.0668221 -0.13418 0.00216203
OUTPUT3: 2010.24 -0.0507983 -0.118105 0.0205744
OUTPUT3: 2010.24 -0.0506067 -0.117927 0.0208311
OUTPUT3: 2010.24 -0.0499229 -0.117292 0.0217452
OUTPUT3: 2010.24 -0.0488548 -0.116298 0.023168
OUTPUT3: 2010.24 -0.0353204 -0.102661 0.0378344
OUTPUT3: 2010.26 -0.033685 -0.100067 0.0352932
OUTPUT3: 2010.26 -0.0337849 -0.100026 0.035002
OUTPUT3: 2010.26 -0.0337198 -0.0996838 0.0360851
OUTPUT3: 2010.26 -0.0338103 -0.10001 0.0367501
OUTPUT3: 2010.26 -0.0338129 -0.100015 0.0367554
OUTPUT3: 2010.26 -0.0398859 -0.104739 0.0261984
OUTPUT3: 2010.26 -0.0396095 -0.1045 0.0266717
OUTPUT3: 2010.26 -0.0393759 -0.104305 0.027092
OUTPUT3: 2010.26 -0.0382844 -0.103464 0.0292225
OUTPUT3: 2010.26 -0.0371894 -0.102697 0.0315858
OUTPUT3: 2010.26 -0.0371863 -0.102695 0.0315927
OUTPUT3: 2010.26 -0.0368572 -0.102479 0.0323519
OUTPUT3: 2010.26 -0.0368569 -0.102479 0.0323528
OUTPUT3: 2010.26 -0.0357076 -0.101802 0.0353655
OUTPUT3: 2010.26 -0.0355716 -0.101754 0.0360017
OUTPUT3: 2010.27 -0.0355989 -0.101776 0.0360339
OUTPUT3: 2010.27 -0.0357086 -0.101839 0.0359137
OUTPUT3: 2010.27 -0.0362667 -0.102056 0.0347067
OUTPUT3: 2010.27 -0.0364458 -0.102095 0.0342217
OUTPUT3: 2010.27 -0.0364475 -0.102095 0.0342168
OUTPUT3: 2010.27 -0.0366373 -0.102113 0.0336456
OUTPUT3: 2010.27 -0.0366373 -0.102113 0.0336453
OUTPUT3: 2010.27 -0.036732 -0.10211 0.0333319
OUTPUT3: 2010.27 -0.0368283 -0.102095 0.0329872
OUTPUT3: 2010.27 -0.0368291 -0.102095 0.0329843
OUTPUT3: 2010.27 -0.0370703 -0.102009 0.0320496
OUTPUT3: 2010.27 -0.0370705 -0.102009 0.0320492
OUTPUT3: 2010.27 -0.0371604 -0.102067 0.0319192
OUTPUT3: 2010.27 -0.0372432 -0.102158 0.0318777
OUTPUT3: 2010.27 -0.0374236 -0.102384 0.031829
OUTPUT3: 2010.27 -0.037424 -0.102385 0.0318289
OUTPUT3: 2010.27 -0.0387992 -0.104097 0.0312415
OUTPUT3: 2010.27 -0.0395202 -0.104951 0.030796
OUTPUT3: 2010.27 -0.0399098 -0.105404 0.0305312
OUTPUT3: 2010.27 -0.0669741 -0.13292 0.00142775
OUTPUT3: 2010.27 -0.0676549 -0.13356 0.000559625
OUTPUT3: 2010.27 -0.0684946 -0.134347 -0.000521168
OUTPUT3: 2010.27 -0.069535 -0.135314 -0.00187786
OUTPUT3: 2010.27 -0.0714103 -0.137031 -0.0043909
OUTPUT3: 2010.27 -0.0644695 -0.129894 0.00323254
OUTPUT3: 2010.27 -0.0632518 -0.128725 0.00476512
OUTPUT3: 2010.27 -0.0620288 -0.127551 0.00630986
OUTPUT3: 2010.27 -0.0608066 -0.12638 0.00785782
OUTPUT3: 2010.27 -0.0596025 -0.125226 0.00938596
OUTPUT3: 2010.27 -0.0584261 -0.124099 0.010881
OUTPUT3: 2010.27 -0.057344 -0.123061 0.012257
OUTPUT3: 2010.28 -0.0499103 -0.115516 0.0212223
OUTPUT3: 2010.28 -0.0499303 -0.115532 0.0211928
OUTPUT3: 2010.28 -0.0501081 -0.11567 0.0209341
OUTPUT3: 2010.28 -0.050256 -0.115788 0.0207243
OUTPUT3: 2010.28 -0.050335 -0.115852 0.0206139
OUTPUT3: 2010.28 -0.0505357 -0.116017 0.0203385
OUTPUT3: 2010.28 -0.0506742 -0.116132 0.0201525
OUTPUT3: 2010.28 -0.0508693 -0.116298 0.0198961
OUTPUT3: 2010.28 -0.0510531 -0.116456 0.0196611
OUTPUT3: 2010.28 -0.0534258 -0.119741 0.019044
OUTPUT3: 2010.28 -0.0537381 -0.120179 0.0189025
OUTPUT3: 2010.28 -0.0540773 -0.120608 0.0186871
OUTPUT3: 2010.28 -0.0544933 -0.121097 0.0183696
OUTPUT3: 2010.28 -0.0771981 -0.142947 -0.00876183
OUTPUT3: 2010.28 -0.0787329 -0.144417 -0.0106991
OUTPUT3: 2010.28 -0.0796434 -0.145291 -0.0118464
OUTPUT3: 2010.28 -0.0802088 -0.145834 -0.0125579
OUTPUT3: 2010.28 -0.0825256 -0.148065 -0.0154596
OUTPUT3: 2010.29 -0.0838529 -0.150716 -0.0142631
OUTPUT3: 2010.29 -0.0397367 -0.105938 0.032663
OUTPUT3: 2010.3 -0.0599176 -0.124974 0.00716116
OUTPUT3: 2010.3 -0.0601281 -0.125237 0.00705806
OUTPUT3: 2010.3 -0.0455043 -0.110302 0.0253484
OUTPUT3: 2010.3 -0.0542515 -0.118838 0.0159442
OUTPUT3: 2010.3 -0.0551357 -0.119555 0.0146093
OUTPUT3: 2010.31 -0.0705787 -0.135082 -0.00205914
OUTPUT3: 2010.31 -0.0743657 -0.139104 -0.00574879
OUTPUT3: 2010.31 -0.0779026 -0.142801 -0.00935078
OUTPUT3: 2010.31 -0.0866494 -0.151666 -0.0189447
OUTPUT3: 2010.31 -0.0883926 -0.153382 -0.0209744
OUTPUT3: 2010.31 -0.0925438 -0.157396 -0.0259696
OUTPUT3: 2010.31 -0.0945361 -0.159281 -0.0284525
OUTPUT3: 2010.31 -0.0996145 -0.163898 -0.0350995
OUTPUT3: 2010.31 -0.0996158 -0.163899 -0.0351013
OUTPUT3: 2010.31 -0.10068 -0.164746 -0.036623
OUTPUT3: 2010.31 -0.100681 -0.164747 -0.0366247
OUTPUT3: 2010.31 -0.100238 -0.16418 -0.036119
OUTPUT3: 2010.31 -0.100236 -0.164178 -0.036117
OUTPUT3: 2010.31 -0.0991729 -0.163116 -0.0346888
OUTPUT3: 2010.31 -0.0991725 -0.163116 -0.0346883
OUTPUT3: 2010.31 -0.0984326 -0.162401 -0.0336717
OUTPUT3: 2010.31 -0.0984324 -0.162401 -0.0336714
OUTPUT3: 2010.31 -0.0976384 -0.161643 -0.0325688
OUTPUT3: 2010.31 -0.0976368 -0.161642 -0.0325665
OUTPUT3: 2010.31 -0.095557 -0.159689 -0.0296402
OUTPUT3: 2010.31 -0.0918901 -0.156306 -0.0243975
OUTPUT3: 2010.31 -0.0918789 -0.156296 -0.0243814
OUTPUT3: 2010.31 -0.0895955 -0.154212 -0.0210842
OUTPUT3: 2010.31 -0.0895954 -0.154212 -0.021084
OUTPUT3: 2010.31 -0.0894537 -0.154083 -0.0208789
OUTPUT3: 2010.31 -0.0851244 -0.150151 -0.0146154
OUTPUT3: 2010.31 -0.0844899 -0.149573 -0.0137047
OUTPUT3: 2010.31 -0.0833095 -0.148494 -0.0120291
OUTPUT3: 2010.31 -0.0813143 -0.146604 -0.00940537
OUTPUT3: 2010.31 -0.0810279 -0.146266 -0.00924032
OUTPUT3: 2010.31 -0.0810765 -0.146235 -0.0095489
OUTPUT3: 2010.31 -0.0811998 -0.146294 -0.00989411
OUTPUT3: 2010.31 -0.0816314 -0.146564 -0.0109052
OUTPUT3: 2010.32 -0.0825604 -0.147209 -0.012899
OUTPUT3: 2010.32 -0.0831554 -0.147634 -0.0141484
OUTPUT3: 2010.32 -0.0856432 -0.150062 -0.0184128
OUTPUT3: 2010.32 -0.0857424 -0.150263 -0.0182873
OUTPUT3: 2010.32 -0.0859922 -0.150675 -0.018177
OUTPUT3: 2010.32 -0.0990207 -0.164198 -0.0310999
OUTPUT3: 2010.32 -0.0993702 -0.164316 -0.0313499
OUTPUT3: 2010.33 -0.103213 -0.168426 -0.0349017
OUTPUT3: 2010.33 -0.107413 -0.172699 -0.0402387
OUTPUT3: 2010.33 -0.107026 -0.172333 -0.0397639
OUTPUT3: 2010.34 -0.0899428 -0.154467 -0.0221328
OUTPUT3: 2010.34 -0.0899257 -0.154451 -0.0221103
OUTPUT3: 2010.34 -0.0806505 -0.144661 -0.0118687
OUTPUT3: 2010.34 -0.0801375 -0.143293 -0.0130883
OUTPUT3: 2010.34 -0.0801378 -0.143292 -0.0130904
OUTPUT3: 2010.34 -0.0801653 -0.143247 -0.0132809
OUTPUT3: 2010.34 -0.0769427 -0.139428 -0.0108173
OUTPUT3: 2010.35 -0.0849925 -0.148082 -0.0208854
OUTPUT3: 2010.35 -0.0706249 -0.134271 -0.00230683
OUTPUT3: 2010.35 -0.0784306 -0.141701 -0.0115251
OUTPUT3: 2010.35 -0.0820283 -0.1447 -0.0176912
OUTPUT3: 2010.35 -0.0800907 -0.142653 -0.0157396
OUTPUT3: 2010.36 -0.0719815 -0.134357 -0.00682853
OUTPUT3: 2010.36 -0.0703547 -0.132737 -0.00492151
OUTPUT3: 2010.36 -0.0626445 -0.125262 0.00465135
OUTPUT3: 2010.36 -0.0615047 -0.124191 0.0061563
OUTPUT3: 2010.36 -0.0605732 -0.123326 0.007411
OUTPUT3: 2010.36 -0.0593689 -0.122226 0.00907843
OUTPUT3: 2010.36 -0.0577363 -0.120855 0.0116339
OUTPUT3: 2010.36 -0.0580943 -0.121246 0.0112872
OUTPUT3: 2010.36 -0.0584229 -0.121572 0.0108892
OUTPUT3: 2010.36 -0.0594297 -0.122534 0.00957931
OUTPUT3: 2010.36 -0.0601943 -0.123248 0.00853945
OUTPUT3: 2010.36 -0.0639449 -0.126637 0.00312383
OUTPUT3: 2010.36 -0.0639566 -0.126647 0.00310607
OUTPUT3: 2010.36 -0.0646823 -0.127285 0.0020023
OUTPUT3: 2010.36 -0.0646824 -0.127285 0.00200219
OUTPUT3: 2010.36 -0.064754 -0.127348 0.00189201
OUTPUT3: 2010.36 -0.0659193 -0.128359 6.25981e-05
OUTPUT3: 2010.36 -0.0659243 -0.128363 5.46152e-05
OUTPUT3: 2010.36 -0.0673171 -0.129523 -0.00239228
OUTPUT3: 2010.36 -0.0673171 -0.129523 -0.00239234
OUTPUT3: 2010.36 -0.0673327 -0.129523 -0.00251792
OUTPUT3: 2010.36 -0.0673324 -0.129522 -0.00251807
OUTPUT3: 2010.36 -0.067005 -0.12922 -0.00220866
OUTPUT3: 2010.36 -0.0670041 -0.12922 -0.00220755
OUTPUT3: 2010.36 -0.0666979 -0.128952 -0.00182199
OUTPUT3: 2010.36 -0.0666978 -0.128952 -0.00182184
OUTPUT3: 2010.36 -0.0652893 -0.127761 0.000151655
OUTPUT3: 2010.36 -0.0652858 -0.127758 0.000156713
OUTPUT3: 2010.36 -0.0646529 -0.127237 0.00109703
OUTPUT3: 2010.36 -0.0640441 -0.126745 0.00202464
OUTPUT3: 2010.36 -0.0634257 -0.126253 0.00298974
OUTPUT3: 2010.36 -0.0623308 -0.12541 0.00476312
OUTPUT3: 2010.36 -0.0622545 -0.125353 0.00489042
OUTPUT3: 2010.36 -0.0691766 -0.133438 -0.00180655
OUTPUT3: 2010.38 -0.0249224 -0.0893777 0.0433673
OUTPUT3: 2010.38 -0.0218385 -0.0865051 0.0473712
OUTPUT3: 2010.39 -0.011913 -0.077141 0.0599984
OUTPUT3: 2010.39 -0.0413871 -0.105978 0.0238442
OUTPUT3: 2010.39 -0.0410228 -0.106392 0.0269571
OUTPUT3: 2010.4 -0.00360682 -0.0676308 0.0677495
OUTPUT3: 2010.4 -0.00862145 -0.0717851 0.0598648
OUTPUT3: 2010.4 -0.00899666 -0.0721705 0.0594569
OUTPUT3: 2010.4 -0.0129532 -0.0762877 0.0552964
OUTPUT3: 2010.4 -0.0267045 -0.0894843 0.0389406
OUTPUT3: 2010.4 -0.0253654 -0.0880033 0.0402961
OUTPUT3: 2010.4 -0.0229513 -0.0854778 0.0430553
OUTPUT3: 2010.4 -0.0209767 -0.0835039 0.0455352
OUTPUT3: 2010.41 -0.0190506 -0.0816568 0.0481686
OUTPUT3: 2010.41 -0.017569 -0.0803196 0.0504501
OUTPUT3: 2010.41 -0.0173695 -0.0801516 0.0507966
OUTPUT3: 2010.41 -0.017056 -0.0799025 0.0513921
OUTPUT3: 2010.41 -0.017047 -0.0798957 0.0514107
OUTPUT3: 2010.41 -0.017005 -0.0801139 0.0523799
OUTPUT3: 2010.41 -0.0201145 -0.0834173 0.0495625
OUTPUT3: 2010.41 -0.0210356 -0.0843406 0.0485483
OUTPUT3: 2010.41 -0.0224758 -0.0857632 0.046898
OUTPUT3: 2010.41 -0.0224784 -0.0857658 0.0468949
OUTPUT3: 2010.41 -0.0258102 -0.0889838 0.0428645
OUTPUT3: 2010.41 -0.0258136 -0.0889871 0.0428603
OUTPUT3: 2010.41 -0.0319058 -0.0946581 0.0349148
OUTPUT3: 2010.41 -0.0332283 -0.0958477 0.0330874
OUTPUT3: 2010.41 -0.0337107 -0.0962764 0.0324085
OUTPUT3: 2010.41 -0.0312802 -0.0932889 0.0344195
OUTPUT3: 2010.41 -0.0290669 -0.0912654 0.0375896
OUTPUT3: 2010.41 -0.0284704 -0.0907305 0.038474
OUTPUT3: 2010.41 -0.0282656 -0.0905481 0.0387813
OUTPUT3: 2010.41 -0.0282186 -0.0905062 0.0388522
OUTPUT3: 2010.41 -0.0282134 -0.0905016 0.03886
OUTPUT3: 2010.41 -0.0270739 -0.0895016 0.0406166
OUTPUT3: 2010.41 -0.0269385 -0.0893848 0.0408316
OUTPUT3: 2010.41 -0.0269368 -0.0893833 0.0408342
OUTPUT3: 2010.41 -0.0362036 -0.0993254 0.0328675
OUTPUT3: 2010.41 -0.0373805 -0.10047 0.0314602
OUTPUT3: 2010.41 -0.0389922 -0.102034 0.0295212
OUTPUT3: 2010.41 -0.0390103 -0.102051 0.0294994
OUTPUT3: 2010.42 -0.063417 -0.125631 -0.000234277
OUTPUT3: 2010.42 -0.0649282 -0.127119 -0.00199823
OUTPUT3: 2010.42 -0.0683896 -0.130618 -0.00577953
OUTPUT3: 2010.42 -0.0683901 -0.130619 -0.00578001
OUTPUT3: 2010.42 -0.0695905 -0.131978 -0.00666598
OUTPUT3: 2010.42 -0.0696702 -0.132127 -0.00655267
OUTPUT3: 2010.42 -0.0685219 -0.131394 -0.0040215
OUTPUT3: 2010.42 -0.0597998 -0.123665 0.00910108
OUTPUT3: 2010.42 -0.0596911 -0.123535 0.00918321
OUTPUT3: 2010.42 -0.0596721 -0.123493 0.00914899
OUTPUT3: 2010.42 -0.0596754 -0.12349 0.00912854
OUTPUT3: 2010.42 -0.0597436 -0.123519 0.00894233
OUTPUT3: 2010.42 -0.0600598 -0.123747 0.0083159
OUTPUT3: 2010.43 -0.0477047 -0.112345 0.0184872
OUTPUT3: 2010.43 -0.0461196 -0.110845 0.0204792
OUTPUT3: 2010.45 0.0141328 -0.0521508 0.0837111
OUTPUT3: 2010.45 0.0325883 -0.0331039 0.101867
OUTPUT3: 2010.46 0.0312742 -0.0340879 0.102452
OUTPUT3: 2010.46 0.0236582 -0.0407102 0.0911605
OUTPUT3: 2010.46 0.0235724 -0.0407694 0.0909865
OUTPUT3: 2010.46 0.0236273 -0.0404982 0.0903858
OUTPUT3: 2010.46 0.0239702 -0.0401255 0.0906666
OUTPUT3: 2010.46 0.0239703 -0.0401254 0.0906667
OUTPUT3: 2010.46 0.024042 -0.0400501 0.0907332
OUTPUT3: 2010.46 0.026127 -0.0379709 0.0930107
OUTPUT3: 2010.46 0.0288891 -0.0353279 0.0963653
OUTPUT3: 2010.46 0.0312195 -0.0331374 0.0993126
OUTPUT3: 2010.46 0.042217 -0.023102 0.113998
OUTPUT3: 2010.46 0.0425545 -0.022816 0.114484
OUTPUT3: 2010.46 0.0427279 -0.0226938 0.114762
OUTPUT3: 2010.46 0.0406168 -0.02473 0.111966
OUTPUT3: 2010.46 0.040612 -0.0247346 0.11196
OUTPUT3: 2010.46 0.0393597 -0.0259014 0.110243
OUTPUT3: 2010.46 0.0393596 -0.0259014 0.110243
OUTPUT3: 2010.46 0.0368536 -0.0282147 0.106759
OUTPUT3: 2010.46 0.0368434 -0.028224 0.106745
OUTPUT3: 2010.46 0.0329605 -0.0317654 0.10121
OUTPUT3: 2010.46 0.0328529 -0.0318626 0.101052
OUTPUT3: 2010.46 0.0328496 -0.0318656 0.101047
OUTPUT3: 2010.46 0.0320493 -0.0325856 0.0998606
OUTPUT3: 2010.46 0.0320471 -0.0325876 0.0998573
OUTPUT3: 2010.46 0.0311512 -0.0333761 0.0984298
OUTPUT3: 2010.46 0.0311512 -0.0333761 0.0984297
OUTPUT3: 2010.46 0.0310783 -0.0334283 0.0982414
OUTPUT3: 2010.46 0.0310783 -0.0334282 0.0982413
OUTPUT3: 2010.46 0.0311968 -0.0333042 0.0983099
OUTPUT3: 2010.46 0.031197 -0.033304 0.0983102
OUTPUT3: 2010.47 0.0334011 -0.0312272 0.100969
OUTPUT3: 2010.47 0.035743 -0.0290512 0.103976
OUTPUT3: 2010.48 0.0483989 -0.0180569 0.121843
OUTPUT3: 2010.48 -0.00200146 -0.0692267 0.0649456
OUTPUT3: 2010.48 0.00202081 -0.0664844 0.0715788
OUTPUT3: 2010.49 0.00236784 -0.0660125 0.0715932
OUTPUT3: 2010.49 0.0346244 -0.0342092 0.109066
OUTPUT3: 2010.49 0.0407717 -0.0278526 0.115566
OUTPUT3: 2010.51 0.0603358 -0.00764 0.133588
OUTPUT3: 2010.51 0.0468866 -0.0201764 0.115857
OUTPUT3: 2010.51 0.0651888 -0.00251932 0.140261
OUTPUT3: 2010.51 0.0650539 -0.00258797 0.139969
OUTPUT3: 2010.51 0.0645959 -0.00183656 0.135881
OUTPUT3: 2010.52 0.0768377 0.00947576 0.151653
OUTPUT3: 2010.52 0.0770647 0.00968546 0.151943
OUTPUT3: 2010.52 0.0771052 0.00972254 0.151988
OUTPUT3: 2010.52 0.0768453 0.00948014 0.15164
OUTPUT3: 2010.52 0.0741722 0.00697625 0.148172
OUTPUT3: 2010.52 0.0640832 -0.00261924 0.135512
OUTPUT3: 2010.52 0.0583681 -0.00816004 0.128634
OUTPUT3: 2010.52 0.0469364 -0.0197186 0.116324
OUTPUT3: 2010.52 0.0465662 -0.0201286 0.116043
OUTPUT3: 2010.52 0.0502573 -0.0169691 0.122996
OUTPUT3: 2010.52 0.0513023 -0.0157165 0.124022
OUTPUT3: 2010.52 0.051303 -0.0157154 0.124023
OUTPUT3: 2010.52 0.0514499 -0.0154885 0.124094
OUTPUT3: 2010.52 0.0514503 -0.0154878 0.124094
OUTPUT3: 2010.52 0.0515119 -0.0153427 0.124056
OUTPUT3: 2010.52 0.0515122 -0.0153414 0.124054
OUTPUT3: 2010.52 0.0515127 -0.0153041 0.124006
OUTPUT3: 2010.52 0.0511529 -0.0154249 0.123262
OUTPUT3: 2010.52 0.0511495 -0.0154271 0.123256
OUTPUT3: 2010.52 0.0497032 -0.016597 0.121247
OUTPUT3: 2010.52 0.0497025 -0.0165977 0.121246
OUTPUT3: 2010.52 0.0486372 -0.0175768 0.119964
OUTPUT3: 2010.52 0.0486356 -0.0175784 0.119962
OUTPUT3: 2010.52 0.0479507 -0.0182364 0.119194
OUTPUT3: 2010.52 0.0479496 -0.0182376 0.119192
OUTPUT3: 2010.53 0.0465392 -0.0196504 0.117726
OUTPUT3: 2010.53 0.0465382 -0.0196514 0.117725
OUTPUT3: 2010.53 0.0445279 -0.0217887 0.115904
OUTPUT3: 2010.53 0.0427224 -0.0238408 0.114567
OUTPUT3: 2010.53 0.0423755 -0.0242513 0.114348
OUTPUT3: 2010.53 0.0417207 -0.0247369 0.113317
OUTPUT3: 2010.53 0.0422554 -0.0243238 0.11426
OUTPUT3: 2010.53 0.0421697 -0.0252966 0.116856
OUTPUT3: 2010.53 0.0413356 -0.0260238 0.115664
OUTPUT3: 2010.54 0.0276072 -0.0389462 0.098458
OUTPUT3: 2010.54 0.0290993 -0.0391594 0.104134
OUTPUT3: 2010.54 0.009675 -0.0579523 0.0793377
OUTPUT3: 2010.55 0.0245986 -0.0421022 0.0967224
OUTPUT3: 2010.55 0.0196683 -0.0469568 0.0927068
OUTPUT3: 2010.55 0.01943 -0.0471818 0.0924062
OUTPUT3: 2010.55 0.0101087 -0.0558832 0.0806517
OUTPUT3: 2010.56 0.0183439 -0.0479781 0.0909905
OUTPUT3: 2010.56 0.0107889 -0.0554215 0.0849141
OUTPUT3: 2010.56 -0.0158184 -0.0804427 0.0512622
OUTPUT3: 2010.57 -0.00182253 -0.0669413 0.069872
OUTPUT3: 2010.57 -0.0011522 -0.0661185 0.0704187
OUTPUT3: 2010.57 -0.0020706 -0.0660639 0.0675472
OUTPUT3: 2010.57 -0.00207105 -0.0660641 0.0675464
OUTPUT3: 2010.57 -0.00235606 -0.066285 0.0670874
OUTPUT3: 2010.57 -0.00271839 -0.0665849 0.0665405
OUTPUT3: 2010.57 -0.00276079 -0.0666722 0.0665749
OUTPUT3: 2010.57 -0.0025545 -0.0665178 0.0669153
OUTPUT3: 2010.57 -0.0022522 -0.0662799 0.0673922
OUTPUT3: 2010.57 -0.0022499 -0.0662781 0.0673957
OUTPUT3: 2010.57 0.00069274 -0.0637936 0.0716873
OUTPUT3: 2010.57 0.00210215 -0.062551 0.0736275
OUTPUT3: 2010.57 0.00240292 -0.0622825 0.0740339
OUTPUT3: 2010.57 0.00299083 -0.0617543 0.0748206
OUTPUT3: 2010.57 0.00383927 -0.0609845 0.0759378
OUTPUT3: 2010.57 0.00558294 -0.059372 0.0781612
OUTPUT3: 2010.57 0.00839496 -0.0566576 0.0814615
OUTPUT3: 2010.57 0.00986596 -0.0550941 0.0828104
OUTPUT3: 2010.57 0.00992327 -0.0548428 0.0823366
OUTPUT3: 2010.57 0.00992148 -0.0548439 0.0823328
OUTPUT3: 2010.57 0.00670752 -0.0577013 0.0777212
OUTPUT3: 2010.57 0.00670599 -0.0577028 0.0777192
OUTPUT3: 2010.57 0.00493715 -0.0594304 0.075577
OUTPUT3: 2010.57 0.00311674 -0.0612651 0.0735077
OUTPUT3: 2010.57 0.00311433 -0.0612675 0.073505
OUTPUT3: 2010.57 -0.00156331 -0.0661965 0.0686766
OUTPUT3: 2010.57 -0.00261434 -0.0673428 0.0676757
OUTPUT3: 2010.57 -0.00261521 -0.0673438 0.0676749
OUTPUT3: 2010.57 -0.00288067 -0.0676355 0.0674265
OUTPUT3: 2010.58 -0.00842412 -0.0739073 0.0625655
OUTPUT3: 2010.58 -0.00946112 -0.0751105 0.0616889
OUTPUT3: 2010.58 -0.00995252 -0.0756816 0.0612682
OUTPUT3: 2010.58 -0.00995369 -0.075683 0.0612672
OUTPUT3: 2010.58 -0.0137656 -0.0798284 0.0567545
OUTPUT3: 2010.58 -0.00282655 -0.0681549 0.0662559
OUTPUT3: 2010.58 -0.000658246 -0.066293 0.0694923
OUTPUT3: 2010.59 0.00123824 -0.0643082 0.0712311
OUTPUT3: 2010.59 -0.0113122 -0.078406 0.0607858
OUTPUT3: 2010.59 -0.0143906 -0.0814242 0.0571508
OUTPUT3: 2010.59 -0.0255557 -0.0918564 0.0433641
OUTPUT3: 2010.59 -0.0178014 -0.0845699 0.0551985
OUTPUT3: 2010.6 -0.00902616 -0.0753357 0.0647297
OUTPUT3: 2010.6 -0.0375142 -0.104349 0.0326747
OUTPUT3: 2010.6 -0.0532381 -0.119743 0.014085
OUTPUT3: 2010.6 -0.0511814 -0.117857 0.0169783
OUTPUT3: 2010.6 -0.0461 -0.113143 0.0238992
OUTPUT3: 2010.6 -0.0277351 -0.0953982 0.0470318
OUTPUT3: 2010.61 -0.0405226 -0.106693 0.0286038
OUTPUT3: 2010.62 -0.0475809 -0.115216 0.023593
OUTPUT3: 2010.62 -0.000791409 -0.0666857 0.0686594
OUTPUT3: 2010.63 0.0035643 -0.0626914 0.0745485
OUTPUT3: 2010.63 0.00410654 -0.0621594 0.0752199
OUTPUT3: 2010.63 0.00540874 -0.0608159 0.076687
OUTPUT3: 2010.63 0.00681823 -0.0592653 0.0780606
OUTPUT3: 2010.63 0.00998372 -0.0555392 0.0806156
OUTPUT3: 2010.63 0.0099898 -0.0555318 0.0806201
OUTPUT3: 2010.63 0.0159108 -0.04845 0.0852895
OUTPUT3: 2010.63 0.0159114 -0.0484493 0.08529
OUTPUT3: 2010.63 0.017346 -0.0468129 0.086636
OUTPUT3: 2010.63 0.0173463 -0.0468125 0.0866363
OUTPUT3: 2010.63 0.018955 -0.0450372 0.088299
OUTPUT3: 2010.63 0.0189566 -0.0450354 0.0883008
OUTPUT3: 2010.63 0.0213286 -0.0425572 0.0911091
OUTPUT3: 2010.63 0.0230404 -0.0409036 0.0934833
OUTPUT3: 2010.63 0.0244461 -0.0396822 0.0957898
OUTPUT3: 2010.63 0.0244473 -0.0396812 0.0957919
OUTPUT3: 2010.63 0.0252672 -0.039093 0.0974677
OUTPUT3: 2010.63 0.0253744 -0.0390328 0.0977315
OUTPUT3: 2010.63 0.0249228 -0.0404529 0.0998025
OUTPUT3: 2010.63 0.0249202 -0.0404563 0.0998015
OUTPUT3: 2010.63 0.0244285 -0.0410815 0.0995482
OUTPUT3: 2010.63 0.0204852 -0.0454791 0.0958464
OUTPUT3: 2010.63 0.0204816 -0.0454829 0.0958423
OUTPUT3: 2010.63 0.0196079 -0.0463906 0.0948398
OUTPUT3: 2010.63 0.0189132 -0.0471023 0.094014
OUTPUT3: 2010.64 0.00500775 -0.0606505 0.0743224
OUTPUT3: 2010.64 -0.012015 -0.079108 0.0587732
OUTPUT3: 2010.65 -0.017206 -0.0854787 0.0559208
OUTPUT3: 2010.65 -0.0177979 -0.0859627 0.0549287
OUTPUT3: 2010.65 -0.0131359 -0.0808588 0.0587981
OUTPUT3: 2010.65 -0.0124599 -0.0802367 0.059707
OUTPUT3: 2010.65 0.000572395 -0.068429 0.0777777
OUTPUT3: 2010.65 -0.00353348 -0.0722612 0.0723509
OUTPUT3: 2010.66 -0.0267573 -0.0942402 0.0422008
OUTPUT3: 2010.66 -0.0271548 -0.094647 0.0417454
OUTPUT3: 2010.66 -0.0272701 -0.0947673 0.0416176
OUTPUT3: 2010.66 -0.0276534 -0.0951844 0.0412263
OUTPUT3: 2010.66 -0.0277892 -0.095364 0.0411479
OUTPUT3: 2010.66 -0.0274725 -0.0951821 0.0417769
OUTPUT3: 2010.66 -0.0252305 -0.0932613 0.0450232
OUTPUT3: 2010.66 -0.00760295 -0.076711 0.0672992
OUTPUT3: 2010.66 -0.00597866 -0.075103 0.0691225
OUTPUT3: 2010.66 -0.00186136 -0.0694089 0.0680682
OUTPUT3: 2010.66 -0.00177742 -0.0693454 0.0681831
OUTPUT3: 2010.67 0.0321215 -0.0353025 0.107693
OUTPUT3: 2010.67 0.0168009 -0.0515789 0.0912076
OUTPUT3: 2010.67 0.0160314 -0.0521456 0.0896152
OUTPUT3: 2010.68 0.0209504 -0.0479255 0.0969915
OUTPUT3: 2010.68 0.020672 -0.0481055 0.0964182
OUTPUT3: 2010.68 0.0185576 -0.0496321 0.0924927
OUTPUT3: 2010.68 0.018074 -0.0500151 0.0916843
OUTPUT3: 2010.68 0.0102765 -0.0578721 0.0829793
OUTPUT3: 2010.68 -0.00473358 -0.0728418 0.0660585
OUTPUT3: 2010.68 -0.00224646 -0.0703795 0.0690296
OUTPUT3: 2010.68 0.0029995 -0.0652771 0.0755324
OUTPUT3: 2010.69 0.0201332 -0.0490064 0.0979091
OUTPUT3: 2010.69 0.0203275 -0.0488143 0.0981468
OUTPUT3: 2010.69 0.0205371 -0.0486042 0.0983958
OUTPUT3: 2010.7 -0.0102856 -0.0799733 0.0645441
OUTPUT3: 2010.7 -0.0163895 -0.0847781 0.0561937
OUTPUT3: 2010.7 -0.015003 -0.0835141 0.058313
OUTPUT3: 2010.7 -0.00647614 -0.0760606 0.0722404
OUTPUT3: 2010.7 -0.00856058 -0.0780035 0.0695563
OUTPUT3: 2010.71 -0.0403009 -0.108277 0.0295775
OUTPUT3: 2010.71 -0.0417882 -0.10984 0.0280904
OUTPUT3: 2010.71 -0.0337139 -0.103132 0.0417455
OUTPUT3: 2010.71 -0.0328334 -0.102181 0.0427051
OUTPUT3: 2010.71 -0.0334149 -0.101622 0.0399113
OUTPUT3: 2010.71 -0.0339122 -0.102007 0.0391099
OUTPUT3: 2010.71 -0.0349095 -0.102821 0.0375921
OUTPUT3: 2010.71 -0.0354146 -0.103252 0.0368639
OUTPUT3: 2010.71 -0.0368244 -0.104544 0.0350333
OUTPUT3: 2010.71 -0.036958 -0.104683 0.0349004
OUTPUT3: 2010.71 -0.0370074 -0.104829 0.0350866
OUTPUT3: 2010.71 -0.0341761 -0.102489 0.0394515
OUTPUT3: 2010.71 -0.0331883 -0.101614 0.0408298
OUTPUT3: 2010.71 -0.0331856 -0.101611 0.0408335
OUTPUT3: 2010.71 -0.0311433 -0.0997627 0.043584
OUTPUT3: 2010.71 -0.0311389 -0.0997587 0.0435898
OUTPUT3: 2010.71 -0.0270335 -0.0959224 0.0488149
OUTPUT3: 2010.71 -0.0220659 -0.0911015 0.0546747
OUTPUT3: 2010.71 -0.0220572 -0.0910929 0.0546846
OUTPUT3: 2010.72 -0.0136589 -0.0824438 0.0632405
OUTPUT3: 2010.72 -0.0136587 -0.0824436 0.0632407
OUTPUT3: 2010.72 -0.0106628 -0.0790622 0.0654136
OUTPUT3: 2010.72 -0.0106611 -0.0790602 0.0654144
OUTPUT3: 2010.72 -0.0101354 -0.0783782 0.0655014
OUTPUT3: 2010.72 -0.0101348 -0.0783775 0.0655012
OUTPUT3: 2010.72 -0.0100338 -0.0781738 0.0652641
OUTPUT3: 2010.72 -0.0100338 -0.0781737 0.065264
OUTPUT3: 2010.72 -0.0107573 -0.0787529 0.0638548
OUTPUT3: 2010.72 -0.0107591 -0.0787546 0.0638521
OUTPUT3: 2010.72 -0.0121666 -0.0801623 0.0620717
OUTPUT3: 2010.72 -0.0163262 -0.0845959 0.0577055
OUTPUT3: 2010.72 -0.0185369 -0.087005 0.0555716
OUTPUT3: 2010.72 -0.0187908 -0.0872822 0.0553298
OUTPUT3: 2010.72 -0.0211106 -0.0898068 0.0531231
OUTPUT3: 2010.72 -0.0211117 -0.089808 0.0531221
OUTPUT3: 2010.72 -0.00927715 -0.077406 0.066277
OUTPUT3: 2010.72 -0.00824492 -0.0764004 0.0675671
OUTPUT3: 2010.73 -4.05279e-05 -0.0692065 0.0792971
OUTPUT3: 2010.73 -0.0148335 -0.0825337 0.0583356
OUTPUT3: 2010.73 -0.015392 -0.0831174 0.0578286
OUTPUT3: 2010.74 -0.0263045 -0.0955485 0.0501864
OUTPUT3: 2010.74 -0.026153 -0.0952052 0.0489991
OUTPUT3: 2010.75 -0.023606 -0.0919716 0.0537513
OUTPUT3: 2010.75 -0.0215907 -0.0897795 0.0560914
OUTPUT3: 2010.75 -0.021273 -0.0893779 0.0563808
OUTPUT3: 2010.75 -0.0211698 -0.0892294 0.0564499
OUTPUT3: 2010.75 -0.0210587 -0.0890003 0.0564303
OUTPUT3: 2010.75 -0.021187 -0.0889578 0.0560383
OUTPUT3: 2010.75 -0.021321 -0.0890186 0.0557718
OUTPUT3: 2010.75 -0.0213925 -0.089058 0.0556392
OUTPUT3: 2010.75 -0.0215634 -0.0891623 0.0553366
OUTPUT3: 2010.75 -0.0272152 -0.0938401 0.0471536
OUTPUT3: 2010.75 -0.0282676 -0.0947927 0.0457735
OUTPUT3: 2010.75 -0.0282694 -0.0947944 0.0457711
OUTPUT3: 2010.75 -0.0298054 -0.0962163 0.0438224
OUTPUT3: 2010.75 -0.0298074 -0.0962182 0.0438198
OUTPUT3: 2010.75 -0.032077 -0.0983976 0.0411093
OUTPUT3: 2010.75 -0.0341406 -0.100498 0.03891
OUTPUT3: 2010.75 -0.0349021 -0.101324 0.0382126
OUTPUT3: 2010.75 -0.0349053 -0.101328 0.03821
OUTPUT3: 2010.75 -0.0351318 -0.101583 0.0380226
OUTPUT3: 2010.75 -0.0358741 -0.102465 0.0375159
OUTPUT3: 2010.75 -0.0358749 -0.102467 0.0375155
OUTPUT3: 2010.75 -0.0367398 -0.10398 0.0379658
OUTPUT3: 2010.75 -0.0367398 -0.103981 0.037967
OUTPUT3: 2010.75 -0.0366598 -0.10416 0.038581
OUTPUT3: 2010.75 -0.0366596 -0.10416 0.0385819
OUTPUT3: 2010.75 -0.036582 -0.104207 0.0389086
OUTPUT3: 2010.75 -0.036582 -0.104207 0.0389087
OUTPUT3: 2010.75 -0.0363077 -0.104339 0.0398458
OUTPUT3: 2010.75 -0.0363108 -0.104383 0.0398686
OUTPUT3: 2010.75 -0.0363116 -0.104386 0.0398683
OUTPUT3: 2010.75 -0.0370968 -0.105185 0.0384214
OUTPUT3: 2010.75 -0.0371927 -0.105267 0.0382386
OUTPUT3: 2010.75 -0.039417 -0.107072 0.0340159
OUTPUT3: 2010.75 -0.0410063 -0.108318 0.0309749
OUTPUT3: 2010.75 -0.0416736 -0.108829 0.0296571
OUTPUT3: 2010.75 -0.0425783 -0.10946 0.0275888
OUTPUT3: 2010.76 -0.0418407 -0.108678 0.0280317
OUTPUT3: 2010.76 -0.0415133 -0.108373 0.0284213
OUTPUT3: 2010.76 -0.0408779 -0.107788 0.0292178
OUTPUT3: 2010.76 -0.0408279 -0.107742 0.0292818
OUTPUT3: 2010.76 -0.0399741 -0.106964 0.0303965
OUTPUT3: 2010.76 -0.015038 -0.083969 0.063725
OUTPUT3: 2010.76 -0.0396912 -0.108968 0.0358201
OUTPUT3: 2010.77 -0.0364878 -0.105575 0.0389495
OUTPUT3: 2010.77 -0.0464936 -0.116725 0.0301721
OUTPUT3: 2010.77 -0.0450037 -0.1151 0.0313126
OUTPUT3: 2010.77 -0.0587102 -0.130433 0.0195832
OUTPUT3: 2010.77 -0.0601219 -0.13186 0.0179864
OUTPUT3: 2010.78 -0.0822802 -0.153343 -0.00940293
OUTPUT3: 2010.78 -0.0612059 -0.133817 0.0196606
OUTPUT3: 2010.78 -0.061175 -0.133782 0.0196997
OUTPUT3: 2010.79 -0.0694895 -0.142009 0.0128996
OUTPUT3: 2010.79 -0.107301 -0.180215 -0.0287016
OUTPUT3: 2010.79 -0.107333 -0.180248 -0.0287278
OUTPUT3: 2010.79 -0.107337 -0.180253 -0.0287317
OUTPUT3: 2010.79 -0.107417 -0.180335 -0.0287998
OUTPUT3: 2010.79 -0.107693 -0.180614 -0.0290582
OUTPUT3: 2010.79 -0.107772 -0.180692 -0.0291366
OUTPUT3: 2010.79 -0.107874 -0.180792 -0.0292416
OUTPUT3: 2010.79 -0.108028 -0.180941 -0.0294045
OUTPUT3: 2010.8 -0.0912268 -0.164196 -0.00903281
OUTPUT3: 2010.8 -0.111552 -0.182859 -0.0371402
OUTPUT3: 2010.8 -0.112538 -0.183861 -0.0382015
OUTPUT3: 2010.8 -0.0982155 -0.168268 -0.0220597
OUTPUT3: 2010.8 -0.0973606 -0.167326 -0.0210597
OUTPUT3: 2010.81 -0.0925637 -0.16357 -0.0123881
OUTPUT3: 2010.81 -0.0925635 -0.16357 -0.0123876
OUTPUT3: 2010.81 -0.0922385 -0.16334 -0.0117601
OUTPUT3: 2010.81 -0.091458 -0.16286 -0.0100962
OUTPUT3: 2010.81 -0.0914582 -0.16286 -0.0100962
OUTPUT3: 2010.81 -0.0914594 -0.162862 -0.0100965
OUTPUT3: 2010.81 -0.0915474 -0.16296 -0.0101832
OUTPUT3: 2010.81 -0.0915474 -0.16296 -0.0101832
OUTPUT3: 2010.81 -0.0943098 -0.165434 -0.0142476
OUTPUT3: 2010.81 -0.0949314 -0.165987 -0.0151652
OUTPUT3: 2010.81 -0.0967921 -0.167655 -0.0178689
OUTPUT3: 2010.81 -0.0990662 -0.169729 -0.0210767
OUTPUT3: 2010.81 -0.10106 -0.171583 -0.0237943
OUTPUT3: 2010.81 -0.106482 -0.176819 -0.0306857
OUTPUT3: 2010.81 -0.109174 -0.179541 -0.0337933
OUTPUT3: 2010.81 -0.109182 -0.17955 -0.0338026
OUTPUT3: 2010.81 -0.110228 -0.180633 -0.0349435
OUTPUT3: 2010.81 -0.110244 -0.18065 -0.0349604
OUTPUT3: 2010.81 -0.11087 -0.181306 -0.0356244
OUTPUT3: 2010.81 -0.110872 -0.181309 -0.0356269
OUTPUT3: 2010.81 -0.11243 -0.182969 -0.0372127
OUTPUT3: 2010.81 -0.112432 -0.182971 -0.037215
OUTPUT3: 2010.81 -0.114376 -0.185099 -0.0390515
OUTPUT3: 2010.81 -0.115181 -0.186 -0.0397629
OUTPUT3: 2010.81 -0.115184 -0.186003 -0.0397649
OUTPUT3: 2010.81 -0.115982 -0.186908 -0.0404407
OUTPUT3: 2010.81 -0.119351 -0.190837 -0.0430086
OUTPUT3: 2010.81 -0.120192 -0.191826 -0.0436199
OUTPUT3: 2010.81 -0.120834 -0.19257 -0.0441061
OUTPUT3: 2010.81 -0.121295 -0.193095 -0.0444781
OUTPUT3: 2010.82 -0.12639 -0.198508 -0.0481876
OUTPUT3: 2010.82 -0.126141 -0.19825 -0.0479041
OUTPUT3: 2010.82 -0.103112 -0.174173 -0.0239681
OUTPUT3: 2010.83 -0.0983703 -0.171567 -0.0137929
OUTPUT3: 2010.83 -0.123469 -0.19629 -0.0436151
OUTPUT3: 2010.84 -0.131796 -0.203654 -0.0550047
OUTPUT3: 2010.84 -0.1322 -0.20403 -0.055472
OUTPUT3: 2010.84 -0.126483 -0.199018 -0.0454225
OUTPUT3: 2010.84 -0.126291 -0.198819 -0.0451218
OUTPUT3: 2010.84 -0.126162 -0.198642 -0.0448982
OUTPUT3: 2010.84 -0.13477 -0.206251 -0.0562273
OUTPUT3: 2010.84 -0.135581 -0.207059 -0.0571576
OUTPUT3: 2010.84 -0.135734 -0.207215 -0.0573248
OUTPUT3: 2010.84 -0.136598 -0.208141 -0.058182
OUTPUT3: 2010.85 -0.134776 -0.207498 -0.0542623
OUTPUT3: 2010.85 -0.143074 -0.214375 -0.0676747
OUTPUT3: 2010.85 -0.134008 -0.20667 -0.0529081
OUTPUT3: 2010.85 -0.131156 -0.203911 -0.0491981
OUTPUT3: 2010.85 -0.131667 -0.203461 -0.0517364
OUTPUT3: 2010.85 -0.133151 -0.204686 -0.0540055
OUTPUT3: 2010.85 -0.136352 -0.207502 -0.058509
OUTPUT3: 2010.85 -0.141747 -0.212571 -0.0653162
OUTPUT3: 2010.85 -0.141756 -0.212579 -0.0653262
OUTPUT3: 2010.85 -0.14304 -0.213836 -0.0668209
OUTPUT3: 2010.85 -0.143046 -0.213842 -0.066828
OUTPUT3: 2010.86 -0.155059 -0.226762 -0.0778988
OUTPUT3: 2010.86 -0.155061 -0.226765 -0.0779002
OUTPUT3: 2010.86 -0.155707 -0.227557 -0.0782558
OUTPUT3: 2010.86 -0.155708 -0.227558 -0.0782563
OUTPUT3: 2010.86 -0.156543 -0.228614 -0.0786327
OUTPUT3: 2010.86 -0.156544 -0.228616 -0.0786331
OUTPUT3: 2010.86 -0.157996 -0.230683 -0.0787785
OUTPUT3: 2010.86 -0.158067 -0.230837 -0.0786753
OUTPUT3: 2010.86 -0.157872 -0.230805 -0.0781797
OUTPUT3: 2010.86 -0.140013 -0.213379 -0.0597302
OUTPUT3: 2010.87 -0.130772 -0.204519 -0.0483798
OUTPUT3: 2010.87 -0.131414 -0.205159 -0.0491536
OUTPUT3: 2010.87 -0.1466 -0.219694 -0.0693467
OUTPUT3: 2010.87 -0.142716 -0.216973 -0.062466
OUTPUT3: 2010.87 -0.14283 -0.217077 -0.0626227
OUTPUT3: 2010.87 -0.143102 -0.217319 -0.0630192
OUTPUT3: 2010.88 -0.110551 -0.183984 -0.0266443
OUTPUT3: 2010.88 -0.110522 -0.183963 -0.0265637
OUTPUT3: 2010.88 -0.119029 -0.191446 -0.0367896
OUTPUT3: 2010.89 -0.11784 -0.189783 -0.0356842
OUTPUT3: 2010.89 -0.128929 -0.200146 -0.0502012
OUTPUT3: 2010.9 -0.150918 -0.22154 -0.0746993
OUTPUT3: 2010.9 -0.151016 -0.221617 -0.0747418
OUTPUT3: 2010.9 -0.137103 -0.20925 -0.0538457
OUTPUT3: 2010.9 -0.149303 -0.219686 -0.072663
OUTPUT3: 2010.9 -0.14987 -0.220341 -0.0731297
OUTPUT3: 2010.9 -0.150408 -0.220973 -0.0735539
OUTPUT3: 2010.9 -0.15128 -0.222018 -0.0742034
OUTPUT3: 2010.91 -0.151817 -0.222673 -0.0745805
OUTPUT3: 2010.91 -0.153528 -0.224844 -0.0757293
OUTPUT3: 2010.91 -0.15389 -0.225322 -0.0760192
OUTPUT3: 2010.91 -0.153924 -0.225398 -0.0763273
OUTPUT3: 2010.91 -0.153923 -0.225397 -0.0763275
OUTPUT3: 2010.91 -0.153838 -0.225294 -0.076338
OUTPUT3: 2010.91 -0.153837 -0.225293 -0.0763381
OUTPUT3: 2010.91 -0.153391 -0.224748 -0.0762736
OUTPUT3: 2010.91 -0.152915 -0.224172 -0.0761187
OUTPUT3: 2010.91 -0.152915 -0.224171 -0.0761187
OUTPUT3: 2010.91 -0.151859 -0.222917 -0.0756192
OUTPUT3: 2010.91 -0.151858 -0.222916 -0.0756189
OUTPUT3: 2010.91 -0.151025 -0.22195 -0.0751217
OUTPUT3: 2010.91 -0.148084 -0.218685 -0.0728691
OUTPUT3: 2010.91 -0.148084 -0.218684 -0.072869
OUTPUT3: 2010.91 -0.146343 -0.216841 -0.0712597
OUTPUT3: 2010.91 -0.146336 -0.216833 -0.0712526
OUTPUT3: 2010.91 -0.139709 -0.21027 -0.0638543
OUTPUT3: 2010.91 -0.139708 -0.210269 -0.063853
OUTPUT3: 2010.91 -0.138801 -0.209414 -0.0627273
OUTPUT3: 2010.91 -0.138801 -0.209415 -0.0627273
OUTPUT3: 2010.91 -0.133369 -0.204396 -0.0557518
OUTPUT3: 2010.91 -0.132983 -0.20404 -0.0552565
OUTPUT3: 2010.91 -0.132401 -0.203502 -0.0545174
OUTPUT3: 2010.91 -0.132394 -0.203495 -0.0545083
OUTPUT3: 2010.92 -0.0885304 -0.1597 -0.00818164
OUTPUT3: 2010.92 -0.0978234 -0.167953 -0.0213685
OUTPUT3: 2010.92 -0.0970095 -0.167172 -0.0202394
OUTPUT3: 2010.92 -0.082998 -0.154225 -3.93955e-05
OUTPUT3: 2010.92 -0.0969408 -0.166757 -0.0189454
OUTPUT3: 2010.93 -0.0941666 -0.165664 -0.0118893
OUTPUT3: 2010.94 -0.130706 -0.201468 -0.0527593
OUTPUT3: 2010.94 -0.138785 -0.210117 -0.0596427
OUTPUT3: 2010.94 -0.136762 -0.208114 -0.0572116
OUTPUT3: 2010.94 -0.127158 -0.197304 -0.0485798
OUTPUT3: 2010.94 -0.127219 -0.197318 -0.0487007
OUTPUT3: 2010.94 -0.132402 -0.203274 -0.0518202
OUTPUT3: 2010.95 -0.140973 -0.210188 -0.0642021
OUTPUT3: 2010.95 -0.142558 -0.213162 -0.0615417
OUTPUT3: 2010.95 -0.143332 -0.21401 -0.0622505
OUTPUT3: 2010.95 -0.156491 -0.22576 -0.0813751
OUTPUT3: 2010.95 -0.15292 -0.222286 -0.0758576
OUTPUT3: 2010.95 -0.151969 -0.221364 -0.0745429
OUTPUT3: 2010.96 -0.140855 -0.208537 -0.0630745
OUTPUT3: 2010.96 -0.153457 -0.220932 -0.0757601
OUTPUT3: 2010.96 -0.15706 -0.224677 -0.0793967
OUTPUT3: 2010.96 -0.164461 -0.232322 -0.0870969
OUTPUT3: 2010.96 -0.164465 -0.232326 -0.087101
OUTPUT3: 2010.96 -0.167042 -0.234971 -0.0898492
OUTPUT3: 2010.96 -0.167057 -0.234987 -0.0898654
OUTPUT3: 2010.96 -0.176662 -0.244773 -0.100375
OUTPUT3: 2010.96 -0.184929 -0.253125 -0.109704
OUTPUT3: 2010.96 -0.189512 -0.25775 -0.114946
OUTPUT3: 2010.96 -0.191413 -0.259677 -0.117119
OUTPUT3: 2010.96 -0.194353 -0.262697 -0.120426
OUTPUT3: 2010.96 -0.196527 -0.265053 -0.122658
OUTPUT3: 2010.96 -0.197147 -0.266056 -0.122672
OUTPUT3: 2010.96 -0.196703 -0.266038 -0.12131
OUTPUT3: 2010.96 -0.196702 -0.266038 -0.121309
OUTPUT3: 2010.96 -0.196501 -0.266258 -0.120213
OUTPUT3: 2010.96 -0.196501 -0.266258 -0.120213
OUTPUT3: 2010.97 -0.198721 -0.268899 -0.121936
OUTPUT3: 2010.97 -0.201302 -0.271514 -0.124893
OUTPUT3: 2010.97 -0.206874 -0.276889 -0.13184
OUTPUT3: 2010.97 -0.206879 -0.276893 -0.131845
OUTPUT3: 2010.97 -0.211551 -0.281208 -0.137995
OUTPUT3: 2010.97 -0.211422 -0.281077 -0.13783
OUTPUT3: 2010.97 -0.208495 -0.278318 -0.133903
OUTPUT3: 2010.97 -0.191463 -0.262619 -0.110644
OUTPUT3: 2010.97 -0.191818 -0.262941 -0.111144
OUTPUT3: 2010.97 -0.209093 -0.278942 -0.134475
OUTPUT3: 2010.97 -0.209869 -0.279684 -0.135469
OUTPUT3: 2010.97 -0.211008 -0.280796 -0.136874
OUTPUT3: 2010.98 -0.194018 -0.265574 -0.113132
OUTPUT3: 2010.98 -0.191817 -0.263461 -0.110425
OUTPUT3: 2010.98 -0.184649 -0.255172 -0.106119
OUTPUT3: 2010.98 -0.170123 -0.241427 -0.0889163
OUTPUT3: 2010.98 -0.167503 -0.239012 -0.0855026
OUTPUT3: 2010.98 -0.165764 -0.237403 -0.083249
OUTPUT3: 2010.98 -0.167956 -0.239422 -0.0869088
OUTPUT3: 2010.99 -0.186681 -0.25899 -0.107597
OUTPUT3: 2010.99 -0.186824 -0.259202 -0.107707
OUTPUT3: 2010.99 -0.172357 -0.245646 -0.089917
OUTPUT3: 2011 -0.151903 -0.223935 -0.071284
OUTPUT3: 2011 -0.144598 -0.217794 -0.0614888
OUTPUT3: 2011 -0.144954 -0.218227 -0.0617618
OUTPUT3: 2011.01 -0.137168 -0.210659 -0.0526751
OUTPUT3: 2011.01 -0.137419 -0.210886 -0.0530527
OUTPUT3: 2011.01 -0.137894 -0.211317 -0.0537583
OUTPUT3: 2011.01 -0.164457 -0.238938 -0.0831081
OUTPUT3: 2011.01 -0.154968 -0.230252 -0.0696045
OUTPUT3: 2011.02 -0.164799 -0.239689 -0.0811731
OUTPUT3: 2011.02 -0.168016 -0.242636 -0.0854207
OUTPUT3: 2011.02 -0.168849 -0.243391 -0.0865363
OUTPUT3: 2011.02 -0.160635 -0.235519 -0.0759208
OUTPUT3: 2011.02 -0.159027 -0.234021 -0.0738021
OUTPUT3: 2011.02 -0.152472 -0.227914 -0.0652028
OUTPUT3: 2011.02 -0.149733 -0.225358 -0.0616603
OUTPUT3: 2011.02 -0.149719 -0.225344 -0.0616416
OUTPUT3: 2011.02 -0.148572 -0.224271 -0.0601837
OUTPUT3: 2011.02 -0.147366 -0.223135 -0.0587007
OUTPUT3: 2011.02 -0.147365 -0.223134 -0.0586995
OUTPUT3: 2011.02 -0.147351 -0.223121 -0.0586833
OUTPUT3: 2011.02 -0.148881 -0.224508 -0.0611235
OUTPUT3: 2011.02 -0.148886 -0.224512 -0.0611308
OUTPUT3: 2011.02 -0.151241 -0.226709 -0.0643687
OUTPUT3: 2011.02 -0.151245 -0.226713 -0.0643741
OUTPUT3: 2011.02 -0.152683 -0.228061 -0.0663202
OUTPUT3: 2011.02 -0.152684 -0.228061 -0.0663209
OUTPUT3: 2011.02 -0.155338 -0.230559 -0.069873
OUTPUT3: 2011.02 -0.155352 -0.230572 -0.0698911
OUTPUT3: 2011.02 -0.165862 -0.240582 -0.0835567
OUTPUT3: 2011.02 -0.174361 -0.248867 -0.094068
OUTPUT3: 2011.02 -0.175228 -0.249729 -0.0950993
OUTPUT3: 2011.03 -0.181803 -0.258231 -0.0978818
OUTPUT3: 2011.03 -0.186023 -0.262032 -0.103343
OUTPUT3: 2011.04 -0.178644 -0.255447 -0.094042
OUTPUT3: 2011.04 -0.167576 -0.243304 -0.0829322
OUTPUT3: 2011.04 -0.167232 -0.242905 -0.0826121
OUTPUT3: 2011.04 -0.16592 -0.242116 -0.0793647
OUTPUT3: 2011.04 -0.165994 -0.242222 -0.0793915
OUTPUT3: 2011.04 -0.16648 -0.242873 -0.0796966
OUTPUT3: 2011.04 -0.166566 -0.242982 -0.0797718
OUTPUT3: 2011.04 -0.166845 -0.243319 -0.0800587
OUTPUT3: 2011.04 -0.166931 -0.243419 -0.0801611
OUTPUT3: 2011.04 -0.166309 -0.241901 -0.0835423
OUTPUT3: 2011.04 -0.166102 -0.241651 -0.083464
OUTPUT3: 2011.04 -0.165936 -0.241453 -0.0833925
OUTPUT3: 2011.04 -0.164726 -0.240055 -0.0827
OUTPUT3: 2011.05 -0.163015 -0.238177 -0.0813878
OUTPUT3: 2011.05 -0.135492 -0.210584 -0.0510593
OUTPUT3: 2011.05 -0.132437 -0.206952 -0.0489967
OUTPUT3: 2011.05 -0.131596 -0.206012 -0.0482689
OUTPUT3: 2011.05 -0.126669 -0.200856 -0.0431395
OUTPUT3: 2011.05 -0.122866 -0.197204 -0.0383268
OUTPUT3: 2011.05 -0.122105 -0.196516 -0.0372516
OUTPUT3: 2011.05 -0.121012 -0.195574 -0.0355853
OUTPUT3: 2011.05 -0.12038 -0.195085 -0.0344739
OUTPUT3: 2011.05 -0.120057 -0.194914 -0.0336942
OUTPUT3: 2011.05 -0.120041 -0.194989 -0.0334301
OUTPUT3: 2011.05 -0.12032 -0.195405 -0.0333818
OUTPUT3: 2011.05 -0.120322 -0.195408 -0.0333825
OUTPUT3: 2011.05 -0.120671 -0.19583 -0.0335864
OUTPUT3: 2011.05 -0.120672 -0.195831 -0.033587
OUTPUT3: 2011.05 -0.126034 -0.201431 -0.0391293
OUTPUT3: 2011.05 -0.126034 -0.201432 -0.0391298
OUTPUT3: 2011.05 -0.128337 -0.203713 -0.0418493
OUTPUT3: 2011.05 -0.128343 -0.203719 -0.041857
OUTPUT3: 2011.05 -0.12958 -0.204932 -0.0433573
OUTPUT3: 2011.05 -0.129585 -0.204936 -0.0433628
OUTPUT3: 2011.05 -0.131489 -0.206789 -0.0457143
OUTPUT3: 2011.05 -0.131497 -0.206797 -0.0457247
OUTPUT3: 2011.06 -0.135546 -0.210694 -0.0508687
OUTPUT3: 2011.06 -0.138731 -0.213739 -0.0550382
OUTPUT3: 2011.06 -0.139346 -0.214329 -0.0558581
OUTPUT3: 2011.06 -0.139855 -0.214822 -0.0565422
OUTPUT3: 2011.06 -0.139477 -0.214619 -0.0560957
OUTPUT3: 2011.06 -0.13852 -0.213771 -0.0548238
OUTPUT3: 2011.06 -0.13378 -0.209482 -0.0485556
OUTPUT3: 2011.06 -0.133113 -0.208868 -0.0476922
OUTPUT3: 2011.06 -0.129647 -0.205174 -0.0445655
OUTPUT3: 2011.06 -0.12959 -0.204976 -0.0448651
OUTPUT3: 2011.06 -0.127079 -0.20379 -0.0384344
OUTPUT3: 2011.06 -0.129427 -0.206243 -0.0408192
OUTPUT3: 2011.07 -0.153301 -0.229573 -0.0693455
OUTPUT3: 2011.07 -0.15863 -0.236573 -0.0711205
OUTPUT3: 2011.08 -0.190485 -0.267724 -0.10485
OUTPUT3: 2011.08 -0.192922 -0.270442 -0.106952
OUTPUT3: 2011.09 -0.181333 -0.259441 -0.0925048
OUTPUT3: 2011.09 -0.181112 -0.259235 -0.0922274
OUTPUT3: 2011.09 -0.180896 -0.259033 -0.0919616
OUTPUT3: 2011.09 -0.174396 -0.251723 -0.0869996
OUTPUT3: 2011.09 -0.173891 -0.251104 -0.0867248
OUTPUT3: 2011.09 -0.173774 -0.250964 -0.0866516
OUTPUT3: 2011.09 -0.173668 -0.250838 -0.0865813
OUTPUT3: 2011.09 -0.173767 -0.25157 -0.0851024
OUTPUT3: 2011.09 -0.173943 -0.251781 -0.0852148
OUTPUT3: 2011.09 -0.174299 -0.252199 -0.0854657
OUTPUT3: 2011.09 -0.174594 -0.252538 -0.0856919
OUTPUT3: 2011.09 -0.174619 -0.252567 -0.085712
OUTPUT3: 2011.09 -0.174965 -0.252957 -0.0859975
OUTPUT3: 2011.09 -0.175086 -0.253091 -0.0861014
OUTPUT3: 2011.09 -0.175359 -0.253392 -0.0863425
OUTPUT3: 2011.09 -0.175808 -0.25388 -0.0867579
OUTPUT3: 2011.09 -0.176225 -0.254325 -0.0871635
OUTPUT3: 2011.09 -0.176667 -0.254789 -0.0876099
OUTPUT3: 2011.09 -0.177296 -0.25544 -0.0882745
OUTPUT3: 2011.09 -0.17778 -0.255932 -0.0888058
OUTPUT3: 2011.09 -0.178272 -0.256425 -0.0893621
OUTPUT3: 2011.09 -0.178784 -0.256931 -0.0899578
OUTPUT3: 2011.09 -0.186113 -0.263475 -0.10003
OUTPUT3: 2011.09 -0.187072 -0.264184 -0.101603
OUTPUT3: 2011.09 -0.187442 -0.264411 -0.102258
OUTPUT3: 2011.09 -0.187508 -0.264438 -0.102386
OUTPUT3: 2011.09 -0.18753 -0.264443 -0.102432
OUTPUT3: 2011.09 -0.187546 -0.264444 -0.102468
OUTPUT3: 2011.09 -0.187562 -0.264427 -0.102514
OUTPUT3: 2011.09 -0.187557 -0.264405 -0.102516
OUTPUT3: 2011.09 -0.187546 -0.264384 -0.102506
OUTPUT3: 2011.09 -0.187489 -0.264305 -0.10243
OUTPUT3: 2011.09 -0.187457 -0.264266 -0.102381
OUTPUT3: 2011.09 -0.187422 -0.264227 -0.102327
OUTPUT3: 2011.09 -0.187382 -0.264184 -0.102263
OUTPUT3: 2011.09 -0.187233 -0.264034 -0.102017
OUTPUT3: 2011.09 -0.187233 -0.264033 -0.102016
OUTPUT3: 2011.1 -0.185733 -0.262782 -0.0991524
OUTPUT3: 2011.1 -0.185732 -0.262781 -0.0991495
OUTPUT3: 2011.1 -0.185477 -0.262599 -0.0985954
OUTPUT3: 2011.1 -0.185476 -0.262598 -0.0985927
OUTPUT3: 2011.1 -0.187018 -0.265391 -0.0962806
OUTPUT3: 2011.1 -0.189031 -0.267372 -0.0986588
OUTPUT3: 2011.1 -0.190446 -0.268695 -0.100537
OUTPUT3: 2011.1 -0.191188 -0.269369 -0.101582
OUTPUT3: 2011.1 -0.19187 -0.269977 -0.102578
OUTPUT3: 2011.1 -0.193591 -0.27145 -0.105277
OUTPUT3: 2011.1 -0.193814 -0.271633 -0.105654
OUTPUT3: 2011.1 -0.19406 -0.271219 -0.10817
OUTPUT3: 2011.1 -0.194059 -0.271219 -0.108169
OUTPUT3: 2011.1 -0.193178 -0.270391 -0.107113
OUTPUT3: 2011.1 -0.193176 -0.27039 -0.107111
OUTPUT3: 2011.1 -0.192702 -0.269963 -0.106492
OUTPUT3: 2011.1 -0.190126 -0.268195 -0.101824
OUTPUT3: 2011.1 -0.190127 -0.268197 -0.101822
OUTPUT3: 2011.1 -0.190583 -0.268869 -0.101863
OUTPUT3: 2011.1 -0.190972 -0.269347 -0.102113
OUTPUT3: 2011.1 -0.191315 -0.269748 -0.102377
OUTPUT3: 2011.1 -0.212386 -0.290854 -0.12682
OUTPUT3: 2011.11 -0.192921 -0.272274 -0.100207
OUTPUT3: 2011.12 -0.20077 -0.27965 -0.111627
OUTPUT3: 2011.12 -0.204111 -0.282832 -0.116065
OUTPUT3: 2011.12 -0.205117 -0.283805 -0.117365
OUTPUT3: 2011.12 -0.208237 -0.286883 -0.121223
OUTPUT3: 2011.12 -0.21173 -0.291784 -0.121881
OUTPUT3: 2011.12 -0.210842 -0.291328 -0.119665
OUTPUT3: 2011.12 -0.210345 -0.291098 -0.118299
OUTPUT3: 2011.12 -0.220709 -0.300764 -0.130987
OUTPUT3: 2011.13 -0.238135 -0.318731 -0.151562
OUTPUT3: 2011.13 -0.237505 -0.318169 -0.150675
OUTPUT3: 2011.13 -0.234884 -0.315734 -0.147197
OUTPUT3: 2011.14 -0.21259 -0.292791 -0.122786
OUTPUT3: 2011.14 -0.195272 -0.275591 -0.103922
OUTPUT3: 2011.14 -0.203319 -0.282498 -0.116559
OUTPUT3: 2011.15 -0.194347 -0.275018 -0.101736
OUTPUT3: 2011.15 -0.188949 -0.269009 -0.0984635
OUTPUT3: 2011.15 -0.188117 -0.268258 -0.0973408
OUTPUT3: 2011.15 -0.187322 -0.267541 -0.0962596
OUTPUT3: 2011.15 -0.18555 -0.265921 -0.0939483
OUTPUT3: 2011.15 -0.187155 -0.267172 -0.0967165
OUTPUT3: 2011.15 -0.187631 -0.267424 -0.0978441
OUTPUT3: 2011.15 -0.187597 -0.267321 -0.097987
OUTPUT3: 2011.15 -0.187596 -0.26732 -0.0979871
OUTPUT3: 2011.15 -0.187451 -0.267121 -0.0979612
OUTPUT3: 2011.15 -0.18745 -0.26712 -0.0979608
OUTPUT3: 2011.16 -0.182582 -0.262215 -0.0924978
OUTPUT3: 2011.16 -0.18258 -0.262213 -0.0924956
OUTPUT3: 2011.16 -0.180319 -0.260061 -0.0896306
OUTPUT3: 2011.16 -0.180313 -0.260055 -0.089622
OUTPUT3: 2011.16 -0.178244 -0.25811 -0.0869361
OUTPUT3: 2011.16 -0.178238 -0.258105 -0.0869288
OUTPUT3: 2011.16 -0.175283 -0.25536 -0.0829993
OUTPUT3: 2011.16 -0.17396 -0.254147 -0.0812022
OUTPUT3: 2011.16 -0.172998 -0.253272 -0.0798751
OUTPUT3: 2011.17 -0.172851 -0.253744 -0.0808178
OUTPUT3: 2011.17 -0.173378 -0.254114 -0.08183
OUTPUT3: 2011.17 -0.176567 -0.257423 -0.0850647
OUTPUT3: 2011.18 -0.173098 -0.253819 -0.0809478
OUTPUT3: 2011.18 -0.173127 -0.253841 -0.0809979
OUTPUT3: 2011.18 -0.178078 -0.258716 -0.0866991
OUTPUT3: 2011.18 -0.168299 -0.249028 -0.0747039
OUTPUT3: 2011.18 -0.168147 -0.248781 -0.0747057
OUTPUT3: 2011.18 -0.168139 -0.248743 -0.074751
OUTPUT3: 2011.19 -0.217538 -0.298395 -0.128171
OUTPUT3: 2011.19 -0.192508 -0.273683 -0.0988205
OUTPUT3: 2011.19 -0.191614 -0.272849 -0.097667
OUTPUT3: 2011.2 -0.18939 -0.27078 -0.0947857
OUTPUT3: 2011.2 -0.187422 -0.26896 -0.092228
OUTPUT3: 2011.2 -0.196539 -0.277506 -0.105471
OUTPUT3: 2011.21 -0.174213 -0.255435 -0.0802609
OUTPUT3: 2011.21 -0.173524 -0.25478 -0.0794266
OUTPUT3: 2011.21 -0.179391 -0.26002 -0.0879661
OUTPUT3: 2011.21 -0.181042 -0.26156 -0.090082
OUTPUT3: 2011.21 -0.185061 -0.26595 -0.0925763
OUTPUT3: 2011.21 -0.181833 -0.262979 -0.0879251
OUTPUT3: 2011.21 -0.179769 -0.260067 -0.0864436
OUTPUT3: 2011.21 -0.180808 -0.260954 -0.0879019
OUTPUT3: 2011.22 -0.197105 -0.277488 -0.10591
OUTPUT3: 2011.22 -0.202593 -0.283266 -0.11254
OUTPUT3: 2011.22 -0.202572 -0.283348 -0.112267
OUTPUT3: 2011.23 -0.203762 -0.283558 -0.114384
OUTPUT3: 2011.23 -0.191746 -0.271909 -0.0986939
OUTPUT3: 2011.23 -0.190433 -0.270499 -0.0974777
OUTPUT3: 2011.24 -0.184258 -0.264811 -0.094432
OUTPUT3: 2011.24 -0.172049 -0.253416 -0.0812423
OUTPUT3: 2011.24 -0.155448 -0.23746 -0.0626014
OUTPUT3: 2011.24 -0.153604 -0.235734 -0.0602841
OUTPUT3: 2011.25 -0.144652 -0.226427 -0.0517512
OUTPUT3: 2011.25 -0.137592 -0.219134 -0.0437506
OUTPUT3: 2011.25 -0.136279 -0.217923 -0.0419535
OUTPUT3: 2011.25 -0.139756 -0.221639 -0.0450839
OUTPUT3: 2011.26 -0.143627 -0.226735 -0.0470753
OUTPUT3: 2011.26 -0.144059 -0.226129 -0.0500431
OUTPUT3: 2011.27 -0.151938 -0.234563 -0.0572765
OUTPUT3: 2011.27 -0.151804 -0.23488 -0.0559648
OUTPUT3: 2011.27 -0.147035 -0.230593 -0.05
OUTPUT3: 2011.27 -0.147009 -0.230542 -0.0500471
OUTPUT3: 2011.27 -0.146881 -0.23001 -0.0511724
OUTPUT3: 2011.27 -0.146892 -0.229978 -0.051318
OUTPUT3: 2011.27 -0.14699 -0.229872 -0.0520604
OUTPUT3: 2011.27 -0.147098 -0.229837 -0.0526256
OUTPUT3: 2011.27 -0.146676 -0.229139 -0.0532715
OUTPUT3: 2011.27 -0.146297 -0.22885 -0.0526123
OUTPUT3: 2011.27 -0.145392 -0.228147 -0.0510667
OUTPUT3: 2011.27 -0.145167 -0.227968 -0.0506899
OUTPUT3: 2011.27 -0.143408 -0.226529 -0.0478447
OUTPUT3: 2011.27 -0.130109 -0.213635 -0.0315455
OUTPUT3: 2011.27 -0.129238 -0.21269 -0.0307537
OUTPUT3: 2011.27 -0.128334 -0.211699 -0.0299596
OUTPUT3: 2011.27 -0.128179 -0.211528 -0.029826
OUTPUT3: 2011.27 -0.127538 -0.21082 -0.0292818
OUTPUT3: 2011.28 -0.144735 -0.228049 -0.0516346
OUTPUT3: 2011.28 -0.14185 -0.225353 -0.0490082
OUTPUT3: 2011.28 -0.140924 -0.224489 -0.0478456
OUTPUT3: 2011.29 -0.0895519 -0.172971 0.00882623
OUTPUT3: 2011.29 -0.103276 -0.186601 -0.00833407
OUTPUT3: 2011.29 -0.104042 -0.187562 -0.00820362
OUTPUT3: 2011.3 -0.11903 -0.202511 -0.0250688
OUTPUT3: 2011.3 -0.1011 -0.185029 -0.00342285
OUTPUT3: 2011.3 -0.101409 -0.185227 -0.00405121
OUTPUT3: 2011.3 -0.102616 -0.186228 -0.00594918
OUTPUT3: 2011.31 -0.108177 -0.191393 -0.0124112
OUTPUT3: 2011.31 -0.107705 -0.19077 -0.0121177
OUTPUT3: 2011.31 -0.10453 -0.187607 -0.00747294
OUTPUT3: 2011.32 -0.12818 -0.212281 -0.0323513
OUTPUT3: 2011.32 -0.128685 -0.212736 -0.0330362
OUTPUT3: 2011.32 -0.146215 -0.230594 -0.0490102
OUTPUT3: 2011.32 -0.145438 -0.229426 -0.0491862
OUTPUT3: 2011.33 -0.14312 -0.226449 -0.0492012
OUTPUT3: 2011.33 -0.149222 -0.232989 -0.0554232
OUTPUT3: 2011.34 -0.134284 -0.217364 -0.0393956
OUTPUT3: 2011.35 -0.129956 -0.213082 -0.0330342
OUTPUT3: 2011.35 -0.132117 -0.215038 -0.0359374
OUTPUT3: 2011.35 -0.142018 -0.224262 -0.0486362
OUTPUT3: 2011.35 -0.139534 -0.22205 -0.0451021
OUTPUT3: 2011.35 -0.1429 -0.225718 -0.0489282
OUTPUT3: 2011.36 -0.13405 -0.21709 -0.0381633
OUTPUT3: 2011.36 -0.141774 -0.224788 -0.0465986
OUTPUT3: 2011.36 -0.148504 -0.232004 -0.0530485
OUTPUT3: 2011.36 -0.167185 -0.250361 -0.0754285
OUTPUT3: 2011.36 -0.168224 -0.25119 -0.0771368
OUTPUT3: 2011.36 -0.156386 -0.238843 -0.0637808
OUTPUT3: 2011.36 -0.154143 -0.236723 -0.060764
OUTPUT3: 2011.36 -0.150244 -0.233038 -0.0555221
OUTPUT3: 2011.36 -0.14942 -0.232258 -0.0544195
OUTPUT3: 2011.37 -0.130713 -0.213242 -0.0325232
OUTPUT3: 2011.37 -0.130391 -0.212853 -0.0322949
OUTPUT3: 2011.37 -0.128541 -0.210499 -0.0312833
OUTPUT3: 2011.37 -0.128336 -0.210223 -0.031208
OUTPUT3: 2011.37 -0.128136 -0.20995 -0.0311425
OUTPUT3: 2011.37 -0.12625 -0.207781 -0.0296208
OUTPUT3: 2011.38 -0.137756 -0.219107 -0.043368
OUTPUT3: 2011.38 -0.125848 -0.206614 -0.0305604
OUTPUT3: 2011.39 -0.166413 -0.246669 -0.075979
OUTPUT3: 2011.39 -0.163567 -0.244935 -0.0695997
OUTPUT3: 2011.39 -0.165111 -0.246354 -0.071761
OUTPUT3: 2011.41 -0.154326 -0.236246 -0.057307
OUTPUT3: 2011.41 -0.159476 -0.240971 -0.0643528
OUTPUT3: 2011.41 -0.18042 -0.262276 -0.0871945
OUTPUT3: 2011.41 -0.173184 -0.254652 -0.0786614
OUTPUT3: 2011.42 -0.181085 -0.263058 -0.0866448
OUTPUT3: 2011.42 -0.176257 -0.257338 -0.0852039
OUTPUT3: 2011.42 -0.172832 -0.254097 -0.0810084
OUTPUT3: 2011.44 -0.154167 -0.23442 -0.0579159
OUTPUT3: 2011.44 -0.155414 -0.235545 -0.0595474
OUTPUT3: 2011.44 -0.179328 -0.25853 -0.0879058
OUTPUT3: 2011.44 -0.179669 -0.258904 -0.0881826
OUTPUT3: 2011.44 -0.180964 -0.260429 -0.0889203
OUTPUT3: 2011.44 -0.181266 -0.260874 -0.0888301
OUTPUT3: 2011.44 -0.181326 -0.260994 -0.0887172
OUTPUT3: 2011.44 -0.178294 -0.258978 -0.0821917
OUTPUT3: 2011.44 -0.178316 -0.258993 -0.082233
OUTPUT3: 2011.44 -0.178366 -0.259029 -0.0823241
OUTPUT3: 2011.44 -0.178779 -0.259345 -0.0830372
OUTPUT3: 2011.45 -0.193743 -0.272878 -0.103852
OUTPUT3: 2011.45 -0.194351 -0.27351 -0.104473
OUTPUT3: 2011.45 -0.189393 -0.269803 -0.0946623
OUTPUT3: 2011.45 -0.188869 -0.269285 -0.093967
OUTPUT3: 2011.45 -0.18842 -0.268828 -0.0933932
OUTPUT3: 2011.45 -0.200947 -0.280782 -0.108662
OUTPUT3: 2011.45 -0.212362 -0.292546 -0.121867
OUTPUT3: 2011.46 -0.202054 -0.281684 -0.11171
OUTPUT3: 2011.46 -0.200985 -0.280684 -0.110334
OUTPUT3: 2011.46 -0.177188 -0.256774 -0.0843335
OUTPUT3: 2011.46 -0.173086 -0.252276 -0.0808156
OUTPUT3: 2011.46 -0.171805 -0.250873 -0.0797122
OUTPUT3: 2011.46 -0.152753 -0.230933 -0.0606492
OUTPUT3: 2011.46 -0.147427 -0.225975 -0.0536949
OUTPUT3: 2011.47 -0.153575 -0.231576 -0.0627811
OUTPUT3: 2011.47 -0.149398 -0.228161 -0.056129
OUTPUT3: 2011.47 -0.152939 -0.231152 -0.0615303
OUTPUT3: 2011.48 -0.154022 -0.232747 -0.0614134
OUTPUT3: 2011.48 -0.154446 -0.233148 -0.0619565
OUTPUT3: 2011.48 -0.167868 -0.246092 -0.0785408
OUTPUT3: 2011.48 -0.169987 -0.248602 -0.0800457
OUTPUT3: 2011.48 -0.170043 -0.248691 -0.0800314
OUTPUT3: 2011.48 -0.172604 -0.251577 -0.0820673
OUTPUT3: 2011.48 -0.174872 -0.253368 -0.0856127
OUTPUT3: 2011.48 -0.174965 -0.253432 -0.0857772
OUTPUT3: 2011.49 -0.141146 -0.219816 -0.0453926
OUTPUT3: 2011.49 -0.176786 -0.254581 -0.0884867
OUTPUT3: 2011.49 -0.179419 -0.257571 -0.0906686
OUTPUT3: 2011.49 -0.179561 -0.258957 -0.0876684
OUTPUT3: 2011.5 -0.190311 -0.269063 -0.101281
OUTPUT3: 2011.5 -0.190825 -0.269621 -0.101719
OUTPUT3: 2011.51 -0.187899 -0.264916 -0.0989349
OUTPUT3: 2011.51 -0.191919 -0.269901 -0.101683
OUTPUT3: 2011.51 -0.192316 -0.270269 -0.102226
OUTPUT3: 2011.51 -0.192852 -0.270762 -0.102968
OUTPUT3: 2011.51 -0.193197 -0.271078 -0.10345
OUTPUT3: 2011.52 -0.194517 -0.272272 -0.105328
OUTPUT3: 2011.52 -0.19781 -0.274186 -0.112502
OUTPUT3: 2011.52 -0.197167 -0.27354 -0.111727
OUTPUT3: 2011.52 -0.183135 -0.260343 -0.0916814
OUTPUT3: 2011.52 -0.183527 -0.260687 -0.0920798
OUTPUT3: 2011.52 -0.178972 -0.255717 -0.0889504
OUTPUT3: 2011.52 -0.178367 -0.255142 -0.0882531
OUTPUT3: 2011.53 -0.159636 -0.237216 -0.0676657
OUTPUT3: 2011.53 -0.158627 -0.236157 -0.0671162
OUTPUT3: 2011.53 -0.158459 -0.235965 -0.0671231
OUTPUT3: 2011.53 -0.158387 -0.235878 -0.0671565
OUTPUT3: 2011.53 -0.15827 -0.235616 -0.0680125
OUTPUT3: 2011.53 -0.131555 -0.209789 -0.0382797
OUTPUT3: 2011.53 -0.132969 -0.211012 -0.0415637
OUTPUT3: 2011.53 -0.132878 -0.210952 -0.0413987
OUTPUT3: 2011.54 -0.129568 -0.208804 -0.0358398
OUTPUT3: 2011.54 -0.130955 -0.209996 -0.0381142
OUTPUT3: 2011.54 -0.132219 -0.211072 -0.0401577
OUTPUT3: 2011.54 -0.122331 -0.200672 -0.0302243
OUTPUT3: 2011.55 -0.140506 -0.22006 -0.0468851
OUTPUT3: 2011.55 -0.142754 -0.221948 -0.0504002
OUTPUT3: 2011.55 -0.160234 -0.240141 -0.068983
OUTPUT3: 2011.55 -0.160574 -0.240457 -0.0694162
OUTPUT3: 2011.56 -0.15358 -0.233067 -0.0607669
OUTPUT3: 2011.56 -0.163831 -0.244014 -0.0693958
OUTPUT3: 2011.56 -0.164331 -0.244487 -0.0700225
OUTPUT3: 2011.56 -0.179748 -0.259837 -0.0860733
OUTPUT3: 2011.56 -0.179833 -0.259887 -0.0862575
OUTPUT3: 2011.57 -0.194375 -0.273568 -0.105315
OUTPUT3: 2011.57 -0.194522 -0.273727 -0.105464
OUTPUT3: 2011.57 -0.194672 -0.273897 -0.105604
OUTPUT3: 2011.57 -0.194756 -0.273998 -0.105669
OUTPUT3: 2011.57 -0.188917 -0.268844 -0.0971642
OUTPUT3: 2011.58 -0.190984 -0.27007 -0.0999275
OUTPUT3: 2011.58 -0.189862 -0.269042 -0.0981757
OUTPUT3: 2011.58 -0.17844 -0.258128 -0.082825
OUTPUT3: 2011.58 -0.178438 -0.258122 -0.0828318
OUTPUT3: 2011.58 -0.178537 -0.258139 -0.0831163
OUTPUT3: 2011.58 -0.203552 -0.282306 -0.113199
OUTPUT3: 2011.59 -0.222097 -0.302358 -0.129296
OUTPUT3: 2011.59 -0.23774 -0.316766 -0.149423
OUTPUT3: 2011.59 -0.222787 -0.30318 -0.127625
OUTPUT3: 2011.59 -0.222406 -0.302781 -0.127202
OUTPUT3: 2011.59 -0.221955 -0.302305 -0.126717
OUTPUT3: 2011.59 -0.221624 -0.301949 -0.126371
OUTPUT3: 2011.59 -0.221662 -0.300668 -0.12973
OUTPUT3: 2011.6 -0.21791 -0.297002 -0.125285
OUTPUT3: 2011.6 -0.212931 -0.29154 -0.118351
OUTPUT3: 2011.6 -0.212399 -0.291038 -0.117674
OUTPUT3: 2011.61 -0.2115 -0.290199 -0.116507
OUTPUT3: 2011.61 -0.211107 -0.289838 -0.115986
OUTPUT3: 2011.61 -0.222588 -0.302205 -0.127827
OUTPUT3: 2011.61 -0.256686 -0.33509 -0.170089
OUTPUT3: 2011.61 -0.240876 -0.32095 -0.146771
OUTPUT3: 2011.61 -0.24139 -0.321386 -0.147571
OUTPUT3: 2011.61 -0.242119 -0.322012 -0.148698
OUTPUT3: 2011.62 -0.248345 -0.327195 -0.15928
OUTPUT3: 2011.62 -0.247372 -0.326277 -0.158115
OUTPUT3: 2011.62 -0.229421 -0.308998 -0.13619
OUTPUT3: 2011.62 -0.229275 -0.308833 -0.136064
OUTPUT3: 2011.62 -0.228715 -0.308182 -0.135636
OUTPUT3: 2011.62 -0.222092 -0.30037 -0.130627
OUTPUT3: 2011.62 -0.221335 -0.299631 -0.129677
OUTPUT3: 2011.62 -0.22085 -0.299161 -0.129061
OUTPUT3: 2011.62 -0.211565 -0.290094 -0.116393
OUTPUT3: 2011.62 -0.211897 -0.290396 -0.116806
OUTPUT3: 2011.63 -0.231796 -0.30989 -0.139231
OUTPUT3: 2011.63 -0.232091 -0.310227 -0.139442
OUTPUT3: 2011.63 -0.241981 -0.319555 -0.152166
OUTPUT3: 2011.63 -0.242191 -0.319784 -0.152335
OUTPUT3: 2011.64 -0.240356 -0.316718 -0.149935
OUTPUT3: 2011.64 -0.240451 -0.316805 -0.150032
OUTPUT3: 2011.64 -0.241799 -0.318166 -0.151093
OUTPUT3: 2011.64 -0.25051 -0.328104 -0.155854
OUTPUT3: 2011.64 -0.252685 -0.330241 -0.158205
OUTPUT3: 2011.64 -0.252882 -0.33043 -0.158433
OUTPUT3: 2011.64 -0.271166 -0.347448 -0.182472
OUTPUT3: 2011.64 -0.273638 -0.349916 -0.185505
OUTPUT3: 2011.64 -0.275006 -0.351328 -0.187091
OUTPUT3: 2011.64 -0.275982 -0.352363 -0.188171
OUTPUT3: 2011.64 -0.276378 -0.35279 -0.188596
OUTPUT3: 2011.65 -0.282195 -0.360278 -0.192612
OUTPUT3: 2011.65 -0.274206 -0.352502 -0.183133
OUTPUT3: 2011.65 -0.287226 -0.366338 -0.196152
OUTPUT3: 2011.65 -0.291305 -0.369719 -0.202789
OUTPUT3: 2011.65 -0.290943 -0.369375 -0.202326
OUTPUT3: 2011.65 -0.290388 -0.368851 -0.201613
OUTPUT3: 2011.65 -0.289961 -0.368449 -0.201058
OUTPUT3: 2011.65 -0.285839 -0.364629 -0.195552
OUTPUT3: 2011.66 -0.27154 -0.349538 -0.181541
OUTPUT3: 2011.66 -0.267467 -0.345565 -0.176654
OUTPUT3: 2011.66 -0.239963 -0.319591 -0.141748
OUTPUT3: 2011.67 -0.274003 -0.352676 -0.1841
OUTPUT3: 2011.67 -0.276414 -0.355429 -0.186174
OUTPUT3: 2011.67 -0.271077 -0.35162 -0.176637
OUTPUT3: 2011.67 -0.270704 -0.351269 -0.176183
OUTPUT3: 2011.67 -0.277431 -0.357175 -0.18633
OUTPUT3: 2011.68 -0.270427 -0.349888 -0.178145
OUTPUT3: 2011.68 -0.267822 -0.348352 -0.173223
OUTPUT3: 2011.68 -0.274632 -0.353658 -0.184698
OUTPUT3: 2011.68 -0.274558 -0.353599 -0.184554
OUTPUT3: 2011.68 -0.274272 -0.353366 -0.184039
OUTPUT3: 2011.69 -0.243493 -0.322412 -0.149255
OUTPUT3: 2011.69 -0.243694 -0.322605 -0.149521
OUTPUT3: 2011.69 -0.245031 -0.323952 -0.151097
OUTPUT3: 2011.7 -0.261079 -0.339745 -0.166002
OUTPUT3: 2011.7 -0.259156 -0.337729 -0.163957
OUTPUT3: 2011.7 -0.257522 -0.336625 -0.161591
OUTPUT3: 2011.7 -0.259806 -0.338874 -0.164549
OUTPUT3: 2011.7 -0.261152 -0.34017 -0.166343
OUTPUT3: 2011.7 -0.269207 -0.347607 -0.178
OUTPUT3: 2011.7 -0.266302 -0.345052 -0.173872
OUTPUT3: 2011.71 -0.241241 -0.321779 -0.143268
OUTPUT3: 2011.71 -0.241148 -0.321675 -0.14321
OUTPUT3: 2011.71 -0.253968 -0.333129 -0.162347
OUTPUT3: 2011.71 -0.255524 -0.334609 -0.164461
OUTPUT3: 2011.71 -0.255946 -0.335052 -0.164992
OUTPUT3: 2011.72 -0.238842 -0.319216 -0.142307
OUTPUT3: 2011.72 -0.238393 -0.318775 -0.141757
OUTPUT3: 2011.72 -0.237582 -0.317973 -0.140776
OUTPUT3: 2011.72 -0.243175 -0.322721 -0.148481
OUTPUT3: 2011.72 -0.243447 -0.323001 -0.148764
OUTPUT3: 2011.73 -0.249537 -0.33072 -0.153269
OUTPUT3: 2011.73 -0.249672 -0.330846 -0.153432
OUTPUT3: 2011.73 -0.250032 -0.331173 -0.15389
OUTPUT3: 2011.73 -0.250666 -0.33172 -0.154753
OUTPUT3: 2011.73 -0.256795 -0.336727 -0.16323
OUTPUT3: 2011.73 -0.256813 -0.336745 -0.163243
OUTPUT3: 2011.73 -0.260784 -0.342417 -0.161711
OUTPUT3: 2011.73 -0.264013 -0.345586 -0.165447
OUTPUT3: 2011.74 -0.283956 -0.3654 -0.187947
OUTPUT3: 2011.74 -0.283132 -0.364604 -0.186858
OUTPUT3: 2011.74 -0.271465 -0.351912 -0.175643
OUTPUT3: 2011.74 -0.270576 -0.350984 -0.174702
OUTPUT3: 2011.74 -0.27439 -0.35545 -0.177207
OUTPUT3: 2011.74 -0.279066 -0.360213 -0.182283
OUTPUT3: 2011.75 -0.293912 -0.374629 -0.200438
OUTPUT3: 2011.75 -0.293934 -0.374642 -0.200527
OUTPUT3: 2011.75 -0.289787 -0.370742 -0.195655
OUTPUT3: 2011.76 -0.237389 -0.318975 -0.137126
OUTPUT3: 2011.76 -0.252285 -0.333843 -0.153774
OUTPUT3: 2011.76 -0.276708 -0.357021 -0.185534
OUTPUT3: 2011.77 -0.25519 -0.33699 -0.157644
OUTPUT3: 2011.77 -0.25337 -0.335213 -0.155452
OUTPUT3: 2011.77 -0.25277 -0.333882 -0.156912
OUTPUT3: 2011.77 -0.268353 -0.350282 -0.173489
OUTPUT3: 2011.77 -0.268104 -0.34998 -0.173347
OUTPUT3: 2011.79 -0.271468 -0.35157 -0.180735
OUTPUT3: 2011.79 -0.259922 -0.340895 -0.164876
OUTPUT3: 2011.79 -0.256201 -0.337269 -0.160282
OUTPUT3: 2011.79 -0.25511 -0.336168 -0.159033
OUTPUT3: 2011.79 -0.237624 -0.31719 -0.142756
OUTPUT3: 2011.79 -0.235255 -0.314655 -0.140489
OUTPUT3: 2011.79 -0.219184 -0.29861 -0.122513
OUTPUT3: 2011.79 -0.219434 -0.298928 -0.122792
OUTPUT3: 2011.8 -0.223294 -0.302489 -0.128502
OUTPUT3: 2011.8 -0.223067 -0.302214 -0.128593
OUTPUT3: 2011.8 -0.221253 -0.300516 -0.126473
OUTPUT3: 2011.8 -0.218213 -0.298895 -0.120259
OUTPUT3: 2011.8 -0.237745 -0.318008 -0.143164
OUTPUT3: 2011.8 -0.237816 -0.318149 -0.143025
OUTPUT3: 2011.8 -0.225877 -0.308408 -0.12405
OUTPUT3: 2011.81 -0.263859 -0.347627 -0.165326
OUTPUT3: 2011.81 -0.263676 -0.347481 -0.164927
OUTPUT3: 2011.82 -0.260202 -0.345196 -0.159931
OUTPUT3: 2011.82 -0.258914 -0.343947 -0.158467
OUTPUT3: 2011.82 -0.250239 -0.334766 -0.150125
OUTPUT3: 2011.82 -0.250348 -0.334892 -0.150198
OUTPUT3: 2011.83 -0.264831 -0.350717 -0.163426
OUTPUT3: 2011.83 -0.266833 -0.352716 -0.165771
OUTPUT3: 2011.83 -0.248118 -0.334185 -0.144789
OUTPUT3: 2011.84 -0.260149 -0.345541 -0.159853
OUTPUT3: 2011.84 -0.268628 -0.355052 -0.16829
OUTPUT3: 2011.85 -0.269465 -0.355528 -0.170812
OUTPUT3: 2011.85 -0.243736 -0.330733 -0.138057
OUTPUT3: 2011.85 -0.243497 -0.33044 -0.137751
OUTPUT3: 2011.86 -0.241898 -0.330226 -0.132491
OUTPUT3: 2011.86 -0.254526 -0.341567 -0.150236
OUTPUT3: 2011.86 -0.280435 -0.368923 -0.176129
OUTPUT3: 2011.86 -0.282185 -0.370804 -0.177743
OUTPUT3: 2011.86 -0.284206 -0.372949 -0.179661
OUTPUT3: 2011.87 -0.300677 -0.38917 -0.198084
OUTPUT3: 2011.87 -0.301862 -0.390344 -0.199389
OUTPUT3: 2011.87 -0.308811 -0.398449 -0.203862
OUTPUT3: 2011.87 -0.308684 -0.398341 -0.203629
OUTPUT3: 2011.87 -0.30848 -0.398127 -0.203367
OUTPUT3: 2011.88 -0.327838 -0.416833 -0.224913
OUTPUT3: 2011.88 -0.326378 -0.416418 -0.219732
OUTPUT3: 2011.88 -0.327112 -0.417402 -0.219771
OUTPUT3: 2011.88 -0.33425 -0.42379 -0.229293
OUTPUT3: 2011.88 -0.329877 -0.419197 -0.224903
OUTPUT3: 2011.89 -0.325221 -0.415184 -0.219221
OUTPUT3: 2011.89 -0.323289 -0.413678 -0.214307
OUTPUT3: 2011.9 -0.316187 -0.407598 -0.204316
OUTPUT3: 2011.91 -0.315201 -0.40876 -0.203088
OUTPUT3: 2011.91 -0.312227 -0.405473 -0.200381
OUTPUT3: 2011.91 -0.31242 -0.405735 -0.200413
OUTPUT3: 2011.91 -0.312539 -0.405897 -0.200425
OUTPUT3: 2011.92 -0.329602 -0.423853 -0.216139
OUTPUT3: 2011.92 -0.329913 -0.424182 -0.216441
OUTPUT3: 2011.92 -0.341198 -0.435122 -0.229465
OUTPUT3: 2011.93 -0.365088 -0.460291 -0.253453
OUTPUT3: 2011.94 -0.374043 -0.470972 -0.262906
OUTPUT3: 2011.94 -0.353032 -0.450941 -0.237501
OUTPUT3: 2011.94 -0.350539 -0.448543 -0.234488
OUTPUT3: 2011.95 -0.34561 -0.444131 -0.229365
OUTPUT3: 2011.95 -0.344273 -0.442815 -0.227955
OUTPUT3: 2011.96 -0.334107 -0.433177 -0.217315
OUTPUT3: 2011.96 -0.335933 -0.434948 -0.219605
OUTPUT3: 2011.96 -0.350154 -0.450263 -0.233633
OUTPUT3: 2011.96 -0.349232 -0.449464 -0.232254
OUTPUT3: 2011.97 -0.311619 -0.411611 -0.188592
OUTPUT3: 2011.97 -0.312114 -0.412178 -0.188994
OUTPUT3: 2011.97 -0.334686 -0.434851 -0.215264
OUTPUT3: 2011.97 -0.336518 -0.436674 -0.217477
OUTPUT3: 2011.97 -0.336317 -0.436679 -0.216786
OUTPUT3: 2011.97 -0.332551 -0.4347 -0.208227
OUTPUT3: 2011.97 -0.332557 -0.43471 -0.208227
OUTPUT3: 2011.97 -0.332805 -0.435051 -0.208307
OUTPUT3: 2011.98 -0.343932 -0.445905 -0.222462
OUTPUT3: 2011.98 -0.335918 -0.440004 -0.208575
OUTPUT3: 2011.98 -0.367823 -0.472119 -0.246336
OUTPUT3: 2011.99 -0.379044 -0.485683 -0.252643
OUTPUT3: 2012 -0.369838 -0.4804 -0.237797
OUTPUT3: 2012 -0.376095 -0.486299 -0.247167
OUTPUT3: 2012.01 -0.35804 -0.474953 -0.217408
OUTPUT3: 2012.02 -0.358196 -0.47594 -0.217924
OUTPUT3: 2012.02 -0.362643 -0.480962 -0.222432
OUTPUT3: 2012.02 -0.381276 -0.50126 -0.24355
