This program comes with ABSOLUTELY NO WARRANTY.
This is free software, and you are welcome to redistribute it
under conditions of GPL license.

Looking for /opt/build_psrsoft/workspace/psr-tempo2-build/T2runtime/plugins//clock_linux_plug.t2
Graphical Interface: clock
Author:              G. Hobbs
Version:             version number
 --- type 'h' for help information
clock_plug.C: In the clock plugin
clock_plug.C: pulsar 2 has 57 points
Updating TOA errors using T2EFAC, T2EQUAD and T2GLOBALEFAC
Updating TOA errors using T2EFAC, T2EQUAD and T2GLOBALEFAC
Updating TOA errors using T2EFAC, T2EQUAD and T2GLOBALEFAC
Updating TOA errors using T2EFAC, T2EQUAD and T2GLOBALEFAC
Updating TOA errors using T2EFAC, T2EQUAD and T2GLOBALEFAC
Updating TOA errors using T2EFAC, T2EQUAD and T2GLOBALEFAC
Updating TOA errors using T2EFAC, T2EQUAD and T2GLOBALEFAC
Updating TOA errors using T2EFAC, T2EQUAD and T2GLOBALEFAC
Updating TOA errors using T2EFAC, T2EQUAD and T2GLOBALEFAC
Updating TOA errors using T2EFAC, T2EQUAD and T2GLOBALEFAC
Updating TOA errors using T2EFAC, T2EQUAD and T2GLOBALEFAC
Updating TOA errors using T2EFAC, T2EQUAD and T2GLOBALEFAC
Updating TOA errors using T2EFAC, T2EQUAD and T2GLOBALEFAC
Updating TOA errors using T2EFAC, T2EQUAD and T2GLOBALEFAC
Updating TOA errors using T2EFAC, T2EQUAD and T2GLOBALEFAC
Updating TOA errors using T2EFAC, T2EQUAD and T2GLOBALEFAC
Updating TOA errors using T2EFAC, T2EQUAD and T2GLOBALEFAC
Updating TOA errors using T2EFAC, T2EQUAD and T2GLOBALEFAC
Updating TOA errors using T2EFAC, T2EQUAD and T2GLOBALEFAC
Updating TOA errors using T2EFAC, T2EQUAD and T2GLOBALEFAC
Updating TOA errors using T2EFAC, T2EQUAD and T2GLOBALEFAC
Updating TOA errors using T2EFAC, T2EQUAD and T2GLOBALEFAC
Updating TOA errors using T2EFAC, T2EQUAD and T2GLOBALEFAC
Updating TOA errors using T2EFAC, T2EQUAD and T2GLOBALEFAC
Updating TOA errors using T2EFAC, T2EQUAD and T2GLOBALEFAC
Updating TOA errors using T2EFAC, T2EQUAD and T2GLOBALEFAC
Updating TOA errors using T2EFAC, T2EQUAD and T2GLOBALEFAC
Updating TOA errors using T2EFAC, T2EQUAD and T2GLOBALEFAC
Updating TOA errors using T2EFAC, T2EQUAD and T2GLOBALEFAC
Updating TOA errors using T2EFAC, T2EQUAD and T2GLOBALEFAC
Updating TOA errors using T2EFAC, T2EQUAD and T2GLOBALEFAC
Updating TOA errors using T2EFAC, T2EQUAD and T2GLOBALEFAC
Updating TOA errors using T2EFAC, T2EQUAD and T2GLOBALEFAC
Updating TOA errors using T2EFAC, T2EQUAD and T2GLOBALEFAC
Updating TOA errors using T2EFAC, T2EQUAD and T2GLOBALEFAC
Updating TOA errors using T2EFAC, T2EQUAD and T2GLOBALEFAC
Updating TOA errors using T2EFAC, T2EQUAD and T2GLOBALEFAC
Updating TOA errors using T2EFAC, T2EQUAD and T2GLOBALEFAC
Updating TOA errors using T2EFAC, T2EQUAD and T2GLOBALEFAC
Updating TOA errors using T2EFAC, T2EQUAD and T2GLOBALEFAC
Updating TOA errors using T2EFAC, T2EQUAD and T2GLOBALEFAC
Updating TOA errors using T2EFAC, T2EQUAD and T2GLOBALEFAC
Updating TOA errors using T2EFAC, T2EQUAD and T2GLOBALEFAC
Updating TOA errors using T2EFAC, T2EQUAD and T2GLOBALEFAC
Updating TOA errors using T2EFAC, T2EQUAD and T2GLOBALEFAC
Updating TOA errors using T2EFAC, T2EQUAD and T2GLOBALEFAC
Updating TOA errors using T2EFAC, T2EQUAD and T2GLOBALEFAC
Updating TOA errors using T2EFAC, T2EQUAD and T2GLOBALEFAC
Setting global parameters
Complete setting global parameters
clock_plug.C: Processing again
Step 1
[tempo2Util.C:361] [TROP2] Assume standard atmospheric pressure (no data) for site ncy at MJD 53332.8
[tempo2Util.C:361] [TROP1] Assume zero zenith wet delay (no data) for site ncy  at MJD 53332.8
[tempo2Util.C:365] Warning: [DUP1] duplicated warnings have been suppressed.
[t2fit.C:1310] if: 1 2 1
[t2fit.C:99] NEW fit routine. GlobalFit=true
[t2fit.C:1310] if: 1 2 1
[sortToAs.C:14] Sorting ToAs for psr J0030+0451
[t2fit.C:159] Doing a FULL COVARIANCE MATRIX fit
[cholesky.C:64] Reading Cholesky model 'noise.models' for pulsar J0030+0451
[cholesky.C:174] Reading a Tempo2 MODEL file: noise.models
[cholesky.C:671] Generate covar matrix from powerlaw model (a=2.000000 fc=0.300000 A=6.79851e-28)
[choleskyRoutines.C:542] Generating powerlaw model covariance function. nday=2592 npts=8192
m = 13, n = 8192 9.01091 0.693147 13 13
Here 3
6.37439e-13 5.57558e-13 5.32937e-13 5.27501e-13 5.19443e-13 
5.57558e-13 6.37439e-13 6.0993e-13 6.03708e-13 5.94486e-13 
5.32937e-13 6.0993e-13 6.37439e-13 6.31571e-13 6.21954e-13 
5.27501e-13 6.03708e-13 6.31571e-13 6.37439e-13 6.28371e-13 
5.19443e-13 5.94486e-13 6.21954e-13 6.28371e-13 6.37439e-13 

[t2fit.C:1310] if: 1 2 1
[sortToAs.C:14] Sorting ToAs for psr J0034-0534
[t2fit.C:159] Doing a FULL COVARIANCE MATRIX fit
[cholesky.C:64] Reading Cholesky model 'noise.models' for pulsar J0034-0534
[cholesky.C:174] Reading a Tempo2 MODEL file: noise.models
[cholesky.C:671] Generate covar matrix from powerlaw model (a=4.000000 fc=0.500000 A=9.5249e-26)
[choleskyRoutines.C:542] Generating powerlaw model covariance function. nday=2139 npts=8192
m = 13, n = 8192 9.01091 0.693147 13 13
Here 3
7.45003e-11 7.40041e-11 6.0548e-11 5.58936e-11 3.75865e-11 
7.40041e-11 7.45003e-11 6.36911e-11 5.91653e-11 4.04721e-11 
6.0548e-11 6.36911e-11 7.45003e-11 7.35216e-11 5.82326e-11 
5.58936e-11 5.91653e-11 7.35216e-11 7.45003e-11 6.28053e-11 
3.75865e-11 4.04721e-11 5.82326e-11 6.28053e-11 7.45003e-11 

[t2fit.C:1310] if: 1 2 1
[sortToAs.C:14] Sorting ToAs for psr J0218+4232
[t2fit.C:159] Doing a FULL COVARIANCE MATRIX fit
[cholesky.C:64] Reading Cholesky model 'noise.models' for pulsar J0218+4232
[cholesky.C:174] Reading a Tempo2 MODEL file: noise.models
[cholesky.C:671] Generate covar matrix from powerlaw model (a=4.000000 fc=0.600000 A=2.41121e-26)
[choleskyRoutines.C:542] Generating powerlaw model covariance function. nday=5554 npts=16384
m = 14, n = 16384 9.70406 0.693147 14 14
Here 3
2.26315e-11 3.49311e-12 2.32879e-14 2.3284e-14 2.06172e-14 
3.49311e-12 2.26315e-11 4.40262e-13 4.40194e-13 3.92244e-13 
2.32879e-14 4.40262e-13 2.26315e-11 2.26315e-11 2.2443e-11 
2.3284e-14 4.40194e-13 2.26315e-11 2.26315e-11 2.24435e-11 
2.06172e-14 3.92244e-13 2.2443e-11 2.24435e-11 2.26315e-11 

[t2fit.C:1310] if: 1 2 1
[sortToAs.C:14] Sorting ToAs for psr J0437-4715
[t2fit.C:159] Doing a FULL COVARIANCE MATRIX fit
[cholesky.C:64] Reading Cholesky model 'noise.models' for pulsar J0437-4715
[cholesky.C:174] Reading a Tempo2 MODEL file: noise.models
[cholesky.C:671] Generate covar matrix from powerlaw model (a=3.000000 fc=0.067300 A=1.14e-27)
[choleskyRoutines.C:542] Generating powerlaw model covariance function. nday=5429 npts=16384
m = 14, n = 16384 9.70406 0.693147 14 14
Here 3
[cholesky.C:646] Warning: cholesky DM model currently ignores ref_freq
[cholesky.C:671] Generate covar matrix from powerlaw model (a=2.666667 fc=0.067278 A=4.48531e-27)
[choleskyRoutines.C:542] Generating powerlaw model covariance function. nday=5429 npts=16384
m = 14, n = 16384 9.70406 0.693147 14 14
Here 3
8.26124e-13 8.26123e-13 8.26118e-13 8.26073e-13 8.26072e-13 
8.26123e-13 8.26124e-13 8.26118e-13 8.26074e-13 8.26073e-13 
8.26118e-13 8.26118e-13 8.26124e-13 8.26088e-13 8.26087e-13 
8.26073e-13 8.26074e-13 8.26088e-13 8.26124e-13 8.26124e-13 
8.26072e-13 8.26073e-13 8.26087e-13 8.26124e-13 8.26124e-13 

[t2fit.C:1310] if: 1 2 1
[sortToAs.C:14] Sorting ToAs for psr J0610-2100
[t2fit.C:159] Doing a FULL COVARIANCE MATRIX fit
[cholesky.C:64] Reading Cholesky model 'noise.models' for pulsar J0610-2100
[cholesky.C:174] Reading a Tempo2 MODEL file: noise.models
[cholesky.C:671] Generate covar matrix from powerlaw model (a=3.000000 fc=0.400000 A=3.04161e-27)
[choleskyRoutines.C:542] Generating powerlaw model covariance function. nday=1656 npts=4096
m = 12, n = 4096 8.31777 0.693147 12 12
Here 3
2.42326e-12 2.41306e-12 2.41303e-12 2.41299e-12 2.40115e-12 
2.41306e-12 2.42326e-12 2.42326e-12 2.42325e-12 2.41941e-12 
2.41303e-12 2.42326e-12 2.42326e-12 2.42326e-12 2.41943e-12 
2.41299e-12 2.42325e-12 2.42326e-12 2.42326e-12 2.41946e-12 
2.40115e-12 2.41941e-12 2.41943e-12 2.41946e-12 2.42326e-12 

[t2fit.C:1310] if: 1 2 1
[sortToAs.C:14] Sorting ToAs for psr J0613-0200
[t2fit.C:159] Doing a FULL COVARIANCE MATRIX fit
[cholesky.C:64] Reading Cholesky model 'noise.models' for pulsar J0613-0200
[cholesky.C:174] Reading a Tempo2 MODEL file: noise.models
[cholesky.C:671] Generate covar matrix from powerlaw model (a=3.000000 fc=0.200000 A=9.89339e-27)
[choleskyRoutines.C:542] Generating powerlaw model covariance function. nday=4996 npts=16384
m = 14, n = 16384 9.70406 0.693147 14 14
Here 3
3.94106e-12 3.94106e-12 3.55462e-12 3.40378e-12 2.70677e-12 
3.94106e-12 3.94106e-12 3.55471e-12 3.40388e-12 2.70687e-12 
3.55462e-12 3.55471e-12 3.94106e-12 3.89536e-12 3.31787e-12 
3.40378e-12 3.40388e-12 3.89536e-12 3.94106e-12 3.47263e-12 
2.70677e-12 2.70687e-12 3.31787e-12 3.47263e-12 3.94106e-12 

[t2fit.C:1310] if: 1 2 1
[sortToAs.C:14] Sorting ToAs for psr J0621+1002
[t2fit.C:159] Doing a FULL COVARIANCE MATRIX fit
[cholesky.C:64] Reading Cholesky model 'noise.models' for pulsar J0621+1002
[cholesky.C:174] Reading a Tempo2 MODEL file: noise.models
[cholesky.C:671] Generate covar matrix from powerlaw model (a=4.000000 fc=0.800000 A=3.4345e-25)
[choleskyRoutines.C:542] Generating powerlaw model covariance function. nday=5229 npts=16384
m = 14, n = 16384 9.70406 0.693147 14 14
Here 3
4.29815e-10 4.29776e-10 4.29776e-10 3.80798e-10 2.3444e-10 
4.29776e-10 4.29815e-10 4.29814e-10 3.82612e-10 2.36305e-10 
4.29776e-10 4.29814e-10 4.29815e-10 3.82652e-10 2.36346e-10 
3.80798e-10 3.82612e-10 3.82652e-10 4.29815e-10 3.22356e-10 
2.3444e-10 2.36305e-10 2.36346e-10 3.22356e-10 4.29815e-10 

[t2fit.C:1310] if: 1 2 1
[sortToAs.C:14] Sorting ToAs for psr J0711-6830
[t2fit.C:159] Doing a FULL COVARIANCE MATRIX fit
[cholesky.C:64] Reading Cholesky model 'noise.models' for pulsar J0711-6830
[cholesky.C:174] Reading a Tempo2 MODEL file: noise.models
[cholesky.C:671] Generate covar matrix from powerlaw model (a=2.500000 fc=0.600000 A=1.03113e-27)
[choleskyRoutines.C:542] Generating powerlaw model covariance function. nday=6031 npts=16384
m = 14, n = 16384 9.70406 0.693147 14 14
Here 3
1.47627e-12 5.0135e-13 4.7287e-13 8.33149e-14 8.10963e-14 
5.0135e-13 1.47627e-12 1.44744e-12 3.18015e-13 3.09871e-13 
4.7287e-13 1.44744e-12 1.47627e-12 3.37679e-13 3.29061e-13 
8.33149e-14 3.18015e-13 3.37679e-13 1.47627e-12 1.46753e-12 
8.10963e-14 3.09871e-13 3.29061e-13 1.46753e-12 1.47627e-12 

[t2fit.C:1310] if: 1 2 1
[sortToAs.C:14] Sorting ToAs for psr J0751+1807
[t2fit.C:159] Doing a FULL COVARIANCE MATRIX fit
[cholesky.C:64] Reading Cholesky model 'noise.models' for pulsar J0751+1807
[cholesky.C:174] Reading a Tempo2 MODEL file: noise.models
[cholesky.C:671] Generate covar matrix from powerlaw model (a=6.000000 fc=0.600000 A=4.84735e-27)
[choleskyRoutines.C:542] Generating powerlaw model covariance function. nday=5559 npts=16384
m = 14, n = 16384 9.70406 0.693147 14 14
Here 3
3.41228e-12 2.93973e-12 2.93065e-12 2.92905e-12 2.92254e-12 
2.93973e-12 3.41228e-12 3.41221e-12 3.41218e-12 3.41204e-12 
2.93065e-12 3.41221e-12 3.41228e-12 3.41227e-12 3.41222e-12 
2.92905e-12 3.41218e-12 3.41227e-12 3.41228e-12 3.41223e-12 
2.92254e-12 3.41204e-12 3.41222e-12 3.41223e-12 3.41228e-12 

[t2fit.C:1310] if: 1 2 1
[sortToAs.C:14] Sorting ToAs for psr J0900-3144
[t2fit.C:159] Doing a FULL COVARIANCE MATRIX fit
[cholesky.C:64] Reading Cholesky model 'noise.models' for pulsar J0900-3144
[cholesky.C:174] Reading a Tempo2 MODEL file: noise.models
[cholesky.C:671] Generate covar matrix from powerlaw model (a=2.000000 fc=0.200000 A=5.0048e-27)
[choleskyRoutines.C:542] Generating powerlaw model covariance function. nday=1638 npts=4096
m = 12, n = 4096 8.31777 0.693147 12 12
Here 3
3.12948e-12 3.10977e-12 3.0996e-12 3.05731e-12 3.02579e-12 
3.10977e-12 3.12948e-12 3.12146e-12 3.07876e-12 3.04701e-12 
3.0996e-12 3.12146e-12 3.12948e-12 3.08895e-12 3.05715e-12 
3.05731e-12 3.07876e-12 3.08895e-12 3.12948e-12 3.09943e-12 
3.02579e-12 3.04701e-12 3.05715e-12 3.09943e-12 3.12948e-12 

[t2fit.C:1310] if: 1 2 1
[sortToAs.C:14] Sorting ToAs for psr J1012+5307
[t2fit.C:159] Doing a FULL COVARIANCE MATRIX fit
[cholesky.C:64] Reading Cholesky model 'noise.models' for pulsar J1012+5307
[cholesky.C:174] Reading a Tempo2 MODEL file: noise.models
[cholesky.C:671] Generate covar matrix from powerlaw model (a=4.000000 fc=1.000000 A=1.02144e-27)
[choleskyRoutines.C:542] Generating powerlaw model covariance function. nday=5277 npts=16384
m = 14, n = 16384 9.70406 0.693147 14 14
Here 3
1.59787e-12 1.59786e-12 1.29088e-12 1.29057e-12 3.93809e-13 
1.59786e-12 1.59787e-12 1.29105e-12 1.29074e-12 3.93895e-13 
1.29088e-12 1.29105e-12 1.59787e-12 1.59786e-12 6.88695e-13 
1.29057e-12 1.29074e-12 1.59786e-12 1.59787e-12 6.88944e-13 
3.93809e-13 3.93895e-13 6.88695e-13 6.88944e-13 1.59787e-12 

[t2fit.C:1310] if: 1 2 1
[sortToAs.C:14] Sorting ToAs for psr J1022+1001
[t2fit.C:159] Doing a FULL COVARIANCE MATRIX fit
[cholesky.C:64] Reading Cholesky model 'noise.models' for pulsar J1022+1001
[cholesky.C:174] Reading a Tempo2 MODEL file: noise.models
[cholesky.C:671] Generate covar matrix from powerlaw model (a=6.000000 fc=1.000000 A=2.295e-27)
[choleskyRoutines.C:542] Generating powerlaw model covariance function. nday=5563 npts=16384
m = 14, n = 16384 9.70406 0.693147 14 14
Here 3
2.6926e-12 1.81597e-12 1.81455e-12 1.81408e-12 1.81383e-12 
1.81597e-12 2.6926e-12 2.69258e-12 2.69258e-12 2.69258e-12 
1.81455e-12 2.69258e-12 2.6926e-12 2.69259e-12 2.69259e-12 
1.81408e-12 2.69258e-12 2.69259e-12 2.6926e-12 2.6926e-12 
1.81383e-12 2.69258e-12 2.69259e-12 2.6926e-12 2.6926e-12 

[t2fit.C:1310] if: 1 2 1
[sortToAs.C:14] Sorting ToAs for psr J1024-0719
[t2fit.C:159] Doing a FULL COVARIANCE MATRIX fit
[cholesky.C:64] Reading Cholesky model 'noise.models' for pulsar J1024-0719
[cholesky.C:174] Reading a Tempo2 MODEL file: noise.models
[cholesky.C:671] Generate covar matrix from powerlaw model (a=4.000000 fc=0.070000 A=6.70908e-24)
[choleskyRoutines.C:542] Generating powerlaw model covariance function. nday=5805 npts=16384
m = 14, n = 16384 9.70406 0.693147 14 14
Here 3
7.34664e-10 7.34336e-10 7.34336e-10 7.31918e-10 7.2717e-10 
7.34336e-10 7.34664e-10 7.34664e-10 7.3344e-10 7.29783e-10 
7.34336e-10 7.34664e-10 7.34664e-10 7.3344e-10 7.29783e-10 
7.31918e-10 7.3344e-10 7.3344e-10 7.34664e-10 7.33349e-10 
7.2717e-10 7.29783e-10 7.29783e-10 7.33349e-10 7.34664e-10 

[t2fit.C:1310] if: 1 2 1
[sortToAs.C:14] Sorting ToAs for psr J1045-4509
[t2fit.C:159] Doing a FULL COVARIANCE MATRIX fit
[cholesky.C:64] Reading Cholesky model 'noise.models' for pulsar J1045-4509
[cholesky.C:174] Reading a Tempo2 MODEL file: noise.models
[cholesky.C:671] Generate covar matrix from powerlaw model (a=3.000000 fc=0.058700 A=2e-24)
[choleskyRoutines.C:542] Generating powerlaw model covariance function. nday=6215 npts=16384
m = 14, n = 16384 9.70406 0.693147 14 14
Here 3
In DMCovarParam function
DMCovarParam: 1.668e-11
DMCovarParam: 1.66795e-11
DMCovarParam: 1.66779e-11
DMCovarParam: 1.66753e-11
DMCovarParam: 1.66717e-11
DMCovarParam: 1.6667e-11
DMCovarParam: 1.66613e-11
DMCovarParam: 1.66545e-11
DMCovarParam: 1.66467e-11
DMCovarParam: 1.66379e-11
DMCovarParam: 1.6628e-11
DMCovarParam: 1.66171e-11
DMCovarParam: 1.66052e-11
DMCovarParam: 1.65923e-11
DMCovarParam: 1.65783e-11
DMCovarParam: 1.65633e-11
DMCovarParam: 1.65473e-11
DMCovarParam: 1.65302e-11
DMCovarParam: 1.65122e-11
DMCovarParam: 1.64931e-11
DMCovarParam: 1.64731e-11
DMCovarParam: 1.6452e-11
DMCovarParam: 1.64299e-11
DMCovarParam: 1.64069e-11
DMCovarParam: 1.63828e-11
DMCovarParam: 1.63578e-11
DMCovarParam: 1.63318e-11
DMCovarParam: 1.63048e-11
DMCovarParam: 1.62768e-11
DMCovarParam: 1.62479e-11
DMCovarParam: 1.6218e-11
DMCovarParam: 1.61871e-11
DMCovarParam: 1.61554e-11
DMCovarParam: 1.61226e-11
DMCovarParam: 1.60889e-11
DMCovarParam: 1.60543e-11
DMCovarParam: 1.60188e-11
DMCovarParam: 1.59823e-11
DMCovarParam: 1.5945e-11
DMCovarParam: 1.59067e-11
DMCovarParam: 1.58675e-11
DMCovarParam: 1.58275e-11
DMCovarParam: 1.57865e-11
DMCovarParam: 1.57447e-11
DMCovarParam: 1.5702e-11
DMCovarParam: 1.56584e-11
DMCovarParam: 1.5614e-11
DMCovarParam: 1.55688e-11
DMCovarParam: 1.55227e-11
DMCovarParam: 1.54758e-11
DMCovarParam: 1.5428e-11
DMCovarParam: 1.53795e-11
DMCovarParam: 1.53301e-11
DMCovarParam: 1.52799e-11
DMCovarParam: 1.5229e-11
DMCovarParam: 1.51773e-11
DMCovarParam: 1.51248e-11
DMCovarParam: 1.50716e-11
DMCovarParam: 1.50176e-11
DMCovarParam: 1.49628e-11
DMCovarParam: 1.49073e-11
DMCovarParam: 1.48512e-11
DMCovarParam: 1.47943e-11
DMCovarParam: 1.47367e-11
DMCovarParam: 1.46784e-11
DMCovarParam: 1.46194e-11
DMCovarParam: 1.45597e-11
DMCovarParam: 1.44994e-11
DMCovarParam: 1.44385e-11
DMCovarParam: 1.43769e-11
DMCovarParam: 1.43146e-11
DMCovarParam: 1.42518e-11
DMCovarParam: 1.41883e-11
DMCovarParam: 1.41242e-11
DMCovarParam: 1.40596e-11
DMCovarParam: 1.39944e-11
DMCovarParam: 1.39286e-11
DMCovarParam: 1.38622e-11
DMCovarParam: 1.37953e-11
DMCovarParam: 1.37279e-11
DMCovarParam: 1.36599e-11
DMCovarParam: 1.35915e-11
DMCovarParam: 1.35225e-11
DMCovarParam: 1.3453e-11
DMCovarParam: 1.33831e-11
DMCovarParam: 1.33127e-11
DMCovarParam: 1.32418e-11
DMCovarParam: 1.31705e-11
DMCovarParam: 1.30988e-11
DMCovarParam: 1.30266e-11
DMCovarParam: 1.29541e-11
DMCovarParam: 1.28811e-11
DMCovarParam: 1.28077e-11
DMCovarParam: 1.2734e-11
DMCovarParam: 1.26599e-11
DMCovarParam: 1.25854e-11
DMCovarParam: 1.25106e-11
DMCovarParam: 1.24355e-11
DMCovarParam: 1.236e-11
DMCovarParam: 1.22843e-11
DMCovarParam: 1.22082e-11
DMCovarParam: 1.21319e-11
DMCovarParam: 1.20553e-11
DMCovarParam: 1.19784e-11
DMCovarParam: 1.19012e-11
DMCovarParam: 1.18239e-11
DMCovarParam: 1.17463e-11
DMCovarParam: 1.16684e-11
DMCovarParam: 1.15904e-11
DMCovarParam: 1.15122e-11
DMCovarParam: 1.14337e-11
DMCovarParam: 1.13552e-11
DMCovarParam: 1.12764e-11
DMCovarParam: 1.11975e-11
DMCovarParam: 1.11184e-11
DMCovarParam: 1.10393e-11
DMCovarParam: 1.096e-11
DMCovarParam: 1.08805e-11
DMCovarParam: 1.0801e-11
DMCovarParam: 1.07214e-11
DMCovarParam: 1.06418e-11
DMCovarParam: 1.0562e-11
DMCovarParam: 1.04822e-11
DMCovarParam: 1.04024e-11
DMCovarParam: 1.03225e-11
DMCovarParam: 1.02426e-11
DMCovarParam: 1.01627e-11
DMCovarParam: 1.00827e-11
DMCovarParam: 1.00028e-11
DMCovarParam: 9.92289e-12
DMCovarParam: 9.84301e-12
DMCovarParam: 9.76315e-12
DMCovarParam: 9.68334e-12
DMCovarParam: 9.60359e-12
DMCovarParam: 9.52389e-12
DMCovarParam: 9.44427e-12
DMCovarParam: 9.36473e-12
DMCovarParam: 9.28527e-12
DMCovarParam: 9.20592e-12
DMCovarParam: 9.12668e-12
DMCovarParam: 9.04755e-12
DMCovarParam: 8.96855e-12
DMCovarParam: 8.88969e-12
DMCovarParam: 8.81096e-12
DMCovarParam: 8.73239e-12
DMCovarParam: 8.65398e-12
DMCovarParam: 8.57574e-12
DMCovarParam: 8.49768e-12
DMCovarParam: 8.4198e-12
DMCovarParam: 8.34212e-12
DMCovarParam: 8.26463e-12
DMCovarParam: 8.18736e-12
DMCovarParam: 8.1103e-12
DMCovarParam: 8.03346e-12
DMCovarParam: 7.95685e-12
DMCovarParam: 7.88049e-12
DMCovarParam: 7.80437e-12
DMCovarParam: 7.7285e-12
DMCovarParam: 7.65289e-12
DMCovarParam: 7.57755e-12
DMCovarParam: 7.50248e-12
DMCovarParam: 7.4277e-12
DMCovarParam: 7.35319e-12
DMCovarParam: 7.27899e-12
DMCovarParam: 7.20508e-12
DMCovarParam: 7.13147e-12
DMCovarParam: 7.05818e-12
DMCovarParam: 6.98521e-12
DMCovarParam: 6.91255e-12
DMCovarParam: 6.84023e-12
DMCovarParam: 6.76824e-12
DMCovarParam: 6.69659e-12
DMCovarParam: 6.62529e-12
DMCovarParam: 6.55433e-12
DMCovarParam: 6.48373e-12
DMCovarParam: 6.41349e-12
DMCovarParam: 6.34362e-12
DMCovarParam: 6.27411e-12
DMCovarParam: 6.20498e-12
DMCovarParam: 6.13623e-12
DMCovarParam: 6.06786e-12
DMCovarParam: 5.99988e-12
DMCovarParam: 5.93229e-12
DMCovarParam: 5.86509e-12
DMCovarParam: 5.7983e-12
DMCovarParam: 5.7319e-12
DMCovarParam: 5.66592e-12
DMCovarParam: 5.60034e-12
DMCovarParam: 5.53518e-12
DMCovarParam: 5.47043e-12
DMCovarParam: 5.40611e-12
DMCovarParam: 5.3422e-12
DMCovarParam: 5.27872e-12
DMCovarParam: 5.21568e-12
DMCovarParam: 5.15306e-12
DMCovarParam: 5.09087e-12
DMCovarParam: 5.02913e-12
DMCovarParam: 4.96782e-12
DMCovarParam: 4.90695e-12
DMCovarParam: 4.84653e-12
DMCovarParam: 4.78655e-12
DMCovarParam: 4.72702e-12
DMCovarParam: 4.66794e-12
DMCovarParam: 4.6093e-12
DMCovarParam: 4.55113e-12
DMCovarParam: 4.4934e-12
DMCovarParam: 4.43613e-12
DMCovarParam: 4.37932e-12
DMCovarParam: 4.32296e-12
DMCovarParam: 4.26706e-12
DMCovarParam: 4.21163e-12
DMCovarParam: 4.15665e-12
DMCovarParam: 4.10214e-12
DMCovarParam: 4.04808e-12
DMCovarParam: 3.99449e-12
DMCovarParam: 3.94137e-12
DMCovarParam: 3.8887e-12
DMCovarParam: 3.83651e-12
DMCovarParam: 3.78477e-12
DMCovarParam: 3.7335e-12
DMCovarParam: 3.6827e-12
DMCovarParam: 3.63236e-12
DMCovarParam: 3.58248e-12
DMCovarParam: 3.53307e-12
DMCovarParam: 3.48412e-12
DMCovarParam: 3.43564e-12
DMCovarParam: 3.38762e-12
DMCovarParam: 3.34006e-12
DMCovarParam: 3.29297e-12
DMCovarParam: 3.24633e-12
DMCovarParam: 3.20016e-12
DMCovarParam: 3.15445e-12
DMCovarParam: 3.10919e-12
DMCovarParam: 3.06439e-12
DMCovarParam: 3.02005e-12
DMCovarParam: 2.97617e-12
DMCovarParam: 2.93274e-12
DMCovarParam: 2.88977e-12
DMCovarParam: 2.84724e-12
DMCovarParam: 2.80517e-12
DMCovarParam: 2.76354e-12
DMCovarParam: 2.72237e-12
DMCovarParam: 2.68164e-12
DMCovarParam: 2.64135e-12
DMCovarParam: 2.60151e-12
DMCovarParam: 2.56211e-12
DMCovarParam: 2.52314e-12
DMCovarParam: 2.48462e-12
DMCovarParam: 2.44653e-12
DMCovarParam: 2.40887e-12
DMCovarParam: 2.37165e-12
DMCovarParam: 2.33485e-12
DMCovarParam: 2.29848e-12
DMCovarParam: 2.26254e-12
DMCovarParam: 2.22702e-12
DMCovarParam: 2.19192e-12
DMCovarParam: 2.15724e-12
DMCovarParam: 2.12298e-12
DMCovarParam: 2.08913e-12
DMCovarParam: 2.05569e-12
DMCovarParam: 2.02266e-12
DMCovarParam: 1.99004e-12
DMCovarParam: 1.95782e-12
DMCovarParam: 1.926e-12
DMCovarParam: 1.89458e-12
DMCovarParam: 1.86356e-12
DMCovarParam: 1.83293e-12
DMCovarParam: 1.80269e-12
DMCovarParam: 1.77284e-12
DMCovarParam: 1.74337e-12
DMCovarParam: 1.71429e-12
DMCovarParam: 1.68559e-12
DMCovarParam: 1.65727e-12
DMCovarParam: 1.62931e-12
DMCovarParam: 1.60174e-12
DMCovarParam: 1.57452e-12
DMCovarParam: 1.54768e-12
DMCovarParam: 1.5212e-12
DMCovarParam: 1.49507e-12
DMCovarParam: 1.46931e-12
DMCovarParam: 1.4439e-12
DMCovarParam: 1.41884e-12
DMCovarParam: 1.39412e-12
DMCovarParam: 1.36975e-12
DMCovarParam: 1.34573e-12
DMCovarParam: 1.32204e-12
DMCovarParam: 1.29869e-12
DMCovarParam: 1.27567e-12
DMCovarParam: 1.25298e-12
DMCovarParam: 1.23062e-12
DMCovarParam: 1.20858e-12
DMCovarParam: 1.18686e-12
DMCovarParam: 1.16546e-12
DMCovarParam: 1.14438e-12
DMCovarParam: 1.1236e-12
DMCovarParam: 1.10314e-12
DMCovarParam: 1.08298e-12
DMCovarParam: 1.06312e-12
DMCovarParam: 1.04356e-12
DMCovarParam: 1.02429e-12
DMCovarParam: 1.00532e-12
DMCovarParam: 9.86642e-13
DMCovarParam: 9.68247e-13
DMCovarParam: 9.50137e-13
DMCovarParam: 9.32306e-13
DMCovarParam: 9.14753e-13
DMCovarParam: 8.97475e-13
DMCovarParam: 8.80468e-13
DMCovarParam: 8.63729e-13
DMCovarParam: 8.47256e-13
DMCovarParam: 8.31045e-13
DMCovarParam: 8.15093e-13
DMCovarParam: 7.99397e-13
DMCovarParam: 7.83955e-13
DMCovarParam: 7.68763e-13
DMCovarParam: 7.53819e-13
DMCovarParam: 7.39119e-13
DMCovarParam: 7.2466e-13
DMCovarParam: 7.1044e-13
DMCovarParam: 6.96455e-13
DMCovarParam: 6.82703e-13
DMCovarParam: 6.69181e-13
DMCovarParam: 6.55886e-13
DMCovarParam: 6.42815e-13
DMCovarParam: 6.29964e-13
DMCovarParam: 6.17333e-13
DMCovarParam: 6.04916e-13
DMCovarParam: 5.92713e-13
DMCovarParam: 5.80719e-13
DMCovarParam: 5.68933e-13
DMCovarParam: 5.57351e-13
DMCovarParam: 5.45971e-13
DMCovarParam: 5.3479e-13
DMCovarParam: 5.23805e-13
DMCovarParam: 5.13013e-13
DMCovarParam: 5.02413e-13
DMCovarParam: 4.92001e-13
DMCovarParam: 4.81774e-13
DMCovarParam: 4.71731e-13
DMCovarParam: 4.61868e-13
DMCovarParam: 4.52184e-13
DMCovarParam: 4.42674e-13
DMCovarParam: 4.33338e-13
DMCovarParam: 4.24172e-13
DMCovarParam: 4.15174e-13
DMCovarParam: 4.06342e-13
DMCovarParam: 3.97672e-13
DMCovarParam: 3.89163e-13
DMCovarParam: 3.80813e-13
DMCovarParam: 3.72618e-13
DMCovarParam: 3.64578e-13
DMCovarParam: 3.56688e-13
DMCovarParam: 3.48947e-13
DMCovarParam: 3.41353e-13
DMCovarParam: 3.33903e-13
DMCovarParam: 3.26596e-13
DMCovarParam: 3.19429e-13
DMCovarParam: 3.12399e-13
DMCovarParam: 3.05505e-13
DMCovarParam: 2.98744e-13
DMCovarParam: 2.92115e-13
DMCovarParam: 2.85615e-13
DMCovarParam: 2.79243e-13
DMCovarParam: 2.72995e-13
DMCovarParam: 2.66871e-13
DMCovarParam: 2.60867e-13
DMCovarParam: 2.54983e-13
DMCovarParam: 2.49216e-13
DMCovarParam: 2.43564e-13
DMCovarParam: 2.38026e-13
DMCovarParam: 2.32599e-13
DMCovarParam: 2.27281e-13
DMCovarParam: 2.22071e-13
DMCovarParam: 2.16968e-13
DMCovarParam: 2.11968e-13
DMCovarParam: 2.0707e-13
DMCovarParam: 2.02273e-13
DMCovarParam: 1.97575e-13
DMCovarParam: 1.92974e-13
DMCovarParam: 1.88468e-13
DMCovarParam: 1.84056e-13
DMCovarParam: 1.79736e-13
DMCovarParam: 1.75506e-13
DMCovarParam: 1.71366e-13
DMCovarParam: 1.67312e-13
DMCovarParam: 1.63345e-13
DMCovarParam: 1.59461e-13
DMCovarParam: 1.5566e-13
DMCovarParam: 1.5194e-13
DMCovarParam: 1.483e-13
DMCovarParam: 1.44738e-13
DMCovarParam: 1.41252e-13
DMCovarParam: 1.37842e-13
DMCovarParam: 1.34506e-13
DMCovarParam: 1.31243e-13
DMCovarParam: 1.2805e-13
DMCovarParam: 1.24928e-13
DMCovarParam: 1.21874e-13
DMCovarParam: 1.18887e-13
DMCovarParam: 1.15966e-13
DMCovarParam: 1.1311e-13
DMCovarParam: 1.10318e-13
DMCovarParam: 1.07587e-13
DMCovarParam: 1.04918e-13
DMCovarParam: 1.02308e-13
DMCovarParam: 9.97576e-14
DMCovarParam: 9.72643e-14
DMCovarParam: 9.48274e-14
DMCovarParam: 9.24458e-14
DMCovarParam: 9.01183e-14
DMCovarParam: 8.7844e-14
DMCovarParam: 8.56217e-14
DMCovarParam: 8.34505e-14
DMCovarParam: 8.13292e-14
DMCovarParam: 7.92569e-14
DMCovarParam: 7.72326e-14
DMCovarParam: 7.52553e-14
DMCovarParam: 7.3324e-14
DMCovarParam: 7.14378e-14
DMCovarParam: 6.95958e-14
DMCovarParam: 6.77971e-14
DMCovarParam: 6.60407e-14
DMCovarParam: 6.43259e-14
DMCovarParam: 6.26516e-14
DMCovarParam: 6.10171e-14
DMCovarParam: 5.94216e-14
DMCovarParam: 5.78641e-14
DMCovarParam: 5.6344e-14
DMCovarParam: 5.48603e-14
DMCovarParam: 5.34124e-14
DMCovarParam: 5.19995e-14
DMCovarParam: 5.06208e-14
DMCovarParam: 4.92756e-14
DMCovarParam: 4.79631e-14
DMCovarParam: 4.66827e-14
DMCovarParam: 4.54336e-14
DMCovarParam: 4.42151e-14
DMCovarParam: 4.30267e-14
DMCovarParam: 4.18676e-14
DMCovarParam: 4.07372e-14
DMCovarParam: 3.96348e-14
DMCovarParam: 3.85598e-14
DMCovarParam: 3.75117e-14
DMCovarParam: 3.64898e-14
DMCovarParam: 3.54935e-14
DMCovarParam: 3.45222e-14
DMCovarParam: 3.35754e-14
DMCovarParam: 3.26526e-14
DMCovarParam: 3.17531e-14
DMCovarParam: 3.08765e-14
DMCovarParam: 3.00222e-14
DMCovarParam: 2.91898e-14
DMCovarParam: 2.83786e-14
DMCovarParam: 2.75883e-14
DMCovarParam: 2.68183e-14
DMCovarParam: 2.60681e-14
DMCovarParam: 2.53374e-14
DMCovarParam: 2.46256e-14
DMCovarParam: 2.39323e-14
DMCovarParam: 2.32571e-14
DMCovarParam: 2.25995e-14
DMCovarParam: 2.19591e-14
DMCovarParam: 2.13356e-14
DMCovarParam: 2.07284e-14
DMCovarParam: 2.01373e-14
DMCovarParam: 1.95618e-14
DMCovarParam: 1.90016e-14
DMCovarParam: 1.84563e-14
DMCovarParam: 1.79255e-14
DMCovarParam: 1.74089e-14
DMCovarParam: 1.69061e-14
DMCovarParam: 1.64168e-14
DMCovarParam: 1.59407e-14
DMCovarParam: 1.54774e-14
DMCovarParam: 1.50266e-14
DMCovarParam: 1.45881e-14
DMCovarParam: 1.41615e-14
DMCovarParam: 1.37465e-14
DMCovarParam: 1.33428e-14
DMCovarParam: 1.29502e-14
DMCovarParam: 1.25683e-14
DMCovarParam: 1.2197e-14
DMCovarParam: 1.18358e-14
DMCovarParam: 1.14847e-14
DMCovarParam: 1.11432e-14
DMCovarParam: 1.08113e-14
DMCovarParam: 1.04886e-14
DMCovarParam: 1.01748e-14
DMCovarParam: 9.86989e-15
DMCovarParam: 9.57348e-15
DMCovarParam: 9.28539e-15
DMCovarParam: 9.0054e-15
DMCovarParam: 8.73332e-15
DMCovarParam: 8.46892e-15
DMCovarParam: 8.21202e-15
DMCovarParam: 7.96242e-15
DMCovarParam: 7.71991e-15
DMCovarParam: 7.48433e-15
DMCovarParam: 7.25549e-15
DMCovarParam: 7.0332e-15
DMCovarParam: 6.81729e-15
DMCovarParam: 6.60761e-15
DMCovarParam: 6.40397e-15
DMCovarParam: 6.20622e-15
DMCovarParam: 6.0142e-15
DMCovarParam: 5.82776e-15
DMCovarParam: 5.64674e-15
DMCovarParam: 5.47101e-15
DMCovarParam: 5.30041e-15
DMCovarParam: 5.13482e-15
DMCovarParam: 4.97409e-15
DMCovarParam: 4.81808e-15
DMCovarParam: 4.66668e-15
DMCovarParam: 4.51976e-15
DMCovarParam: 4.37718e-15
DMCovarParam: 4.23884e-15
DMCovarParam: 4.10462e-15
DMCovarParam: 3.9744e-15
DMCovarParam: 3.84806e-15
DMCovarParam: 3.72552e-15
DMCovarParam: 3.60665e-15
DMCovarParam: 3.49135e-15
DMCovarParam: 3.37953e-15
DMCovarParam: 3.27109e-15
DMCovarParam: 3.16593e-15
DMCovarParam: 3.06395e-15
DMCovarParam: 2.96508e-15
DMCovarParam: 2.86922e-15
DMCovarParam: 2.77628e-15
DMCovarParam: 2.68619e-15
DMCovarParam: 2.59886e-15
DMCovarParam: 2.51421e-15
DMCovarParam: 2.43217e-15
DMCovarParam: 2.35266e-15
DMCovarParam: 2.2756e-15
DMCovarParam: 2.20093e-15
DMCovarParam: 2.12858e-15
DMCovarParam: 2.05848e-15
DMCovarParam: 1.99056e-15
DMCovarParam: 1.92476e-15
DMCovarParam: 1.86102e-15
DMCovarParam: 1.79928e-15
DMCovarParam: 1.73948e-15
DMCovarParam: 1.68156e-15
DMCovarParam: 1.62547e-15
DMCovarParam: 1.57116e-15
DMCovarParam: 1.51856e-15
DMCovarParam: 1.46763e-15
DMCovarParam: 1.41832e-15
DMCovarParam: 1.37058e-15
DMCovarParam: 1.32437e-15
DMCovarParam: 1.27963e-15
DMCovarParam: 1.23633e-15
DMCovarParam: 1.19442e-15
DMCovarParam: 1.15386e-15
DMCovarParam: 1.11461e-15
DMCovarParam: 1.07662e-15
DMCovarParam: 1.03986e-15
DMCovarParam: 1.0043e-15
DMCovarParam: 9.69892e-16
DMCovarParam: 9.36605e-16
DMCovarParam: 9.04403e-16
DMCovarParam: 8.73253e-16
DMCovarParam: 8.43124e-16
DMCovarParam: 8.13984e-16
DMCovarParam: 7.85802e-16
DMCovarParam: 7.58548e-16
DMCovarParam: 7.32194e-16
DMCovarParam: 7.06711e-16
DMCovarParam: 6.82073e-16
DMCovarParam: 6.58252e-16
DMCovarParam: 6.35224e-16
DMCovarParam: 6.12963e-16
DMCovarParam: 5.91445e-16
DMCovarParam: 5.70647e-16
DMCovarParam: 5.50546e-16
DMCovarParam: 5.3112e-16
DMCovarParam: 5.12347e-16
DMCovarParam: 4.94207e-16
DMCovarParam: 4.7668e-16
DMCovarParam: 4.59745e-16
DMCovarParam: 4.43385e-16
DMCovarParam: 4.2758e-16
DMCovarParam: 4.12312e-16
DMCovarParam: 3.97565e-16
DMCovarParam: 3.83322e-16
DMCovarParam: 3.69565e-16
DMCovarParam: 3.5628e-16
DMCovarParam: 3.43452e-16
DMCovarParam: 3.31064e-16
DMCovarParam: 3.19104e-16
DMCovarParam: 3.07556e-16
DMCovarParam: 2.96408e-16
DMCovarParam: 2.85645e-16
DMCovarParam: 2.75257e-16
DMCovarParam: 2.6523e-16
DMCovarParam: 2.55552e-16
DMCovarParam: 2.46212e-16
DMCovarParam: 2.37198e-16
DMCovarParam: 2.285e-16
DMCovarParam: 2.20108e-16
DMCovarParam: 2.1201e-16
DMCovarParam: 2.04198e-16
DMCovarParam: 1.96661e-16
DMCovarParam: 1.8939e-16
DMCovarParam: 1.82377e-16
DMCovarParam: 1.75613e-16
DMCovarParam: 1.69089e-16
DMCovarParam: 1.62797e-16
DMCovarParam: 1.56729e-16
DMCovarParam: 1.50879e-16
DMCovarParam: 1.45237e-16
DMCovarParam: 1.39798e-16
DMCovarParam: 1.34554e-16
DMCovarParam: 1.29499e-16
DMCovarParam: 1.24626e-16
DMCovarParam: 1.19928e-16
DMCovarParam: 1.15401e-16
DMCovarParam: 1.11038e-16
DMCovarParam: 1.06832e-16
DMCovarParam: 1.0278e-16
DMCovarParam: 9.88754e-17
DMCovarParam: 9.51131e-17
DMCovarParam: 9.14882e-17
DMCovarParam: 8.7996e-17
DMCovarParam: 8.46318e-17
DMCovarParam: 8.13911e-17
DMCovarParam: 7.82697e-17
DMCovarParam: 7.52632e-17
DMCovarParam: 7.23677e-17
DMCovarParam: 6.95793e-17
DMCovarParam: 6.68941e-17
DMCovarParam: 6.43086e-17
DMCovarParam: 6.18191e-17
DMCovarParam: 5.94223e-17
DMCovarParam: 5.71148e-17
DMCovarParam: 5.48936e-17
DMCovarParam: 5.27554e-17
DMCovarParam: 5.06973e-17
DMCovarParam: 4.87165e-17
DMCovarParam: 4.68101e-17
DMCovarParam: 4.49756e-17
DMCovarParam: 4.32102e-17
DMCovarParam: 4.15116e-17
DMCovarParam: 3.98772e-17
DMCovarParam: 3.83048e-17
DMCovarParam: 3.67921e-17
DMCovarParam: 3.53369e-17
DMCovarParam: 3.39372e-17
DMCovarParam: 3.25909e-17
DMCovarParam: 3.1296e-17
DMCovarParam: 3.00507e-17
DMCovarParam: 2.88532e-17
DMCovarParam: 2.77016e-17
DMCovarParam: 2.65944e-17
DMCovarParam: 2.55298e-17
DMCovarParam: 2.45063e-17
DMCovarParam: 2.35223e-17
DMCovarParam: 2.25765e-17
DMCovarParam: 2.16673e-17
DMCovarParam: 2.07935e-17
DMCovarParam: 1.99536e-17
DMCovarParam: 1.91465e-17
DMCovarParam: 1.83709e-17
DMCovarParam: 1.76256e-17
DMCovarParam: 1.69095e-17
DMCovarParam: 1.62214e-17
DMCovarParam: 1.55604e-17
DMCovarParam: 1.49254e-17
DMCovarParam: 1.43154e-17
DMCovarParam: 1.37295e-17
DMCovarParam: 1.31667e-17
DMCovarParam: 1.26263e-17
DMCovarParam: 1.21072e-17
DMCovarParam: 1.16088e-17
DMCovarParam: 1.11302e-17
DMCovarParam: 1.06706e-17
DMCovarParam: 1.02294e-17
DMCovarParam: 9.80584e-18
DMCovarParam: 9.39921e-18
DMCovarParam: 9.00889e-18
DMCovarParam: 8.63423e-18
DMCovarParam: 8.27464e-18
DMCovarParam: 7.92953e-18
DMCovarParam: 7.59834e-18
DMCovarParam: 7.28053e-18
DMCovarParam: 6.97557e-18
DMCovarParam: 6.68297e-18
DMCovarParam: 6.40225e-18
DMCovarParam: 6.13293e-18
DMCovarParam: 5.87458e-18
DMCovarParam: 5.62676e-18
DMCovarParam: 5.38905e-18
DMCovarParam: 5.16107e-18
DMCovarParam: 4.94242e-18
DMCovarParam: 4.73274e-18
DMCovarParam: 4.53168e-18
DMCovarParam: 4.33888e-18
DMCovarParam: 4.15403e-18
DMCovarParam: 3.9768e-18
DMCovarParam: 3.8069e-18
DMCovarParam: 3.64403e-18
DMCovarParam: 3.48791e-18
DMCovarParam: 3.33827e-18
DMCovarParam: 3.19485e-18
DMCovarParam: 3.0574e-18
DMCovarParam: 2.92568e-18
DMCovarParam: 2.79946e-18
DMCovarParam: 2.67852e-18
DMCovarParam: 2.56265e-18
DMCovarParam: 2.45163e-18
DMCovarParam: 2.34528e-18
DMCovarParam: 2.2434e-18
DMCovarParam: 2.14581e-18
DMCovarParam: 2.05234e-18
DMCovarParam: 1.96282e-18
DMCovarParam: 1.87709e-18
DMCovarParam: 1.79499e-18
DMCovarParam: 1.71637e-18
DMCovarParam: 1.64109e-18
DMCovarParam: 1.56902e-18
DMCovarParam: 1.50002e-18
DMCovarParam: 1.43396e-18
DMCovarParam: 1.37073e-18
DMCovarParam: 1.3102e-18
DMCovarParam: 1.25227e-18
DMCovarParam: 1.19683e-18
DMCovarParam: 1.14376e-18
DMCovarParam: 1.09299e-18
DMCovarParam: 1.0444e-18
DMCovarParam: 9.97908e-19
DMCovarParam: 9.53427e-19
DMCovarParam: 9.10872e-19
DMCovarParam: 8.70163e-19
DMCovarParam: 8.3122e-19
DMCovarParam: 7.93971e-19
DMCovarParam: 7.58344e-19
DMCovarParam: 7.24271e-19
DMCovarParam: 6.91685e-19
DMCovarParam: 6.60524e-19
DMCovarParam: 6.30727e-19
DMCovarParam: 6.02237e-19
DMCovarParam: 5.74998e-19
DMCovarParam: 5.48957e-19
DMCovarParam: 5.24062e-19
DMCovarParam: 5.00266e-19
DMCovarParam: 4.7752e-19
DMCovarParam: 4.55779e-19
DMCovarParam: 4.35002e-19
DMCovarParam: 4.15145e-19
DMCovarParam: 3.9617e-19
DMCovarParam: 3.78039e-19
DMCovarParam: 3.60715e-19
DMCovarParam: 3.44164e-19
DMCovarParam: 3.28352e-19
DMCovarParam: 3.13246e-19
DMCovarParam: 2.98817e-19
DMCovarParam: 2.85034e-19
DMCovarParam: 2.71871e-19
DMCovarParam: 2.59299e-19
DMCovarParam: 2.47293e-19
DMCovarParam: 2.35828e-19
DMCovarParam: 2.24881e-19
DMCovarParam: 2.14428e-19
DMCovarParam: 2.04449e-19
DMCovarParam: 1.94921e-19
DMCovarParam: 1.85827e-19
DMCovarParam: 1.77145e-19
DMCovarParam: 1.68859e-19
DMCovarParam: 1.6095e-19
DMCovarParam: 1.53402e-19
DMCovarParam: 1.46199e-19
DMCovarParam: 1.39325e-19
DMCovarParam: 1.32766e-19
DMCovarParam: 1.26508e-19
DMCovarParam: 1.20538e-19
DMCovarParam: 1.14842e-19
DMCovarParam: 1.09408e-19
DMCovarParam: 1.04225e-19
DMCovarParam: 9.92817e-20
DMCovarParam: 9.45666e-20
DMCovarParam: 9.00699e-20
DMCovarParam: 8.57816e-20
DMCovarParam: 8.16924e-20
DMCovarParam: 7.77933e-20
DMCovarParam: 7.40756e-20
DMCovarParam: 7.05312e-20
DMCovarParam: 6.71522e-20
DMCovarParam: 6.39311e-20
DMCovarParam: 6.08607e-20
DMCovarParam: 5.79342e-20
DMCovarParam: 5.51449e-20
DMCovarParam: 5.24867e-20
DMCovarParam: 4.99534e-20
DMCovarParam: 4.75395e-20
DMCovarParam: 4.52394e-20
DMCovarParam: 4.30479e-20
DMCovarParam: 4.096e-20
DMCovarParam: 3.89709e-20
DMCovarParam: 3.70761e-20
DMCovarParam: 3.52713e-20
DMCovarParam: 3.35522e-20
DMCovarParam: 3.19149e-20
DMCovarParam: 3.03556e-20
DMCovarParam: 2.88706e-20
DMCovarParam: 2.74566e-20
DMCovarParam: 2.61103e-20
DMCovarParam: 2.48284e-20
DMCovarParam: 2.36079e-20
DMCovarParam: 2.24461e-20
DMCovarParam: 2.13401e-20
DMCovarParam: 2.02873e-20
DMCovarParam: 1.92853e-20
DMCovarParam: 1.83316e-20
DMCovarParam: 1.7424e-20
DMCovarParam: 1.65603e-20
DMCovarParam: 1.57384e-20
DMCovarParam: 1.49564e-20
DMCovarParam: 1.42123e-20
DMCovarParam: 1.35044e-20
DMCovarParam: 1.2831e-20
DMCovarParam: 1.21904e-20
DMCovarParam: 1.15811e-20
DMCovarParam: 1.10015e-20
DMCovarParam: 1.04503e-20
DMCovarParam: 9.92604e-21
DMCovarParam: 9.42753e-21
DMCovarParam: 8.95349e-21
DMCovarParam: 8.50276e-21
DMCovarParam: 8.07422e-21
DMCovarParam: 7.6668e-21
DMCovarParam: 7.27948e-21
DMCovarParam: 6.91129e-21
DMCovarParam: 6.56132e-21
DMCovarParam: 6.22868e-21
DMCovarParam: 5.91254e-21
DMCovarParam: 5.61209e-21
DMCovarParam: 5.32658e-21
DMCovarParam: 5.05528e-21
DMCovarParam: 4.79749e-21
DMCovarParam: 4.55257e-21
DMCovarParam: 4.31988e-21
DMCovarParam: 4.09883e-21
DMCovarParam: 3.88885e-21
DMCovarParam: 3.68939e-21
DMCovarParam: 3.49995e-21
DMCovarParam: 3.32002e-21
DMCovarParam: 3.14915e-21
DMCovarParam: 2.98689e-21
DMCovarParam: 2.83281e-21
DMCovarParam: 2.68651e-21
DMCovarParam: 2.54761e-21
DMCovarParam: 2.41573e-21
DMCovarParam: 2.29055e-21
DMCovarParam: 2.17171e-21
DMCovarParam: 2.05891e-21
DMCovarParam: 1.95185e-21
DMCovarParam: 1.85024e-21
DMCovarParam: 1.75381e-21
DMCovarParam: 1.6623e-21
DMCovarParam: 1.57547e-21
DMCovarParam: 1.49308e-21
DMCovarParam: 1.41491e-21
DMCovarParam: 1.34075e-21
DMCovarParam: 1.27039e-21
DMCovarParam: 1.20366e-21
DMCovarParam: 1.14036e-21
DMCovarParam: 1.08032e-21
DMCovarParam: 1.02337e-21
DMCovarParam: 9.69371e-22
DMCovarParam: 9.18161e-22
DMCovarParam: 8.69603e-22
DMCovarParam: 8.23561e-22
DMCovarParam: 7.79908e-22
DMCovarParam: 7.38523e-22
DMCovarParam: 6.9929e-22
DMCovarParam: 6.621e-22
DMCovarParam: 6.26849e-22
DMCovarParam: 5.93438e-22
DMCovarParam: 5.61772e-22
DMCovarParam: 5.31763e-22
DMCovarParam: 5.03326e-22
DMCovarParam: 4.76379e-22
DMCovarParam: 4.50847e-22
DMCovarParam: 4.26657e-22
DMCovarParam: 4.03739e-22
DMCovarParam: 3.82029e-22
DMCovarParam: 3.61464e-22
DMCovarParam: 3.41984e-22
DMCovarParam: 3.23534e-22
DMCovarParam: 3.0606e-22
DMCovarParam: 2.89512e-22
DMCovarParam: 2.73841e-22
DMCovarParam: 2.59003e-22
DMCovarParam: 2.44953e-22
DMCovarParam: 2.31651e-22
DMCovarParam: 2.19058e-22
DMCovarParam: 2.07136e-22
DMCovarParam: 1.95851e-22
DMCovarParam: 1.85169e-22
DMCovarParam: 1.75059e-22
DMCovarParam: 1.6549e-22
DMCovarParam: 1.56435e-22
DMCovarParam: 1.47866e-22
DMCovarParam: 1.39758e-22
DMCovarParam: 1.32086e-22
DMCovarParam: 1.24827e-22
DMCovarParam: 1.1796e-22
DMCovarParam: 1.11464e-22
DMCovarParam: 1.05319e-22
DMCovarParam: 9.95062e-23
DMCovarParam: 9.40087e-23
DMCovarParam: 8.88093e-23
DMCovarParam: 8.38922e-23
DMCovarParam: 7.92425e-23
DMCovarParam: 7.48457e-23
DMCovarParam: 7.06885e-23
DMCovarParam: 6.67581e-23
DMCovarParam: 6.30423e-23
DMCovarParam: 5.95295e-23
DMCovarParam: 5.6209e-23
DMCovarParam: 5.30704e-23
DMCovarParam: 5.01039e-23
DMCovarParam: 4.73003e-23
DMCovarParam: 4.46508e-23
DMCovarParam: 4.21471e-23
DMCovarParam: 3.97812e-23
DMCovarParam: 3.75459e-23
DMCovarParam: 3.54339e-23
DMCovarParam: 3.34386e-23
DMCovarParam: 3.15537e-23
DMCovarParam: 2.97732e-23
DMCovarParam: 2.80915e-23
DMCovarParam: 2.6503e-23
DMCovarParam: 2.50029e-23
DMCovarParam: 2.35861e-23
DMCovarParam: 2.22483e-23
DMCovarParam: 2.0985e-23
DMCovarParam: 1.97922e-23
DMCovarParam: 1.86661e-23
DMCovarParam: 1.76029e-23
DMCovarParam: 1.65993e-23
DMCovarParam: 1.56519e-23
DMCovarParam: 1.47576e-23
DMCovarParam: 1.39136e-23
DMCovarParam: 1.3117e-23
DMCovarParam: 1.23653e-23
DMCovarParam: 1.16559e-23
DMCovarParam: 1.09865e-23
DMCovarParam: 1.03549e-23
DMCovarParam: 9.75905e-24
DMCovarParam: 9.19689e-24
DMCovarParam: 8.66657e-24
DMCovarParam: 8.16631e-24
DMCovarParam: 7.69446e-24
DMCovarParam: 7.24941e-24
DMCovarParam: 6.82968e-24
DMCovarParam: 6.43385e-24
DMCovarParam: 6.06058e-24
DMCovarParam: 5.70861e-24
DMCovarParam: 5.37675e-24
DMCovarParam: 5.06386e-24
DMCovarParam: 4.76889e-24
DMCovarParam: 4.49081e-24
DMCovarParam: 4.22869e-24
DMCovarParam: 3.98162e-24
DMCovarParam: 3.74875e-24
DMCovarParam: 3.52927e-24
DMCovarParam: 3.32245e-24
DMCovarParam: 3.12754e-24
DMCovarParam: 2.94389e-24
DMCovarParam: 2.77085e-24
DMCovarParam: 2.60781e-24
DMCovarParam: 2.45422e-24
DMCovarParam: 2.30953e-24
DMCovarParam: 2.17323e-24
DMCovarParam: 2.04485e-24
DMCovarParam: 1.92393e-24
DMCovarParam: 1.81005e-24
DMCovarParam: 1.7028e-24
DMCovarParam: 1.60181e-24
DMCovarParam: 1.50672e-24
DMCovarParam: 1.41718e-24
DMCovarParam: 1.33288e-24
DMCovarParam: 1.25351e-24
DMCovarParam: 1.1788e-24
DMCovarParam: 1.10847e-24
DMCovarParam: 1.04227e-24
DMCovarParam: 9.79969e-25
DMCovarParam: 9.2133e-25
DMCovarParam: 8.66146e-25
DMCovarParam: 8.14217e-25
DMCovarParam: 7.65353e-25
DMCovarParam: 7.19377e-25
DMCovarParam: 6.7612e-25
DMCovarParam: 6.35425e-25
DMCovarParam: 5.97142e-25
DMCovarParam: 5.61131e-25
DMCovarParam: 5.27258e-25
DMCovarParam: 4.95399e-25
DMCovarParam: 4.65436e-25
DMCovarParam: 4.37258e-25
DMCovarParam: 4.1076e-25
DMCovarParam: 3.85844e-25
DMCovarParam: 3.62417e-25
DMCovarParam: 3.40391e-25
DMCovarParam: 3.19683e-25
DMCovarParam: 3.00217e-25
DMCovarParam: 2.81918e-25
DMCovarParam: 2.64718e-25
DMCovarParam: 2.48552e-25
DMCovarParam: 2.33359e-25
DMCovarParam: 2.19081e-25
DMCovarParam: 2.05663e-25
DMCovarParam: 1.93055e-25
DMCovarParam: 1.81209e-25
DMCovarParam: 1.70079e-25
DMCovarParam: 1.59623e-25
DMCovarParam: 1.498e-25
DMCovarParam: 1.40573e-25
DMCovarParam: 1.31906e-25
DMCovarParam: 1.23766e-25
DMCovarParam: 1.1612e-25
DMCovarParam: 1.08941e-25
DMCovarParam: 1.02199e-25
DMCovarParam: 9.58676e-26
DMCovarParam: 8.99232e-26
DMCovarParam: 8.43422e-26
DMCovarParam: 7.91026e-26
DMCovarParam: 7.41838e-26
DMCovarParam: 6.95666e-26
DMCovarParam: 6.52327e-26
DMCovarParam: 6.1165e-26
DMCovarParam: 5.73473e-26
DMCovarParam: 5.37646e-26
DMCovarParam: 5.04025e-26
DMCovarParam: 4.72478e-26
DMCovarParam: 4.42877e-26
DMCovarParam: 4.15105e-26
DMCovarParam: 3.8905e-26
DMCovarParam: 3.64608e-26
DMCovarParam: 3.4168e-26
DMCovarParam: 3.20174e-26
DMCovarParam: 3.00003e-26
DMCovarParam: 2.81085e-26
DMCovarParam: 2.63343e-26
DMCovarParam: 2.46706e-26
DMCovarParam: 2.31106e-26
DMCovarParam: 2.16478e-26
DMCovarParam: 2.02764e-26
DMCovarParam: 1.89907e-26
DMCovarParam: 1.77854e-26
DMCovarParam: 1.66555e-26
DMCovarParam: 1.55965e-26
DMCovarParam: 1.46038e-26
DMCovarParam: 1.36735e-26
DMCovarParam: 1.28017e-26
DMCovarParam: 1.19847e-26
DMCovarParam: 1.12192e-26
DMCovarParam: 1.05018e-26
DMCovarParam: 9.82979e-27
DMCovarParam: 9.20016e-27
DMCovarParam: 8.61032e-27
DMCovarParam: 8.0578e-27
DMCovarParam: 7.54026e-27
DMCovarParam: 7.05552e-27
DMCovarParam: 6.60154e-27
DMCovarParam: 6.17637e-27
DMCovarParam: 5.77823e-27
DMCovarParam: 5.40542e-27
DMCovarParam: 5.05634e-27
DMCovarParam: 4.72952e-27
DMCovarParam: 4.42354e-27
DMCovarParam: 4.1371e-27
DMCovarParam: 3.86896e-27
DMCovarParam: 3.61798e-27
DMCovarParam: 3.38307e-27
DMCovarParam: 3.16321e-27
DMCovarParam: 2.95746e-27
DMCovarParam: 2.76492e-27
DMCovarParam: 2.58475e-27
DMCovarParam: 2.41617e-27
DMCovarParam: 2.25844e-27
DMCovarParam: 2.11088e-27
DMCovarParam: 1.97284e-27
DMCovarParam: 1.84371e-27
DMCovarParam: 1.72292e-27
DMCovarParam: 1.60995e-27
DMCovarParam: 1.50429e-27
DMCovarParam: 1.40548e-27
DMCovarParam: 1.31307e-27
DMCovarParam: 1.22667e-27
DMCovarParam: 1.14588e-27
DMCovarParam: 1.07034e-27
DMCovarParam: 9.99721e-28
DMCovarParam: 9.33702e-28
DMCovarParam: 8.71988e-28
DMCovarParam: 8.14303e-28
DMCovarParam: 7.60386e-28
DMCovarParam: 7.09995e-28
DMCovarParam: 6.62902e-28
DMCovarParam: 6.18894e-28
DMCovarParam: 5.77771e-28
DMCovarParam: 5.39348e-28
DMCovarParam: 5.03448e-28
DMCovarParam: 4.69908e-28
DMCovarParam: 4.38575e-28
DMCovarParam: 4.09306e-28
DMCovarParam: 3.81967e-28
DMCovarParam: 3.56431e-28
DMCovarParam: 3.32582e-28
DMCovarParam: 3.10309e-28
DMCovarParam: 2.8951e-28
DMCovarParam: 2.70088e-28
DMCovarParam: 2.51953e-28
DMCovarParam: 2.35021e-28
DMCovarParam: 2.19213e-28
DMCovarParam: 2.04456e-28
DMCovarParam: 1.9068e-28
DMCovarParam: 1.77822e-28
DMCovarParam: 1.6582e-28
DMCovarParam: 1.54619e-28
DMCovarParam: 1.44165e-28
DMCovarParam: 1.34409e-28
DMCovarParam: 1.25306e-28
DMCovarParam: 1.16813e-28
DMCovarParam: 1.08888e-28
DMCovarParam: 1.01494e-28
DMCovarParam: 9.45966e-29
DMCovarParam: 8.81624e-29
DMCovarParam: 8.21607e-29
DMCovarParam: 7.65628e-29
DMCovarParam: 7.13419e-29
DMCovarParam: 6.64728e-29
DMCovarParam: 6.19322e-29
DMCovarParam: 5.76981e-29
DMCovarParam: 5.37501e-29
DMCovarParam: 5.00692e-29
DMCovarParam: 4.66374e-29
DMCovarParam: 4.34381e-29
DMCovarParam: 4.04558e-29
DMCovarParam: 3.76759e-29
DMCovarParam: 3.50848e-29
DMCovarParam: 3.26699e-29
DMCovarParam: 3.04192e-29
DMCovarParam: 2.83219e-29
DMCovarParam: 2.63675e-29
DMCovarParam: 2.45465e-29
DMCovarParam: 2.28498e-29
DMCovarParam: 2.1269e-29
DMCovarParam: 1.97964e-29
DMCovarParam: 1.84246e-29
DMCovarParam: 1.71468e-29
DMCovarParam: 1.59566e-29
DMCovarParam: 1.48481e-29
DMCovarParam: 1.38157e-29
DMCovarParam: 1.28543e-29
DMCovarParam: 1.19591e-29
DMCovarParam: 1.11255e-29
DMCovarParam: 1.03494e-29
DMCovarParam: 9.62679e-30
DMCovarParam: 8.9541e-30
DMCovarParam: 8.32789e-30
DMCovarParam: 7.745e-30
DMCovarParam: 7.20245e-30
DMCovarParam: 6.69749e-30
DMCovarParam: 6.22755e-30
DMCovarParam: 5.79022e-30
DMCovarParam: 5.38326e-30
DMCovarParam: 5.0046e-30
DMCovarParam: 4.65228e-30
DMCovarParam: 4.32449e-30
DMCovarParam: 4.01954e-30
DMCovarParam: 3.73587e-30
DMCovarParam: 3.472e-30
DMCovarParam: 3.22657e-30
DMCovarParam: 2.9983e-30
DMCovarParam: 2.786e-30
DMCovarParam: 2.58858e-30
DMCovarParam: 2.40499e-30
DMCovarParam: 2.23428e-30
DMCovarParam: 2.07557e-30
DMCovarParam: 1.928e-30
DMCovarParam: 1.79082e-30
DMCovarParam: 1.66329e-30
DMCovarParam: 1.54475e-30
DMCovarParam: 1.43457e-30
DMCovarParam: 1.33216e-30
DMCovarParam: 1.23699e-30
DMCovarParam: 1.14854e-30
DMCovarParam: 1.06635e-30
DMCovarParam: 9.89983e-31
DMCovarParam: 9.19026e-31
DMCovarParam: 8.53102e-31
DMCovarParam: 7.91857e-31
DMCovarParam: 7.34963e-31
DMCovarParam: 6.82114e-31
DMCovarParam: 6.33026e-31
DMCovarParam: 5.87433e-31
DMCovarParam: 5.45091e-31
DMCovarParam: 5.05769e-31
DMCovarParam: 4.69254e-31
DMCovarParam: 4.35349e-31
DMCovarParam: 4.03867e-31
DMCovarParam: 3.7464e-31
DMCovarParam: 3.47505e-31
DMCovarParam: 3.22316e-31
DMCovarParam: 2.98934e-31
DMCovarParam: 2.77231e-31
DMCovarParam: 2.57087e-31
DMCovarParam: 2.38393e-31
DMCovarParam: 2.21043e-31
DMCovarParam: 2.04944e-31
DMCovarParam: 1.90005e-31
DMCovarParam: 1.76145e-31
DMCovarParam: 1.63285e-31
DMCovarParam: 1.51355e-31
DMCovarParam: 1.40287e-31
DMCovarParam: 1.30021e-31
DMCovarParam: 1.20498e-31
DMCovarParam: 1.11666e-31
DMCovarParam: 1.03475e-31
DMCovarParam: 9.58789e-32
DMCovarParam: 8.88347e-32
DMCovarParam: 8.23029e-32
DMCovarParam: 7.62466e-32
DMCovarParam: 7.06316e-32
DMCovarParam: 6.54259e-32
DMCovarParam: 6.06002e-32
DMCovarParam: 5.61269e-32
DMCovarParam: 5.19806e-32
DMCovarParam: 4.81375e-32
DMCovarParam: 4.45758e-32
DMCovarParam: 4.12751e-32
DMCovarParam: 3.82164e-32
DMCovarParam: 3.53821e-32
DMCovarParam: 3.2756e-32
DMCovarParam: 3.03229e-32
DMCovarParam: 2.80688e-32
DMCovarParam: 2.59807e-32
DMCovarParam: 2.40463e-32
DMCovarParam: 2.22546e-32
DMCovarParam: 2.05952e-32
DMCovarParam: 1.90582e-32
DMCovarParam: 1.76349e-32
DMCovarParam: 1.63168e-32
DMCovarParam: 1.50964e-32
DMCovarParam: 1.39663e-32
DMCovarParam: 1.292e-32
DMCovarParam: 1.19514e-32
DMCovarParam: 1.10547e-32
DMCovarParam: 1.02246e-32
DMCovarParam: 9.45627e-33
DMCovarParam: 8.74513e-33
DMCovarParam: 8.08697e-33
DMCovarParam: 7.47787e-33
DMCovarParam: 6.91422e-33
DMCovarParam: 6.39265e-33
DMCovarParam: 5.91006e-33
DMCovarParam: 5.46356e-33
DMCovarParam: 5.05047e-33
DMCovarParam: 4.66833e-33
DMCovarParam: 4.31483e-33
DMCovarParam: 3.98785e-33
DMCovarParam: 3.68542e-33
DMCovarParam: 3.40572e-33
DMCovarParam: 3.14704e-33
DMCovarParam: 2.90783e-33
DMCovarParam: 2.68664e-33
DMCovarParam: 2.48211e-33
DMCovarParam: 2.29302e-33
DMCovarParam: 2.11819e-33
DMCovarParam: 1.95658e-33
DMCovarParam: 1.80718e-33
DMCovarParam: 1.66909e-33
DMCovarParam: 1.54145e-33
DMCovarParam: 1.42348e-33
DMCovarParam: 1.31446e-33
DMCovarParam: 1.21371e-33
DMCovarParam: 1.12062e-33
DMCovarParam: 1.0346e-33
DMCovarParam: 9.55123e-34
DMCovarParam: 8.81697e-34
DMCovarParam: 8.13865e-34
DMCovarParam: 7.51205e-34
DMCovarParam: 6.93326e-34
DMCovarParam: 6.39866e-34
DMCovarParam: 5.90492e-34
DMCovarParam: 5.44893e-34
DMCovarParam: 5.02785e-34
DMCovarParam: 4.63901e-34
DMCovarParam: 4.27998e-34
DMCovarParam: 3.94849e-34
DMCovarParam: 3.64244e-34
DMCovarParam: 3.35991e-34
DMCovarParam: 3.0991e-34
DMCovarParam: 2.85836e-34
DMCovarParam: 2.63615e-34
DMCovarParam: 2.43106e-34
DMCovarParam: 2.24179e-34
DMCovarParam: 2.06713e-34
DMCovarParam: 1.90596e-34
DMCovarParam: 1.75724e-34
DMCovarParam: 1.62003e-34
DMCovarParam: 1.49343e-34
DMCovarParam: 1.37665e-34
DMCovarParam: 1.26891e-34
DMCovarParam: 1.16954e-34
DMCovarParam: 1.07788e-34
DMCovarParam: 9.93342e-35
DMCovarParam: 9.15377e-35
DMCovarParam: 8.43478e-35
DMCovarParam: 7.77179e-35
DMCovarParam: 7.16046e-35
DMCovarParam: 6.5968e-35
DMCovarParam: 6.07714e-35
DMCovarParam: 5.59806e-35
DMCovarParam: 5.15643e-35
DMCovarParam: 4.74934e-35
DMCovarParam: 4.37412e-35
DMCovarParam: 4.02829e-35
DMCovarParam: 3.70957e-35
DMCovarParam: 3.41586e-35
DMCovarParam: 3.1452e-35
DMCovarParam: 2.89581e-35
DMCovarParam: 2.66603e-35
DMCovarParam: 2.45433e-35
DMCovarParam: 2.25929e-35
DMCovarParam: 2.07963e-35
DMCovarParam: 1.91413e-35
DMCovarParam: 1.7617e-35
DMCovarParam: 1.6213e-35
DMCovarParam: 1.492e-35
DMCovarParam: 1.37292e-35
DMCovarParam: 1.26327e-35
DMCovarParam: 1.1623e-35
DMCovarParam: 1.06934e-35
DMCovarParam: 9.83751e-36
DMCovarParam: 9.04956e-36
DMCovarParam: 8.3242e-36
DMCovarParam: 7.6565e-36
DMCovarParam: 7.04192e-36
DMCovarParam: 6.47627e-36
DMCovarParam: 5.95568e-36
DMCovarParam: 5.4766e-36
DMCovarParam: 5.03574e-36
DMCovarParam: 4.63008e-36
DMCovarParam: 4.25683e-36
DMCovarParam: 3.91343e-36
DMCovarParam: 3.59751e-36
DMCovarParam: 3.30688e-36
DMCovarParam: 3.03954e-36
DMCovarParam: 2.79364e-36
DMCovarParam: 2.56748e-36
DMCovarParam: 2.35947e-36
DMCovarParam: 2.16818e-36
DMCovarParam: 1.99228e-36
DMCovarParam: 1.83053e-36
DMCovarParam: 1.68181e-36
DMCovarParam: 1.54508e-36
DMCovarParam: 1.41937e-36
DMCovarParam: 1.30381e-36
DMCovarParam: 1.19758e-36
DMCovarParam: 1.09994e-36
DMCovarParam: 1.0102e-36
DMCovarParam: 9.27723e-37
DMCovarParam: 8.51925e-37
DMCovarParam: 7.82271e-37
DMCovarParam: 7.18268e-37
DMCovarParam: 6.59459e-37
DMCovarParam: 6.05428e-37
DMCovarParam: 5.55789e-37
DMCovarParam: 5.10189e-37
DMCovarParam: 4.683e-37
DMCovarParam: 4.29824e-37
DMCovarParam: 3.94484e-37
DMCovarParam: 3.62027e-37
DMCovarParam: 3.3222e-37
DMCovarParam: 3.04849e-37
DMCovarParam: 2.79714e-37
DMCovarParam: 2.56637e-37
DMCovarParam: 2.35448e-37
DMCovarParam: 2.15995e-37
DMCovarParam: 1.98137e-37
DMCovarParam: 1.81745e-37
DMCovarParam: 1.66698e-37
DMCovarParam: 1.52887e-37
DMCovarParam: 1.40212e-37
DMCovarParam: 1.28579e-37
DMCovarParam: 1.17905e-37
DMCovarParam: 1.08109e-37
DMCovarParam: 9.91217e-38
DMCovarParam: 9.08755e-38
DMCovarParam: 8.33102e-38
DMCovarParam: 7.63699e-38
DMCovarParam: 7.00034e-38
DMCovarParam: 6.41636e-38
DMCovarParam: 5.88074e-38
DMCovarParam: 5.38949e-38
DMCovarParam: 4.93896e-38
DMCovarParam: 4.52582e-38
DMCovarParam: 4.14698e-38
DMCovarParam: 3.79961e-38
DMCovarParam: 3.48112e-38
DMCovarParam: 3.18913e-38
DMCovarParam: 2.92145e-38
DMCovarParam: 2.67606e-38
DMCovarParam: 2.45114e-38
DMCovarParam: 2.24498e-38
DMCovarParam: 2.05603e-38
DMCovarParam: 1.88287e-38
DMCovarParam: 1.72418e-38
DMCovarParam: 1.57877e-38
DMCovarParam: 1.44554e-38
DMCovarParam: 1.32346e-38
DMCovarParam: 1.21162e-38
DMCovarParam: 1.10916e-38
DMCovarParam: 1.0153e-38
DMCovarParam: 9.29324e-39
DMCovarParam: 8.50577e-39
DMCovarParam: 7.78454e-39
DMCovarParam: 7.12402e-39
DMCovarParam: 6.51913e-39
DMCovarParam: 5.96524e-39
DMCovarParam: 5.45806e-39
DMCovarParam: 4.9937e-39
DMCovarParam: 4.56856e-39
DMCovarParam: 4.17935e-39
DMCovarParam: 3.82306e-39
DMCovarParam: 3.49692e-39
DMCovarParam: 3.19841e-39
DMCovarParam: 2.9252e-39
DMCovarParam: 2.67516e-39
DMCovarParam: 2.44634e-39
DMCovarParam: 2.23695e-39
DMCovarParam: 2.04535e-39
DMCovarParam: 1.87005e-39
DMCovarParam: 1.70967e-39
DMCovarParam: 1.56294e-39
DMCovarParam: 1.42872e-39
DMCovarParam: 1.30594e-39
DMCovarParam: 1.19364e-39
DMCovarParam: 1.09093e-39
DMCovarParam: 9.96996e-40
DMCovarParam: 9.11091e-40
DMCovarParam: 8.32537e-40
DMCovarParam: 7.60708e-40
DMCovarParam: 6.95033e-40
DMCovarParam: 6.34988e-40
DMCovarParam: 5.80094e-40
DMCovarParam: 5.29913e-40
DMCovarParam: 4.84042e-40
DMCovarParam: 4.42115e-40
DMCovarParam: 4.03794e-40
DMCovarParam: 3.68771e-40
DMCovarParam: 3.36766e-40
DMCovarParam: 3.07518e-40
DMCovarParam: 2.80794e-40
DMCovarParam: 2.56375e-40
DMCovarParam: 2.34066e-40
DMCovarParam: 2.13685e-40
DMCovarParam: 1.95066e-40
DMCovarParam: 1.78058e-40
DMCovarParam: 1.62523e-40
DMCovarParam: 1.48334e-40
DMCovarParam: 1.35376e-40
DMCovarParam: 1.23542e-40
DMCovarParam: 1.12735e-40
DMCovarParam: 1.02867e-40
DMCovarParam: 9.38572e-41
DMCovarParam: 8.5631e-41
DMCovarParam: 7.8121e-41
DMCovarParam: 7.12652e-41
DMCovarParam: 6.5007e-41
DMCovarParam: 5.92946e-41
DMCovarParam: 5.40809e-41
DMCovarParam: 4.93225e-41
DMCovarParam: 4.49799e-41
DMCovarParam: 4.10172e-41
DMCovarParam: 3.74012e-41
DMCovarParam: 3.41019e-41
DMCovarParam: 3.10917e-41
DMCovarParam: 2.83454e-41
DMCovarParam: 2.58401e-41
DMCovarParam: 2.35547e-41
DMCovarParam: 2.14702e-41
DMCovarParam: 1.95689e-41
DMCovarParam: 1.78348e-41
DMCovarParam: 1.62534e-41
DMCovarParam: 1.48113e-41
DMCovarParam: 1.34963e-41
DMCovarParam: 1.22973e-41
DMCovarParam: 1.12041e-41
DMCovarParam: 1.02074e-41
DMCovarParam: 9.29887e-42
DMCovarParam: 8.47064e-42
DMCovarParam: 7.7157e-42
DMCovarParam: 7.0276e-42
DMCovarParam: 6.40047e-42
DMCovarParam: 5.82894e-42
DMCovarParam: 5.30811e-42
DMCovarParam: 4.83352e-42
DMCovarParam: 4.40108e-42
DMCovarParam: 4.00709e-42
DMCovarParam: 3.64814e-42
DMCovarParam: 3.32113e-42
DMCovarParam: 3.02325e-42
DMCovarParam: 2.75191e-42
DMCovarParam: 2.50477e-42
DMCovarParam: 2.27969e-42
DMCovarParam: 2.0747e-42
DMCovarParam: 1.88802e-42
DMCovarParam: 1.71803e-42
DMCovarParam: 1.56326e-42
DMCovarParam: 1.42233e-42
DMCovarParam: 1.29403e-42
DMCovarParam: 1.17723e-42
DMCovarParam: 1.07091e-42
DMCovarParam: 9.74124e-43
DMCovarParam: 8.86032e-43
DMCovarParam: 8.05857e-43
DMCovarParam: 7.32891e-43
DMCovarParam: 6.6649e-43
DMCovarParam: 6.06067e-43
DMCovarParam: 5.51087e-43
DMCovarParam: 5.01064e-43
DMCovarParam: 4.55553e-43
DMCovarParam: 4.1415e-43
DMCovarParam: 3.76486e-43
DMCovarParam: 3.42226e-43
DMCovarParam: 3.11065e-43
DMCovarParam: 2.82723e-43
DMCovarParam: 2.56947e-43
DMCovarParam: 2.33507e-43
DMCovarParam: 2.12192e-43
DMCovarParam: 1.9281e-43
DMCovarParam: 1.75188e-43
DMCovarParam: 1.59167e-43
DMCovarParam: 1.44602e-43
DMCovarParam: 1.31361e-43
DMCovarParam: 1.19325e-43
DMCovarParam: 1.08386e-43
DMCovarParam: 9.84427e-44
DMCovarParam: 8.94064e-44
DMCovarParam: 8.11944e-44
DMCovarParam: 7.37322e-44
DMCovarParam: 6.69515e-44
DMCovarParam: 6.07907e-44
DMCovarParam: 5.51933e-44
DMCovarParam: 5.01082e-44
DMCovarParam: 4.54887e-44
DMCovarParam: 4.12925e-44
DMCovarParam: 3.74811e-44
DMCovarParam: 3.40194e-44
DMCovarParam: 3.08754e-44
DMCovarParam: 2.80203e-44
DMCovarParam: 2.54276e-44
DMCovarParam: 2.30733e-44
DMCovarParam: 2.09358e-44
DMCovarParam: 1.8995e-44
DMCovarParam: 1.72331e-44
DMCovarParam: 1.56337e-44
DMCovarParam: 1.41818e-44
DMCovarParam: 1.28639e-44
DMCovarParam: 1.16678e-44
DMCovarParam: 1.05822e-44
DMCovarParam: 9.59707e-45
DMCovarParam: 8.70308e-45
DMCovarParam: 7.89187e-45
DMCovarParam: 7.15583e-45
DMCovarParam: 6.48803e-45
DMCovarParam: 5.88219e-45
DMCovarParam: 5.33258e-45
DMCovarParam: 4.83403e-45
DMCovarParam: 4.38181e-45
DMCovarParam: 3.97165e-45
DMCovarParam: 3.59966e-45
DMCovarParam: 3.26231e-45
DMCovarParam: 2.95638e-45
DMCovarParam: 2.67898e-45
DMCovarParam: 2.42746e-45
DMCovarParam: 2.19941e-45
DMCovarParam: 1.99266e-45
DMCovarParam: 1.80524e-45
DMCovarParam: 1.63534e-45
DMCovarParam: 1.48134e-45
DMCovarParam: 1.34176e-45
DMCovarParam: 1.21525e-45
DMCovarParam: 1.1006e-45
DMCovarParam: 9.96709e-46
DMCovarParam: 9.02566e-46
DMCovarParam: 8.17265e-46
DMCovarParam: 7.39979e-46
DMCovarParam: 6.6996e-46
DMCovarParam: 6.06528e-46
DMCovarParam: 5.49068e-46
DMCovarParam: 4.97021e-46
DMCovarParam: 4.49879e-46
DMCovarParam: 4.07183e-46
DMCovarParam: 3.68516e-46
DMCovarParam: 3.335e-46
DMCovarParam: 3.01792e-46
DMCovarParam: 2.73082e-46
DMCovarParam: 2.47088e-46
DMCovarParam: 2.23554e-46
DMCovarParam: 2.0225e-46
DMCovarParam: 1.82964e-46
DMCovarParam: 1.65506e-46
DMCovarParam: 1.49705e-46
DMCovarParam: 1.35404e-46
DMCovarParam: 1.22462e-46
DMCovarParam: 1.1075e-46
DMCovarParam: 1.00151e-46
DMCovarParam: 9.05617e-47
DMCovarParam: 8.18851e-47
DMCovarParam: 7.40351e-47
DMCovarParam: 6.69335e-47
DMCovarParam: 6.05094e-47
DMCovarParam: 5.46984e-47
DMCovarParam: 4.94423e-47
DMCovarParam: 4.46886e-47
DMCovarParam: 4.03894e-47
DMCovarParam: 3.65015e-47
DMCovarParam: 3.29857e-47
DMCovarParam: 2.98068e-47
DMCovarParam: 2.69325e-47
DMCovarParam: 2.43339e-47
DMCovarParam: 2.19847e-47
DMCovarParam: 1.9861e-47
DMCovarParam: 1.79413e-47
DMCovarParam: 1.62062e-47
DMCovarParam: 1.46379e-47
DMCovarParam: 1.32206e-47
DMCovarParam: 1.19398e-47
DMCovarParam: 1.07824e-47
DMCovarParam: 9.73657e-48
DMCovarParam: 8.79164e-48
DMCovarParam: 7.93791e-48
DMCovarParam: 7.16665e-48
DMCovarParam: 6.46991e-48
DMCovarParam: 5.84055e-48
DMCovarParam: 5.27208e-48
DMCovarParam: 4.75864e-48
DMCovarParam: 4.29494e-48
DMCovarParam: 3.87618e-48
DMCovarParam: 3.49803e-48
DMCovarParam: 3.15658e-48
DMCovarParam: 2.84828e-48
DMCovarParam: 2.56993e-48
DMCovarParam: 2.31863e-48
DMCovarParam: 2.09178e-48
DMCovarParam: 1.88701e-48
DMCovarParam: 1.70217e-48
DMCovarParam: 1.53535e-48
DMCovarParam: 1.38478e-48
DMCovarParam: 1.24891e-48
DMCovarParam: 1.1263e-48
DMCovarParam: 1.01566e-48
DMCovarParam: 9.15829e-49
DMCovarParam: 8.25761e-49
DMCovarParam: 7.44505e-49
DMCovarParam: 6.71203e-49
DMCovarParam: 6.0508e-49
DMCovarParam: 5.45437e-49
DMCovarParam: 4.91642e-49
DMCovarParam: 4.43126e-49
DMCovarParam: 3.99372e-49
DMCovarParam: 3.59916e-49
DMCovarParam: 3.24337e-49
DMCovarParam: 2.92258e-49
DMCovarParam: 2.63335e-49
DMCovarParam: 2.37259e-49
DMCovarParam: 2.13752e-49
DMCovarParam: 1.92563e-49
DMCovarParam: 1.73462e-49
DMCovarParam: 1.56247e-49
DMCovarParam: 1.40732e-49
DMCovarParam: 1.26749e-49
DMCovarParam: 1.14148e-49
DMCovarParam: 1.02794e-49
DMCovarParam: 9.25631e-50
DMCovarParam: 8.33454e-50
DMCovarParam: 7.5041e-50
DMCovarParam: 6.75598e-50
DMCovarParam: 6.08206e-50
DMCovarParam: 5.47503e-50
DMCovarParam: 4.92827e-50
DMCovarParam: 4.43584e-50
DMCovarParam: 3.99236e-50
DMCovarParam: 3.593e-50
DMCovarParam: 3.23338e-50
DMCovarParam: 2.90958e-50
DMCovarParam: 2.61803e-50
DMCovarParam: 2.35556e-50
DMCovarParam: 2.11927e-50
DMCovarParam: 1.90656e-50
DMCovarParam: 1.71509e-50
DMCovarParam: 1.54276e-50
DMCovarParam: 1.38765e-50
DMCovarParam: 1.24806e-50
DMCovarParam: 1.12244e-50
DMCovarParam: 1.00941e-50
DMCovarParam: 9.07697e-51
DMCovarParam: 8.16185e-51
DMCovarParam: 7.33853e-51
DMCovarParam: 6.59785e-51
DMCovarParam: 5.93155e-51
DMCovarParam: 5.33221e-51
DMCovarParam: 4.79313e-51
DMCovarParam: 4.30828e-51
DMCovarParam: 3.87224e-51
DMCovarParam: 3.48011e-51
DMCovarParam: 3.12749e-51
DMCovarParam: 2.81043e-51
DMCovarParam: 2.52535e-51
DMCovarParam: 2.26905e-51
DMCovarParam: 2.03863e-51
DMCovarParam: 1.8315e-51
DMCovarParam: 1.64531e-51
DMCovarParam: 1.47796e-51
DMCovarParam: 1.32754e-51
DMCovarParam: 1.19236e-51
DMCovarParam: 1.07088e-51
DMCovarParam: 9.61713e-52
DMCovarParam: 8.63622e-52
DMCovarParam: 7.75487e-52
DMCovarParam: 6.96304e-52
DMCovarParam: 6.25166e-52
DMCovarParam: 5.61262e-52
DMCovarParam: 5.03858e-52
DMCovarParam: 4.52297e-52
DMCovarParam: 4.05987e-52
DMCovarParam: 3.64396e-52
DMCovarParam: 3.27045e-52
DMCovarParam: 2.93504e-52
DMCovarParam: 2.63387e-52
DMCovarParam: 2.36346e-52
DMCovarParam: 2.12067e-52
DMCovarParam: 1.90271e-52
DMCovarParam: 1.70704e-52
DMCovarParam: 1.5314e-52
DMCovarParam: 1.37374e-52
DMCovarParam: 1.23224e-52
DMCovarParam: 1.10525e-52
DMCovarParam: 9.91277e-53
DMCovarParam: 8.89004e-53
DMCovarParam: 7.97234e-53
DMCovarParam: 7.14892e-53
DMCovarParam: 6.41015e-53
DMCovarParam: 5.74736e-53
DMCovarParam: 5.15278e-53
DMCovarParam: 4.61943e-53
DMCovarParam: 4.14102e-53
DMCovarParam: 3.71193e-53
DMCovarParam: 3.32709e-53
DMCovarParam: 2.98196e-53
DMCovarParam: 2.67247e-53
DMCovarParam: 2.39495e-53
DMCovarParam: 2.14611e-53
DMCovarParam: 1.92301e-53
DMCovarParam: 1.723e-53
DMCovarParam: 1.54369e-53
DMCovarParam: 1.38295e-53
DMCovarParam: 1.23888e-53
DMCovarParam: 1.10974e-53
DMCovarParam: 9.94007e-54
DMCovarParam: 8.90285e-54
DMCovarParam: 7.97336e-54
DMCovarParam: 7.14047e-54
DMCovarParam: 6.39419e-54
DMCovarParam: 5.72554e-54
DMCovarParam: 5.1265e-54
DMCovarParam: 4.58984e-54
DMCovarParam: 4.10911e-54
DMCovarParam: 3.6785e-54
DMCovarParam: 3.2928e-54
DMCovarParam: 2.94737e-54
DMCovarParam: 2.63801e-54
DMCovarParam: 2.36097e-54
DMCovarParam: 2.11289e-54
DMCovarParam: 1.89077e-54
DMCovarParam: 1.69188e-54
DMCovarParam: 1.51383e-54
DMCovarParam: 1.35443e-54
DMCovarParam: 1.21173e-54
DMCovarParam: 1.08401e-54
DMCovarParam: 9.69681e-55
DMCovarParam: 8.6736e-55
DMCovarParam: 7.75787e-55
DMCovarParam: 6.93839e-55
DMCovarParam: 6.20509e-55
DMCovarParam: 5.54894e-55
DMCovarParam: 4.96186e-55
DMCovarParam: 4.43662e-55
DMCovarParam: 3.96673e-55
DMCovarParam: 3.54639e-55
DMCovarParam: 3.17039e-55
DMCovarParam: 2.83408e-55
DMCovarParam: 2.53329e-55
DMCovarParam: 2.26428e-55
DMCovarParam: 2.0237e-55
DMCovarParam: 1.80858e-55
DMCovarParam: 1.61622e-55
DMCovarParam: 1.44424e-55
DMCovarParam: 1.29047e-55
DMCovarParam: 1.153e-55
DMCovarParam: 1.03011e-55
DMCovarParam: 9.20267e-56
DMCovarParam: 8.22081e-56
DMCovarParam: 7.34326e-56
DMCovarParam: 6.55897e-56
DMCovarParam: 5.85808e-56
DMCovarParam: 5.23176e-56
DMCovarParam: 4.67212e-56
DMCovarParam: 4.17207e-56
DMCovarParam: 3.72532e-56
DMCovarParam: 3.32619e-56
DMCovarParam: 2.96965e-56
DMCovarParam: 2.65115e-56
DMCovarParam: 2.36667e-56
DMCovarParam: 2.11258e-56
DMCovarParam: 1.88565e-56
DMCovarParam: 1.683e-56
DMCovarParam: 1.50203e-56
DMCovarParam: 1.34043e-56
DMCovarParam: 1.19615e-56
DMCovarParam: 1.06733e-56
DMCovarParam: 9.52324e-57
DMCovarParam: 8.49657e-57
DMCovarParam: 7.58011e-57
DMCovarParam: 6.76208e-57
DMCovarParam: 6.03195e-57
DMCovarParam: 5.38032e-57
DMCovarParam: 4.79879e-57
DMCovarParam: 4.27984e-57
DMCovarParam: 3.81678e-57
DMCovarParam: 3.4036e-57
DMCovarParam: 3.03497e-57
DMCovarParam: 2.70609e-57
DMCovarParam: 2.41269e-57
DMCovarParam: 2.15098e-57
DMCovarParam: 1.91753e-57
DMCovarParam: 1.70931e-57
DMCovarParam: 1.52361e-57
DMCovarParam: 1.358e-57
DMCovarParam: 1.21031e-57
DMCovarParam: 1.07862e-57
DMCovarParam: 9.61196e-58
DMCovarParam: 8.56503e-58
DMCovarParam: 7.63165e-58
DMCovarParam: 6.79956e-58
DMCovarParam: 6.05782e-58
DMCovarParam: 5.39665e-58
DMCovarParam: 4.80735e-58
DMCovarParam: 4.28213e-58
DMCovarParam: 3.81405e-58
DMCovarParam: 3.39693e-58
DMCovarParam: 3.02524e-58
DMCovarParam: 2.69405e-58
DMCovarParam: 2.39896e-58
DMCovarParam: 2.13607e-58
DMCovarParam: 1.90186e-58
DMCovarParam: 1.69323e-58
DMCovarParam: 1.50739e-58
DMCovarParam: 1.34187e-58
DMCovarParam: 1.19444e-58
DMCovarParam: 1.06315e-58
DMCovarParam: 9.46228e-59
DMCovarParam: 8.42113e-59
DMCovarParam: 7.49407e-59
DMCovarParam: 6.66866e-59
DMCovarParam: 5.93378e-59
DMCovarParam: 5.27956e-59
DMCovarParam: 4.69717e-59
DMCovarParam: 4.17877e-59
DMCovarParam: 3.71735e-59
DMCovarParam: 3.30667e-59
DMCovarParam: 2.94118e-59
DMCovarParam: 2.61592e-59
DMCovarParam: 2.32649e-59
DMCovarParam: 2.06895e-59
DMCovarParam: 1.83981e-59
DMCovarParam: 1.63594e-59
DMCovarParam: 1.45457e-59
DMCovarParam: 1.29323e-59
DMCovarParam: 1.14972e-59
DMCovarParam: 1.02206e-59
DMCovarParam: 9.08524e-60
DMCovarParam: 8.07549e-60
DMCovarParam: 7.17751e-60
DMCovarParam: 6.37899e-60
DMCovarParam: 5.66896e-60
DMCovarParam: 5.03764e-60
DMCovarParam: 4.47635e-60
DMCovarParam: 3.97735e-60
DMCovarParam: 3.53375e-60
DMCovarParam: 3.13944e-60
DMCovarParam: 2.78895e-60
DMCovarParam: 2.47743e-60
DMCovarParam: 2.20057e-60
DMCovarParam: 1.95453e-60
DMCovarParam: 1.73589e-60
DMCovarParam: 1.54161e-60
DMCovarParam: 1.36899e-60
DMCovarParam: 1.21563e-60
DMCovarParam: 1.07937e-60
DMCovarParam: 9.58332e-61
DMCovarParam: 8.50811e-61
DMCovarParam: 7.55307e-61
DMCovarParam: 6.70481e-61
DMCovarParam: 5.95145e-61
DMCovarParam: 5.2824e-61
DMCovarParam: 4.68828e-61
DMCovarParam: 4.16071e-61
DMCovarParam: 3.69229e-61
DMCovarParam: 3.27639e-61
DMCovarParam: 2.90716e-61
DMCovarParam: 2.57938e-61
DMCovarParam: 2.28841e-61
DMCovarParam: 2.03014e-61
DMCovarParam: 1.80091e-61
DMCovarParam: 1.59746e-61
DMCovarParam: 1.4169e-61
DMCovarParam: 1.25668e-61
DMCovarParam: 1.1145e-61
DMCovarParam: 9.88347e-62
DMCovarParam: 8.76419e-62
DMCovarParam: 7.77118e-62
DMCovarParam: 6.89025e-62
DMCovarParam: 6.1088e-62
DMCovarParam: 5.41564e-62
DMCovarParam: 4.80083e-62
DMCovarParam: 4.25555e-62
DMCovarParam: 3.77197e-62
DMCovarParam: 3.34313e-62
DMCovarParam: 2.96287e-62
DMCovarParam: 2.62569e-62
DMCovarParam: 2.32674e-62
DMCovarParam: 2.06169e-62
DMCovarParam: 1.82673e-62
DMCovarParam: 1.61844e-62
DMCovarParam: 1.43381e-62
DMCovarParam: 1.27017e-62
DMCovarParam: 1.12513e-62
DMCovarParam: 9.9659e-63
DMCovarParam: 8.82681e-63
DMCovarParam: 7.81743e-63
DMCovarParam: 6.92304e-63
DMCovarParam: 6.1306e-63
DMCovarParam: 5.42852e-63
DMCovarParam: 4.80655e-63
DMCovarParam: 4.25557e-63
DMCovarParam: 3.76752e-63
DMCovarParam: 3.33523e-63
DMCovarParam: 2.95236e-63
DMCovarParam: 2.61327e-63
DMCovarParam: 2.31299e-63
DMCovarParam: 2.04708e-63
DMCovarParam: 1.81163e-63
DMCovarParam: 1.60316e-63
DMCovarParam: 1.4186e-63
DMCovarParam: 1.2552e-63
DMCovarParam: 1.11055e-63
DMCovarParam: 9.82511e-64
DMCovarParam: 8.6918e-64
DMCovarParam: 7.68873e-64
DMCovarParam: 6.801e-64
DMCovarParam: 6.01539e-64
DMCovarParam: 5.32019e-64
DMCovarParam: 4.70504e-64
DMCovarParam: 4.16077e-64
DMCovarParam: 3.67922e-64
DMCovarParam: 3.2532e-64
DMCovarParam: 2.87633e-64
DMCovarParam: 2.54296e-64
DMCovarParam: 2.24809e-64
DMCovarParam: 1.98729e-64
DMCovarParam: 1.75663e-64
DMCovarParam: 1.55265e-64
DMCovarParam: 1.37227e-64
DMCovarParam: 1.21277e-64
DMCovarParam: 1.07174e-64
DMCovarParam: 9.47049e-65
DMCovarParam: 8.36815e-65
DMCovarParam: 7.39366e-65
DMCovarParam: 6.53224e-65
DMCovarParam: 5.77083e-65
DMCovarParam: 5.09784e-65
DMCovarParam: 4.50306e-65
DMCovarParam: 3.97743e-65
DMCovarParam: 3.51293e-65
DMCovarParam: 3.10249e-65
DMCovarParam: 2.73983e-65
DMCovarParam: 2.41941e-65
DMCovarParam: 2.13633e-65
DMCovarParam: 1.88625e-65
DMCovarParam: 1.66535e-65
DMCovarParam: 1.47022e-65
DMCovarParam: 1.29787e-65
DMCovarParam: 1.14566e-65
DMCovarParam: 1.01123e-65
DMCovarParam: 8.92526e-66
DMCovarParam: 7.87704e-66
DMCovarParam: 6.95149e-66
DMCovarParam: 6.13431e-66
DMCovarParam: 5.41285e-66
DMCovarParam: 4.77595e-66
DMCovarParam: 4.21373e-66
DMCovarParam: 3.71745e-66
DMCovarParam: 3.27943e-66
DMCovarParam: 2.89283e-66
DMCovarParam: 2.55165e-66
DMCovarParam: 2.25057e-66
DMCovarParam: 1.98489e-66
DMCovarParam: 1.75046e-66
DMCovarParam: 1.54363e-66
DMCovarParam: 1.36114e-66
DMCovarParam: 1.20016e-66
DMCovarParam: 1.05815e-66
DMCovarParam: 9.32887e-67
DMCovarParam: 8.224e-67
DMCovarParam: 7.24953e-67
DMCovarParam: 6.39013e-67
DMCovarParam: 5.63226e-67
DMCovarParam: 4.96396e-67
DMCovarParam: 4.37468e-67
DMCovarParam: 3.85512e-67
DMCovarParam: 3.39705e-67
DMCovarParam: 2.99323e-67
DMCovarParam: 2.63724e-67
DMCovarParam: 2.32345e-67
DMCovarParam: 2.04686e-67
DMCovarParam: 1.80309e-67
DMCovarParam: 1.58825e-67
DMCovarParam: 1.39892e-67
DMCovarParam: 1.23208e-67
DMCovarParam: 1.08508e-67
DMCovarParam: 9.55552e-68
DMCovarParam: 8.41434e-68
DMCovarParam: 7.40899e-68
DMCovarParam: 6.52336e-68
DMCovarParam: 5.74322e-68
DMCovarParam: 5.05607e-68
DMCovarParam: 4.45086e-68
DMCovarParam: 3.91785e-68
DMCovarParam: 3.44845e-68
DMCovarParam: 3.0351e-68
DMCovarParam: 2.67113e-68
DMCovarParam: 2.35066e-68
DMCovarParam: 2.06851e-68
DMCovarParam: 1.82011e-68
DMCovarParam: 1.60145e-68
DMCovarParam: 1.40896e-68
DMCovarParam: 1.23953e-68
DMCovarParam: 1.09041e-68
DMCovarParam: 9.59171e-69
DMCovarParam: 8.43673e-69
DMCovarParam: 7.42036e-69
DMCovarParam: 6.52603e-69
DMCovarParam: 5.73913e-69
DMCovarParam: 5.04679e-69
DMCovarParam: 4.4377e-69
DMCovarParam: 3.90188e-69
DMCovarParam: 3.43054e-69
DMCovarParam: 3.01594e-69
DMCovarParam: 2.65129e-69
DMCovarParam: 2.33058e-69
DMCovarParam: 2.04854e-69
DMCovarParam: 1.80052e-69
DMCovarParam: 1.58242e-69
DMCovarParam: 1.39066e-69
DMCovarParam: 1.22206e-69
DMCovarParam: 1.07383e-69
DMCovarParam: 9.43528e-70
DMCovarParam: 8.28981e-70
DMCovarParam: 7.28296e-70
DMCovarParam: 6.39799e-70
DMCovarParam: 5.62021e-70
DMCovarParam: 4.93667e-70
DMCovarParam: 4.336e-70
DMCovarParam: 3.80817e-70
DMCovarParam: 3.34439e-70
DMCovarParam: 2.93691e-70
DMCovarParam: 2.57891e-70
DMCovarParam: 2.26441e-70
DMCovarParam: 1.98814e-70
DMCovarParam: 1.74547e-70
DMCovarParam: 1.53232e-70
DMCovarParam: 1.34512e-70
DMCovarParam: 1.18071e-70
DMCovarParam: 1.03634e-70
DMCovarParam: 9.09557e-71
DMCovarParam: 7.98238e-71
DMCovarParam: 7.00499e-71
DMCovarParam: 6.14689e-71
DMCovarParam: 5.39357e-71
DMCovarParam: 4.73227e-71
DMCovarParam: 4.1518e-71
DMCovarParam: 3.6423e-71
DMCovarParam: 3.19513e-71
DMCovarParam: 2.80268e-71
DMCovarParam: 2.45828e-71
DMCovarParam: 2.15607e-71
DMCovarParam: 1.89089e-71
DMCovarParam: 1.65823e-71
DMCovarParam: 1.4541e-71
DMCovarParam: 1.27502e-71
DMCovarParam: 1.11792e-71
DMCovarParam: 9.80124e-72
DMCovarParam: 8.59255e-72
DMCovarParam: 7.53245e-72
DMCovarParam: 6.60273e-72
DMCovarParam: 5.7874e-72
DMCovarParam: 5.07244e-72
DMCovarParam: 4.44552e-72
DMCovarParam: 3.89584e-72
DMCovarParam: 3.41391e-72
DMCovarParam: 2.99142e-72
DMCovarParam: 2.62105e-72
DMCovarParam: 2.29639e-72
DMCovarParam: 2.01181e-72
DMCovarParam: 1.7624e-72
DMCovarParam: 1.54381e-72
DMCovarParam: 1.35224e-72
DMCovarParam: 1.18438e-72
DMCovarParam: 1.03728e-72
DMCovarParam: 9.08401e-73
DMCovarParam: 7.95483e-73
DMCovarParam: 6.96558e-73
DMCovarParam: 6.09897e-73
DMCovarParam: 5.33985e-73
DMCovarParam: 4.67492e-73
DMCovarParam: 4.09253e-73
DMCovarParam: 3.58247e-73
DMCovarParam: 3.13578e-73
DMCovarParam: 2.74462e-73
DMCovarParam: 2.4021e-73
DMCovarParam: 2.1022e-73
DMCovarParam: 1.83963e-73
DMCovarParam: 1.60975e-73
DMCovarParam: 1.40851e-73
DMCovarParam: 1.23235e-73
DMCovarParam: 1.07815e-73
DMCovarParam: 9.43189e-74
DMCovarParam: 8.25071e-74
DMCovarParam: 7.217e-74
DMCovarParam: 6.31241e-74
DMCovarParam: 5.52086e-74
DMCovarParam: 4.82826e-74
DMCovarParam: 4.22229e-74
DMCovarParam: 3.69214e-74
DMCovarParam: 3.22835e-74
DMCovarParam: 2.82264e-74
DMCovarParam: 2.46777e-74
DMCovarParam: 2.15738e-74
DMCovarParam: 1.88591e-74
DMCovarParam: 1.6485e-74
DMCovarParam: 1.44088e-74
DMCovarParam: 1.25933e-74
DMCovarParam: 1.10059e-74
DMCovarParam: 9.61802e-75
DMCovarParam: 8.40461e-75
DMCovarParam: 7.34382e-75
DMCovarParam: 6.41652e-75
DMCovarParam: 5.60596e-75
DMCovarParam: 4.89749e-75
DMCovarParam: 4.27828e-75
DMCovarParam: 3.73713e-75
DMCovarParam: 3.26423e-75
DMCovarParam: 2.85099e-75
DMCovarParam: 2.48991e-75
DMCovarParam: 2.17442e-75
DMCovarParam: 1.89879e-75
DMCovarParam: 1.658e-75
DMCovarParam: 1.44765e-75
DMCovarParam: 1.26391e-75
DMCovarParam: 1.10342e-75
DMCovarParam: 9.63248e-76
DMCovarParam: 8.40831e-76
DMCovarParam: 7.33927e-76
DMCovarParam: 6.40574e-76
DMCovarParam: 5.59061e-76
DMCovarParam: 4.87889e-76
DMCovarParam: 4.25752e-76
DMCovarParam: 3.71505e-76
DMCovarParam: 3.2415e-76
DMCovarParam: 2.82813e-76
DMCovarParam: 2.46733e-76
DMCovarParam: 2.15242e-76
DMCovarParam: 1.87758e-76
DMCovarParam: 1.63774e-76
DMCovarParam: 1.42844e-76
DMCovarParam: 1.24582e-76
DMCovarParam: 1.08647e-76
DMCovarParam: 9.47449e-77
DMCovarParam: 8.26164e-77
DMCovarParam: 7.20359e-77
DMCovarParam: 6.28065e-77
DMCovarParam: 5.47562e-77
DMCovarParam: 4.77348e-77
DMCovarParam: 4.16111e-77
DMCovarParam: 3.62708e-77
DMCovarParam: 3.16138e-77
DMCovarParam: 2.75531e-77
DMCovarParam: 2.40124e-77
DMCovarParam: 2.09255e-77
DMCovarParam: 1.82342e-77
DMCovarParam: 1.58881e-77
DMCovarParam: 1.3843e-77
DMCovarParam: 1.20603e-77
DMCovarParam: 1.05066e-77
DMCovarParam: 9.1525e-78
DMCovarParam: 7.97239e-78
DMCovarParam: 6.94402e-78
DMCovarParam: 6.04792e-78
DMCovarParam: 5.26712e-78
DMCovarParam: 4.58685e-78
DMCovarParam: 3.99418e-78
DMCovarParam: 3.47788e-78
DMCovarParam: 3.02813e-78
DMCovarParam: 2.63637e-78
DMCovarParam: 2.29515e-78
DMCovarParam: 1.99797e-78
DMCovarParam: 1.73916e-78
DMCovarParam: 1.51379e-78
DMCovarParam: 1.31753e-78
DMCovarParam: 1.14665e-78
DMCovarParam: 9.97868e-79
DMCovarParam: 8.68338e-79
DMCovarParam: 7.55574e-79
DMCovarParam: 6.57413e-79
DMCovarParam: 5.71969e-79
DMCovarParam: 4.97599e-79
DMCovarParam: 4.32872e-79
DMCovarParam: 3.76541e-79
DMCovarParam: 3.2752e-79
DMCovarParam: 2.84863e-79
DMCovarParam: 2.47747e-79
DMCovarParam: 2.15453e-79
DMCovarParam: 1.87357e-79
DMCovarParam: 1.62914e-79
DMCovarParam: 1.41652e-79
DMCovarParam: 1.23157e-79
DMCovarParam: 1.0707e-79
DMCovarParam: 9.30784e-80
DMCovarParam: 8.09102e-80
DMCovarParam: 7.03284e-80
DMCovarParam: 6.11267e-80
DMCovarParam: 5.31257e-80
DMCovarParam: 4.6169e-80
DMCovarParam: 4.01208e-80
DMCovarParam: 3.48628e-80
DMCovarParam: 3.02919e-80
DMCovarParam: 2.63187e-80
DMCovarParam: 2.28652e-80
DMCovarParam: 1.98636e-80
DMCovarParam: 1.7255e-80
DMCovarParam: 1.4988e-80
DMCovarParam: 1.30181e-80
DMCovarParam: 1.13063e-80
DMCovarParam: 9.81904e-81
DMCovarParam: 8.52688e-81
DMCovarParam: 7.4043e-81
DMCovarParam: 6.4291e-81
DMCovarParam: 5.582e-81
DMCovarParam: 4.84621e-81
DMCovarParam: 4.20715e-81
DMCovarParam: 3.65213e-81
DMCovarParam: 3.17013e-81
DMCovarParam: 2.75157e-81
DMCovarParam: 2.38813e-81
DMCovarParam: 2.07256e-81
DMCovarParam: 1.79858e-81
DMCovarParam: 1.56072e-81
DMCovarParam: 1.35424e-81
DMCovarParam: 1.17499e-81
DMCovarParam: 1.01941e-81
DMCovarParam: 8.84376e-82
DMCovarParam: 7.67179e-82
DMCovarParam: 6.65472e-82
DMCovarParam: 5.77212e-82
DMCovarParam: 5.00627e-82
DMCovarParam: 4.34176e-82
DMCovarParam: 3.76522e-82
DMCovarParam: 3.26503e-82
DMCovarParam: 2.83112e-82
DMCovarParam: 2.45471e-82
DMCovarParam: 2.12822e-82
DMCovarParam: 1.84504e-82
DMCovarParam: 1.59944e-82
DMCovarParam: 1.38644e-82
DMCovarParam: 1.20174e-82
DMCovarParam: 1.04157e-82
DMCovarParam: 9.02701e-83
DMCovarParam: 7.82294e-83
DMCovarParam: 6.77905e-83
DMCovarParam: 5.8741e-83
DMCovarParam: 5.08963e-83
DMCovarParam: 4.40965e-83
DMCovarParam: 3.82028e-83
DMCovarParam: 3.30947e-83
DMCovarParam: 2.86678e-83
DMCovarParam: 2.48316e-83
DMCovarParam: 2.15073e-83
DMCovarParam: 1.86269e-83
DMCovarParam: 1.61313e-83
DMCovarParam: 1.39692e-83
DMCovarParam: 1.20961e-83
DMCovarParam: 1.04735e-83
DMCovarParam: 9.06799e-84
DMCovarParam: 7.85061e-84
DMCovarParam: 6.79624e-84
DMCovarParam: 5.88311e-84
DMCovarParam: 5.09235e-84
DMCovarParam: 4.4076e-84
DMCovarParam: 3.81469e-84
DMCovarParam: 3.30133e-84
DMCovarParam: 2.85688e-84
DMCovarParam: 2.47211e-84
DMCovarParam: 2.13903e-84
DMCovarParam: 1.85071e-84
DMCovarParam: 1.60115e-84
DMCovarParam: 1.38516e-84
DMCovarParam: 1.19823e-84
DMCovarParam: 1.03646e-84
DMCovarParam: 8.96475e-85
DMCovarParam: 7.75348e-85
DMCovarParam: 6.70546e-85
DMCovarParam: 5.79873e-85
DMCovarParam: 5.0143e-85
DMCovarParam: 4.33572e-85
DMCovarParam: 3.74873e-85
DMCovarParam: 3.24101e-85
DMCovarParam: 2.80188e-85
DMCovarParam: 2.4221e-85
DMCovarParam: 2.09366e-85
DMCovarParam: 1.80965e-85
DMCovarParam: 1.56406e-85
DMCovarParam: 1.35172e-85
DMCovarParam: 1.16814e-85
DMCovarParam: 1.00942e-85
DMCovarParam: 8.72219e-86
DMCovarParam: 7.53617e-86
DMCovarParam: 6.51101e-86
DMCovarParam: 5.62496e-86
DMCovarParam: 4.85918e-86
DMCovarParam: 4.19739e-86
DMCovarParam: 3.62551e-86
DMCovarParam: 3.13135e-86
DMCovarParam: 2.70438e-86
DMCovarParam: 2.33547e-86
DMCovarParam: 2.01677e-86
DMCovarParam: 1.74145e-86
DMCovarParam: 1.50362e-86
DMCovarParam: 1.29819e-86
DMCovarParam: 1.12075e-86
DMCovarParam: 9.67509e-87
DMCovarParam: 8.35167e-87
DMCovarParam: 7.20883e-87
DMCovarParam: 6.22198e-87
DMCovarParam: 5.3699e-87
DMCovarParam: 4.63421e-87
DMCovarParam: 3.99907e-87
DMCovarParam: 3.45076e-87
DMCovarParam: 2.97744e-87
DMCovarParam: 2.56889e-87
DMCovarParam: 2.21625e-87
DMCovarParam: 1.91191e-87
DMCovarParam: 1.64925e-87
DMCovarParam: 1.42259e-87
DMCovarParam: 1.227e-87
DMCovarParam: 1.05824e-87
DMCovarParam: 9.12634e-88
DMCovarParam: 7.87012e-88
DMCovarParam: 6.78639e-88
DMCovarParam: 5.85153e-88
DMCovarParam: 5.04513e-88
DMCovarParam: 4.34959e-88
DMCovarParam: 3.74971e-88
DMCovarParam: 3.23236e-88
DMCovarParam: 2.78622e-88
DMCovarParam: 2.4015e-88
DMCovarParam: 2.06978e-88
DMCovarParam: 1.78376e-88
DMCovarParam: 1.53718e-88
DMCovarParam: 1.32459e-88
DMCovarParam: 1.14134e-88
DMCovarParam: 9.83377e-89
DMCovarParam: 8.47224e-89
DMCovarParam: 7.29876e-89
DMCovarParam: 6.28743e-89
DMCovarParam: 5.41589e-89
DMCovarParam: 4.66487e-89
DMCovarParam: 4.01774e-89
DMCovarParam: 3.46017e-89
DMCovarParam: 2.97979e-89
DMCovarParam: 2.56594e-89
DMCovarParam: 2.20943e-89
DMCovarParam: 1.90234e-89
DMCovarParam: 1.63783e-89
DMCovarParam: 1.41e-89
DMCovarParam: 1.2138e-89
DMCovarParam: 1.04483e-89
DMCovarParam: 8.99323e-90
DMCovarParam: 7.74034e-90
DMCovarParam: 6.66158e-90
DMCovarParam: 5.73281e-90
DMCovarParam: 4.93322e-90
DMCovarParam: 4.24489e-90
DMCovarParam: 3.65237e-90
DMCovarParam: 3.14237e-90
DMCovarParam: 2.70341e-90
DMCovarParam: 2.32562e-90
DMCovarParam: 2.0005e-90
DMCovarParam: 1.72073e-90
DMCovarParam: 1.47999e-90
DMCovarParam: 1.27285e-90
DMCovarParam: 1.09463e-90
DMCovarParam: 9.41313e-91
DMCovarParam: 8.09416e-91
DMCovarParam: 6.95957e-91
DMCovarParam: 5.98364e-91
DMCovarParam: 5.14425e-91
DMCovarParam: 4.42233e-91
DMCovarParam: 3.80149e-91
DMCovarParam: 3.2676e-91
DMCovarParam: 2.80851e-91
DMCovarParam: 2.41378e-91
DMCovarParam: 2.07439e-91
DMCovarParam: 1.78261e-91
DMCovarParam: 1.53178e-91
DMCovarParam: 1.31616e-91
DMCovarParam: 1.13082e-91
DMCovarParam: 9.71522e-92
DMCovarParam: 8.34611e-92
DMCovarParam: 7.16948e-92
DMCovarParam: 6.15835e-92
DMCovarParam: 5.2895e-92
DMCovarParam: 4.54294e-92
DMCovarParam: 3.90151e-92
DMCovarParam: 3.35043e-92
DMCovarParam: 2.87702e-92
DMCovarParam: 2.47034e-92
DMCovarParam: 2.12101e-92
DMCovarParam: 1.82097e-92
DMCovarParam: 1.56328e-92
DMCovarParam: 1.34197e-92
DMCovarParam: 1.15192e-92
DMCovarParam: 9.88717e-93
DMCovarParam: 8.48587e-93
DMCovarParam: 7.28272e-93
DMCovarParam: 6.24977e-93
DMCovarParam: 5.36299e-93
DMCovarParam: 4.60175e-93
DMCovarParam: 3.94832e-93
DMCovarParam: 3.38746e-93
DMCovarParam: 2.90609e-93
DMCovarParam: 2.49296e-93
DMCovarParam: 2.13844e-93
DMCovarParam: 1.83421e-93
DMCovarParam: 1.57317e-93
DMCovarParam: 1.3492e-93
DMCovarParam: 1.15704e-93
DMCovarParam: 9.92183e-94
DMCovarParam: 8.50765e-94
DMCovarParam: 7.29458e-94
DMCovarParam: 6.25409e-94
DMCovarParam: 5.36167e-94
DMCovarParam: 4.59631e-94
DMCovarParam: 3.93996e-94
DMCovarParam: 3.37713e-94
DMCovarParam: 2.89451e-94
DMCovarParam: 2.48071e-94
DMCovarParam: 2.12593e-94
DMCovarParam: 1.82178e-94
DMCovarParam: 1.56105e-94
DMCovarParam: 1.33755e-94
DMCovarParam: 1.14597e-94
DMCovarParam: 9.81776e-95
DMCovarParam: 8.41053e-95
DMCovarParam: 7.20456e-95
DMCovarParam: 6.17113e-95
DMCovarParam: 5.2856e-95
DMCovarParam: 4.52686e-95
DMCovarParam: 3.87679e-95
DMCovarParam: 3.31987e-95
DMCovarParam: 2.84278e-95
DMCovarParam: 2.43409e-95
DMCovarParam: 2.08403e-95
DMCovarParam: 1.7842e-95
DMCovarParam: 1.52741e-95
DMCovarParam: 1.3075e-95
DMCovarParam: 1.11918e-95
DMCovarParam: 9.57929e-96
DMCovarParam: 8.19856e-96
DMCovarParam: 7.01641e-96
DMCovarParam: 6.00434e-96
DMCovarParam: 5.13794e-96
DMCovarParam: 4.39627e-96
DMCovarParam: 3.76144e-96
DMCovarParam: 3.21807e-96
DMCovarParam: 2.75303e-96
DMCovarParam: 2.35504e-96
DMCovarParam: 2.01446e-96
DMCovarParam: 1.72303e-96
DMCovarParam: 1.47366e-96
DMCovarParam: 1.26031e-96
DMCovarParam: 1.07778e-96
DMCovarParam: 9.21626e-97
DMCovarParam: 7.88048e-97
DMCovarParam: 6.73788e-97
DMCovarParam: 5.76059e-97
DMCovarParam: 4.92474e-97
DMCovarParam: 4.20991e-97
DMCovarParam: 3.59862e-97
DMCovarParam: 3.07589e-97
DMCovarParam: 2.62893e-97
DMCovarParam: 2.24678e-97
DMCovarParam: 1.92006e-97
DMCovarParam: 1.64074e-97
DMCovarParam: 1.40198e-97
DMCovarParam: 1.19788e-97
DMCovarParam: 1.02343e-97
DMCovarParam: 8.74333e-98
DMCovarParam: 7.4691e-98
DMCovarParam: 6.38017e-98
DMCovarParam: 5.44966e-98
DMCovarParam: 4.65457e-98
DMCovarParam: 3.97523e-98
DMCovarParam: 3.39483e-98
DMCovarParam: 2.89899e-98
DMCovarParam: 2.47541e-98
DMCovarParam: 2.1136e-98
DMCovarParam: 1.80455e-98
DMCovarParam: 1.5406e-98
DMCovarParam: 1.31517e-98
DMCovarParam: 1.12266e-98
DMCovarParam: 9.58269e-99
DMCovarParam: 8.17898e-99
DMCovarParam: 6.98046e-99
DMCovarParam: 5.95719e-99
DMCovarParam: 5.08361e-99
DMCovarParam: 4.33786e-99
DMCovarParam: 3.70128e-99
DMCovarParam: 3.15792e-99
DMCovarParam: 2.69415e-99
DMCovarParam: 2.29836e-99
DMCovarParam: 1.96058e-99
DMCovarParam: 1.67234e-99
DMCovarParam: 1.42639e-99
DMCovarParam: 1.21654e-99
DMCovarParam: 1.03749e-99
DMCovarParam: 8.84743e-100
DMCovarParam: 7.54436e-100
DMCovarParam: 6.43281e-100
DMCovarParam: 5.48468e-100
DMCovarParam: 4.67601e-100
DMCovarParam: 3.98632e-100
DMCovarParam: 3.39814e-100
DMCovarParam: 2.89657e-100
DMCovarParam: 2.46888e-100
DMCovarParam: 2.1042e-100
DMCovarParam: 1.79328e-100
DMCovarParam: 1.52821e-100
DMCovarParam: 1.30224e-100
DMCovarParam: 1.10961e-100
DMCovarParam: 9.45414e-101
DMCovarParam: 8.05467e-101
DMCovarParam: 6.86193e-101
DMCovarParam: 5.84544e-101
DMCovarParam: 4.97923e-101
DMCovarParam: 4.2411e-101
DMCovarParam: 3.61218e-101
DMCovarParam: 3.07632e-101
DMCovarParam: 2.6198e-101
DMCovarParam: 2.23088e-101
DMCovarParam: 1.89958e-101
DMCovarParam: 1.61738e-101
DMCovarParam: 1.37702e-101
DMCovarParam: 1.1723e-101
DMCovarParam: 9.97961e-102
DMCovarParam: 8.49492e-102
DMCovarParam: 7.23067e-102
DMCovarParam: 6.15418e-102
DMCovarParam: 5.23763e-102
DMCovarParam: 4.45731e-102
DMCovarParam: 3.793e-102
DMCovarParam: 3.2275e-102
DMCovarParam: 2.74614e-102
DMCovarParam: 2.33643e-102
DMCovarParam: 1.98772e-102
DMCovarParam: 1.69094e-102
DMCovarParam: 1.43839e-102
DMCovarParam: 1.22348e-102
DMCovarParam: 1.04062e-102
DMCovarParam: 8.8503e-103
DMCovarParam: 7.52658e-103
DMCovarParam: 6.40044e-103
DMCovarParam: 5.44246e-103
DMCovarParam: 4.62757e-103
DMCovarParam: 3.93445e-103
DMCovarParam: 3.34494e-103
DMCovarParam: 2.84358e-103
DMCovarParam: 2.41721e-103
DMCovarParam: 2.05465e-103
DMCovarParam: 1.74636e-103
DMCovarParam: 1.48423e-103
DMCovarParam: 1.26137e-103
DMCovarParam: 1.07191e-103
DMCovarParam: 9.10843e-104
DMCovarParam: 7.73933e-104
DMCovarParam: 6.57561e-104
DMCovarParam: 5.58653e-104
DMCovarParam: 4.74592e-104
DMCovarParam: 4.03155e-104
DMCovarParam: 3.42449e-104
DMCovarParam: 2.90866e-104
DMCovarParam: 2.47038e-104
DMCovarParam: 2.09801e-104
DMCovarParam: 1.78165e-104
DMCovarParam: 1.5129e-104
DMCovarParam: 1.28462e-104
DMCovarParam: 1.09071e-104
DMCovarParam: 9.26009e-105
DMCovarParam: 7.86133e-105
DMCovarParam: 6.67343e-105
DMCovarParam: 5.66468e-105
DMCovarParam: 4.80811e-105
DMCovarParam: 4.08081e-105
DMCovarParam: 3.46331e-105
DMCovarParam: 2.93906e-105
DMCovarParam: 2.49402e-105
DMCovarParam: 2.11623e-105
DMCovarParam: 1.79556e-105
DMCovarParam: 1.52338e-105
DMCovarParam: 1.29238e-105
DMCovarParam: 1.09634e-105
DMCovarParam: 9.29981e-106
DMCovarParam: 7.88815e-106
DMCovarParam: 6.69035e-106
DMCovarParam: 5.67408e-106
DMCovarParam: 4.81188e-106
DMCovarParam: 4.08044e-106
DMCovarParam: 3.45997e-106
DMCovarParam: 2.93367e-106
DMCovarParam: 2.48727e-106
DMCovarParam: 2.10866e-106
DMCovarParam: 1.78757e-106
DMCovarParam: 1.51528e-106
DMCovarParam: 1.28439e-106
DMCovarParam: 1.08861e-106
DMCovarParam: 9.22613e-107
DMCovarParam: 7.81881e-107
DMCovarParam: 6.62575e-107
DMCovarParam: 5.61439e-107
DMCovarParam: 4.7571e-107
DMCovarParam: 4.03047e-107
DMCovarParam: 3.41461e-107
DMCovarParam: 2.89268e-107
DMCovarParam: 2.45037e-107
DMCovarParam: 2.07556e-107
DMCovarParam: 1.75798e-107
DMCovarParam: 1.48889e-107
DMCovarParam: 1.26092e-107
DMCovarParam: 1.06778e-107
DMCovarParam: 9.04173e-108
DMCovarParam: 7.65585e-108
DMCovarParam: 6.48199e-108
DMCovarParam: 5.48777e-108
DMCovarParam: 4.64575e-108
DMCovarParam: 3.93269e-108
DMCovarParam: 3.32886e-108
DMCovarParam: 2.81757e-108
DMCovarParam: 2.38466e-108
DMCovarParam: 2.01814e-108
DMCovarParam: 1.70785e-108
DMCovarParam: 1.44518e-108
DMCovarParam: 1.22283e-108
DMCovarParam: 1.03462e-108
DMCovarParam: 8.75327e-109
DMCovarParam: 7.40513e-109
DMCovarParam: 6.26423e-109
DMCovarParam: 5.29878e-109
DMCovarParam: 4.48185e-109
DMCovarParam: 3.79063e-109
DMCovarParam: 3.20581e-109
DMCovarParam: 2.71105e-109
DMCovarParam: 2.2925e-109
DMCovarParam: 1.93845e-109
DMCovarParam: 1.63898e-109
DMCovarParam: 1.38569e-109
DMCovarParam: 1.17146e-109
DMCovarParam: 9.90298e-110
DMCovarParam: 8.37097e-110
DMCovarParam: 7.07552e-110
DMCovarParam: 5.98018e-110
DMCovarParam: 5.05409e-110
DMCovarParam: 4.27115e-110
DMCovarParam: 3.60926e-110
DMCovarParam: 3.04976e-110
DMCovarParam: 2.57683e-110
DMCovarParam: 2.1771e-110
DMCovarParam: 1.83927e-110
DMCovarParam: 1.55376e-110
DMCovarParam: 1.31249e-110
DMCovarParam: 1.10861e-110
DMCovarParam: 9.36349e-111
DMCovarParam: 7.90803e-111
DMCovarParam: 6.67838e-111
DMCovarParam: 5.63959e-111
DMCovarParam: 4.76208e-111
DMCovarParam: 4.02086e-111
DMCovarParam: 3.39479e-111
DMCovarParam: 2.86603e-111
DMCovarParam: 2.41948e-111
DMCovarParam: 2.04237e-111
DMCovarParam: 1.72394e-111
DMCovarParam: 1.45506e-111
DMCovarParam: 1.22804e-111
DMCovarParam: 1.03638e-111
DMCovarParam: 8.74573e-112
DMCovarParam: 7.37984e-112
DMCovarParam: 6.22688e-112
DMCovarParam: 5.25373e-112
DMCovarParam: 4.43238e-112
DMCovarParam: 3.73921e-112
DMCovarParam: 3.15424e-112
DMCovarParam: 2.66062e-112
DMCovarParam: 2.24411e-112
DMCovarParam: 1.89268e-112
DMCovarParam: 1.59619e-112
DMCovarParam: 1.34606e-112
DMCovarParam: 1.13506e-112
DMCovarParam: 9.57068e-113
DMCovarParam: 8.0694e-113
DMCovarParam: 6.80319e-113
DMCovarParam: 5.73531e-113
DMCovarParam: 4.83475e-113
DMCovarParam: 4.07534e-113
DMCovarParam: 3.435e-113
DMCovarParam: 2.89509e-113
DMCovarParam: 2.4399e-113
DMCovarParam: 2.05614e-113
DMCovarParam: 1.73264e-113
DMCovarParam: 1.45994e-113
DMCovarParam: 1.23008e-113
DMCovarParam: 1.03635e-113
DMCovarParam: 8.7308e-114
DMCovarParam: 7.35484e-114
DMCovarParam: 6.19534e-114
DMCovarParam: 5.21831e-114
DMCovarParam: 4.39508e-114
DMCovarParam: 3.7015e-114
DMCovarParam: 3.11717e-114
DMCovarParam: 2.62493e-114
DMCovarParam: 2.21028e-114
DMCovarParam: 1.86101e-114
DMCovarParam: 1.56684e-114
DMCovarParam: 1.31908e-114
DMCovarParam: 1.11043e-114
DMCovarParam: 9.34729e-115
DMCovarParam: 7.86778e-115
DMCovarParam: 6.62204e-115
DMCovarParam: 5.57319e-115
DMCovarParam: 4.69017e-115
DMCovarParam: 3.94682e-115
DMCovarParam: 3.32107e-115
DMCovarParam: 2.79436e-115
DMCovarParam: 2.35103e-115
DMCovarParam: 1.97792e-115
DMCovarParam: 1.66391e-115
DMCovarParam: 1.39967e-115
DMCovarParam: 1.17732e-115
DMCovarParam: 9.90229e-116
DMCovarParam: 8.32818e-116
DMCovarParam: 7.00385e-116
DMCovarParam: 5.88975e-116
DMCovarParam: 4.95256e-116
DMCovarParam: 4.16423e-116
DMCovarParam: 3.50117e-116
DMCovarParam: 2.94351e-116
DMCovarParam: 2.47451e-116
DMCovarParam: 2.08011e-116
DMCovarParam: 1.74846e-116
DMCovarParam: 1.4696e-116
DMCovarParam: 1.23514e-116
DMCovarParam: 1.03802e-116
DMCovarParam: 8.72301e-117
DMCovarParam: 7.32995e-117
DMCovarParam: 6.15897e-117
DMCovarParam: 5.17474e-117
DMCovarParam: 4.34752e-117
DMCovarParam: 3.65231e-117
DMCovarParam: 3.06808e-117
DMCovarParam: 2.57715e-117
DMCovarParam: 2.16463e-117
DMCovarParam: 1.81803e-117
DMCovarParam: 1.52684e-117
DMCovarParam: 1.2822e-117
DMCovarParam: 1.07669e-117
DMCovarParam: 9.04068e-118
DMCovarParam: 7.59073e-118
DMCovarParam: 6.37292e-118
DMCovarParam: 5.35016e-118
DMCovarParam: 4.49125e-118
DMCovarParam: 3.77e-118
DMCovarParam: 3.16437e-118
DMCovarParam: 2.65587e-118
DMCovarParam: 2.22895e-118
DMCovarParam: 1.87053e-118
DMCovarParam: 1.56965e-118
DMCovarParam: 1.31709e-118
DMCovarParam: 1.10509e-118
DMCovarParam: 9.27161e-119
DMCovarParam: 7.7783e-119
DMCovarParam: 6.5251e-119
DMCovarParam: 5.47347e-119
DMCovarParam: 4.59104e-119
DMCovarParam: 3.85064e-119
DMCovarParam: 3.22944e-119
DMCovarParam: 2.70828e-119
DMCovarParam: 2.27109e-119
DMCovarParam: 1.90435e-119
DMCovarParam: 1.59673e-119
DMCovarParam: 1.33872e-119
DMCovarParam: 1.12234e-119
DMCovarParam: 9.40865e-120
DMCovarParam: 7.88687e-120
DMCovarParam: 6.61081e-120
DMCovarParam: 5.54087e-120
DMCovarParam: 4.6438e-120
DMCovarParam: 3.89173e-120
DMCovarParam: 3.26125e-120
DMCovarParam: 2.73275e-120
DMCovarParam: 2.28974e-120
DMCovarParam: 1.91844e-120
DMCovarParam: 1.60724e-120
DMCovarParam: 1.34644e-120
DMCovarParam: 1.12789e-120
DMCovarParam: 9.44753e-121
DMCovarParam: 7.91303e-121
DMCovarParam: 6.62736e-121
DMCovarParam: 5.55024e-121
DMCovarParam: 4.64788e-121
DMCovarParam: 3.89199e-121
DMCovarParam: 3.25883e-121
DMCovarParam: 2.7285e-121
DMCovarParam: 2.28433e-121
DMCovarParam: 1.91235e-121
DMCovarParam: 1.60084e-121
DMCovarParam: 1.33999e-121
DMCovarParam: 1.12157e-121
DMCovarParam: 9.38702e-122
DMCovarParam: 7.85598e-122
DMCovarParam: 6.57424e-122
DMCovarParam: 5.50128e-122
DMCovarParam: 4.60315e-122
DMCovarParam: 3.8514e-122
DMCovarParam: 3.22223e-122
DMCovarParam: 2.69567e-122
DMCovarParam: 2.25501e-122
DMCovarParam: 1.88627e-122
DMCovarParam: 1.57773e-122
DMCovarParam: 1.31958e-122
DMCovarParam: 1.10359e-122
DMCovarParam: 9.22903e-123
DMCovarParam: 7.71749e-123
DMCovarParam: 6.45311e-123
DMCovarParam: 5.39554e-123
DMCovarParam: 4.51101e-123
DMCovarParam: 3.77125e-123
DMCovarParam: 3.15261e-123
DMCovarParam: 2.63528e-123
DMCovarParam: 2.20271e-123
DMCovarParam: 1.84103e-123
DMCovarParam: 1.53864e-123
DMCovarParam: 1.28584e-123
DMCovarParam: 1.0745e-123
DMCovarParam: 8.97848e-124
DMCovarParam: 7.50188e-124
DMCovarParam: 6.26774e-124
DMCovarParam: 5.2363e-124
DMCovarParam: 4.37432e-124
DMCovarParam: 3.65401e-124
DMCovarParam: 3.05212e-124
DMCovarParam: 2.54922e-124
DMCovarParam: 2.12905e-124
DMCovarParam: 1.77802e-124
DMCovarParam: 1.48477e-124
DMCovarParam: 1.23981e-124
DMCovarParam: 1.0352e-124
DMCovarParam: 8.64307e-125
DMCovarParam: 7.21578e-125
DMCovarParam: 6.02381e-125
DMCovarParam: 5.02843e-125
DMCovarParam: 4.19727e-125
DMCovarParam: 3.50327e-125
DMCovarParam: 2.92384e-125
DMCovarParam: 2.44009e-125
DMCovarParam: 2.03625e-125
DMCovarParam: 1.69914e-125
DMCovarParam: 1.41775e-125
DMCovarParam: 1.18289e-125
DMCovarParam: 9.86875e-126
DMCovarParam: 8.23289e-126
DMCovarParam: 6.86776e-126
DMCovarParam: 5.72863e-126
DMCovarParam: 4.77815e-126
DMCovarParam: 3.98512e-126
DMCovarParam: 3.3235e-126
DMCovarParam: 2.77155e-126
DMCovarParam: 2.31112e-126
DMCovarParam: 1.92706e-126
DMCovarParam: 1.60673e-126
DMCovarParam: 1.33956e-126
DMCovarParam: 1.11674e-126
DMCovarParam: 9.30931e-127
DMCovarParam: 7.75988e-127
DMCovarParam: 6.46793e-127
DMCovarParam: 5.39074e-127
DMCovarParam: 4.49268e-127
DMCovarParam: 3.74399e-127
DMCovarParam: 3.11987e-127
DMCovarParam: 2.59963e-127
DMCovarParam: 2.166e-127
DMCovarParam: 1.80459e-127
DMCovarParam: 1.5034e-127
DMCovarParam: 1.25239e-127
DMCovarParam: 1.04323e-127
DMCovarParam: 8.68943e-128
DMCovarParam: 7.2373e-128
DMCovarParam: 6.02746e-128
DMCovarParam: 5.01956e-128
DMCovarParam: 4.17993e-128
DMCovarParam: 3.48053e-128
DMCovarParam: 2.89798e-128
DMCovarParam: 2.41278e-128
DMCovarParam: 2.00869e-128
DMCovarParam: 1.67217e-128
DMCovarParam: 1.39195e-128
DMCovarParam: 1.15861e-128
DMCovarParam: 9.64326e-129
DMCovarParam: 8.02571e-129
DMCovarParam: 6.67908e-129
DMCovarParam: 5.55804e-129
DMCovarParam: 4.62488e-129
DMCovarParam: 3.84815e-129
DMCovarParam: 3.20167e-129
DMCovarParam: 2.66363e-129
DMCovarParam: 2.21587e-129
DMCovarParam: 1.84326e-129
DMCovarParam: 1.53321e-129
DMCovarParam: 1.27524e-129
DMCovarParam: 1.0606e-129
DMCovarParam: 8.82038e-130
DMCovarParam: 7.33491e-130
DMCovarParam: 6.09923e-130
DMCovarParam: 5.0714e-130
DMCovarParam: 4.21652e-130
DMCovarParam: 3.50553e-130
DMCovarParam: 2.91424e-130
DMCovarParam: 2.42253e-130
DMCovarParam: 2.01367e-130
DMCovarParam: 1.6737e-130
DMCovarParam: 1.39105e-130
DMCovarParam: 1.15605e-130
DMCovarParam: 9.60699e-131
DMCovarParam: 7.98306e-131
DMCovarParam: 6.63322e-131
DMCovarParam: 5.51128e-131
DMCovarParam: 4.57881e-131
DMCovarParam: 3.80388e-131
DMCovarParam: 3.1599e-131
DMCovarParam: 2.62478e-131
DMCovarParam: 2.18014e-131
DMCovarParam: 1.81072e-131
DMCovarParam: 1.50379e-131
DMCovarParam: 1.24882e-131
DMCovarParam: 1.03701e-131
DMCovarParam: 8.61074e-132
DMCovarParam: 7.14941e-132
DMCovarParam: 5.93571e-132
DMCovarParam: 4.92774e-132
DMCovarParam: 4.09069e-132
DMCovarParam: 3.39561e-132
DMCovarParam: 2.81846e-132
DMCovarParam: 2.33926e-132
DMCovarParam: 1.94142e-132
DMCovarParam: 1.61113e-132
DMCovarParam: 1.33696e-132
DMCovarParam: 1.10937e-132
DMCovarParam: 9.20466e-133
DMCovarParam: 7.63681e-133
DMCovarParam: 6.33562e-133
DMCovarParam: 5.25581e-133
DMCovarParam: 4.35976e-133
DMCovarParam: 3.61625e-133
DMCovarParam: 2.99935e-133
DMCovarParam: 2.48754e-133
DMCovarParam: 2.06293e-133
DMCovarParam: 1.71069e-133
DMCovarParam: 1.41851e-133
DMCovarParam: 1.17616e-133
DMCovarParam: 9.7515e-134
DMCovarParam: 8.08445e-134
DMCovarParam: 6.70197e-134
DMCovarParam: 5.55555e-134
DMCovarParam: 4.60495e-134
DMCovarParam: 3.81677e-134
DMCovarParam: 3.16329e-134
DMCovarParam: 2.62154e-134
DMCovarParam: 2.17243e-134
DMCovarParam: 1.80014e-134
DMCovarParam: 1.49157e-134
DMCovarParam: 1.23581e-134
DMCovarParam: 1.02384e-134
DMCovarParam: 8.48175e-135
DMCovarParam: 7.02606e-135
DMCovarParam: 5.81985e-135
DMCovarParam: 4.82041e-135
DMCovarParam: 3.99236e-135
DMCovarParam: 3.30634e-135
DMCovarParam: 2.73803e-135
DMCovarParam: 2.26727e-135
DMCovarParam: 1.87733e-135
DMCovarParam: 1.55435e-135
DMCovarParam: 1.28686e-135
DMCovarParam: 1.06534e-135
DMCovarParam: 8.81894e-136
DMCovarParam: 7.29991e-136
DMCovarParam: 6.04216e-136
DMCovarParam: 5.0008e-136
DMCovarParam: 4.13866e-136
DMCovarParam: 3.42493e-136
DMCovarParam: 2.83412e-136
DMCovarParam: 2.34508e-136
DMCovarParam: 1.9403e-136
DMCovarParam: 1.60529e-136
DMCovarParam: 1.32804e-136
DMCovarParam: 1.0986e-136
DMCovarParam: 9.08749e-137
DMCovarParam: 7.51657e-137
DMCovarParam: 6.21683e-137
DMCovarParam: 5.14151e-137
DMCovarParam: 4.25192e-137
DMCovarParam: 3.51603e-137
DMCovarParam: 2.90733e-137
DMCovarParam: 2.40385e-137
DMCovarParam: 1.98744e-137
DMCovarParam: 1.64306e-137
DMCovarParam: 1.35827e-137
DMCovarParam: 1.12277e-137
DMCovarParam: 9.28042e-138
DMCovarParam: 7.67041e-138
DMCovarParam: 6.33931e-138
DMCovarParam: 5.23888e-138
DMCovarParam: 4.3292e-138
DMCovarParam: 3.57726e-138
DMCovarParam: 2.95574e-138
DMCovarParam: 2.44205e-138
DMCovarParam: 2.01751e-138
DMCovarParam: 1.66667e-138
DMCovarParam: 1.37675e-138
DMCovarParam: 1.1372e-138
DMCovarParam: 9.39264e-139
DMCovarParam: 7.75735e-139
DMCovarParam: 6.40636e-139
DMCovarParam: 5.29033e-139
DMCovarParam: 4.36845e-139
DMCovarParam: 3.60698e-139
DMCovarParam: 2.97806e-139
DMCovarParam: 2.45865e-139
DMCovarParam: 2.0297e-139
DMCovarParam: 1.67549e-139
DMCovarParam: 1.383e-139
DMCovarParam: 1.1415e-139
DMCovarParam: 9.42116e-140
DMCovarParam: 7.77507e-140
DMCovarParam: 6.4162e-140
DMCovarParam: 5.29448e-140
DMCovarParam: 4.3686e-140
DMCovarParam: 3.60441e-140
DMCovarParam: 2.97371e-140
DMCovarParam: 2.45322e-140
DMCovarParam: 2.0237e-140
DMCovarParam: 1.66928e-140
DMCovarParam: 1.37685e-140
DMCovarParam: 1.13557e-140
DMCovarParam: 9.3652e-141
DMCovarParam: 7.72311e-141
DMCovarParam: 6.36854e-141
DMCovarParam: 5.25122e-141
DMCovarParam: 4.32966e-141
DMCovarParam: 3.56961e-141
DMCovarParam: 2.94279e-141
DMCovarParam: 2.4259e-141
DMCovarParam: 1.99966e-141
DMCovarParam: 1.64822e-141
DMCovarParam: 1.35846e-141
DMCovarParam: 1.11957e-141
DMCovarParam: 9.22628e-142
DMCovarParam: 7.60284e-142
DMCovarParam: 6.26467e-142
DMCovarParam: 5.16171e-142
DMCovarParam: 4.25267e-142
DMCovarParam: 3.50351e-142
DMCovarParam: 2.88614e-142
DMCovarParam: 2.37741e-142
DMCovarParam: 1.95823e-142
DMCovarParam: 1.61286e-142
DMCovarParam: 1.32832e-142
DMCovarParam: 1.09391e-142
DMCovarParam: 9.00808e-143
DMCovarParam: 7.41748e-143
DMCovarParam: 6.10736e-143
DMCovarParam: 5.02833e-143
DMCovarParam: 4.13968e-143
DMCovarParam: 3.40786e-143
DMCovarParam: 2.80525e-143
DMCovarParam: 2.30905e-143
DMCovarParam: 1.9005e-143
DMCovarParam: 1.56414e-143
DMCovarParam: 1.28723e-143
DMCovarParam: 1.05927e-143
DMCovarParam: 8.71634e-144
DMCovarParam: 7.17188e-144
DMCovarParam: 5.90072e-144
DMCovarParam: 4.85456e-144
DMCovarParam: 3.99362e-144
DMCovarParam: 3.28517e-144
DMCovarParam: 2.70222e-144
DMCovarParam: 2.22258e-144
DMCovarParam: 1.82796e-144
DMCovarParam: 1.50331e-144
DMCovarParam: 1.23624e-144
DMCovarParam: 1.01656e-144
DMCovarParam: 8.35857e-145
DMCovarParam: 6.87236e-145
DMCovarParam: 5.65005e-145
DMCovarParam: 4.64485e-145
DMCovarParam: 3.81825e-145
DMCovarParam: 3.13855e-145
DMCovarParam: 2.57969e-145
DMCovarParam: 2.12021e-145
DMCovarParam: 1.74246e-145
DMCovarParam: 1.43192e-145
DMCovarParam: 1.17665e-145
DMCovarParam: 9.66833e-146
DMCovarParam: 7.94377e-146
DMCovarParam: 6.52642e-146
DMCovarParam: 5.36162e-146
DMCovarParam: 4.40444e-146
DMCovarParam: 3.61791e-146
DMCovarParam: 2.97165e-146
DMCovarParam: 2.44068e-146
DMCovarParam: 2.00445e-146
DMCovarParam: 1.64609e-146
DMCovarParam: 1.35172e-146
DMCovarParam: 1.10992e-146
DMCovarParam: 9.11313e-147
DMCovarParam: 7.482e-147
DMCovarParam: 6.14244e-147
DMCovarParam: 5.04239e-147
DMCovarParam: 4.1391e-147
DMCovarParam: 3.39741e-147
DMCovarParam: 2.78844e-147
DMCovarParam: 2.28849e-147
DMCovarParam: 1.87806e-147
DMCovarParam: 1.54114e-147
DMCovarParam: 1.26459e-147
DMCovarParam: 1.0376e-147
DMCovarParam: 8.51295e-148
DMCovarParam: 6.98401e-148
DMCovarParam: 5.72932e-148
DMCovarParam: 4.69974e-148
DMCovarParam: 3.85493e-148
DMCovarParam: 3.16179e-148
DMCovarParam: 2.59312e-148
DMCovarParam: 2.1266e-148
DMCovarParam: 1.74389e-148
DMCovarParam: 1.42997e-148
DMCovarParam: 1.17249e-148
DMCovarParam: 9.61308e-149
DMCovarParam: 7.88114e-149
DMCovarParam: 6.46084e-149
DMCovarParam: 5.29616e-149
DMCovarParam: 4.34117e-149
DMCovarParam: 3.55815e-149
DMCovarParam: 2.91619e-149
DMCovarParam: 2.3899e-149
DMCovarParam: 1.95847e-149
DMCovarParam: 1.60482e-149
DMCovarParam: 1.31495e-149
DMCovarParam: 1.07737e-149
DMCovarParam: 8.8266e-150
DMCovarParam: 7.23094e-150
DMCovarParam: 5.92337e-150
DMCovarParam: 4.85195e-150
DMCovarParam: 3.97407e-150
DMCovarParam: 3.25483e-150
DMCovarParam: 2.6656e-150
DMCovarParam: 2.1829e-150
DMCovarParam: 1.7875e-150
DMCovarParam: 1.46362e-150
DMCovarParam: 1.19836e-150
DMCovarParam: 9.81109e-151
DMCovarParam: 8.03194e-151
DMCovarParam: 6.57501e-151
DMCovarParam: 5.38202e-151
DMCovarParam: 4.40521e-151
DMCovarParam: 3.60547e-151
DMCovarParam: 2.95073e-151
DMCovarParam: 2.41474e-151
DMCovarParam: 1.97598e-151
DMCovarParam: 1.61685e-151
DMCovarParam: 1.32291e-151
DMCovarParam: 1.08233e-151
DMCovarParam: 8.85454e-152
DMCovarParam: 7.24342e-152
DMCovarParam: 5.92508e-152
DMCovarParam: 4.84639e-152
DMCovarParam: 3.96383e-152
DMCovarParam: 3.24178e-152
DMCovarParam: 2.6511e-152
DMCovarParam: 2.16791e-152
DMCovarParam: 1.77268e-152
DMCovarParam: 1.44941e-152
DMCovarParam: 1.18502e-152
DMCovarParam: 9.68793e-153
DMCovarParam: 7.91974e-153
DMCovarParam: 6.47386e-153
DMCovarParam: 5.29162e-153
DMCovarParam: 4.32501e-153
DMCovarParam: 3.53475e-153
DMCovarParam: 2.8887e-153
DMCovarParam: 2.36058e-153
DMCovarParam: 1.9289e-153
DMCovarParam: 1.57606e-153
DMCovarParam: 1.28768e-153
DMCovarParam: 1.052e-153
DMCovarParam: 8.59405e-154
DMCovarParam: 7.02024e-154
DMCovarParam: 5.73429e-154
DMCovarParam: 4.6836e-154
DMCovarParam: 3.82519e-154
DMCovarParam: 3.12391e-154
DMCovarParam: 2.55104e-154
DMCovarParam: 2.08309e-154
DMCovarParam: 1.70088e-154
DMCovarParam: 1.38871e-154
DMCovarParam: 1.13376e-154
DMCovarParam: 9.2556e-155
DMCovarParam: 7.55546e-155
DMCovarParam: 6.16723e-155
DMCovarParam: 5.03375e-155
DMCovarParam: 4.10834e-155
DMCovarParam: 3.35285e-155
DMCovarParam: 2.73612e-155
DMCovarParam: 2.23269e-155
DMCovarParam: 1.82178e-155
DMCovarParam: 1.48639e-155
DMCovarParam: 1.21268e-155
DMCovarParam: 9.89308e-156
DMCovarParam: 8.07029e-156
DMCovarParam: 6.58294e-156
DMCovarParam: 5.36938e-156
DMCovarParam: 4.37926e-156
DMCovarParam: 3.57149e-156
DMCovarParam: 2.91254e-156
DMCovarParam: 2.37502e-156
DMCovarParam: 1.93658e-156
DMCovarParam: 1.57898e-156
DMCovarParam: 1.28733e-156
DMCovarParam: 1.04949e-156
DMCovarParam: 8.55535e-157
DMCovarParam: 6.97381e-157
DMCovarParam: 5.68428e-157
DMCovarParam: 4.63291e-157
DMCovarParam: 3.77577e-157
DMCovarParam: 3.07702e-157
DMCovarParam: 2.50742e-157
DMCovarParam: 2.04313e-157
DMCovarParam: 1.66471e-157
DMCovarParam: 1.3563e-157
DMCovarParam: 1.10495e-157
DMCovarParam: 9.00131e-158
DMCovarParam: 7.3323e-158
DMCovarParam: 5.97238e-158
DMCovarParam: 4.86438e-158
DMCovarParam: 3.96169e-158
DMCovarParam: 3.22632e-158
DMCovarParam: 2.62728e-158
DMCovarParam: 2.13933e-158
DMCovarParam: 1.7419e-158
DMCovarParam: 1.41821e-158
DMCovarParam: 1.1546e-158
DMCovarParam: 9.39926e-159
DMCovarParam: 7.65121e-159
DMCovarParam: 6.22787e-159
DMCovarParam: 5.06899e-159
DMCovarParam: 4.1255e-159
DMCovarParam: 3.35741e-159
DMCovarParam: 2.73215e-159
DMCovarParam: 2.2232e-159
DMCovarParam: 1.80894e-159
DMCovarParam: 1.47178e-159
DMCovarParam: 1.19739e-159
DMCovarParam: 9.74096e-160
DMCovarParam: 7.92392e-160
DMCovarParam: 6.44541e-160
DMCovarParam: 5.24245e-160
DMCovarParam: 4.26375e-160
DMCovarParam: 3.46754e-160
DMCovarParam: 2.81983e-160
DMCovarParam: 2.29297e-160
DMCovarParam: 1.86444e-160
DMCovarParam: 1.51589e-160
DMCovarParam: 1.23243e-160
DMCovarParam: 1.00191e-160
DMCovarParam: 8.14459e-161
DMCovarParam: 6.62037e-161
DMCovarParam: 5.38106e-161
DMCovarParam: 4.37347e-161
DMCovarParam: 3.55433e-161
DMCovarParam: 2.88843e-161
DMCovarParam: 2.34714e-161
DMCovarParam: 1.90717e-161
DMCovarParam: 1.54957e-161
DMCovarParam: 1.25895e-161
DMCovarParam: 1.02277e-161
DMCovarParam: 8.30843e-162
DMCovarParam: 6.74891e-162
DMCovarParam: 5.48177e-162
DMCovarParam: 4.45227e-162
DMCovarParam: 3.61588e-162
DMCovarParam: 2.93644e-162
DMCovarParam: 2.38451e-162
DMCovarParam: 1.93621e-162
DMCovarParam: 1.57209e-162
DMCovarParam: 1.27636e-162
DMCovarParam: 1.0362e-162
DMCovarParam: 8.41178e-163
DMCovarParam: 6.82817e-163
DMCovarParam: 5.54235e-163
DMCovarParam: 4.49838e-163
DMCovarParam: 3.65082e-163
DMCovarParam: 2.96278e-163
DMCovarParam: 2.40425e-163
DMCovarParam: 1.95089e-163
DMCovarParam: 1.58292e-163
DMCovarParam: 1.28428e-163
DMCovarParam: 1.04191e-163
DMCovarParam: 8.45235e-164
DMCovarParam: 6.85639e-164
DMCovarParam: 5.56143e-164
DMCovarParam: 4.51077e-164
DMCovarParam: 3.65837e-164
DMCovarParam: 2.96686e-164
DMCovarParam: 2.40591e-164
DMCovarParam: 1.9509e-164
DMCovarParam: 1.58184e-164
DMCovarParam: 1.28252e-164
DMCovarParam: 1.03977e-164
DMCovarParam: 8.4292e-165
DMCovarParam: 6.83292e-165
DMCovarParam: 5.53859e-165
DMCovarParam: 4.48916e-165
DMCovarParam: 3.63834e-165
DMCovarParam: 2.94859e-165
DMCovarParam: 2.38946e-165
DMCovarParam: 1.93623e-165
DMCovarParam: 1.56887e-165
DMCovarParam: 1.27113e-165
DMCovarParam: 1.02983e-165
DMCovarParam: 8.34286e-166
DMCovarParam: 6.75829e-166
DMCovarParam: 5.47434e-166
DMCovarParam: 4.43403e-166
DMCovarParam: 3.5912e-166
DMCovarParam: 2.90839e-166
DMCovarParam: 2.35526e-166
DMCovarParam: 1.90721e-166
DMCovarParam: 1.54429e-166
DMCovarParam: 1.25036e-166
DMCovarParam: 1.01231e-166
DMCovarParam: 8.19528e-167
DMCovarParam: 6.63418e-167
DMCovarParam: 5.37012e-167
DMCovarParam: 4.34663e-167
DMCovarParam: 3.518e-167
DMCovarParam: 2.84715e-167
DMCovarParam: 2.30409e-167
DMCovarParam: 1.86449e-167
DMCovarParam: 1.50867e-167
DMCovarParam: 1.22068e-167
DMCovarParam: 9.87597e-168
DMCovarParam: 7.98973e-168
DMCovarParam: 6.46335e-168
DMCovarParam: 5.22824e-168
DMCovarParam: 4.2289e-168
DMCovarParam: 3.42035e-168
DMCovarParam: 2.76623e-168
DMCovarParam: 2.23706e-168
DMCovarParam: 1.80901e-168
DMCovarParam: 1.46277e-168
DMCovarParam: 1.18273e-168
DMCovarParam: 9.56239e-169
DMCovarParam: 7.73073e-169
DMCovarParam: 6.24954e-169
DMCovarParam: 5.05182e-169
DMCovarParam: 4.08339e-169
DMCovarParam: 3.3004e-169
DMCovarParam: 2.66738e-169
DMCovarParam: 2.15564e-169
DMCovarParam: 1.74197e-169
DMCovarParam: 1.4076e-169
DMCovarParam: 1.13734e-169
DMCovarParam: 9.18909e-170
DMCovarParam: 7.42384e-170
DMCovarParam: 5.99733e-170
DMCovarParam: 4.84462e-170
DMCovarParam: 3.91322e-170
DMCovarParam: 3.16069e-170
DMCovarParam: 2.55272e-170
DMCovarParam: 2.06156e-170
DMCovarParam: 1.6648e-170
DMCovarParam: 1.34432e-170
DMCovarParam: 1.08546e-170
DMCovarParam: 8.76393e-171
DMCovarParam: 7.0755e-171
DMCovarParam: 5.71199e-171
DMCovarParam: 4.61096e-171
DMCovarParam: 3.72193e-171
DMCovarParam: 3.00412e-171
DMCovarParam: 2.4246e-171
DMCovarParam: 1.95675e-171
DMCovarParam: 1.57908e-171
DMCovarParam: 1.27422e-171
DMCovarParam: 1.02815e-171
DMCovarParam: 8.29555e-172
DMCovarParam: 6.69275e-172
DMCovarParam: 5.3993e-172
DMCovarParam: 4.35555e-172
DMCovarParam: 3.51335e-172
DMCovarParam: 2.83382e-172
DMCovarParam: 2.28558e-172
DMCovarParam: 1.84329e-172
DMCovarParam: 1.4865e-172
DMCovarParam: 1.19869e-172
DMCovarParam: 9.66546e-173
DMCovarParam: 7.79311e-173
DMCovarParam: 6.28308e-173
DMCovarParam: 5.06532e-173
DMCovarParam: 4.08333e-173
DMCovarParam: 3.2915e-173
DMCovarParam: 2.65306e-173
DMCovarParam: 2.13832e-173
DMCovarParam: 1.72335e-173
DMCovarParam: 1.38881e-173
DMCovarParam: 1.11915e-173
DMCovarParam: 9.01792e-174
DMCovarParam: 7.26602e-174
DMCovarParam: 5.8541e-174
DMCovarParam: 4.71625e-174
DMCovarParam: 3.79932e-174
DMCovarParam: 3.06047e-174
DMCovarParam: 2.46514e-174
DMCovarParam: 1.9855e-174
DMCovarParam: 1.59908e-174
DMCovarParam: 1.28779e-174
DMCovarParam: 1.03703e-174
DMCovarParam: 8.35046e-175
DMCovarParam: 6.72361e-175
DMCovarParam: 5.41337e-175
DMCovarParam: 4.35819e-175
DMCovarParam: 3.50846e-175
DMCovarParam: 2.82423e-175
DMCovarParam: 2.2733e-175
DMCovarParam: 1.82973e-175
DMCovarParam: 1.47261e-175
DMCovarParam: 1.18513e-175
DMCovarParam: 9.53702e-176
DMCovarParam: 7.67422e-176
DMCovarParam: 6.17487e-176
DMCovarParam: 4.96815e-176
DMCovarParam: 3.99701e-176
DMCovarParam: 3.21549e-176
DMCovarParam: 2.58662e-176
DMCovarParam: 2.08061e-176
DMCovarParam: 1.67349e-176
DMCovarParam: 1.34595e-176
DMCovarParam: 1.08244e-176
DMCovarParam: 8.70472e-177
DMCovarParam: 6.99967e-177
DMCovarParam: 5.62825e-177
DMCovarParam: 4.52525e-177
DMCovarParam: 3.63818e-177
DMCovarParam: 2.92481e-177
DMCovarParam: 2.35118e-177
DMCovarParam: 1.88993e-177
DMCovarParam: 1.51908e-177
DMCovarParam: 1.22091e-177
DMCovarParam: 9.81215e-178
DMCovarParam: 7.88526e-178
DMCovarParam: 6.33638e-178
DMCovarParam: 5.09142e-178
DMCovarParam: 4.09081e-178
DMCovarParam: 3.28664e-178
DMCovarParam: 2.6404e-178
DMCovarParam: 2.12109e-178
DMCovarParam: 1.70381e-178
DMCovarParam: 1.36853e-178
DMCovarParam: 1.09917e-178
DMCovarParam: 8.82763e-179
DMCovarParam: 7.08921e-179
DMCovarParam: 5.69278e-179
DMCovarParam: 4.57113e-179
DMCovarParam: 3.67025e-179
DMCovarParam: 2.94674e-179
DMCovarParam: 2.3657e-179
DMCovarParam: 1.89911e-179
DMCovarParam: 1.52445e-179
DMCovarParam: 1.22363e-179
DMCovarParam: 9.82112e-180
DMCovarParam: 7.88213e-180
DMCovarParam: 6.32556e-180
DMCovarParam: 5.07607e-180
DMCovarParam: 4.07313e-180
DMCovarParam: 3.26816e-180
DMCovarParam: 2.6221e-180
DMCovarParam: 2.10363e-180
DMCovarParam: 1.68757e-180
DMCovarParam: 1.35372e-180
DMCovarParam: 1.08584e-180
DMCovarParam: 8.7092e-181
DMCovarParam: 6.98494e-181
DMCovarParam: 5.6017e-181
DMCovarParam: 4.49211e-181
DMCovarParam: 3.60208e-181
DMCovarParam: 2.88821e-181
DMCovarParam: 2.31568e-181
DMCovarParam: 1.85652e-181
DMCovarParam: 1.48831e-181
DMCovarParam: 1.19306e-181
DMCovarParam: 9.56318e-182
DMCovarParam: 7.66506e-182
DMCovarParam: 6.1433e-182
DMCovarParam: 4.92335e-182
DMCovarParam: 3.94542e-182
DMCovarParam: 3.16154e-182
DMCovarParam: 2.53324e-182
DMCovarParam: 2.02967e-182
DMCovarParam: 1.62611e-182
DMCovarParam: 1.30271e-182
DMCovarParam: 1.04356e-182
DMCovarParam: 8.35907e-183
DMCovarParam: 6.69535e-183
DMCovarParam: 5.36242e-183
DMCovarParam: 4.29459e-183
DMCovarParam: 3.43919e-183
DMCovarParam: 2.75399e-183
DMCovarParam: 2.20517e-183
DMCovarParam: 1.76561e-183
DMCovarParam: 1.41358e-183
DMCovarParam: 1.13167e-183
DMCovarParam: 9.05919e-184
DMCovarParam: 7.25159e-184
DMCovarParam: 5.8043e-184
DMCovarParam: 4.64558e-184
DMCovarParam: 3.71794e-184
DMCovarParam: 2.97535e-184
DMCovarParam: 2.38093e-184
DMCovarParam: 1.90515e-184
DMCovarParam: 1.52434e-184
DMCovarParam: 1.21958e-184
DMCovarParam: 9.75685e-185
DMCovarParam: 7.80517e-185
DMCovarParam: 6.2435e-185
DMCovarParam: 4.99398e-185
DMCovarParam: 3.99428e-185
DMCovarParam: 3.1945e-185
DMCovarParam: 2.5547e-185
DMCovarParam: 2.04292e-185
DMCovarParam: 1.63356e-185
DMCovarParam: 1.30614e-185
DMCovarParam: 1.04429e-185
DMCovarParam: 8.34874e-186
DMCovarParam: 6.67415e-186
DMCovarParam: 5.33511e-186
DMCovarParam: 4.26446e-186
DMCovarParam: 3.40845e-186
DMCovarParam: 2.7241e-186
DMCovarParam: 2.17702e-186
DMCovarParam: 1.7397e-186
DMCovarParam: 1.39014e-186
DMCovarParam: 1.11075e-186
DMCovarParam: 8.8746e-187
DMCovarParam: 7.0901e-187
DMCovarParam: 5.66407e-187
DMCovarParam: 4.52458e-187
DMCovarParam: 3.6141e-187
DMCovarParam: 2.88666e-187
DMCovarParam: 2.30549e-187
DMCovarParam: 1.84122e-187
DMCovarParam: 1.47034e-187
DMCovarParam: 1.1741e-187
DMCovarParam: 9.37487e-188
DMCovarParam: 7.48511e-188
DMCovarParam: 5.9759e-188
DMCovarParam: 4.7707e-188
DMCovarParam: 3.80832e-188
DMCovarParam: 3.03988e-188
DMCovarParam: 2.42635e-188
DMCovarParam: 1.93653e-188
DMCovarParam: 1.54549e-188
DMCovarParam: 1.23334e-188
DMCovarParam: 9.84172e-189
DMCovarParam: 7.85295e-189
DMCovarParam: 6.26566e-189
DMCovarParam: 4.9989e-189
DMCovarParam: 3.98799e-189
DMCovarParam: 3.18132e-189
DMCovarParam: 2.53766e-189
DMCovarParam: 2.0241e-189
DMCovarParam: 1.61437e-189
DMCovarParam: 1.2875e-189
DMCovarParam: 1.02675e-189
DMCovarParam: 8.1876e-190
DMCovarParam: 6.5286e-190
DMCovarParam: 5.20542e-190
DMCovarParam: 4.15016e-190
DMCovarParam: 3.30862e-190
DMCovarParam: 2.63756e-190
DMCovarParam: 2.10247e-190
DMCovarParam: 1.67583e-190
DMCovarParam: 1.33568e-190
DMCovarParam: 1.06451e-190
DMCovarParam: 8.48339e-191
DMCovarParam: 6.76024e-191
DMCovarParam: 5.38675e-191
DMCovarParam: 4.29205e-191
DMCovarParam: 3.4196e-191
DMCovarParam: 2.72433e-191
DMCovarParam: 2.17028e-191
DMCovarParam: 1.7288e-191
DMCovarParam: 1.37705e-191
DMCovarParam: 1.09679e-191
DMCovarParam: 8.73518e-192
DMCovarParam: 6.95653e-192
DMCovarParam: 5.53971e-192
DMCovarParam: 4.41117e-192
DMCovarParam: 3.51232e-192
DMCovarParam: 2.79644e-192
DMCovarParam: 2.22634e-192
DMCovarParam: 1.77235e-192
DMCovarParam: 1.41085e-192
DMCovarParam: 1.12302e-192
DMCovarParam: 8.93847e-193
DMCovarParam: 7.11399e-193
DMCovarParam: 5.66156e-193
DMCovarParam: 4.50538e-193
DMCovarParam: 3.58509e-193
DMCovarParam: 2.85261e-193
DMCovarParam: 2.26964e-193
DMCovarParam: 1.80569e-193
DMCovarParam: 1.4365e-193
DMCovarParam: 1.14271e-193
DMCovarParam: 9.08957e-194
DMCovarParam: 7.22974e-194
DMCovarParam: 5.75009e-194
DMCovarParam: 4.57298e-194
DMCovarParam: 3.63661e-194
DMCovarParam: 2.89179e-194
DMCovarParam: 2.29938e-194
DMCovarParam: 1.82821e-194
DMCovarParam: 1.4535e-194
DMCovarParam: 1.15552e-194
DMCovarParam: 9.18572e-195
DMCovarParam: 7.30165e-195
DMCovarParam: 5.80366e-195
DMCovarParam: 4.6127e-195
DMCovarParam: 3.66591e-195
DMCovarParam: 2.91327e-195
DMCovarParam: 2.31501e-195
DMCovarParam: 1.8395e-195
DMCovarParam: 1.46156e-195
DMCovarParam: 1.1612e-195
DMCovarParam: 9.22511e-196
DMCovarParam: 7.32839e-196
DMCovarParam: 5.82128e-196
DMCovarParam: 4.62382e-196
DMCovarParam: 3.67245e-196
DMCovarParam: 2.91665e-196
DMCovarParam: 2.31625e-196
DMCovarParam: 1.83933e-196
DMCovarParam: 1.46052e-196
DMCovarParam: 1.15965e-196
DMCovarParam: 9.20703e-197
DMCovarParam: 7.30946e-197
DMCovarParam: 5.80262e-197
DMCovarParam: 4.60612e-197
DMCovarParam: 3.65611e-197
DMCovarParam: 2.90186e-197
DMCovarParam: 2.30307e-197
DMCovarParam: 1.82772e-197
DMCovarParam: 1.45039e-197
DMCovarParam: 1.15089e-197
DMCovarParam: 9.1318e-198
DMCovarParam: 7.24521e-198
DMCovarParam: 5.74802e-198
DMCovarParam: 4.55994e-198
DMCovarParam: 3.6172e-198
DMCovarParam: 2.86918e-198
DMCovarParam: 2.27571e-198
DMCovarParam: 1.80488e-198
DMCovarParam: 1.43138e-198
DMCovarParam: 1.13509e-198
DMCovarParam: 9.00083e-199
DMCovarParam: 7.13684e-199
DMCovarParam: 5.65852e-199
DMCovarParam: 4.48613e-199
DMCovarParam: 3.55643e-199
DMCovarParam: 2.81922e-199
DMCovarParam: 2.23469e-199
DMCovarParam: 1.77124e-199
DMCovarParam: 1.40382e-199
DMCovarParam: 1.11255e-199
DMCovarParam: 8.81653e-200
DMCovarParam: 6.98635e-200
DMCovarParam: 5.53574e-200
DMCovarParam: 4.38605e-200
DMCovarParam: 3.47492e-200
DMCovarParam: 2.75289e-200
DMCovarParam: 2.18075e-200
DMCovarParam: 1.72741e-200
DMCovarParam: 1.36823e-200
DMCovarParam: 1.08366e-200
DMCovarParam: 8.58227e-201
DMCovarParam: 6.79647e-201
DMCovarParam: 5.38193e-201
DMCovarParam: 4.26152e-201
DMCovarParam: 3.37415e-201
DMCovarParam: 2.67139e-201
DMCovarParam: 2.11487e-201
DMCovarParam: 1.67418e-201
DMCovarParam: 1.32524e-201
DMCovarParam: 1.04896e-201
DMCovarParam: 8.30225e-202
DMCovarParam: 6.57061e-202
DMCovarParam: 5.19983e-202
DMCovarParam: 4.11477e-202
DMCovarParam: 3.25592e-202
DMCovarParam: 2.57618e-202
DMCovarParam: 2.03822e-202
DMCovarParam: 1.61249e-202
DMCovarParam: 1.27561e-202
DMCovarParam: 1.00905e-202
DMCovarParam: 7.98139e-203
DMCovarParam: 6.31273e-203
DMCovarParam: 4.99263e-203
DMCovarParam: 3.94834e-203
DMCovarParam: 3.12228e-203
DMCovarParam: 2.4689e-203
DMCovarParam: 1.95212e-203
DMCovarParam: 1.54342e-203
DMCovarParam: 1.2202e-203
DMCovarParam: 9.64617e-204
DMCovarParam: 7.62518e-204
DMCovarParam: 6.02724e-204
DMCovarParam: 4.76386e-204
DMCovarParam: 3.76507e-204
DMCovarParam: 2.9755e-204
DMCovarParam: 2.35136e-204
DMCovarParam: 1.85803e-204
DMCovarParam: 1.46811e-204
DMCovarParam: 1.15994e-204
DMCovarParam: 9.16404e-205
DMCovarParam: 7.23954e-205
DMCovarParam: 5.71884e-205
DMCovarParam: 4.51729e-205
DMCovarParam: 3.56797e-205
DMCovarParam: 2.81797e-205
DMCovarParam: 2.22549e-205
DMCovarParam: 1.75746e-205
DMCovarParam: 1.38778e-205
DMCovarParam: 1.09579e-205
DMCovarParam: 8.65183e-206
DMCovarParam: 6.83063e-206
DMCovarParam: 5.39246e-206
DMCovarParam: 4.25682e-206
DMCovarParam: 3.36014e-206
DMCovarParam: 2.65217e-206
DMCovarParam: 2.09324e-206
DMCovarParam: 1.652e-206
DMCovarParam: 1.30369e-206
DMCovarParam: 1.02875e-206
DMCovarParam: 8.11742e-207
DMCovarParam: 6.40472e-207
DMCovarParam: 5.05307e-207
DMCovarParam: 3.98642e-207
DMCovarParam: 3.14473e-207
DMCovarParam: 2.4806e-207
DMCovarParam: 1.9566e-207
DMCovarParam: 1.5432e-207
DMCovarParam: 1.21707e-207
DMCovarParam: 9.59798e-208
DMCovarParam: 7.56864e-208
DMCovarParam: 5.96799e-208
DMCovarParam: 4.70557e-208
DMCovarParam: 3.70996e-208
DMCovarParam: 2.92481e-208
DMCovarParam: 2.30569e-208
DMCovarParam: 1.81751e-208
DMCovarParam: 1.4326e-208
DMCovarParam: 1.12913e-208
DMCovarParam: 8.89896e-209
DMCovarParam: 7.01304e-209
DMCovarParam: 5.52644e-209
DMCovarParam: 4.3547e-209
DMCovarParam: 3.43118e-209
DMCovarParam: 2.70335e-209
DMCovarParam: 2.12978e-209
DMCovarParam: 1.67779e-209
DMCovarParam: 1.32165e-209
DMCovarParam: 1.04103e-209
DMCovarParam: 8.19951e-210
DMCovarParam: 6.45779e-210
DMCovarParam: 5.08572e-210
DMCovarParam: 4.00492e-210
DMCovarParam: 3.15361e-210
DMCovarParam: 2.48311e-210
DMCovarParam: 1.95504e-210
DMCovarParam: 1.53918e-210
DMCovarParam: 1.2117e-210
DMCovarParam: 9.53837e-211
DMCovarParam: 7.50803e-211
DMCovarParam: 5.9095e-211
DMCovarParam: 4.65102e-211
DMCovarParam: 3.66032e-211
DMCovarParam: 2.88046e-211
DMCovarParam: 2.26662e-211
DMCovarParam: 1.78348e-211
DMCovarParam: 1.40323e-211
DMCovarParam: 1.10399e-211
DMCovarParam: 8.68504e-212
DMCovarParam: 6.83208e-212
DMCovarParam: 5.37411e-212
DMCovarParam: 4.22701e-212
DMCovarParam: 3.32455e-212
DMCovarParam: 2.6146e-212
DMCovarParam: 2.05613e-212
DMCovarParam: 1.61684e-212
DMCovarParam: 1.27133e-212
DMCovarParam: 9.99591e-213
DMCovarParam: 7.85886e-213
DMCovarParam: 6.1783e-213
DMCovarParam: 4.85681e-213
DMCovarParam: 3.81774e-213
DMCovarParam: 3.00079e-213
DMCovarParam: 2.3585e-213
DMCovarParam: 1.85358e-213
DMCovarParam: 1.45666e-213
DMCovarParam: 1.14466e-213
DMCovarParam: 8.99435e-214
DMCovarParam: 7.06701e-214
DMCovarParam: 5.55232e-214
DMCovarParam: 4.362e-214
DMCovarParam: 3.42665e-214
DMCovarParam: 2.6917e-214
DMCovarParam: 2.11425e-214
DMCovarParam: 1.66058e-214
DMCovarParam: 1.30418e-214
DMCovarParam: 1.0242e-214
DMCovarParam: 8.04279e-215
DMCovarParam: 6.3154e-215
DMCovarParam: 4.95871e-215
DMCovarParam: 3.89322e-215
DMCovarParam: 3.05648e-215
DMCovarParam: 2.39943e-215
DMCovarParam: 1.88351e-215
DMCovarParam: 1.47842e-215
DMCovarParam: 1.16039e-215
DMCovarParam: 9.10713e-216
DMCovarParam: 7.14714e-216
DMCovarParam: 5.60862e-216
DMCovarParam: 4.40101e-216
DMCovarParam: 3.4532e-216
DMCovarParam: 2.70934e-216
DMCovarParam: 2.12559e-216
DMCovarParam: 1.6675e-216
DMCovarParam: 1.30806e-216
DMCovarParam: 1.02603e-216
DMCovarParam: 8.04762e-217
DMCovarParam: 6.31171e-217
DMCovarParam: 4.94993e-217
DMCovarParam: 3.88172e-217
DMCovarParam: 3.04385e-217
DMCovarParam: 2.38668e-217
DMCovarParam: 1.87128e-217
DMCovarParam: 1.46708e-217
DMCovarParam: 1.15012e-217
DMCovarParam: 9.01586e-218
DMCovarParam: 7.06712e-218
DMCovarParam: 5.53925e-218
DMCovarParam: 4.34143e-218
DMCovarParam: 3.40241e-218
DMCovarParam: 2.66633e-218
DMCovarParam: 2.08936e-218
DMCovarParam: 1.63714e-218
DMCovarParam: 1.28272e-218
DMCovarParam: 1.00496e-218
DMCovarParam: 7.87304e-219
DMCovarParam: 6.16747e-219
DMCovarParam: 4.83108e-219
DMCovarParam: 3.78403e-219
DMCovarParam: 2.96372e-219
DMCovarParam: 2.3211e-219
DMCovarParam: 1.8177e-219
DMCovarParam: 1.42339e-219
DMCovarParam: 1.11455e-219
DMCovarParam: 8.72663e-220
DMCovarParam: 6.8323e-220
DMCovarParam: 5.34885e-220
DMCovarParam: 4.18723e-220
DMCovarParam: 3.27767e-220
DMCovarParam: 2.56553e-220
DMCovarParam: 2.00799e-220
DMCovarParam: 1.57152e-220
DMCovarParam: 1.22985e-220
DMCovarParam: 9.62397e-221
DMCovarParam: 7.53062e-221
DMCovarParam: 5.89224e-221
DMCovarParam: 4.61002e-221
DMCovarParam: 3.6066e-221
DMCovarParam: 2.82141e-221
DMCovarParam: 2.20702e-221
DMCovarParam: 1.72632e-221
DMCovarParam: 1.35023e-221
DMCovarParam: 1.05601e-221
DMCovarParam: 8.25846e-222
DMCovarParam: 6.4581e-222
DMCovarParam: 5.0499e-222
DMCovarParam: 3.94852e-222
DMCovarParam: 3.08715e-222
DMCovarParam: 2.41354e-222
DMCovarParam: 1.8868e-222
DMCovarParam: 1.47492e-222
DMCovarParam: 1.15288e-222
DMCovarParam: 9.01098e-223
DMCovarParam: 7.0426e-223
DMCovarParam: 5.50386e-223
DMCovarParam: 4.30105e-223
DMCovarParam: 3.36089e-223
DMCovarParam: 2.62608e-223
DMCovarParam: 2.05179e-223
DMCovarParam: 1.603e-223
DMCovarParam: 1.25229e-223
DMCovarParam: 9.78247e-224
DMCovarParam: 7.64128e-224
DMCovarParam: 5.96838e-224
DMCovarParam: 4.66143e-224
DMCovarParam: 3.64046e-224
DMCovarParam: 2.84292e-224
DMCovarParam: 2.21997e-224
DMCovarParam: 1.73341e-224
DMCovarParam: 1.35341e-224
DMCovarParam: 1.05665e-224
DMCovarParam: 8.24903e-225
DMCovarParam: 6.43946e-225
DMCovarParam: 5.02653e-225
DMCovarParam: 3.92338e-225
DMCovarParam: 3.06215e-225
DMCovarParam: 2.38981e-225
DMCovarParam: 1.86498e-225
DMCovarParam: 1.45532e-225
DMCovarParam: 1.13557e-225
DMCovarParam: 8.86021e-226
DMCovarParam: 6.91268e-226
DMCovarParam: 5.39289e-226
DMCovarParam: 4.20698e-226
DMCovarParam: 3.28164e-226
DMCovarParam: 2.55968e-226
DMCovarParam: 1.99642e-226
DMCovarParam: 1.55701e-226
DMCovarParam: 1.21424e-226
DMCovarParam: 9.46868e-227
DMCovarParam: 7.38326e-227
DMCovarParam: 5.75677e-227
DMCovarParam: 4.48832e-227
DMCovarParam: 3.49913e-227
DMCovarParam: 2.72779e-227
DMCovarParam: 2.12634e-227
DMCovarParam: 1.65741e-227
DMCovarParam: 1.29181e-227
DMCovarParam: 1.00679e-227
DMCovarParam: 7.8461e-228
DMCovarParam: 6.11422e-228
DMCovarParam: 4.76432e-228
DMCovarParam: 3.71222e-228
DMCovarParam: 2.89228e-228
DMCovarParam: 2.2533e-228
DMCovarParam: 1.75538e-228
DMCovarParam: 1.3674e-228
DMCovarParam: 1.06511e-228
DMCovarParam: 8.2959e-229
DMCovarParam: 6.4611e-229
DMCovarParam: 5.03179e-229
DMCovarParam: 3.91843e-229
DMCovarParam: 3.05122e-229
DMCovarParam: 2.37579e-229
DMCovarParam: 1.84977e-229
DMCovarParam: 1.44012e-229
DMCovarParam: 1.12112e-229
DMCovarParam: 8.72725e-230
DMCovarParam: 6.79324e-230
DMCovarParam: 5.28748e-230
DMCovarParam: 4.11523e-230
DMCovarParam: 3.20267e-230
DMCovarParam: 2.49232e-230
DMCovarParam: 1.9394e-230
DMCovarParam: 1.50905e-230
DMCovarParam: 1.17412e-230
DMCovarParam: 9.13473e-231
DMCovarParam: 7.10642e-231
DMCovarParam: 5.52814e-231
DMCovarParam: 4.30012e-231
DMCovarParam: 3.34468e-231
DMCovarParam: 2.60136e-231
DMCovarParam: 2.02312e-231
DMCovarParam: 1.57331e-231
DMCovarParam: 1.22343e-231
DMCovarParam: 9.51301e-232
DMCovarParam: 7.39655e-232
DMCovarParam: 5.75061e-232
DMCovarParam: 4.47065e-232
DMCovarParam: 3.47537e-232
DMCovarParam: 2.70149e-232
DMCovarParam: 2.09981e-232
DMCovarParam: 1.63203e-232
DMCovarParam: 1.26838e-232
DMCovarParam: 9.85699e-233
DMCovarParam: 7.6597e-233
DMCovarParam: 5.95185e-233
DMCovarParam: 4.62451e-233
DMCovarParam: 3.59295e-233
DMCovarParam: 2.79133e-233
DMCovarParam: 2.16841e-233
DMCovarParam: 1.68441e-233
DMCovarParam: 1.30835e-233
DMCovarParam: 1.01619e-233
DMCovarParam: 7.89221e-234
DMCovarParam: 6.12908e-234
DMCovarParam: 4.75953e-234
DMCovarParam: 3.69578e-234
DMCovarParam: 2.8696e-234
DMCovarParam: 2.22797e-234
DMCovarParam: 1.7297e-234
DMCovarParam: 1.34278e-234
DMCovarParam: 1.04234e-234
DMCovarParam: 8.09077e-235
DMCovarParam: 6.27975e-235
DMCovarParam: 4.8738e-235
DMCovarParam: 3.78238e-235
DMCovarParam: 2.93519e-235
DMCovarParam: 2.27762e-235
DMCovarParam: 1.76725e-235
DMCovarParam: 1.37116e-235
DMCovarParam: 1.06377e-235
DMCovarParam: 8.25249e-236
DMCovarParam: 6.40167e-236
DMCovarParam: 4.96563e-236
DMCovarParam: 3.85149e-236
DMCovarParam: 2.98714e-236
DMCovarParam: 2.31662e-236
DMCovarParam: 1.79651e-236
DMCovarParam: 1.39307e-236
DMCovarParam: 1.08017e-236
DMCovarParam: 8.37499e-237
DMCovarParam: 6.49305e-237
DMCovarParam: 5.03368e-237
DMCovarParam: 3.90208e-237
DMCovarParam: 3.02468e-237
DMCovarParam: 2.34442e-237
DMCovarParam: 1.81704e-237
DMCovarParam: 1.4082e-237
DMCovarParam: 1.09129e-237
DMCovarParam: 8.45645e-238
DMCovarParam: 6.55252e-238
DMCovarParam: 5.07694e-238
DMCovarParam: 3.9334e-238
DMCovarParam: 3.04724e-238
DMCovarParam: 2.36058e-238
DMCovarParam: 1.82854e-238
DMCovarParam: 1.41632e-238
DMCovarParam: 1.09696e-238
DMCovarParam: 8.49563e-239
DMCovarParam: 6.57919e-239
DMCovarParam: 5.09473e-239
DMCovarParam: 3.94497e-239
DMCovarParam: 3.05449e-239
DMCovarParam: 2.36487e-239
DMCovarParam: 1.83083e-239
DMCovarParam: 1.4173e-239
DMCovarParam: 1.0971e-239
DMCovarParam: 8.49195e-240
DMCovarParam: 6.57264e-240
DMCovarParam: 5.08681e-240
DMCovarParam: 3.93662e-240
DMCovarParam: 3.04632e-240
DMCovarParam: 2.35721e-240
DMCovarParam: 1.82388e-240
DMCovarParam: 1.41113e-240
DMCovarParam: 1.09171e-240
DMCovarParam: 8.44547e-241
DMCovarParam: 6.533e-241
DMCovarParam: 5.05328e-241
DMCovarParam: 3.90848e-241
DMCovarParam: 3.02284e-241
DMCovarParam: 2.33773e-241
DMCovarParam: 1.80779e-241
DMCovarParam: 1.39789e-241
DMCovarParam: 1.08087e-241
DMCovarParam: 8.35688e-242
DMCovarParam: 6.46084e-242
DMCovarParam: 4.99466e-242
DMCovarParam: 3.86097e-242
DMCovarParam: 2.98442e-242
DMCovarParam: 2.30672e-242
DMCovarParam: 1.78281e-242
DMCovarParam: 1.3778e-242
DMCovarParam: 1.06473e-242
DMCovarParam: 8.22752e-243
DMCovarParam: 6.35725e-243
DMCovarParam: 4.91182e-243
DMCovarParam: 3.7948e-243
DMCovarParam: 2.93162e-243
DMCovarParam: 2.26465e-243
DMCovarParam: 1.7493e-243
DMCovarParam: 1.35115e-243
DMCovarParam: 1.04355e-243
DMCovarParam: 8.05931e-244
DMCovarParam: 6.22378e-244
DMCovarParam: 4.806e-244
DMCovarParam: 3.71096e-244
DMCovarParam: 2.86524e-244
DMCovarParam: 2.21212e-244
DMCovarParam: 1.70777e-244
DMCovarParam: 1.31833e-244
DMCovarParam: 1.01763e-244
DMCovarParam: 7.85472e-245
DMCovarParam: 6.06238e-245
DMCovarParam: 4.67874e-245
DMCovarParam: 3.61066e-245
DMCovarParam: 2.78624e-245
DMCovarParam: 2.14992e-245
DMCovarParam: 1.65882e-245
DMCovarParam: 1.27982e-245
DMCovarParam: 9.87352e-246
DMCovarParam: 7.61672e-246
DMCovarParam: 5.87539e-246
DMCovarParam: 4.53187e-246
DMCovarParam: 3.49536e-246
DMCovarParam: 2.69575e-246
DMCovarParam: 2.07893e-246
DMCovarParam: 1.60314e-246
DMCovarParam: 1.23617e-246
DMCovarParam: 9.53142e-247
DMCovarParam: 7.34868e-247
DMCovarParam: 5.66544e-247
DMCovarParam: 4.36748e-247
DMCovarParam: 3.36668e-247
DMCovarParam: 2.59505e-247
DMCovarParam: 2.00014e-247
DMCovarParam: 1.54152e-247
DMCovarParam: 1.18799e-247
DMCovarParam: 9.15476e-248
DMCovarParam: 7.05431e-248
DMCovarParam: 5.43545e-248
DMCovarParam: 4.18783e-248
DMCovarParam: 3.22638e-248
DMCovarParam: 2.4855e-248
DMCovarParam: 1.91464e-248
DMCovarParam: 1.4748e-248
DMCovarParam: 1.13593e-248
DMCovarParam: 8.74864e-249
DMCovarParam: 6.73759e-249
DMCovarParam: 5.18849e-249
DMCovarParam: 3.99531e-249
DMCovarParam: 3.07633e-249
DMCovarParam: 2.36858e-249
DMCovarParam: 1.82355e-249
DMCovarParam: 1.40384e-249
DMCovarParam: 1.08067e-249
DMCovarParam: 8.31838e-250
DMCovarParam: 6.40263e-250
DMCovarParam: 4.92778e-250
DMCovarParam: 3.79242e-250
DMCovarParam: 2.91847e-250
DMCovarParam: 2.24578e-250
DMCovarParam: 1.72803e-250
DMCovarParam: 1.32956e-250
DMCovarParam: 1.02291e-250
DMCovarParam: 7.86938e-251
DMCovarParam: 6.05364e-251
DMCovarParam: 4.65656e-251
DMCovarParam: 3.58168e-251
DMCovarParam: 2.75474e-251
DMCovarParam: 2.1186e-251
DMCovarParam: 1.62925e-251
DMCovarParam: 1.25286e-251
DMCovarParam: 9.63359e-252
DMCovarParam: 7.40708e-252
DMCovarParam: 5.69481e-252
DMCovarParam: 4.37808e-252
DMCovarParam: 3.36559e-252
DMCovarParam: 2.58709e-252
DMCovarParam: 1.98854e-252
DMCovarParam: 1.52838e-252
DMCovarParam: 1.17463e-252
DMCovarParam: 9.02698e-253
DMCovarParam: 6.93678e-253
DMCovarParam: 5.33022e-253
DMCovarParam: 4.09549e-253
DMCovarParam: 3.14659e-253
DMCovarParam: 2.41739e-253
DMCovarParam: 1.85706e-253
DMCovarParam: 1.42652e-253
DMCovarParam: 1.09573e-253
DMCovarParam: 8.41592e-254
DMCovarParam: 6.46357e-254
DMCovarParam: 4.96382e-254
DMCovarParam: 3.81183e-254
DMCovarParam: 2.927e-254
DMCovarParam: 2.24742e-254
DMCovarParam: 1.72552e-254
DMCovarParam: 1.32473e-254
DMCovarParam: 1.01697e-254
DMCovarParam: 7.80664e-255
DMCovarParam: 5.99227e-255
DMCovarParam: 4.59929e-255
DMCovarParam: 3.52991e-255
DMCovarParam: 2.709e-255
DMCovarParam: 2.07887e-255
DMCovarParam: 1.59522e-255
DMCovarParam: 1.22401e-255
DMCovarParam: 9.3912e-256
DMCovarParam: 7.20496e-256
DMCovarParam: 5.52732e-256
DMCovarParam: 4.24004e-256
DMCovarParam: 3.25236e-256
DMCovarParam: 2.4946e-256
DMCovarParam: 1.91327e-256
DMCovarParam: 1.46731e-256
DMCovarParam: 1.12524e-256
DMCovarParam: 8.62852e-257
DMCovarParam: 6.61611e-257
DMCovarParam: 5.07273e-257
DMCovarParam: 3.88914e-257
DMCovarParam: 2.98153e-257
DMCovarParam: 2.28558e-257
DMCovarParam: 1.75197e-257
DMCovarParam: 1.34286e-257
DMCovarParam: 1.02922e-257
DMCovarParam: 7.8878e-258
DMCovarParam: 6.04475e-258
DMCovarParam: 4.63205e-258
DMCovarParam: 3.54929e-258
DMCovarParam: 2.71946e-258
DMCovarParam: 2.08351e-258
DMCovarParam: 1.59618e-258
DMCovarParam: 1.22276e-258
DMCovarParam: 9.36644e-259
DMCovarParam: 7.1743e-259
DMCovarParam: 5.49488e-259
DMCovarParam: 4.20832e-259
DMCovarParam: 3.2228e-259
DMCovarParam: 2.46791e-259
DMCovarParam: 1.88973e-259
DMCovarParam: 1.44691e-259
DMCovarParam: 1.10779e-259
DMCovarParam: 8.48098e-260
DMCovarParam: 6.49243e-260
DMCovarParam: 4.96983e-260
DMCovarParam: 3.80407e-260
DMCovarParam: 2.91158e-260
DMCovarParam: 2.22834e-260
DMCovarParam: 1.70533e-260
DMCovarParam: 1.30499e-260
DMCovarParam: 9.98568e-261
DMCovarParam: 7.64051e-261
DMCovarParam: 5.84574e-261
DMCovarParam: 4.47229e-261
DMCovarParam: 3.42131e-261
DMCovarParam: 2.61715e-261
DMCovarParam: 2.00188e-261
DMCovarParam: 1.53116e-261
DMCovarParam: 1.17105e-261
DMCovarParam: 8.95575e-262
DMCovarParam: 6.84861e-262
DMCovarParam: 5.23692e-262
DMCovarParam: 4.00426e-262
DMCovarParam: 3.06155e-262
DMCovarParam: 2.34063e-262
DMCovarParam: 1.78936e-262
DMCovarParam: 1.36784e-262
DMCovarParam: 1.04555e-262
DMCovarParam: 7.99154e-263
DMCovarParam: 6.10783e-263
DMCovarParam: 4.66784e-263
DMCovarParam: 3.56713e-263
DMCovarParam: 2.7258e-263
DMCovarParam: 2.08277e-263
DMCovarParam: 1.59134e-263
DMCovarParam: 1.21578e-263
DMCovarParam: 9.28803e-264
DMCovarParam: 7.09517e-264
DMCovarParam: 5.4197e-264
DMCovarParam: 4.13963e-264
DMCovarParam: 3.16169e-264
DMCovarParam: 2.41463e-264
DMCovarParam: 1.84397e-264
DMCovarParam: 1.40809e-264
DMCovarParam: 1.07518e-264
DMCovarParam: 8.20926e-265
DMCovarParam: 6.26758e-265
DMCovarParam: 4.78485e-265
DMCovarParam: 3.65267e-265
DMCovarParam: 2.7882e-265
DMCovarParam: 2.1282e-265
DMCovarParam: 1.62432e-265
DMCovarParam: 1.23967e-265
DMCovarParam: 9.46042e-266
DMCovarParam: 7.2192e-266
DMCovarParam: 5.5086e-266
DMCovarParam: 4.20306e-266
DMCovarParam: 3.20673e-266
DMCovarParam: 2.44643e-266
DMCovarParam: 1.86628e-266
DMCovarParam: 1.42362e-266
DMCovarParam: 1.08588e-266
DMCovarParam: 8.28216e-267
DMCovarParam: 6.31653e-267
DMCovarParam: 4.81711e-267
DMCovarParam: 3.67339e-267
DMCovarParam: 2.80105e-267
DMCovarParam: 2.13573e-267
DMCovarParam: 1.62834e-267
DMCovarParam: 1.24142e-267
DMCovarParam: 9.46375e-268
DMCovarParam: 7.21408e-268
DMCovarParam: 5.49885e-268
DMCovarParam: 4.19117e-268
DMCovarParam: 3.19427e-268
DMCovarParam: 2.43434e-268
DMCovarParam: 1.85509e-268
DMCovarParam: 1.41358e-268
DMCovarParam: 1.07708e-268
DMCovarParam: 8.20632e-269
DMCovarParam: 6.25205e-269
DMCovarParam: 4.76288e-269
DMCovarParam: 3.62818e-269
DMCovarParam: 2.76364e-269
DMCovarParam: 2.10498e-269
DMCovarParam: 1.60319e-269
DMCovarParam: 1.22095e-269
DMCovarParam: 9.29782e-270
DMCovarParam: 7.08008e-270
DMCovarParam: 5.39099e-270
DMCovarParam: 4.1046e-270
DMCovarParam: 3.12498e-270
DMCovarParam: 2.37901e-270
DMCovarParam: 1.81099e-270
DMCovarParam: 1.37852e-270
DMCovarParam: 1.04925e-270
DMCovarParam: 7.98581e-271
DMCovarParam: 6.0776e-271
DMCovarParam: 4.62507e-271
DMCovarParam: 3.51947e-271
DMCovarParam: 2.67799e-271
DMCovarParam: 2.03758e-271
DMCovarParam: 1.55021e-271
DMCovarParam: 1.17935e-271
DMCovarParam: 8.9715e-272
DMCovarParam: 6.82435e-272
DMCovarParam: 5.19075e-272
DMCovarParam: 3.94796e-272
DMCovarParam: 3.00253e-272
DMCovarParam: 2.28336e-272
DMCovarParam: 1.73634e-272
DMCovarParam: 1.32029e-272
DMCovarParam: 1.00387e-272
DMCovarParam: 7.6323e-273
DMCovarParam: 5.8024e-273
DMCovarParam: 4.41096e-273
DMCovarParam: 3.35298e-273
DMCovarParam: 2.5486e-273
DMCovarParam: 1.93707e-273
DMCovarParam: 1.47218e-273
DMCovarParam: 1.1188e-273
DMCovarParam: 8.50187e-274
DMCovarParam: 6.46026e-274
DMCovarParam: 4.90861e-274
DMCovarParam: 3.7294e-274
DMCovarParam: 2.83331e-274
DMCovarParam: 2.15239e-274
DMCovarParam: 1.63501e-274
DMCovarParam: 1.24192e-274
DMCovarParam: 9.43275e-275
DMCovarParam: 7.16402e-275
DMCovarParam: 5.44062e-275
DMCovarParam: 4.13155e-275
DMCovarParam: 3.13726e-275
DMCovarParam: 2.3821e-275
DMCovarParam: 1.8086e-275
DMCovarParam: 1.37309e-275
DMCovarParam: 1.04238e-275
DMCovarParam: 7.91279e-276
DMCovarParam: 6.00626e-276
DMCovarParam: 4.55881e-276
DMCovarParam: 3.45996e-276
DMCovarParam: 2.62582e-276
DMCovarParam: 1.99265e-276
DMCovarParam: 1.51206e-276
DMCovarParam: 1.14731e-276
DMCovarParam: 8.70496e-277
DMCovarParam: 6.60426e-277
DMCovarParam: 5.0102e-277
DMCovarParam: 3.80065e-277
DMCovarParam: 2.88293e-277
DMCovarParam: 2.18667e-277
DMCovarParam: 1.65846e-277
DMCovarParam: 1.25777e-277
DMCovarParam: 9.53826e-278
DMCovarParam: 7.23286e-278
DMCovarParam: 5.48433e-278
DMCovarParam: 4.15825e-278
DMCovarParam: 3.15261e-278
DMCovarParam: 2.39002e-278
DMCovarParam: 1.81179e-278
DMCovarParam: 1.37336e-278
DMCovarParam: 1.04097e-278
DMCovarParam: 7.8897e-279
DMCovarParam: 5.9794e-279
DMCovarParam: 4.53134e-279
DMCovarParam: 3.43376e-279
DMCovarParam: 2.60187e-279
DMCovarParam: 1.97139e-279
DMCovarParam: 1.4936e-279
DMCovarParam: 1.13154e-279
DMCovarParam: 8.57188e-280
DMCovarParam: 6.49316e-280
DMCovarParam: 4.91823e-280
DMCovarParam: 3.72507e-280
DMCovarParam: 2.8212e-280
DMCovarParam: 2.13651e-280
DMCovarParam: 1.61789e-280
DMCovarParam: 1.22509e-280
DMCovarParam: 9.27592e-281
DMCovarParam: 7.02296e-281
DMCovarParam: 5.31687e-281
DMCovarParam: 4.02499e-281
DMCovarParam: 3.04682e-281
DMCovarParam: 2.30622e-281
DMCovarParam: 1.74554e-281
DMCovarParam: 1.32108e-281
DMCovarParam: 9.99776e-282
DMCovarParam: 7.56569e-282
DMCovarParam: 5.7249e-282
DMCovarParam: 4.33171e-282
DMCovarParam: 3.27736e-282
DMCovarParam: 2.47949e-282
DMCovarParam: 1.87574e-282
DMCovarParam: 1.41892e-282
DMCovarParam: 1.07328e-282
DMCovarParam: 8.11788e-283
DMCovarParam: 6.13967e-283
DMCovarParam: 4.64323e-283
DMCovarParam: 3.5113e-283
DMCovarParam: 2.65515e-283
DMCovarParam: 2.00763e-283
DMCovarParam: 1.51792e-283
DMCovarParam: 1.1476e-283
DMCovarParam: 8.67564e-284
DMCovarParam: 6.55823e-284
DMCovarParam: 4.9573e-284
DMCovarParam: 3.74694e-284
DMCovarParam: 2.83192e-284
DMCovarParam: 2.14021e-284
DMCovarParam: 1.61736e-284
DMCovarParam: 1.22217e-284
DMCovarParam: 9.23476e-285
DMCovarParam: 6.97741e-285
DMCovarParam: 5.27151e-285
DMCovarParam: 3.98244e-285
DMCovarParam: 3.00841e-285
DMCovarParam: 2.27246e-285
DMCovarParam: 1.71645e-285
DMCovarParam: 1.29639e-285
DMCovarParam: 9.79072e-286
DMCovarParam: 7.39377e-286
DMCovarParam: 5.5833e-286
DMCovarParam: 4.21588e-286
DMCovarParam: 3.18316e-286
DMCovarParam: 2.40326e-286
DMCovarParam: 1.81434e-286
DMCovarParam: 1.36964e-286
DMCovarParam: 1.03388e-286
DMCovarParam: 7.80375e-287
DMCovarParam: 5.88994e-287
DMCovarParam: 4.4452e-287
DMCovarParam: 3.35463e-287
DMCovarParam: 2.53146e-287
DMCovarParam: 1.91016e-287
DMCovarParam: 1.44126e-287
DMCovarParam: 1.0874e-287
DMCovarParam: 8.20362e-288
DMCovarParam: 6.18866e-288
DMCovarParam: 4.66831e-288
DMCovarParam: 3.52125e-288
DMCovarParam: 2.65587e-288
DMCovarParam: 2.00303e-288
DMCovarParam: 1.51058e-288
DMCovarParam: 1.13913e-288
DMCovarParam: 8.5896e-289
DMCovarParam: 6.4766e-289
DMCovarParam: 4.88308e-289
DMCovarParam: 3.6814e-289
DMCovarParam: 2.77527e-289
DMCovarParam: 2.09205e-289
DMCovarParam: 1.57692e-289
DMCovarParam: 1.18856e-289
DMCovarParam: 8.95788e-290
DMCovarParam: 6.75091e-290
DMCovarParam: 5.08736e-290
DMCovarParam: 3.8335e-290
DMCovarParam: 2.88849e-290
DMCovarParam: 2.1763e-290
DMCovarParam: 1.63961e-290
DMCovarParam: 1.23519e-290
DMCovarParam: 9.3047e-291
DMCovarParam: 7.00879e-291
DMCovarParam: 5.27905e-291
DMCovarParam: 3.97596e-291
DMCovarParam: 2.99434e-291
DMCovarParam: 2.25493e-291
DMCovarParam: 1.698e-291
DMCovarParam: 1.27854e-291
DMCovarParam: 9.62642e-292
DMCovarParam: 7.2475e-292
DMCovarParam: 5.45613e-292
DMCovarParam: 4.10727e-292
DMCovarParam: 3.09169e-292
DMCovarParam: 2.32708e-292
DMCovarParam: 1.75145e-292
DMCovarParam: 1.31813e-292
DMCovarParam: 9.91956e-293
DMCovarParam: 7.46447e-293
DMCovarParam: 5.61666e-293
DMCovarParam: 4.22601e-293
DMCovarParam: 3.17948e-293
DMCovarParam: 2.39196e-293
DMCovarParam: 1.79939e-293
DMCovarParam: 1.35353e-293
DMCovarParam: 1.01809e-293
DMCovarParam: 7.65728e-294
DMCovarParam: 5.75887e-294
DMCovarParam: 4.33084e-294
DMCovarParam: 3.25672e-294
DMCovarParam: 2.44885e-294
DMCovarParam: 1.84126e-294
DMCovarParam: 1.38434e-294
DMCovarParam: 1.04074e-294
DMCovarParam: 7.82376e-295
DMCovarParam: 5.88113e-295
DMCovarParam: 4.42058e-295
DMCovarParam: 3.32254e-295
DMCovarParam: 2.49709e-295
DMCovarParam: 1.8766e-295
DMCovarParam: 1.4102e-295
DMCovarParam: 1.05966e-295
DMCovarParam: 7.96198e-296
DMCovarParam: 5.98205e-296
DMCovarParam: 4.49419e-296
DMCovarParam: 3.37618e-296
DMCovarParam: 2.53614e-296
DMCovarParam: 1.90499e-296
DMCovarParam: 1.43083e-296
DMCovarParam: 1.07461e-296
DMCovarParam: 8.07034e-297
DMCovarParam: 6.06043e-297
DMCovarParam: 4.55081e-297
DMCovarParam: 3.41701e-297
DMCovarParam: 2.56553e-297
DMCovarParam: 1.92611e-297
DMCovarParam: 1.44596e-297
DMCovarParam: 1.08544e-297
DMCovarParam: 8.14756e-298
DMCovarParam: 6.11537e-298
DMCovarParam: 4.58976e-298
DMCovarParam: 3.44454e-298
DMCovarParam: 2.58491e-298
DMCovarParam: 1.93969e-298
DMCovarParam: 1.45543e-298
DMCovarParam: 1.092e-298
DMCovarParam: 8.19273e-299
DMCovarParam: 6.1462e-299
DMCovarParam: 4.6106e-299
DMCovarParam: 3.45845e-299
DMCovarParam: 2.59405e-299
DMCovarParam: 1.94557e-299
DMCovarParam: 1.45912e-299
DMCovarParam: 1.09422e-299
DMCovarParam: 8.2053e-300
DMCovarParam: 6.15256e-300
DMCovarParam: 4.61307e-300
DMCovarParam: 3.45857e-300
DMCovarParam: 2.59285e-300
DMCovarParam: 1.9437e-300
DMCovarParam: 1.45699e-300
DMCovarParam: 1.09208e-300
DMCovarParam: 8.18512e-301
DMCovarParam: 6.13437e-301
DMCovarParam: 4.59713e-301
DMCovarParam: 3.4449e-301
DMCovarParam: 2.58131e-301
DMCovarParam: 1.93409e-301
DMCovarParam: 1.44906e-301
DMCovarParam: 1.08559e-301
DMCovarParam: 8.13245e-302
DMCovarParam: 6.09184e-302
DMCovarParam: 4.56299e-302
DMCovarParam: 3.41761e-302
DMCovarParam: 2.55958e-302
DMCovarParam: 1.91685e-302
DMCovarParam: 1.43542e-302
DMCovarParam: 1.07484e-302
DMCovarParam: 8.0479e-303
DMCovarParam: 6.0255e-303
DMCovarParam: 4.51104e-303
DMCovarParam: 3.37701e-303
DMCovarParam: 2.52791e-303
DMCovarParam: 1.89219e-303
DMCovarParam: 1.41625e-303
DMCovarParam: 1.05996e-303
DMCovarParam: 7.93247e-304
DMCovarParam: 5.93611e-304
DMCovarParam: 4.4419e-304
DMCovarParam: 3.3236e-304
DMCovarParam: 2.48669e-304
DMCovarParam: 1.8604e-304
DMCovarParam: 1.39176e-304
DMCovarParam: 1.04111e-304
DMCovarParam: 7.78753e-305
DMCovarParam: 5.82474e-305
DMCovarParam: 4.35639e-305
DMCovarParam: 3.25798e-305
DMCovarParam: 2.43638e-305
DMCovarParam: 1.82185e-305
DMCovarParam: 1.36224e-305
DMCovarParam: 1.01852e-305
DMCovarParam: 7.61475e-306
DMCovarParam: 5.69267e-306
DMCovarParam: 4.25548e-306
DMCovarParam: 3.18093e-306
DMCovarParam: 2.37757e-306
DMCovarParam: 1.77699e-306
DMCovarParam: 1.32803e-306
DMCovarParam: 9.92446e-307
DMCovarParam: 7.41612e-307
DMCovarParam: 5.54141e-307
DMCovarParam: 4.14034e-307
DMCovarParam: 3.09332e-307
DMCovarParam: 2.31093e-307
DMCovarParam: 1.72632e-307
DMCovarParam: 1.28952e-307
DMCovarParam: 9.63185e-308
DMCovarParam: 7.19388e-308
DMCovarParam: 5.37266e-308
DMCovarParam: 4.01226e-308
DMCovarParam: 2.99613e-308
DMCovarParam: 2.23721e-308
DMCovarParam: 1.67041e-308
DMCovarParam: 1.24714e-308
DMCovarParam: 9.31061e-309
DMCovarParam: 6.95048e-309
DMCovarParam: 5.18829e-309
DMCovarParam: 3.87263e-309
DMCovarParam: 2.89042e-309
DMCovarParam: 2.1572e-309
DMCovarParam: 1.60987e-309
DMCovarParam: 1.20134e-309
DMCovarParam: 8.96419e-310
DMCovarParam: 6.68853e-310
DMCovarParam: 4.99026e-310
DMCovarParam: 3.72296e-310
DMCovarParam: 2.77733e-310
DMCovarParam: 2.07176e-310
DMCovarParam: 1.54533e-310
DMCovarParam: 1.1526e-310
DMCovarParam: 8.59626e-311
DMCovarParam: 6.4108e-311
DMCovarParam: 4.78066e-311
DMCovarParam: 3.56481e-311
DMCovarParam: 2.65802e-311
DMCovarParam: 1.98177e-311
DMCovarParam: 1.47747e-311
DMCovarParam: 1.10144e-311
DMCovarParam: 8.21056e-312
DMCovarParam: 6.1201e-312
DMCovarParam: 4.5616e-312
DMCovarParam: 3.39977e-312
DMCovarParam: 2.53369e-312
DMCovarParam: 1.88813e-312
DMCovarParam: 1.40696e-312
DMCovarParam: 1.04835e-312
DMCovarParam: 7.8109e-313
DMCovarParam: 5.81929e-313
DMCovarParam: 4.33523e-313
DMCovarParam: 3.22944e-313
DMCovarParam: 2.40555e-313
DMCovarParam: 1.79174e-313
DMCovarParam: 1.33447e-313
DMCovarParam: 9.93837e-314
DMCovarParam: 7.40107e-314
DMCovarParam: 5.51121e-314
DMCovarParam: 4.10367e-314
DMCovarParam: 3.05541e-314
DMCovarParam: 2.27479e-314
DMCovarParam: 1.6935e-314
DMCovarParam: 1.26067e-314
DMCovarParam: 9.38406e-315
DMCovarParam: 6.98479e-315
DMCovarParam: 5.19862e-315
DMCovarParam: 3.86898e-315
DMCovarParam: 2.87924e-315
DMCovarParam: 2.14255e-315
DMCovarParam: 1.59426e-315
DMCovarParam: 1.1862e-315
DMCovarParam: 8.82533e-316
DMCovarParam: 6.56563e-316
DMCovarParam: 4.88422e-316
DMCovarParam: 3.63318e-316
DMCovarParam: 2.70241e-316
DMCovarParam: 2.00996e-316
DMCovarParam: 1.49485e-316
DMCovarParam: 1.11168e-316
DMCovarParam: 8.26678e-317
DMCovarParam: 6.14703e-317
DMCovarParam: 4.57053e-317
DMCovarParam: 3.39814e-317
DMCovarParam: 2.52632e-317
DMCovarParam: 1.87806e-317
DMCovarParam: 1.39605e-317
DMCovarParam: 1.03769e-317
DMCovarParam: 7.71271e-318
DMCovarParam: 5.73216e-318
DMCovarParam: 4.25994e-318
DMCovarParam: 3.16564e-318
DMCovarParam: 2.3523e-318
DMCovarParam: 1.74781e-318
DMCovarParam: 1.29859e-318
DMCovarParam: 9.64762e-319
DMCovarParam: 7.16706e-319
DMCovarParam: 5.324e-319
DMCovarParam: 3.9546e-319
DMCovarParam: 2.93727e-319
DMCovarParam: 2.1815e-319
DMCovarParam: 1.62014e-319
DMCovarParam: 1.2031e-319
DMCovarParam: 8.9337e-320
DMCovarParam: 6.63333e-320
DMCovarParam: 4.92534e-320
DMCovarParam: 3.65658e-320
DMCovarParam: 2.7144e-320
DMCovarParam: 2.01529e-320
DMCovarParam: 1.49554e-320
DMCovarParam: 1.11017e-320
DMCovarParam: 8.24101e-321
DMCovarParam: 6.11653e-321
DMCovarParam: 4.54046e-321
DMCovarParam: 3.36953e-321
DMCovarParam: 2.49997e-321
DMCovarParam: 1.85275e-321
DMCovarParam: 1.3735e-321
DMCovarParam: 1.02272e-321
DMCovarParam: 7.5592e-322
DMCovarParam: 5.63235e-322
DMCovarParam: 4.15015e-322
DMCovarParam: 3.11261e-322
DMCovarParam: 2.2727e-322
DMCovarParam: 1.67982e-322
DMCovarParam: 1.23516e-322
DMCovarParam: 9.38725e-323
DMCovarParam: 6.91692e-323
DMCovarParam: 4.94066e-323
DMCovarParam: 3.95253e-323
DMCovarParam: 2.96439e-323
DMCovarParam: 1.97626e-323
DMCovarParam: 1.4822e-323
DMCovarParam: 9.88131e-324
DMCovarParam: 9.88131e-324
DMCovarParam: 4.94066e-324
DMCovarParam: 4.94066e-324
DMCovarParam: 4.94066e-324
DMCovarParam: 4.94066e-324
DMCovarParam: 0
DMCovarParam: 0
DMCovarParam: 0
DMCovarParam: 0
DMCovarParam: 0
DMCovarParam: 0
DMCovarParam: 0
DMCovarParam: 0
DMCovarParam: 0
DMCovarParam: 0
DMCovarParam: 0
DMCovarParam: 0
DMCovarParam: 0
DMCovarParam: 0
DMCovarParam: 0
DMCovarParam: 0
DMCovarParam: 0
DMCovarParam: 0
DMCovarParam: 0
DMCovarParam: 0
DMCovarParam: 0
DMCovarParam: 0
DMCovarParam: 0
DMCovarParam: 0
DMCovarParam: 0
DMCovarParam: 0
DMCovarParam: 0
DMCovarParam: 0
DMCovarParam: 0
DMCovarParam: 0
DMCovarParam: 0
DMCovarParam: 0
DMCovarParam: 0
DMCovarParam: 0
DMCovarParam: 0
DMCovarParam: 0
DMCovarParam: 0
DMCovarParam: 0
DMCovarParam: 0
DMCovarParam: 0
DMCovarParam: 0
DMCovarParam: 0
DMCovarParam: 0
DMCovarParam: 0
DMCovarParam: 0
DMCovarParam: 0
DMCovarParam: 0
DMCovarParam: 0
DMCovarParam: 0
DMCovarParam: 0
DMCovarParam: 0
DMCovarParam: 0
DMCovarParam: 0
DMCovarParam: 0
DMCovarParam: 0
DMCovarParam: 0
DMCovarParam: 0
DMCovarParam: 0
DMCovarParam: 0
DMCovarParam: 0
DMCovarParam: 0
DMCovarParam: 0
DMCovarParam: 0
DMCovarParam: 0
DMCovarParam: 0
DMCovarParam: 0
DMCovarParam: 0
DMCovarParam: 0
DMCovarParam: 0
DMCovarParam: 0
DMCovarParam: 0
DMCovarParam: 0
DMCovarParam: 0
DMCovarParam: 0
DMCovarParam: 0
DMCovarParam: 0
DMCovarParam: 0
DMCovarParam: 0
DMCovarParam: 0
DMCovarParam: 0
DMCovarParam: 0
DMCovarParam: 0
DMCovarParam: 0
DMCovarParam: 0
DMCovarParam: 0
DMCovarParam: 0
DMCovarParam: 0
DMCovarParam: 0
DMCovarParam: 0
DMCovarParam: 0
DMCovarParam: 0
DMCovarParam: 0
DMCovarParam: 0
DMCovarParam: 0
DMCovarParam: 0
DMCovarParam: 0
DMCovarParam: 0
DMCovarParam: 0
DMCovarParam: 0
DMCovarParam: 0
DMCovarParam: 0
DMCovarParam: 0
DMCovarParam: 0
DMCovarParam: 0
DMCovarParam: 0
DMCovarParam: 0
DMCovarParam: 0
DMCovarParam: 0
DMCovarParam: 0
DMCovarParam: 0
DMCovarParam: 0
DMCovarParam: 0
DMCovarParam: 0
DMCovarParam: 0
DMCovarParam: 0
DMCovarParam: 0
DMCovarParam: 0
DMCovarParam: 0
DMCovarParam: 0
DMCovarParam: 0
DMCovarParam: 0
DMCovarParam: 0
DMCovarParam: 0
DMCovarParam: 0
DMCovarParam: 0
DMCovarParam: 0
DMCovarParam: 0
DMCovarParam: 0
DMCovarParam: 0
DMCovarParam: 0
DMCovarParam: 0
DMCovarParam: 0
DMCovarParam: 0
DMCovarParam: 0
DMCovarParam: 0
DMCovarParam: 0
DMCovarParam: 0
DMCovarParam: 0
DMCovarParam: 0
DMCovarParam: 0
DMCovarParam: 0
DMCovarParam: 0
DMCovarParam: 0
DMCovarParam: 0
DMCovarParam: 0
DMCovarParam: 0
DMCovarParam: 0
DMCovarParam: 0
DMCovarParam: 0
DMCovarParam: 0
DMCovarParam: 0
DMCovarParam: 0
DMCovarParam: 0
DMCovarParam: 0
DMCovarParam: 0
DMCovarParam: 0
DMCovarParam: 0
DMCovarParam: 0
DMCovarParam: 0
DMCovarParam: 0
DMCovarParam: 0
DMCovarParam: 0
DMCovarParam: 0
DMCovarParam: 0
DMCovarParam: 0
DMCovarParam: 0
DMCovarParam: 0
DMCovarParam: 0
DMCovarParam: 0
DMCovarParam: 0
DMCovarParam: 0
DMCovarParam: 0
DMCovarParam: 0
DMCovarParam: 0
DMCovarParam: 0
DMCovarParam: 0
DMCovarParam: 0
DMCovarParam: 0
DMCovarParam: 0
DMCovarParam: 0
DMCovarParam: 0
DMCovarParam: 0
DMCovarParam: 0
DMCovarParam: 0
DMCovarParam: 0
DMCovarParam: 0
DMCovarParam: 0
DMCovarParam: 0
DMCovarParam: 0
DMCovarParam: 0
DMCovarParam: 0
DMCovarParam: 0
DMCovarParam: 0
DMCovarParam: 0
DMCovarParam: 0
DMCovarParam: 0
DMCovarParam: 0
DMCovarParam: 0
DMCovarParam: 0
DMCovarParam: 0
DMCovarParam: 0
DMCovarParam: 0
DMCovarParam: 0
DMCovarParam: 0
DMCovarParam: 0
DMCovarParam: 0
DMCovarParam: 0
DMCovarParam: 0
DMCovarParam: 0
DMCovarParam: 0
DMCovarParam: 0
DMCovarParam: 0
DMCovarParam: 0
DMCovarParam: 0
DMCovarParam: 0
DMCovarParam: 0
DMCovarParam: 0
DMCovarParam: 0
DMCovarParam: 0
DMCovarParam: 0
DMCovarParam: 0
DMCovarParam: 0
DMCovarParam: 0
DMCovarParam: 0
DMCovarParam: 0
DMCovarParam: 0
DMCovarParam: 0
DMCovarParam: 0
DMCovarParam: 0
DMCovarParam: 0
DMCovarParam: 0
DMCovarParam: 0
DMCovarParam: 0
DMCovarParam: 0
DMCovarParam: 0
DMCovarParam: 0
DMCovarParam: 0
DMCovarParam: 0
DMCovarParam: 0
DMCovarParam: 0
DMCovarParam: 0
DMCovarParam: 0
DMCovarParam: 0
DMCovarParam: 0
DMCovarParam: 0
DMCovarParam: 0
DMCovarParam: 0
DMCovarParam: 0
DMCovarParam: 0
DMCovarParam: 0
DMCovarParam: 0
DMCovarParam: 0
DMCovarParam: 0
DMCovarParam: 0
DMCovarParam: 0
DMCovarParam: 0
DMCovarParam: 0
DMCovarParam: 0
DMCovarParam: 0
DMCovarParam: 0
DMCovarParam: 0
DMCovarParam: 0
DMCovarParam: 0
DMCovarParam: 0
DMCovarParam: 0
DMCovarParam: 0
DMCovarParam: 0
DMCovarParam: 0
DMCovarParam: 0
DMCovarParam: 0
DMCovarParam: 0
DMCovarParam: 0
DMCovarParam: 0
DMCovarParam: 0
DMCovarParam: 0
DMCovarParam: 0
DMCovarParam: 0
DMCovarParam: 0
DMCovarParam: 0
DMCovarParam: 0
DMCovarParam: 0
DMCovarParam: 0
DMCovarParam: 0
DMCovarParam: 0
DMCovarParam: 0
DMCovarParam: 0
DMCovarParam: 0
DMCovarParam: 0
DMCovarParam: 0
DMCovarParam: 0
DMCovarParam: 0
DMCovarParam: 0
DMCovarParam: 0
DMCovarParam: 0
DMCovarParam: 0
DMCovarParam: 0
DMCovarParam: 0
DMCovarParam: 0
DMCovarParam: 0
DMCovarParam: 0
DMCovarParam: 0
DMCovarParam: 0
DMCovarParam: 0
DMCovarParam: 0
DMCovarParam: 0
DMCovarParam: 0
DMCovarParam: 0
DMCovarParam: 0
DMCovarParam: 0
DMCovarParam: 0
DMCovarParam: 0
DMCovarParam: 0
DMCovarParam: 0
DMCovarParam: 0
DMCovarParam: 0
DMCovarParam: 0
DMCovarParam: 0
DMCovarParam: 0
DMCovarParam: 0
DMCovarParam: 0
DMCovarParam: 0
DMCovarParam: 0
DMCovarParam: 0
DMCovarParam: 0
DMCovarParam: 0
DMCovarParam: 0
DMCovarParam: 0
DMCovarParam: 0
DMCovarParam: 0
DMCovarParam: 0
DMCovarParam: 0
DMCovarParam: 0
DMCovarParam: 0
DMCovarParam: 0
DMCovarParam: 0
DMCovarParam: 0
DMCovarParam: 0
DMCovarParam: 0
DMCovarParam: 0
DMCovarParam: 0
DMCovarParam: 0
DMCovarParam: 0
DMCovarParam: 0
DMCovarParam: 0
DMCovarParam: 0
DMCovarParam: 0
DMCovarParam: 0
DMCovarParam: 0
DMCovarParam: 0
DMCovarParam: 0
DMCovarParam: 0
DMCovarParam: 0
DMCovarParam: 0
DMCovarParam: 0
DMCovarParam: 0
DMCovarParam: 0
DMCovarParam: 0
DMCovarParam: 0
DMCovarParam: 0
DMCovarParam: 0
DMCovarParam: 0
DMCovarParam: 0
DMCovarParam: 0
DMCovarParam: 0
DMCovarParam: 0
DMCovarParam: 0
DMCovarParam: 0
DMCovarParam: 0
DMCovarParam: 0
DMCovarParam: 0
DMCovarParam: 0
DMCovarParam: 0
DMCovarParam: 0
DMCovarParam: 0
DMCovarParam: 0
DMCovarParam: 0
DMCovarParam: 0
DMCovarParam: 0
DMCovarParam: 0
DMCovarParam: 0
DMCovarParam: 0
DMCovarParam: 0
DMCovarParam: 0
DMCovarParam: 0
DMCovarParam: 0
DMCovarParam: 0
DMCovarParam: 0
DMCovarParam: 0
DMCovarParam: 0
DMCovarParam: 0
DMCovarParam: 0
DMCovarParam: 0
DMCovarParam: 0
DMCovarParam: 0
DMCovarParam: 0
DMCovarParam: 0
DMCovarParam: 0
DMCovarParam: 0
DMCovarParam: 0
DMCovarParam: 0
DMCovarParam: 0
DMCovarParam: 0
DMCovarParam: 0
DMCovarParam: 0
DMCovarParam: 0
DMCovarParam: 0
DMCovarParam: 0
DMCovarParam: 0
DMCovarParam: 0
DMCovarParam: 0
DMCovarParam: 0
DMCovarParam: 0
DMCovarParam: 0
DMCovarParam: 0
DMCovarParam: 0
DMCovarParam: 0
DMCovarParam: 0
DMCovarParam: 0
DMCovarParam: 0
DMCovarParam: 0
DMCovarParam: 0
DMCovarParam: 0
DMCovarParam: 0
DMCovarParam: 0
DMCovarParam: 0
DMCovarParam: 0
DMCovarParam: 0
DMCovarParam: 0
DMCovarParam: 0
DMCovarParam: 0
DMCovarParam: 0
DMCovarParam: 0
DMCovarParam: 0
DMCovarParam: 0
DMCovarParam: 0
DMCovarParam: 0
DMCovarParam: 0
DMCovarParam: 0
DMCovarParam: 0
DMCovarParam: 0
DMCovarParam: 0
DMCovarParam: 0
DMCovarParam: 0
DMCovarParam: 0
DMCovarParam: 0
DMCovarParam: 0
DMCovarParam: 0
DMCovarParam: 0
DMCovarParam: 0
DMCovarParam: 0
DMCovarParam: 0
DMCovarParam: 0
DMCovarParam: 0
DMCovarParam: 0
DMCovarParam: 0
DMCovarParam: 0
DMCovarParam: 0
DMCovarParam: 0
DMCovarParam: 0
DMCovarParam: 0
DMCovarParam: 0
DMCovarParam: 0
DMCovarParam: 0
DMCovarParam: 0
DMCovarParam: 0
DMCovarParam: 0
DMCovarParam: 0
DMCovarParam: 0
DMCovarParam: 0
DMCovarParam: 0
DMCovarParam: 0
DMCovarParam: 0
DMCovarParam: 0
DMCovarParam: 0
DMCovarParam: 0
DMCovarParam: 0
DMCovarParam: 0
DMCovarParam: 0
DMCovarParam: 0
DMCovarParam: 0
DMCovarParam: 0
DMCovarParam: 0
DMCovarParam: 0
DMCovarParam: 0
DMCovarParam: 0
DMCovarParam: 0
DMCovarParam: 0
DMCovarParam: 0
DMCovarParam: 0
DMCovarParam: 0
DMCovarParam: 0
DMCovarParam: 0
DMCovarParam: 0
DMCovarParam: 0
DMCovarParam: 0
DMCovarParam: 0
DMCovarParam: 0
DMCovarParam: 0
DMCovarParam: 0
DMCovarParam: 0
DMCovarParam: 0
DMCovarParam: 0
DMCovarParam: 0
DMCovarParam: 0
DMCovarParam: 0
DMCovarParam: 0
DMCovarParam: 0
DMCovarParam: 0
DMCovarParam: 0
DMCovarParam: 0
DMCovarParam: 0
DMCovarParam: 0
DMCovarParam: 0
DMCovarParam: 0
DMCovarParam: 0
DMCovarParam: 0
DMCovarParam: 0
DMCovarParam: 0
DMCovarParam: 0
DMCovarParam: 0
DMCovarParam: 0
DMCovarParam: 0
DMCovarParam: 0
DMCovarParam: 0
DMCovarParam: 0
DMCovarParam: 0
DMCovarParam: 0
DMCovarParam: 0
DMCovarParam: 0
DMCovarParam: 0
DMCovarParam: 0
DMCovarParam: 0
DMCovarParam: 0
DMCovarParam: 0
DMCovarParam: 0
DMCovarParam: 0
DMCovarParam: 0
DMCovarParam: 0
DMCovarParam: 0
DMCovarParam: 0
DMCovarParam: 0
DMCovarParam: 0
DMCovarParam: 0
DMCovarParam: 0
DMCovarParam: 0
DMCovarParam: 0
DMCovarParam: 0
DMCovarParam: 0
DMCovarParam: 0
DMCovarParam: 0
DMCovarParam: 0
DMCovarParam: 0
DMCovarParam: 0
DMCovarParam: 0
DMCovarParam: 0
DMCovarParam: 0
DMCovarParam: 0
DMCovarParam: 0
DMCovarParam: 0
DMCovarParam: 0
DMCovarParam: 0
DMCovarParam: 0
DMCovarParam: 0
DMCovarParam: 0
DMCovarParam: 0
DMCovarParam: 0
DMCovarParam: 0
DMCovarParam: 0
DMCovarParam: 0
DMCovarParam: 0
DMCovarParam: 0
DMCovarParam: 0
DMCovarParam: 0
DMCovarParam: 0
DMCovarParam: 0
DMCovarParam: 0
DMCovarParam: 0
DMCovarParam: 0
DMCovarParam: 0
DMCovarParam: 0
DMCovarParam: 0
DMCovarParam: 0
DMCovarParam: 0
DMCovarParam: 0
DMCovarParam: 0
DMCovarParam: 0
DMCovarParam: 0
DMCovarParam: 0
DMCovarParam: 0
DMCovarParam: 0
DMCovarParam: 0
DMCovarParam: 0
DMCovarParam: 0
DMCovarParam: 0
DMCovarParam: 0
DMCovarParam: 0
DMCovarParam: 0
DMCovarParam: 0
DMCovarParam: 0
DMCovarParam: 0
DMCovarParam: 0
DMCovarParam: 0
DMCovarParam: 0
DMCovarParam: 0
DMCovarParam: 0
DMCovarParam: 0
DMCovarParam: 0
DMCovarParam: 0
DMCovarParam: 0
DMCovarParam: 0
DMCovarParam: 0
DMCovarParam: 0
DMCovarParam: 0
DMCovarParam: 0
DMCovarParam: 0
DMCovarParam: 0
DMCovarParam: 0
DMCovarParam: 0
DMCovarParam: 0
DMCovarParam: 0
DMCovarParam: 0
DMCovarParam: 0
DMCovarParam: 0
DMCovarParam: 0
DMCovarParam: 0
DMCovarParam: 0
DMCovarParam: 0
DMCovarParam: 0
DMCovarParam: 0
DMCovarParam: 0
DMCovarParam: 0
DMCovarParam: 0
DMCovarParam: 0
DMCovarParam: 0
DMCovarParam: 0
DMCovarParam: 0
DMCovarParam: 0
DMCovarParam: 0
DMCovarParam: 0
DMCovarParam: 0
DMCovarParam: 0
DMCovarParam: 0
DMCovarParam: 0
DMCovarParam: 0
DMCovarParam: 0
DMCovarParam: 0
DMCovarParam: 0
DMCovarParam: 0
DMCovarParam: 0
DMCovarParam: 0
DMCovarParam: 0
DMCovarParam: 0
DMCovarParam: 0
DMCovarParam: 0
DMCovarParam: 0
DMCovarParam: 0
DMCovarParam: 0
DMCovarParam: 0
DMCovarParam: 0
DMCovarParam: 0
DMCovarParam: 0
DMCovarParam: 0
DMCovarParam: 0
DMCovarParam: 0
DMCovarParam: 0
DMCovarParam: 0
DMCovarParam: 0
DMCovarParam: 0
DMCovarParam: 0
DMCovarParam: 0
DMCovarParam: 0
DMCovarParam: 0
DMCovarParam: 0
DMCovarParam: 0
DMCovarParam: 0
DMCovarParam: 0
DMCovarParam: 0
DMCovarParam: 0
DMCovarParam: 0
DMCovarParam: 0
DMCovarParam: 0
DMCovarParam: 0
DMCovarParam: 0
DMCovarParam: 0
DMCovarParam: 0
DMCovarParam: 0
DMCovarParam: 0
DMCovarParam: 0
DMCovarParam: 0
DMCovarParam: 0
DMCovarParam: 0
DMCovarParam: 0
DMCovarParam: 0
DMCovarParam: 0
DMCovarParam: 0
DMCovarParam: 0
DMCovarParam: 0
DMCovarParam: 0
DMCovarParam: 0
DMCovarParam: 0
DMCovarParam: 0
DMCovarParam: 0
DMCovarParam: 0
DMCovarParam: 0
DMCovarParam: 0
DMCovarParam: 0
DMCovarParam: 0
DMCovarParam: 0
DMCovarParam: 0
DMCovarParam: 0
DMCovarParam: 0
DMCovarParam: 0
DMCovarParam: 0
DMCovarParam: 0
DMCovarParam: 0
DMCovarParam: 0
DMCovarParam: 0
DMCovarParam: 0
DMCovarParam: 0
DMCovarParam: 0
DMCovarParam: 0
DMCovarParam: 0
DMCovarParam: 0
DMCovarParam: 0
DMCovarParam: 0
DMCovarParam: 0
DMCovarParam: 0
DMCovarParam: 0
DMCovarParam: 0
DMCovarParam: 0
DMCovarParam: 0
DMCovarParam: 0
DMCovarParam: 0
DMCovarParam: 0
DMCovarParam: 0
DMCovarParam: 0
DMCovarParam: 0
DMCovarParam: 0
DMCovarParam: 0
DMCovarParam: 0
DMCovarParam: 0
DMCovarParam: 0
DMCovarParam: 0
DMCovarParam: 0
DMCovarParam: 0
DMCovarParam: 0
DMCovarParam: 0
DMCovarParam: 0
DMCovarParam: 0
DMCovarParam: 0
DMCovarParam: 0
DMCovarParam: 0
DMCovarParam: 0
DMCovarParam: 0
DMCovarParam: 0
DMCovarParam: 0
DMCovarParam: 0
DMCovarParam: 0
DMCovarParam: 0
DMCovarParam: 0
DMCovarParam: 0
DMCovarParam: 0
DMCovarParam: 0
DMCovarParam: 0
DMCovarParam: 0
DMCovarParam: 0
DMCovarParam: 0
DMCovarParam: 0
DMCovarParam: 0
DMCovarParam: 0
DMCovarParam: 0
DMCovarParam: 0
DMCovarParam: 0
DMCovarParam: 0
DMCovarParam: 0
DMCovarParam: 0
DMCovarParam: 0
DMCovarParam: 0
DMCovarParam: 0
DMCovarParam: 0
DMCovarParam: 0
DMCovarParam: 0
DMCovarParam: 0
DMCovarParam: 0
DMCovarParam: 0
DMCovarParam: 0
DMCovarParam: 0
DMCovarParam: 0
DMCovarParam: 0
DMCovarParam: 0
DMCovarParam: 0
DMCovarParam: 0
DMCovarParam: 0
DMCovarParam: 0
DMCovarParam: 0
DMCovarParam: 0
DMCovarParam: 0
DMCovarParam: 0
DMCovarParam: 0
DMCovarParam: 0
DMCovarParam: 0
DMCovarParam: 0
DMCovarParam: 0
DMCovarParam: 0
DMCovarParam: 0
DMCovarParam: 0
DMCovarParam: 0
DMCovarParam: 0
DMCovarParam: 0
DMCovarParam: 0
DMCovarParam: 0
DMCovarParam: 0
DMCovarParam: 0
DMCovarParam: 0
DMCovarParam: 0
DMCovarParam: 0
DMCovarParam: 0
DMCovarParam: 0
DMCovarParam: 0
DMCovarParam: 0
DMCovarParam: 0
DMCovarParam: 0
DMCovarParam: 0
DMCovarParam: 0
DMCovarParam: 0
DMCovarParam: 0
DMCovarParam: 0
DMCovarParam: 0
DMCovarParam: 0
DMCovarParam: 0
DMCovarParam: 0
DMCovarParam: 0
DMCovarParam: 0
DMCovarParam: 0
DMCovarParam: 0
DMCovarParam: 0
DMCovarParam: 0
DMCovarParam: 0
DMCovarParam: 0
DMCovarParam: 0
DMCovarParam: 0
DMCovarParam: 0
DMCovarParam: 0
DMCovarParam: 0
DMCovarParam: 0
DMCovarParam: 0
DMCovarParam: 0
DMCovarParam: 0
DMCovarParam: 0
DMCovarParam: 0
DMCovarParam: 0
DMCovarParam: 0
DMCovarParam: 0
DMCovarParam: 0
DMCovarParam: 0
DMCovarParam: 0
DMCovarParam: 0
DMCovarParam: 0
DMCovarParam: 0
DMCovarParam: 0
DMCovarParam: 0
DMCovarParam: 0
DMCovarParam: 0
DMCovarParam: 0
DMCovarParam: 0
DMCovarParam: 0
DMCovarParam: 0
DMCovarParam: 0
DMCovarParam: 0
DMCovarParam: 0
DMCovarParam: 0
DMCovarParam: 0
DMCovarParam: 0
DMCovarParam: 0
DMCovarParam: 0
DMCovarParam: 0
DMCovarParam: 0
DMCovarParam: 0
DMCovarParam: 0
DMCovarParam: 0
DMCovarParam: 0
DMCovarParam: 0
DMCovarParam: 0
DMCovarParam: 0
DMCovarParam: 0
DMCovarParam: 0
DMCovarParam: 0
DMCovarParam: 0
DMCovarParam: 0
DMCovarParam: 0
DMCovarParam: 0
DMCovarParam: 0
DMCovarParam: 0
DMCovarParam: 0
DMCovarParam: 0
DMCovarParam: 0
DMCovarParam: 0
DMCovarParam: 0
DMCovarParam: 0
DMCovarParam: 0
DMCovarParam: 0
DMCovarParam: 0
DMCovarParam: 0
DMCovarParam: 0
DMCovarParam: 0
DMCovarParam: 0
DMCovarParam: 0
DMCovarParam: 0
DMCovarParam: 0
DMCovarParam: 0
DMCovarParam: 0
DMCovarParam: 0
DMCovarParam: 0
DMCovarParam: 0
DMCovarParam: 0
DMCovarParam: 0
DMCovarParam: 0
DMCovarParam: 0
DMCovarParam: 0
DMCovarParam: 0
DMCovarParam: 0
DMCovarParam: 0
DMCovarParam: 0
DMCovarParam: 0
DMCovarParam: 0
DMCovarParam: 0
DMCovarParam: 0
DMCovarParam: 0
DMCovarParam: 0
DMCovarParam: 0
DMCovarParam: 0
DMCovarParam: 0
DMCovarParam: 0
DMCovarParam: 0
DMCovarParam: 0
DMCovarParam: 0
DMCovarParam: 0
DMCovarParam: 0
DMCovarParam: 0
DMCovarParam: 0
DMCovarParam: 0
DMCovarParam: 0
DMCovarParam: 0
DMCovarParam: 0
DMCovarParam: 0
DMCovarParam: 0
DMCovarParam: 0
DMCovarParam: 0
DMCovarParam: 0
DMCovarParam: 0
DMCovarParam: 0
DMCovarParam: 0
DMCovarParam: 0
DMCovarParam: 0
DMCovarParam: 0
DMCovarParam: 0
DMCovarParam: 0
DMCovarParam: 0
DMCovarParam: 0
DMCovarParam: 0
DMCovarParam: 0
DMCovarParam: 0
DMCovarParam: 0
DMCovarParam: 0
DMCovarParam: 0
DMCovarParam: 0
DMCovarParam: 0
DMCovarParam: 0
DMCovarParam: 0
DMCovarParam: 0
DMCovarParam: 0
DMCovarParam: 0
DMCovarParam: 0
DMCovarParam: 0
DMCovarParam: 0
DMCovarParam: 0
DMCovarParam: 0
DMCovarParam: 0
DMCovarParam: 0
DMCovarParam: 0
DMCovarParam: 0
DMCovarParam: 0
DMCovarParam: 0
DMCovarParam: 0
DMCovarParam: 0
DMCovarParam: 0
DMCovarParam: 0
DMCovarParam: 0
DMCovarParam: 0
DMCovarParam: 0
DMCovarParam: 0
DMCovarParam: 0
DMCovarParam: 0
DMCovarParam: 0
DMCovarParam: 0
DMCovarParam: 0
DMCovarParam: 0
DMCovarParam: 0
DMCovarParam: 0
DMCovarParam: 0
DMCovarParam: 0
DMCovarParam: 0
DMCovarParam: 0
DMCovarParam: 0
DMCovarParam: 0
DMCovarParam: 0
DMCovarParam: 0
DMCovarParam: 0
DMCovarParam: 0
DMCovarParam: 0
DMCovarParam: 0
DMCovarParam: 0
DMCovarParam: 0
DMCovarParam: 0
DMCovarParam: 0
DMCovarParam: 0
DMCovarParam: 0
DMCovarParam: 0
DMCovarParam: 0
DMCovarParam: 0
DMCovarParam: 0
DMCovarParam: 0
DMCovarParam: 0
DMCovarParam: 0
DMCovarParam: 0
DMCovarParam: 0
DMCovarParam: 0
DMCovarParam: 0
DMCovarParam: 0
DMCovarParam: 0
DMCovarParam: 0
DMCovarParam: 0
DMCovarParam: 0
DMCovarParam: 0
DMCovarParam: 0
DMCovarParam: 0
DMCovarParam: 0
DMCovarParam: 0
DMCovarParam: 0
DMCovarParam: 0
DMCovarParam: 0
DMCovarParam: 0
DMCovarParam: 0
DMCovarParam: 0
DMCovarParam: 0
DMCovarParam: 0
DMCovarParam: 0
DMCovarParam: 0
DMCovarParam: 0
DMCovarParam: 0
DMCovarParam: 0
DMCovarParam: 0
DMCovarParam: 0
DMCovarParam: 0
DMCovarParam: 0
DMCovarParam: 0
DMCovarParam: 0
DMCovarParam: 0
DMCovarParam: 0
DMCovarParam: 0
DMCovarParam: 0
DMCovarParam: 0
DMCovarParam: 0
DMCovarParam: 0
DMCovarParam: 0
DMCovarParam: 0
DMCovarParam: 0
DMCovarParam: 0
DMCovarParam: 0
DMCovarParam: 0
DMCovarParam: 0
DMCovarParam: 0
DMCovarParam: 0
DMCovarParam: 0
DMCovarParam: 0
DMCovarParam: 0
DMCovarParam: 0
DMCovarParam: 0
DMCovarParam: 0
DMCovarParam: 0
DMCovarParam: 0
DMCovarParam: 0
DMCovarParam: 0
DMCovarParam: 0
DMCovarParam: 0
DMCovarParam: 0
DMCovarParam: 0
DMCovarParam: 0
DMCovarParam: 0
DMCovarParam: 0
DMCovarParam: 0
DMCovarParam: 0
DMCovarParam: 0
DMCovarParam: 0
DMCovarParam: 0
DMCovarParam: 0
DMCovarParam: 0
DMCovarParam: 0
DMCovarParam: 0
DMCovarParam: 0
DMCovarParam: 0
DMCovarParam: 0
DMCovarParam: 0
DMCovarParam: 0
DMCovarParam: 0
DMCovarParam: 0
DMCovarParam: 0
DMCovarParam: 0
DMCovarParam: 0
DMCovarParam: 0
DMCovarParam: 0
DMCovarParam: 0
DMCovarParam: 0
DMCovarParam: 0
DMCovarParam: 0
DMCovarParam: 0
DMCovarParam: 0
DMCovarParam: 0
DMCovarParam: 0
DMCovarParam: 0
DMCovarParam: 0
DMCovarParam: 0
DMCovarParam: 0
DMCovarParam: 0
DMCovarParam: 0
DMCovarParam: 0
DMCovarParam: 0
DMCovarParam: 0
DMCovarParam: 0
DMCovarParam: 0
DMCovarParam: 0
DMCovarParam: 0
DMCovarParam: 0
DMCovarParam: 0
DMCovarParam: 0
DMCovarParam: 0
DMCovarParam: 0
DMCovarParam: 0
DMCovarParam: 0
DMCovarParam: 0
DMCovarParam: 0
DMCovarParam: 0
DMCovarParam: 0
DMCovarParam: 0
DMCovarParam: 0
DMCovarParam: 0
DMCovarParam: 0
DMCovarParam: 0
DMCovarParam: 0
DMCovarParam: 0
DMCovarParam: 0
DMCovarParam: 0
DMCovarParam: 0
DMCovarParam: 0
DMCovarParam: 0
DMCovarParam: 0
DMCovarParam: 0
DMCovarParam: 0
DMCovarParam: 0
DMCovarParam: 0
DMCovarParam: 0
DMCovarParam: 0
DMCovarParam: 0
DMCovarParam: 0
DMCovarParam: 0
DMCovarParam: 0
DMCovarParam: 0
DMCovarParam: 0
DMCovarParam: 0
DMCovarParam: 0
DMCovarParam: 0
DMCovarParam: 0
DMCovarParam: 0
DMCovarParam: 0
DMCovarParam: 0
DMCovarParam: 0
DMCovarParam: 0
DMCovarParam: 0
DMCovarParam: 0
DMCovarParam: 0
DMCovarParam: 0
DMCovarParam: 0
DMCovarParam: 0
DMCovarParam: 0
DMCovarParam: 0
DMCovarParam: 0
DMCovarParam: 0
DMCovarParam: 0
DMCovarParam: 0
DMCovarParam: 0
DMCovarParam: 0
DMCovarParam: 0
DMCovarParam: 0
DMCovarParam: 0
DMCovarParam: 0
DMCovarParam: 0
DMCovarParam: 0
DMCovarParam: 0
DMCovarParam: 0
DMCovarParam: 0
DMCovarParam: 0
DMCovarParam: 0
DMCovarParam: 0
DMCovarParam: 0
DMCovarParam: 0
DMCovarParam: 0
DMCovarParam: 0
DMCovarParam: 0
DMCovarParam: 0
DMCovarParam: 0
DMCovarParam: 0
DMCovarParam: 0
DMCovarParam: 0
DMCovarParam: 0
DMCovarParam: 0
DMCovarParam: 0
DMCovarParam: 0
DMCovarParam: 0
DMCovarParam: 0
DMCovarParam: 0
DMCovarParam: 0
DMCovarParam: 0
DMCovarParam: 0
DMCovarParam: 0
DMCovarParam: 0
DMCovarParam: 0
DMCovarParam: 0
DMCovarParam: 0
DMCovarParam: 0
DMCovarParam: 0
DMCovarParam: 0
DMCovarParam: 0
DMCovarParam: 0
DMCovarParam: 0
DMCovarParam: 0
DMCovarParam: 0
DMCovarParam: 0
DMCovarParam: 0
DMCovarParam: 0
DMCovarParam: 0
DMCovarParam: 0
DMCovarParam: 0
DMCovarParam: 0
DMCovarParam: 0
DMCovarParam: 0
DMCovarParam: 0
DMCovarParam: 0
DMCovarParam: 0
DMCovarParam: 0
DMCovarParam: 0
DMCovarParam: 0
DMCovarParam: 0
DMCovarParam: 0
DMCovarParam: 0
DMCovarParam: 0
DMCovarParam: 0
DMCovarParam: 0
DMCovarParam: 0
DMCovarParam: 0
DMCovarParam: 0
DMCovarParam: 0
DMCovarParam: 0
DMCovarParam: 0
DMCovarParam: 0
DMCovarParam: 0
DMCovarParam: 0
DMCovarParam: 0
DMCovarParam: 0
DMCovarParam: 0
DMCovarParam: 0
DMCovarParam: 0
DMCovarParam: 0
DMCovarParam: 0
DMCovarParam: 0
DMCovarParam: 0
DMCovarParam: 0
DMCovarParam: 0
DMCovarParam: 0
DMCovarParam: 0
DMCovarParam: 0
DMCovarParam: 0
DMCovarParam: 0
DMCovarParam: 0
DMCovarParam: 0
DMCovarParam: 0
DMCovarParam: 0
DMCovarParam: 0
DMCovarParam: 0
DMCovarParam: 0
DMCovarParam: 0
DMCovarParam: 0
DMCovarParam: 0
DMCovarParam: 0
DMCovarParam: 0
DMCovarParam: 0
DMCovarParam: 0
DMCovarParam: 0
DMCovarParam: 0
DMCovarParam: 0
DMCovarParam: 0
DMCovarParam: 0
DMCovarParam: 0
DMCovarParam: 0
DMCovarParam: 0
DMCovarParam: 0
DMCovarParam: 0
DMCovarParam: 0
DMCovarParam: 0
DMCovarParam: 0
DMCovarParam: 0
DMCovarParam: 0
DMCovarParam: 0
DMCovarParam: 0
DMCovarParam: 0
DMCovarParam: 0
DMCovarParam: 0
DMCovarParam: 0
DMCovarParam: 0
DMCovarParam: 0
DMCovarParam: 0
DMCovarParam: 0
DMCovarParam: 0
DMCovarParam: 0
DMCovarParam: 0
DMCovarParam: 0
DMCovarParam: 0
DMCovarParam: 0
DMCovarParam: 0
DMCovarParam: 0
DMCovarParam: 0
DMCovarParam: 0
DMCovarParam: 0
DMCovarParam: 0
DMCovarParam: 0
DMCovarParam: 0
DMCovarParam: 0
DMCovarParam: 0
DMCovarParam: 0
DMCovarParam: 0
DMCovarParam: 0
DMCovarParam: 0
DMCovarParam: 0
DMCovarParam: 0
DMCovarParam: 0
DMCovarParam: 0
DMCovarParam: 0
DMCovarParam: 0
DMCovarParam: 0
DMCovarParam: 0
DMCovarParam: 0
DMCovarParam: 0
DMCovarParam: 0
DMCovarParam: 0
DMCovarParam: 0
DMCovarParam: 0
DMCovarParam: 0
DMCovarParam: 0
DMCovarParam: 0
DMCovarParam: 0
DMCovarParam: 0
DMCovarParam: 0
DMCovarParam: 0
DMCovarParam: 0
DMCovarParam: 0
DMCovarParam: 0
DMCovarParam: 0
DMCovarParam: 0
DMCovarParam: 0
DMCovarParam: 0
DMCovarParam: 0
DMCovarParam: 0
DMCovarParam: 0
DMCovarParam: 0
DMCovarParam: 0
DMCovarParam: 0
DMCovarParam: 0
DMCovarParam: 0
DMCovarParam: 0
DMCovarParam: 0
DMCovarParam: 0
DMCovarParam: 0
DMCovarParam: 0
DMCovarParam: 0
DMCovarParam: 0
DMCovarParam: 0
DMCovarParam: 0
DMCovarParam: 0
DMCovarParam: 0
DMCovarParam: 0
DMCovarParam: 0
DMCovarParam: 0
DMCovarParam: 0
DMCovarParam: 0
DMCovarParam: 0
DMCovarParam: 0
DMCovarParam: 0
DMCovarParam: 0
DMCovarParam: 0
DMCovarParam: 0
DMCovarParam: 0
DMCovarParam: 0
DMCovarParam: 0
DMCovarParam: 0
DMCovarParam: 0
DMCovarParam: 0
DMCovarParam: 0
DMCovarParam: 0
DMCovarParam: 0
DMCovarParam: 0
DMCovarParam: 0
DMCovarParam: 0
2.50513e-10 2.40933e-10 2.37036e-10 2.25527e-10 2.15428e-10 
2.40933e-10 2.50513e-10 2.4978e-10 2.41815e-10 2.30113e-10 
2.37036e-10 2.4978e-10 2.50513e-10 2.45252e-10 2.34095e-10 
2.25527e-10 2.41815e-10 2.45252e-10 2.50513e-10 2.45135e-10 
2.15428e-10 2.30113e-10 2.34095e-10 2.45135e-10 2.50513e-10 

[t2fit.C:1310] if: 1 2 1
[sortToAs.C:14] Sorting ToAs for psr J1455-3330
[t2fit.C:159] Doing a FULL COVARIANCE MATRIX fit
[cholesky.C:64] Reading Cholesky model 'noise.models' for pulsar J1455-3330
[cholesky.C:174] Reading a Tempo2 MODEL file: noise.models
[cholesky.C:671] Generate covar matrix from powerlaw model (a=2.000000 fc=0.200000 A=1.76702e-26)
[choleskyRoutines.C:542] Generating powerlaw model covariance function. nday=2552 npts=8192
m = 13, n = 8192 9.01091 0.693147 13 13
Here 3
1.10491e-11 1.09805e-11 1.09435e-11 1.07945e-11 1.05021e-11 
1.09805e-11 1.10491e-11 1.10199e-11 1.08692e-11 1.05748e-11 
1.09435e-11 1.10199e-11 1.10491e-11 1.09063e-11 1.0611e-11 
1.07945e-11 1.08692e-11 1.09063e-11 1.10491e-11 1.07573e-11 
1.05021e-11 1.05748e-11 1.0611e-11 1.07573e-11 1.10491e-11 

[t2fit.C:1310] if: 1 2 1
[sortToAs.C:14] Sorting ToAs for psr J1600-3053
[t2fit.C:159] Doing a FULL COVARIANCE MATRIX fit
[cholesky.C:64] Reading Cholesky model 'noise.models' for pulsar J1600-3053
[cholesky.C:174] Reading a Tempo2 MODEL file: noise.models
[cholesky.C:671] Generate covar matrix from powerlaw model (a=4.000000 fc=0.400000 A=1.22878e-27)
[choleskyRoutines.C:542] Generating powerlaw model covariance function. nday=3618 npts=8192
m = 13, n = 8192 9.01091 0.693147 13 13
Here 3
7.68886e-13 7.68886e-13 7.68885e-13 7.68868e-13 7.68811e-13 
7.68886e-13 7.68886e-13 7.68886e-13 7.68868e-13 7.68812e-13 
7.68885e-13 7.68886e-13 7.68886e-13 7.68868e-13 7.68814e-13 
7.68868e-13 7.68868e-13 7.68868e-13 7.68886e-13 7.68866e-13 
7.68811e-13 7.68812e-13 7.68814e-13 7.68866e-13 7.68886e-13 

[t2fit.C:1310] if: 1 2 1
[sortToAs.C:14] Sorting ToAs for psr J1603-7202
[t2fit.C:159] Doing a FULL COVARIANCE MATRIX fit
[cholesky.C:64] Reading Cholesky model 'noise.models' for pulsar J1603-7202
[cholesky.C:174] Reading a Tempo2 MODEL file: noise.models
[cholesky.C:671] Generate covar matrix from powerlaw model (a=2.500000 fc=0.065000 A=1.2e-25)
[choleskyRoutines.C:542] Generating powerlaw model covariance function. nday=5593 npts=16384
m = 14, n = 16384 9.70406 0.693147 14 14
Here 3
In DMCovarParam function
DMCovarParam: 6.276e-13
DMCovarParam: 6.27447e-13
DMCovarParam: 6.26987e-13
DMCovarParam: 6.26223e-13
DMCovarParam: 6.25153e-13
DMCovarParam: 6.23781e-13
DMCovarParam: 6.22108e-13
DMCovarParam: 6.20137e-13
DMCovarParam: 6.1787e-13
DMCovarParam: 6.15311e-13
DMCovarParam: 6.12463e-13
DMCovarParam: 6.09331e-13
DMCovarParam: 6.05919e-13
DMCovarParam: 6.02232e-13
DMCovarParam: 5.98276e-13
DMCovarParam: 5.94055e-13
DMCovarParam: 5.89576e-13
DMCovarParam: 5.84845e-13
DMCovarParam: 5.79869e-13
DMCovarParam: 5.74654e-13
DMCovarParam: 5.69208e-13
DMCovarParam: 5.63539e-13
DMCovarParam: 5.57654e-13
DMCovarParam: 5.51561e-13
DMCovarParam: 5.45268e-13
DMCovarParam: 5.38784e-13
DMCovarParam: 5.32117e-13
DMCovarParam: 5.25276e-13
DMCovarParam: 5.1827e-13
DMCovarParam: 5.11108e-13
DMCovarParam: 5.03799e-13
DMCovarParam: 4.96351e-13
DMCovarParam: 4.88775e-13
DMCovarParam: 4.8108e-13
DMCovarParam: 4.73275e-13
DMCovarParam: 4.65369e-13
DMCovarParam: 4.57372e-13
DMCovarParam: 4.49293e-13
DMCovarParam: 4.41141e-13
DMCovarParam: 4.32925e-13
DMCovarParam: 4.24655e-13
DMCovarParam: 4.1634e-13
DMCovarParam: 4.07988e-13
DMCovarParam: 3.99609e-13
DMCovarParam: 3.91211e-13
DMCovarParam: 3.82802e-13
DMCovarParam: 3.74391e-13
DMCovarParam: 3.65986e-13
DMCovarParam: 3.57596e-13
DMCovarParam: 3.49227e-13
DMCovarParam: 3.40887e-13
DMCovarParam: 3.32584e-13
DMCovarParam: 3.24325e-13
DMCovarParam: 3.16117e-13
DMCovarParam: 3.07966e-13
DMCovarParam: 2.99879e-13
DMCovarParam: 2.91861e-13
DMCovarParam: 2.83919e-13
DMCovarParam: 2.76059e-13
DMCovarParam: 2.68285e-13
DMCovarParam: 2.60603e-13
DMCovarParam: 2.53017e-13
DMCovarParam: 2.45532e-13
DMCovarParam: 2.38152e-13
DMCovarParam: 2.30881e-13
DMCovarParam: 2.23723e-13
DMCovarParam: 2.16681e-13
DMCovarParam: 2.09758e-13
DMCovarParam: 2.02958e-13
DMCovarParam: 1.96281e-13
DMCovarParam: 1.89732e-13
DMCovarParam: 1.83312e-13
DMCovarParam: 1.77023e-13
DMCovarParam: 1.70866e-13
DMCovarParam: 1.64842e-13
DMCovarParam: 1.58954e-13
DMCovarParam: 1.532e-13
DMCovarParam: 1.47583e-13
DMCovarParam: 1.42103e-13
DMCovarParam: 1.36759e-13
DMCovarParam: 1.31552e-13
DMCovarParam: 1.26482e-13
DMCovarParam: 1.21547e-13
DMCovarParam: 1.16748e-13
DMCovarParam: 1.12084e-13
DMCovarParam: 1.07553e-13
DMCovarParam: 1.03156e-13
DMCovarParam: 9.88895e-14
DMCovarParam: 9.47534e-14
DMCovarParam: 9.07461e-14
DMCovarParam: 8.68658e-14
DMCovarParam: 8.31108e-14
DMCovarParam: 7.94793e-14
DMCovarParam: 7.59694e-14
DMCovarParam: 7.25791e-14
DMCovarParam: 6.93062e-14
DMCovarParam: 6.61486e-14
DMCovarParam: 6.3104e-14
DMCovarParam: 6.01702e-14
DMCovarParam: 5.73447e-14
DMCovarParam: 5.46253e-14
DMCovarParam: 5.20094e-14
DMCovarParam: 4.94946e-14
DMCovarParam: 4.70784e-14
DMCovarParam: 4.47584e-14
DMCovarParam: 4.25318e-14
DMCovarParam: 4.03963e-14
DMCovarParam: 3.83493e-14
DMCovarParam: 3.63883e-14
DMCovarParam: 3.45107e-14
DMCovarParam: 3.27139e-14
DMCovarParam: 3.09956e-14
DMCovarParam: 2.93532e-14
DMCovarParam: 2.77843e-14
DMCovarParam: 2.62864e-14
DMCovarParam: 2.48571e-14
DMCovarParam: 2.3494e-14
DMCovarParam: 2.21949e-14
DMCovarParam: 2.09573e-14
DMCovarParam: 1.97791e-14
DMCovarParam: 1.86581e-14
DMCovarParam: 1.75919e-14
DMCovarParam: 1.65786e-14
DMCovarParam: 1.56161e-14
DMCovarParam: 1.47022e-14
DMCovarParam: 1.38351e-14
DMCovarParam: 1.30127e-14
DMCovarParam: 1.22333e-14
DMCovarParam: 1.14949e-14
DMCovarParam: 1.07958e-14
DMCovarParam: 1.01343e-14
DMCovarParam: 9.50869e-15
DMCovarParam: 8.91733e-15
DMCovarParam: 8.35867e-15
DMCovarParam: 7.83119e-15
DMCovarParam: 7.33341e-15
DMCovarParam: 6.86392e-15
DMCovarParam: 6.42135e-15
DMCovarParam: 6.00438e-15
DMCovarParam: 5.61175e-15
DMCovarParam: 5.24223e-15
DMCovarParam: 4.89465e-15
DMCovarParam: 4.56789e-15
DMCovarParam: 4.26086e-15
DMCovarParam: 3.97253e-15
DMCovarParam: 3.7019e-15
DMCovarParam: 3.44802e-15
DMCovarParam: 3.20999e-15
DMCovarParam: 2.98693e-15
DMCovarParam: 2.77802e-15
DMCovarParam: 2.58245e-15
DMCovarParam: 2.39948e-15
DMCovarParam: 2.22839e-15
DMCovarParam: 2.06848e-15
DMCovarParam: 1.91911e-15
DMCovarParam: 1.77966e-15
DMCovarParam: 1.64954e-15
DMCovarParam: 1.52818e-15
DMCovarParam: 1.41507e-15
DMCovarParam: 1.30968e-15
DMCovarParam: 1.21155e-15
DMCovarParam: 1.12023e-15
DMCovarParam: 1.03528e-15
DMCovarParam: 9.56314e-16
DMCovarParam: 8.82935e-16
DMCovarParam: 8.14789e-16
DMCovarParam: 7.51536e-16
DMCovarParam: 6.92855e-16
DMCovarParam: 6.38444e-16
DMCovarParam: 5.88018e-16
DMCovarParam: 5.41311e-16
DMCovarParam: 4.98071e-16
DMCovarParam: 4.58061e-16
DMCovarParam: 4.21059e-16
DMCovarParam: 3.86858e-16
DMCovarParam: 3.55261e-16
DMCovarParam: 3.26085e-16
DMCovarParam: 2.99159e-16
DMCovarParam: 2.74323e-16
DMCovarParam: 2.51426e-16
DMCovarParam: 2.30327e-16
DMCovarParam: 2.10896e-16
DMCovarParam: 1.9301e-16
DMCovarParam: 1.76555e-16
DMCovarParam: 1.61424e-16
DMCovarParam: 1.47517e-16
DMCovarParam: 1.34743e-16
DMCovarParam: 1.23015e-16
DMCovarParam: 1.12253e-16
DMCovarParam: 1.02382e-16
DMCovarParam: 9.33337e-17
DMCovarParam: 8.50436e-17
DMCovarParam: 7.7452e-17
DMCovarParam: 7.05036e-17
DMCovarParam: 6.41473e-17
DMCovarParam: 5.83355e-17
DMCovarParam: 5.30244e-17
DMCovarParam: 4.81733e-17
DMCovarParam: 4.37446e-17
DMCovarParam: 3.97037e-17
DMCovarParam: 3.60185e-17
DMCovarParam: 3.26594e-17
DMCovarParam: 2.95991e-17
DMCovarParam: 2.68125e-17
DMCovarParam: 2.42763e-17
DMCovarParam: 2.19694e-17
DMCovarParam: 1.98719e-17
DMCovarParam: 1.79659e-17
DMCovarParam: 1.62348e-17
DMCovarParam: 1.46634e-17
DMCovarParam: 1.32375e-17
DMCovarParam: 1.19445e-17
DMCovarParam: 1.07726e-17
DMCovarParam: 9.71084e-18
DMCovarParam: 8.74948e-18
DMCovarParam: 7.87945e-18
DMCovarParam: 7.09247e-18
DMCovarParam: 6.38097e-18
DMCovarParam: 5.73805e-18
DMCovarParam: 5.15739e-18
DMCovarParam: 4.63322e-18
DMCovarParam: 4.1603e-18
DMCovarParam: 3.73382e-18
DMCovarParam: 3.34943e-18
DMCovarParam: 3.00314e-18
DMCovarParam: 2.69134e-18
DMCovarParam: 2.41074e-18
DMCovarParam: 2.15833e-18
DMCovarParam: 1.93141e-18
DMCovarParam: 1.72751e-18
DMCovarParam: 1.54437e-18
DMCovarParam: 1.37998e-18
DMCovarParam: 1.23249e-18
DMCovarParam: 1.10022e-18
DMCovarParam: 9.81664e-19
DMCovarParam: 8.75458e-19
DMCovarParam: 7.80362e-19
DMCovarParam: 6.95255e-19
DMCovarParam: 6.19128e-19
DMCovarParam: 5.51067e-19
DMCovarParam: 4.90249e-19
DMCovarParam: 4.3593e-19
DMCovarParam: 3.8744e-19
DMCovarParam: 3.44176e-19
DMCovarParam: 3.05594e-19
DMCovarParam: 2.71204e-19
DMCovarParam: 2.40567e-19
DMCovarParam: 2.13287e-19
DMCovarParam: 1.89008e-19
DMCovarParam: 1.67411e-19
DMCovarParam: 1.48209e-19
DMCovarParam: 1.31146e-19
DMCovarParam: 1.1599e-19
DMCovarParam: 1.02536e-19
DMCovarParam: 9.05984e-20
DMCovarParam: 8.00114e-20
DMCovarParam: 7.06271e-20
DMCovarParam: 6.2313e-20
DMCovarParam: 5.49507e-20
DMCovarParam: 4.84347e-20
DMCovarParam: 4.26705e-20
DMCovarParam: 3.75739e-20
DMCovarParam: 3.30699e-20
DMCovarParam: 2.90916e-20
DMCovarParam: 2.55794e-20
DMCovarParam: 2.24803e-20
DMCovarParam: 1.9747e-20
DMCovarParam: 1.73375e-20
DMCovarParam: 1.52146e-20
DMCovarParam: 1.33452e-20
DMCovarParam: 1.16997e-20
DMCovarParam: 1.02521e-20
DMCovarParam: 8.97923e-21
DMCovarParam: 7.86055e-21
DMCovarParam: 6.87789e-21
DMCovarParam: 6.01514e-21
DMCovarParam: 5.25803e-21
DMCovarParam: 4.59398e-21
DMCovarParam: 4.01184e-21
DMCovarParam: 3.50175e-21
DMCovarParam: 3.05503e-21
DMCovarParam: 2.66399e-21
DMCovarParam: 2.32187e-21
DMCovarParam: 2.0227e-21
DMCovarParam: 1.76122e-21
DMCovarParam: 1.53279e-21
DMCovarParam: 1.33334e-21
DMCovarParam: 1.15927e-21
DMCovarParam: 1.00744e-21
DMCovarParam: 8.75066e-22
DMCovarParam: 7.59714e-22
DMCovarParam: 6.59246e-22
DMCovarParam: 5.71785e-22
DMCovarParam: 4.95685e-22
DMCovarParam: 4.29503e-22
DMCovarParam: 3.71977e-22
DMCovarParam: 3.21998e-22
DMCovarParam: 2.78598e-22
DMCovarParam: 2.4093e-22
DMCovarParam: 2.08253e-22
DMCovarParam: 1.7992e-22
DMCovarParam: 1.55366e-22
DMCovarParam: 1.34098e-22
DMCovarParam: 1.15684e-22
DMCovarParam: 9.97502e-23
DMCovarParam: 8.5969e-23
DMCovarParam: 7.40557e-23
DMCovarParam: 6.37621e-23
DMCovarParam: 5.48725e-23
DMCovarParam: 4.71992e-23
DMCovarParam: 4.05792e-23
DMCovarParam: 3.48706e-23
DMCovarParam: 2.99504e-23
DMCovarParam: 2.5712e-23
DMCovarParam: 2.20625e-23
DMCovarParam: 1.89218e-23
DMCovarParam: 1.62203e-23
DMCovarParam: 1.38977e-23
DMCovarParam: 1.19018e-23
DMCovarParam: 1.01876e-23
DMCovarParam: 8.71607e-24
DMCovarParam: 7.45343e-24
DMCovarParam: 6.37059e-24
DMCovarParam: 5.44241e-24
DMCovarParam: 4.64719e-24
DMCovarParam: 3.96623e-24
DMCovarParam: 3.3834e-24
DMCovarParam: 2.8848e-24
DMCovarParam: 2.45848e-24
DMCovarParam: 2.09414e-24
DMCovarParam: 1.78292e-24
DMCovarParam: 1.51722e-24
DMCovarParam: 1.29048e-24
DMCovarParam: 1.09709e-24
DMCovarParam: 9.32223e-25
DMCovarParam: 7.91747e-25
DMCovarParam: 6.72111e-25
DMCovarParam: 5.70274e-25
DMCovarParam: 4.83631e-25
DMCovarParam: 4.09952e-25
DMCovarParam: 3.47327e-25
DMCovarParam: 2.94126e-25
DMCovarParam: 2.48952e-25
DMCovarParam: 2.10613e-25
DMCovarParam: 1.78092e-25
DMCovarParam: 1.50519e-25
DMCovarParam: 1.27152e-25
DMCovarParam: 1.07361e-25
DMCovarParam: 9.06058e-26
DMCovarParam: 7.64282e-26
DMCovarParam: 6.44376e-26
DMCovarParam: 5.43017e-26
DMCovarParam: 4.57378e-26
DMCovarParam: 3.85057e-26
DMCovarParam: 3.24013e-26
DMCovarParam: 2.72513e-26
DMCovarParam: 2.29087e-26
DMCovarParam: 1.92487e-26
DMCovarParam: 1.61656e-26
DMCovarParam: 1.35697e-26
DMCovarParam: 1.1385e-26
DMCovarParam: 9.54745e-27
DMCovarParam: 8.00255e-27
DMCovarParam: 6.70436e-27
DMCovarParam: 5.61402e-27
DMCovarParam: 4.69872e-27
DMCovarParam: 3.93072e-27
DMCovarParam: 3.28665e-27
DMCovarParam: 2.74677e-27
DMCovarParam: 2.29445e-27
DMCovarParam: 1.91568e-27
DMCovarParam: 1.59866e-27
DMCovarParam: 1.33345e-27
DMCovarParam: 1.11169e-27
DMCovarParam: 9.26362e-28
DMCovarParam: 7.71552e-28
DMCovarParam: 6.42299e-28
DMCovarParam: 5.34438e-28
DMCovarParam: 4.44473e-28
DMCovarParam: 3.69472e-28
DMCovarParam: 3.06977e-28
DMCovarParam: 2.54928e-28
DMCovarParam: 2.11601e-28
DMCovarParam: 1.75552e-28
DMCovarParam: 1.45573e-28
DMCovarParam: 1.20655e-28
DMCovarParam: 9.99533e-29
DMCovarParam: 8.27631e-29
DMCovarParam: 6.84959e-29
DMCovarParam: 5.66604e-29
DMCovarParam: 4.68472e-29
DMCovarParam: 3.87146e-29
DMCovarParam: 3.19782e-29
DMCovarParam: 2.64011e-29
DMCovarParam: 2.1786e-29
DMCovarParam: 1.79688e-29
DMCovarParam: 1.48133e-29
DMCovarParam: 1.22059e-29
DMCovarParam: 1.00526e-29
DMCovarParam: 8.27507e-30
DMCovarParam: 6.80855e-30
DMCovarParam: 5.59919e-30
DMCovarParam: 4.6024e-30
DMCovarParam: 3.78121e-30
DMCovarParam: 3.10503e-30
DMCovarParam: 2.54852e-30
DMCovarParam: 2.09073e-30
DMCovarParam: 1.71434e-30
DMCovarParam: 1.40502e-30
DMCovarParam: 1.15095e-30
DMCovarParam: 9.42368e-31
DMCovarParam: 7.71207e-31
DMCovarParam: 6.30825e-31
DMCovarParam: 5.15745e-31
DMCovarParam: 4.21453e-31
DMCovarParam: 3.44232e-31
DMCovarParam: 2.81022e-31
DMCovarParam: 2.29308e-31
DMCovarParam: 1.87019e-31
DMCovarParam: 1.52454e-31
DMCovarParam: 1.24217e-31
DMCovarParam: 1.0116e-31
DMCovarParam: 8.23432e-32
DMCovarParam: 6.69936e-32
DMCovarParam: 5.44787e-32
DMCovarParam: 4.42801e-32
DMCovarParam: 3.59731e-32
DMCovarParam: 2.92102e-32
DMCovarParam: 2.37072e-32
DMCovarParam: 1.92315e-32
DMCovarParam: 1.55932e-32
DMCovarParam: 1.2637e-32
DMCovarParam: 1.02362e-32
DMCovarParam: 8.28754e-33
DMCovarParam: 6.70654e-33
DMCovarParam: 5.4245e-33
DMCovarParam: 4.38539e-33
DMCovarParam: 3.5436e-33
DMCovarParam: 2.862e-33
DMCovarParam: 2.31037e-33
DMCovarParam: 1.86416e-33
DMCovarParam: 1.50339e-33
DMCovarParam: 1.21185e-33
DMCovarParam: 9.76365e-34
DMCovarParam: 7.86257e-34
DMCovarParam: 6.32856e-34
DMCovarParam: 5.09135e-34
DMCovarParam: 4.09401e-34
DMCovarParam: 3.29044e-34
DMCovarParam: 2.64329e-34
DMCovarParam: 2.12239e-34
DMCovarParam: 1.70331e-34
DMCovarParam: 1.36631e-34
DMCovarParam: 1.09545e-34
DMCovarParam: 8.77859e-35
DMCovarParam: 7.03144e-35
DMCovarParam: 5.62927e-35
DMCovarParam: 4.50451e-35
DMCovarParam: 3.60273e-35
DMCovarParam: 2.88007e-35
DMCovarParam: 2.30124e-35
DMCovarParam: 1.83785e-35
DMCovarParam: 1.46705e-35
DMCovarParam: 1.17049e-35
DMCovarParam: 9.33425e-36
DMCovarParam: 7.44009e-36
DMCovarParam: 5.92742e-36
DMCovarParam: 4.71998e-36
DMCovarParam: 3.75667e-36
DMCovarParam: 2.98851e-36
DMCovarParam: 2.37626e-36
DMCovarParam: 1.88851e-36
DMCovarParam: 1.50015e-36
DMCovarParam: 1.19107e-36
DMCovarParam: 9.45209e-37
DMCovarParam: 7.49733e-37
DMCovarParam: 5.94392e-37
DMCovarParam: 4.71007e-37
DMCovarParam: 3.73052e-37
DMCovarParam: 2.95325e-37
DMCovarParam: 2.33678e-37
DMCovarParam: 1.8481e-37
DMCovarParam: 1.46089e-37
DMCovarParam: 1.15425e-37
DMCovarParam: 9.1153e-38
DMCovarParam: 7.19497e-38
DMCovarParam: 5.67642e-38
DMCovarParam: 4.47619e-38
DMCovarParam: 3.52801e-38
DMCovarParam: 2.77933e-38
DMCovarParam: 2.18846e-38
DMCovarParam: 1.72236e-38
DMCovarParam: 1.35487e-38
DMCovarParam: 1.06527e-38
DMCovarParam: 8.37159e-39
DMCovarParam: 6.57575e-39
DMCovarParam: 5.16263e-39
DMCovarParam: 4.0512e-39
DMCovarParam: 3.1775e-39
DMCovarParam: 2.491e-39
DMCovarParam: 1.95187e-39
DMCovarParam: 1.52868e-39
DMCovarParam: 1.19666e-39
DMCovarParam: 9.3629e-40
DMCovarParam: 7.32216e-40
DMCovarParam: 5.72343e-40
DMCovarParam: 4.47158e-40
DMCovarParam: 3.49183e-40
DMCovarParam: 2.72542e-40
DMCovarParam: 2.12619e-40
DMCovarParam: 1.6579e-40
DMCovarParam: 1.29212e-40
DMCovarParam: 1.00655e-40
DMCovarParam: 7.83712e-41
DMCovarParam: 6.09909e-41
DMCovarParam: 4.74418e-41
DMCovarParam: 3.68846e-41
DMCovarParam: 2.86627e-41
DMCovarParam: 2.22627e-41
DMCovarParam: 1.72832e-41
DMCovarParam: 1.3411e-41
DMCovarParam: 1.04012e-41
DMCovarParam: 8.06301e-42
DMCovarParam: 6.24736e-42
DMCovarParam: 4.83821e-42
DMCovarParam: 3.74507e-42
DMCovarParam: 2.8975e-42
DMCovarParam: 2.24066e-42
DMCovarParam: 1.73187e-42
DMCovarParam: 1.33796e-42
DMCovarParam: 1.03314e-42
DMCovarParam: 7.97372e-43
DMCovarParam: 6.15109e-43
DMCovarParam: 4.74276e-43
DMCovarParam: 3.65509e-43
DMCovarParam: 2.81549e-43
DMCovarParam: 2.16769e-43
DMCovarParam: 1.66812e-43
DMCovarParam: 1.28306e-43
DMCovarParam: 9.864e-44
DMCovarParam: 7.57963e-44
DMCovarParam: 5.82144e-44
DMCovarParam: 4.46891e-44
DMCovarParam: 3.42894e-44
DMCovarParam: 2.6297e-44
DMCovarParam: 2.01577e-44
DMCovarParam: 1.54441e-44
DMCovarParam: 1.1827e-44
DMCovarParam: 9.05258e-45
DMCovarParam: 6.92562e-45
DMCovarParam: 5.29581e-45
DMCovarParam: 4.04757e-45
DMCovarParam: 3.09204e-45
DMCovarParam: 2.36093e-45
DMCovarParam: 1.80181e-45
DMCovarParam: 1.37443e-45
DMCovarParam: 1.04791e-45
DMCovarParam: 7.98573e-46
DMCovarParam: 6.08264e-46
DMCovarParam: 4.63082e-46
DMCovarParam: 3.5238e-46
DMCovarParam: 2.68011e-46
DMCovarParam: 2.03743e-46
DMCovarParam: 1.5481e-46
DMCovarParam: 1.17572e-46
DMCovarParam: 8.92481e-47
DMCovarParam: 6.77143e-47
DMCovarParam: 5.13511e-47
DMCovarParam: 3.8923e-47
DMCovarParam: 2.94884e-47
DMCovarParam: 2.23298e-47
DMCovarParam: 1.69007e-47
DMCovarParam: 1.27854e-47
DMCovarParam: 9.66744e-48
DMCovarParam: 7.30628e-48
DMCovarParam: 5.51911e-48
DMCovarParam: 4.16706e-48
DMCovarParam: 3.1447e-48
DMCovarParam: 2.372e-48
DMCovarParam: 1.7883e-48
DMCovarParam: 1.34757e-48
DMCovarParam: 1.01497e-48
DMCovarParam: 7.64084e-49
DMCovarParam: 5.74933e-49
DMCovarParam: 4.32396e-49
DMCovarParam: 3.25038e-49
DMCovarParam: 2.44216e-49
DMCovarParam: 1.83401e-49
DMCovarParam: 1.37663e-49
DMCovarParam: 1.03281e-49
DMCovarParam: 7.74486e-50
DMCovarParam: 5.80488e-50
DMCovarParam: 4.34872e-50
DMCovarParam: 3.25624e-50
DMCovarParam: 2.43703e-50
DMCovarParam: 1.82302e-50
DMCovarParam: 1.36305e-50
DMCovarParam: 1.01864e-50
DMCovarParam: 7.60878e-51
DMCovarParam: 5.68065e-51
DMCovarParam: 4.23906e-51
DMCovarParam: 3.16176e-51
DMCovarParam: 2.35709e-51
DMCovarParam: 1.75635e-51
DMCovarParam: 1.30808e-51
DMCovarParam: 9.73745e-52
DMCovarParam: 7.2451e-52
DMCovarParam: 5.38804e-52
DMCovarParam: 4.00503e-52
DMCovarParam: 2.97556e-52
DMCovarParam: 2.20963e-52
DMCovarParam: 1.64005e-52
DMCovarParam: 1.2167e-52
DMCovarParam: 9.02193e-53
DMCovarParam: 6.68655e-53
DMCovarParam: 4.95327e-53
DMCovarParam: 3.6675e-53
DMCovarParam: 2.71417e-53
DMCovarParam: 2.00767e-53
DMCovarParam: 1.48434e-53
DMCovarParam: 1.09689e-53
DMCovarParam: 8.10181e-54
DMCovarParam: 5.98119e-54
DMCovarParam: 4.41349e-54
DMCovarParam: 3.2551e-54
DMCovarParam: 2.39957e-54
DMCovarParam: 1.76804e-54
DMCovarParam: 1.30208e-54
DMCovarParam: 9.58453e-55
DMCovarParam: 7.05168e-55
DMCovarParam: 5.18564e-55
DMCovarParam: 3.81153e-55
DMCovarParam: 2.80017e-55
DMCovarParam: 2.05617e-55
DMCovarParam: 1.50911e-55
DMCovarParam: 1.10705e-55
DMCovarParam: 8.1172e-56
DMCovarParam: 5.94883e-56
DMCovarParam: 4.35757e-56
DMCovarParam: 3.1904e-56
DMCovarParam: 2.33472e-56
DMCovarParam: 1.7077e-56
DMCovarParam: 1.24847e-56
DMCovarParam: 9.12283e-57
DMCovarParam: 6.66301e-57
DMCovarParam: 4.86406e-57
DMCovarParam: 3.54908e-57
DMCovarParam: 2.58833e-57
DMCovarParam: 1.88674e-57
DMCovarParam: 1.37465e-57
DMCovarParam: 1.00106e-57
DMCovarParam: 7.28648e-58
DMCovarParam: 5.30105e-58
DMCovarParam: 3.85473e-58
DMCovarParam: 2.80166e-58
DMCovarParam: 2.03527e-58
DMCovarParam: 1.47781e-58
DMCovarParam: 1.07251e-58
DMCovarParam: 7.77992e-59
DMCovarParam: 5.64072e-59
DMCovarParam: 4.08773e-59
DMCovarParam: 2.96086e-59
DMCovarParam: 2.14359e-59
DMCovarParam: 1.55115e-59
DMCovarParam: 1.1219e-59
DMCovarParam: 8.11038e-60
DMCovarParam: 5.86026e-60
DMCovarParam: 4.23233e-60
DMCovarParam: 3.05514e-60
DMCovarParam: 2.2043e-60
DMCovarParam: 1.58964e-60
DMCovarParam: 1.14581e-60
DMCovarParam: 8.25499e-61
DMCovarParam: 5.94439e-61
DMCovarParam: 4.27845e-61
DMCovarParam: 3.07789e-61
DMCovarParam: 2.21314e-61
DMCovarParam: 1.59056e-61
DMCovarParam: 1.14257e-61
DMCovarParam: 8.20353e-62
DMCovarParam: 5.88718e-62
DMCovarParam: 4.22282e-62
DMCovarParam: 3.0275e-62
DMCovarParam: 2.16948e-62
DMCovarParam: 1.55387e-62
DMCovarParam: 1.1124e-62
DMCovarParam: 7.95966e-63
DMCovarParam: 5.69268e-63
DMCovarParam: 4.06937e-63
DMCovarParam: 2.90754e-63
DMCovarParam: 2.0764e-63
DMCovarParam: 1.48213e-63
DMCovarParam: 1.05742e-63
DMCovarParam: 7.54045e-64
DMCovarParam: 5.37446e-64
DMCovarParam: 3.82878e-64
DMCovarParam: 2.72631e-64
DMCovarParam: 1.94033e-64
DMCovarParam: 1.38028e-64
DMCovarParam: 9.81394e-65
DMCovarParam: 6.97444e-65
DMCovarParam: 4.95407e-65
DMCovarParam: 3.51726e-65
DMCovarParam: 2.49594e-65
DMCovarParam: 1.77032e-65
DMCovarParam: 1.25504e-65
DMCovarParam: 8.89302e-66
DMCovarParam: 6.2984e-66
DMCovarParam: 4.45861e-66
DMCovarParam: 3.15469e-66
DMCovarParam: 2.23101e-66
DMCovarParam: 1.57701e-66
DMCovarParam: 1.11418e-66
DMCovarParam: 7.86799e-67
DMCovarParam: 5.55342e-67
DMCovarParam: 3.91783e-67
DMCovarParam: 2.7626e-67
DMCovarParam: 1.94706e-67
DMCovarParam: 1.3716e-67
DMCovarParam: 9.65747e-68
DMCovarParam: 6.79654e-68
DMCovarParam: 4.78079e-68
DMCovarParam: 3.36124e-68
DMCovarParam: 2.36205e-68
DMCovarParam: 1.65907e-68
DMCovarParam: 1.16474e-68
DMCovarParam: 8.17298e-69
DMCovarParam: 5.73219e-69
DMCovarParam: 4.01836e-69
DMCovarParam: 2.81556e-69
DMCovarParam: 1.97182e-69
DMCovarParam: 1.38026e-69
DMCovarParam: 9.65694e-70
DMCovarParam: 6.75316e-70
DMCovarParam: 4.72023e-70
DMCovarParam: 3.29766e-70
DMCovarParam: 2.3027e-70
DMCovarParam: 1.60715e-70
DMCovarParam: 1.12115e-70
DMCovarParam: 7.81735e-71
DMCovarParam: 5.44807e-71
DMCovarParam: 3.79502e-71
DMCovarParam: 2.64225e-71
DMCovarParam: 1.83874e-71
DMCovarParam: 1.27895e-71
DMCovarParam: 8.89156e-72
DMCovarParam: 6.17858e-72
DMCovarParam: 4.29129e-72
DMCovarParam: 2.97903e-72
DMCovarParam: 2.06704e-72
DMCovarParam: 1.43355e-72
DMCovarParam: 9.93717e-73
DMCovarParam: 6.88495e-73
DMCovarParam: 4.7679e-73
DMCovarParam: 3.30021e-73
DMCovarParam: 2.2832e-73
DMCovarParam: 1.57883e-73
DMCovarParam: 1.09122e-73
DMCovarParam: 7.5384e-74
DMCovarParam: 5.20515e-74
DMCovarParam: 3.59232e-74
DMCovarParam: 2.47802e-74
DMCovarParam: 1.70853e-74
DMCovarParam: 1.17741e-74
DMCovarParam: 8.11004e-75
DMCovarParam: 5.58347e-75
DMCovarParam: 3.84215e-75
DMCovarParam: 2.6426e-75
DMCovarParam: 1.81668e-75
DMCovarParam: 1.24828e-75
DMCovarParam: 8.57299e-76
DMCovarParam: 5.88494e-76
DMCovarParam: 4.03775e-76
DMCovarParam: 2.76901e-76
DMCovarParam: 1.89801e-76
DMCovarParam: 1.30035e-76
DMCovarParam: 8.90447e-77
DMCovarParam: 6.0946e-77
DMCovarParam: 4.16937e-77
DMCovarParam: 2.85091e-77
DMCovarParam: 1.94843e-77
DMCovarParam: 1.33098e-77
DMCovarParam: 9.08761e-78
DMCovarParam: 6.20175e-78
DMCovarParam: 4.23026e-78
DMCovarParam: 2.88408e-78
DMCovarParam: 1.96533e-78
DMCovarParam: 1.33861e-78
DMCovarParam: 9.11292e-79
DMCovarParam: 6.20083e-79
DMCovarParam: 4.21726e-79
DMCovarParam: 2.86681e-79
DMCovarParam: 1.94785e-79
DMCovarParam: 1.32281e-79
DMCovarParam: 8.97906e-80
DMCovarParam: 6.09187e-80
DMCovarParam: 4.13103e-80
DMCovarParam: 2.79998e-80
DMCovarParam: 1.89687e-80
DMCovarParam: 1.28443e-80
DMCovarParam: 8.69301e-81
DMCovarParam: 5.88055e-81
DMCovarParam: 3.97606e-81
DMCovarParam: 2.68706e-81
DMCovarParam: 1.81505e-81
DMCovarParam: 1.22543e-81
DMCovarParam: 8.26943e-82
DMCovarParam: 5.57764e-82
DMCovarParam: 3.76023e-82
DMCovarParam: 2.53376e-82
DMCovarParam: 1.70649e-82
DMCovarParam: 1.14877e-82
DMCovarParam: 7.72941e-83
DMCovarParam: 5.19816e-83
DMCovarParam: 3.49414e-83
DMCovarParam: 2.34757e-83
DMCovarParam: 1.57647e-83
DMCovarParam: 1.05813e-83
DMCovarParam: 7.09878e-84
DMCovarParam: 4.76008e-84
DMCovarParam: 3.19031e-84
DMCovarParam: 2.13717e-84
DMCovarParam: 1.43098e-84
DMCovarParam: 9.57671e-85
DMCovarParam: 6.406e-85
DMCovarParam: 4.28297e-85
DMCovarParam: 2.86214e-85
DMCovarParam: 1.91173e-85
DMCovarParam: 1.27628e-85
DMCovarParam: 8.51643e-86
DMCovarParam: 5.6801e-86
DMCovarParam: 3.78653e-86
DMCovarParam: 2.52299e-86
DMCovarParam: 1.68026e-86
DMCovarParam: 1.11848e-86
DMCovarParam: 7.44157e-87
DMCovarParam: 4.94869e-87
DMCovarParam: 3.2893e-87
DMCovarParam: 2.18527e-87
DMCovarParam: 1.45109e-87
DMCovarParam: 9.63103e-88
DMCovarParam: 6.38907e-88
DMCovarParam: 4.23634e-88
DMCovarParam: 2.80758e-88
DMCovarParam: 1.85978e-88
DMCovarParam: 1.23134e-88
DMCovarParam: 8.14862e-89
DMCovarParam: 5.38985e-89
DMCovarParam: 3.56335e-89
DMCovarParam: 2.35465e-89
DMCovarParam: 1.55519e-89
DMCovarParam: 1.02666e-89
DMCovarParam: 6.77425e-90
DMCovarParam: 4.46768e-90
DMCovarParam: 2.94504e-90
DMCovarParam: 1.94038e-90
DMCovarParam: 1.27783e-90
DMCovarParam: 8.41093e-91
DMCovarParam: 5.53356e-91
DMCovarParam: 3.63875e-91
DMCovarParam: 2.3916e-91
DMCovarParam: 1.57113e-91
DMCovarParam: 1.03163e-91
DMCovarParam: 6.77058e-92
DMCovarParam: 4.44134e-92
DMCovarParam: 2.91199e-92
DMCovarParam: 1.90833e-92
DMCovarParam: 1.24999e-92
DMCovarParam: 8.18362e-93
DMCovarParam: 5.35517e-93
DMCovarParam: 3.50258e-93
DMCovarParam: 2.28977e-93
DMCovarParam: 1.49618e-93
DMCovarParam: 9.77155e-94
DMCovarParam: 6.37868e-94
DMCovarParam: 4.16185e-94
DMCovarParam: 2.71412e-94
DMCovarParam: 1.76913e-94
DMCovarParam: 1.1526e-94
DMCovarParam: 7.50563e-95
DMCovarParam: 4.8852e-95
DMCovarParam: 3.17809e-95
DMCovarParam: 2.06651e-95
DMCovarParam: 1.34306e-95
DMCovarParam: 8.72454e-96
DMCovarParam: 5.6647e-96
DMCovarParam: 3.67621e-96
DMCovarParam: 2.38457e-96
DMCovarParam: 1.546e-96
DMCovarParam: 1.00183e-96
DMCovarParam: 6.48889e-97
DMCovarParam: 4.20081e-97
DMCovarParam: 2.71821e-97
DMCovarParam: 1.75801e-97
DMCovarParam: 1.13644e-97
DMCovarParam: 7.34281e-98
DMCovarParam: 4.74203e-98
DMCovarParam: 3.06094e-98
DMCovarParam: 1.97484e-98
DMCovarParam: 1.2735e-98
DMCovarParam: 8.20829e-99
DMCovarParam: 5.28804e-99
DMCovarParam: 3.40506e-99
DMCovarParam: 2.1915e-99
DMCovarParam: 1.40977e-99
DMCovarParam: 9.06445e-100
DMCovarParam: 5.82537e-100
DMCovarParam: 3.74191e-100
DMCovarParam: 2.40243e-100
DMCovarParam: 1.54169e-100
DMCovarParam: 9.88847e-101
DMCovarParam: 6.33943e-101
DMCovarParam: 4.06219e-101
DMCovarParam: 2.6017e-101
DMCovarParam: 1.66549e-101
DMCovarParam: 1.06565e-101
DMCovarParam: 6.81516e-102
DMCovarParam: 4.35637e-102
DMCovarParam: 2.78331e-102
DMCovarParam: 1.77741e-102
DMCovarParam: 1.13449e-102
DMCovarParam: 7.2377e-103
DMCovarParam: 4.61519e-103
DMCovarParam: 2.94148e-103
DMCovarParam: 1.87383e-103
DMCovarParam: 1.19312e-103
DMCovarParam: 7.59317e-104
DMCovarParam: 4.83005e-104
DMCovarParam: 3.07092e-104
DMCovarParam: 1.95152e-104
DMCovarParam: 1.23955e-104
DMCovarParam: 7.86946e-105
DMCovarParam: 4.99359e-105
DMCovarParam: 3.16715e-105
DMCovarParam: 2.00777e-105
DMCovarParam: 1.27217e-105
DMCovarParam: 8.05684e-106
DMCovarParam: 5.10003e-106
DMCovarParam: 3.22677e-106
DMCovarParam: 2.04057e-106
DMCovarParam: 1.2898e-106
DMCovarParam: 8.14861e-107
DMCovarParam: 5.14554e-107
DMCovarParam: 3.24763e-107
DMCovarParam: 2.04875e-107
DMCovarParam: 1.29182e-107
DMCovarParam: 8.14142e-108
DMCovarParam: 5.12847e-108
DMCovarParam: 3.22896e-108
DMCovarParam: 2.03201e-108
DMCovarParam: 1.27814e-108
DMCovarParam: 8.03556e-109
DMCovarParam: 5.04944e-109
DMCovarParam: 3.17145e-109
DMCovarParam: 1.99095e-109
DMCovarParam: 1.24926e-109
DMCovarParam: 7.83484e-110
DMCovarParam: 4.9113e-110
DMCovarParam: 3.07717e-110
DMCovarParam: 1.92705e-110
DMCovarParam: 1.20621e-110
DMCovarParam: 7.54645e-111
DMCovarParam: 4.71899e-111
DMCovarParam: 2.94947e-111
DMCovarParam: 1.84258e-111
DMCovarParam: 1.15053e-111
DMCovarParam: 7.18049e-112
DMCovarParam: 4.4792e-112
DMCovarParam: 2.79276e-112
DMCovarParam: 1.74043e-112
DMCovarParam: 1.08409e-112
DMCovarParam: 6.74938e-113
DMCovarParam: 4.20001e-113
DMCovarParam: 2.6123e-113
DMCovarParam: 1.624e-113
DMCovarParam: 1.0091e-113
DMCovarParam: 6.26718e-114
DMCovarParam: 3.89043e-114
DMCovarParam: 2.41386e-114
DMCovarParam: 1.49697e-114
DMCovarParam: 9.27902e-115
DMCovarParam: 5.74883e-115
DMCovarParam: 3.55996e-115
DMCovarParam: 2.20342e-115
DMCovarParam: 1.36314e-115
DMCovarParam: 8.42884e-116
DMCovarParam: 5.20937e-116
DMCovarParam: 3.21803e-116
DMCovarParam: 1.98693e-116
DMCovarParam: 1.22621e-116
DMCovarParam: 7.56367e-117
DMCovarParam: 4.66325e-117
DMCovarParam: 2.87365e-117
DMCovarParam: 1.76997e-117
DMCovarParam: 1.08965e-117
DMCovarParam: 6.70495e-118
DMCovarParam: 4.12374e-118
DMCovarParam: 2.53499e-118
DMCovarParam: 1.55757e-118
DMCovarParam: 9.56552e-119
DMCovarParam: 5.8716e-119
DMCovarParam: 3.60241e-119
DMCovarParam: 2.20911e-119
DMCovarParam: 1.35403e-119
DMCovarParam: 8.29524e-120
DMCovarParam: 5.07945e-120
DMCovarParam: 3.1088e-120
DMCovarParam: 1.90176e-120
DMCovarParam: 1.16281e-120
DMCovarParam: 7.10637e-121
DMCovarParam: 4.34085e-121
DMCovarParam: 2.65027e-121
DMCovarParam: 1.61731e-121
DMCovarParam: 9.86474e-122
DMCovarParam: 6.01402e-122
DMCovarParam: 3.66465e-122
DMCovarParam: 2.23197e-122
DMCovarParam: 1.35872e-122
DMCovarParam: 8.26727e-123
DMCovarParam: 5.02784e-123
DMCovarParam: 3.05624e-123
DMCovarParam: 1.85688e-123
DMCovarParam: 1.12763e-123
DMCovarParam: 6.84442e-124
DMCovarParam: 4.15237e-124
DMCovarParam: 2.51792e-124
DMCovarParam: 1.52608e-124
DMCovarParam: 9.24484e-125
DMCovarParam: 5.59771e-125
DMCovarParam: 3.38773e-125
DMCovarParam: 2.04925e-125
DMCovarParam: 1.23899e-125
DMCovarParam: 7.48741e-126
DMCovarParam: 4.52254e-126
DMCovarParam: 2.73036e-126
DMCovarParam: 1.64758e-126
DMCovarParam: 9.93712e-127
DMCovarParam: 5.99049e-127
DMCovarParam: 3.60955e-127
DMCovarParam: 2.17385e-127
DMCovarParam: 1.30857e-127
DMCovarParam: 7.87318e-128
DMCovarParam: 4.73469e-128
DMCovarParam: 2.84591e-128
DMCovarParam: 1.70978e-128
DMCovarParam: 1.0267e-128
DMCovarParam: 6.16224e-129
DMCovarParam: 3.69675e-129
DMCovarParam: 2.21661e-129
DMCovarParam: 1.32845e-129
DMCovarParam: 7.95778e-130
DMCovarParam: 4.76458e-130
DMCovarParam: 2.85132e-130
DMCovarParam: 1.70551e-130
DMCovarParam: 1.01965e-130
DMCovarParam: 6.09309e-131
DMCovarParam: 3.63924e-131
DMCovarParam: 2.17256e-131
DMCovarParam: 1.29634e-131
DMCovarParam: 7.73137e-132
DMCovarParam: 4.60873e-132
DMCovarParam: 2.74596e-132
DMCovarParam: 1.63529e-132
DMCovarParam: 9.73382e-133
DMCovarParam: 5.79108e-133
DMCovarParam: 3.44369e-133
DMCovarParam: 2.0468e-133
DMCovarParam: 1.21595e-133
DMCovarParam: 7.22013e-134
DMCovarParam: 4.2851e-134
DMCovarParam: 2.54194e-134
DMCovarParam: 1.50715e-134
DMCovarParam: 8.93177e-135
DMCovarParam: 5.2906e-135
DMCovarParam: 3.13228e-135
DMCovarParam: 1.85355e-135
DMCovarParam: 1.09632e-135
DMCovarParam: 6.48122e-136
DMCovarParam: 3.8297e-136
DMCovarParam: 2.26183e-136
DMCovarParam: 1.33519e-136
DMCovarParam: 7.87798e-137
DMCovarParam: 4.64595e-137
DMCovarParam: 2.73856e-137
DMCovarParam: 1.61346e-137
DMCovarParam: 9.50124e-138
DMCovarParam: 5.59231e-138
DMCovarParam: 3.28996e-138
DMCovarParam: 1.93454e-138
DMCovarParam: 1.13698e-138
DMCovarParam: 6.67906e-139
DMCovarParam: 3.92163e-139
DMCovarParam: 2.30147e-139
DMCovarParam: 1.35e-139
DMCovarParam: 7.91493e-140
DMCovarParam: 4.6382e-140
DMCovarParam: 2.71669e-140
DMCovarParam: 1.59045e-140
DMCovarParam: 9.30648e-141
DMCovarParam: 5.44302e-141
DMCovarParam: 3.18187e-141
DMCovarParam: 1.85914e-141
DMCovarParam: 1.08575e-141
DMCovarParam: 6.33778e-142
DMCovarParam: 3.6977e-142
DMCovarParam: 2.15632e-142
DMCovarParam: 1.25685e-142
DMCovarParam: 7.3222e-143
DMCovarParam: 4.26371e-143
DMCovarParam: 2.48154e-143
DMCovarParam: 1.44359e-143
DMCovarParam: 8.39368e-144
DMCovarParam: 4.8781e-144
DMCovarParam: 2.83358e-144
DMCovarParam: 1.64517e-144
DMCovarParam: 9.54709e-145
DMCovarParam: 5.53759e-145
DMCovarParam: 3.21039e-145
DMCovarParam: 1.8603e-145
DMCovarParam: 1.07745e-145
DMCovarParam: 6.23732e-146
DMCovarParam: 3.609e-146
DMCovarParam: 2.0872e-146
DMCovarParam: 1.20651e-146
DMCovarParam: 6.97079e-147
DMCovarParam: 4.02553e-147
DMCovarParam: 2.32355e-147
DMCovarParam: 1.34051e-147
DMCovarParam: 7.7299e-148
DMCovarParam: 4.45519e-148
DMCovarParam: 2.56653e-148
DMCovarParam: 1.4778e-148
DMCovarParam: 8.50496e-149
DMCovarParam: 4.89234e-149
DMCovarParam: 2.81287e-149
DMCovarParam: 1.61648e-149
DMCovarParam: 9.28491e-150
DMCovarParam: 5.33057e-150
DMCovarParam: 3.05885e-150
DMCovarParam: 1.75441e-150
DMCovarParam: 1.00575e-150
DMCovarParam: 5.76286e-151
DMCovarParam: 3.30046e-151
DMCovarParam: 1.88929e-151
DMCovarParam: 1.08096e-151
DMCovarParam: 6.18173e-152
DMCovarParam: 3.53344e-152
DMCovarParam: 2.01871e-152
DMCovarParam: 1.15275e-152
DMCovarParam: 6.57943e-153
DMCovarParam: 3.75343e-153
DMCovarParam: 2.14021e-153
DMCovarParam: 1.21975e-153
DMCovarParam: 6.94823e-154
DMCovarParam: 3.95608e-154
DMCovarParam: 2.25136e-154
DMCovarParam: 1.28059e-154
DMCovarParam: 7.28059e-155
DMCovarParam: 4.13723e-155
DMCovarParam: 2.34985e-155
DMCovarParam: 1.33401e-155
DMCovarParam: 7.56949e-156
DMCovarParam: 4.29301e-156
DMCovarParam: 2.43357e-156
DMCovarParam: 1.37884e-156
DMCovarParam: 7.80861e-157
DMCovarParam: 4.41998e-157
DMCovarParam: 2.50066e-157
DMCovarParam: 1.41409e-157
DMCovarParam: 7.99259e-158
DMCovarParam: 4.51529e-158
DMCovarParam: 2.5496e-158
DMCovarParam: 1.43895e-158
DMCovarParam: 8.11724e-159
DMCovarParam: 4.57676e-159
DMCovarParam: 2.57927e-159
DMCovarParam: 1.45286e-159
DMCovarParam: 8.17968e-160
DMCovarParam: 4.60297e-160
DMCovarParam: 2.58898e-160
DMCovarParam: 1.45548e-160
DMCovarParam: 8.17846e-161
DMCovarParam: 4.59331e-161
DMCovarParam: 2.5785e-161
DMCovarParam: 1.44676e-161
DMCovarParam: 8.11361e-162
DMCovarParam: 4.54799e-162
DMCovarParam: 2.54808e-162
DMCovarParam: 1.4269e-162
DMCovarParam: 7.98663e-163
DMCovarParam: 4.46808e-163
DMCovarParam: 2.49842e-163
DMCovarParam: 1.39636e-163
DMCovarParam: 7.80045e-164
DMCovarParam: 4.35541e-164
DMCovarParam: 2.43067e-164
DMCovarParam: 1.35585e-164
DMCovarParam: 7.55933e-165
DMCovarParam: 4.21254e-165
DMCovarParam: 2.34635e-165
DMCovarParam: 1.30626e-165
DMCovarParam: 7.26865e-166
DMCovarParam: 4.04265e-166
DMCovarParam: 2.24733e-166
DMCovarParam: 1.24869e-166
DMCovarParam: 6.93476e-167
DMCovarParam: 3.84942e-167
DMCovarParam: 2.13574e-167
DMCovarParam: 1.18437e-167
DMCovarParam: 6.56472e-168
DMCovarParam: 3.63691e-168
DMCovarParam: 2.01389e-168
DMCovarParam: 1.11462e-168
DMCovarParam: 6.16606e-169
DMCovarParam: 3.40938e-169
DMCovarParam: 1.88422e-169
DMCovarParam: 1.04082e-169
DMCovarParam: 5.74654e-170
DMCovarParam: 3.17122e-170
DMCovarParam: 1.74918e-170
DMCovarParam: 9.64338e-171
DMCovarParam: 5.31389e-171
DMCovarParam: 2.92674e-171
DMCovarParam: 1.61118e-171
DMCovarParam: 8.86524e-172
DMCovarParam: 4.87557e-172
DMCovarParam: 2.68009e-172
DMCovarParam: 1.47251e-172
DMCovarParam: 8.08646e-173
DMCovarParam: 4.4386e-173
DMCovarParam: 2.43512e-173
DMCovarParam: 1.33531e-173
DMCovarParam: 7.3187e-174
DMCovarParam: 4.00934e-174
DMCovarParam: 2.19533e-174
DMCovarParam: 1.20147e-174
DMCovarParam: 6.57229e-175
DMCovarParam: 3.59341e-175
DMCovarParam: 1.96375e-175
DMCovarParam: 1.07263e-175
DMCovarParam: 5.85607e-176
DMCovarParam: 3.19557e-176
DMCovarParam: 1.74292e-176
DMCovarParam: 9.50159e-177
DMCovarParam: 5.17729e-177
DMCovarParam: 2.81966e-177
DMCovarParam: 1.53489e-177
DMCovarParam: 8.35119e-178
DMCovarParam: 4.54157e-178
DMCovarParam: 2.46861e-178
DMCovarParam: 1.34118e-178
DMCovarParam: 7.28295e-179
DMCovarParam: 3.95291e-179
DMCovarParam: 2.14444e-179
DMCovarParam: 1.16279e-179
DMCovarParam: 6.30193e-180
DMCovarParam: 3.41377e-180
DMCovarParam: 1.84835e-180
DMCovarParam: 1.00028e-180
DMCovarParam: 5.41061e-181
DMCovarParam: 2.92523e-181
DMCovarParam: 1.58074e-181
DMCovarParam: 8.53787e-182
DMCovarParam: 4.60921e-182
DMCovarParam: 2.48709e-182
DMCovarParam: 1.34136e-182
DMCovarParam: 7.23078e-183
DMCovarParam: 3.89596e-183
DMCovarParam: 2.09812e-183
DMCovarParam: 1.12937e-183
DMCovarParam: 6.07614e-184
DMCovarParam: 3.26745e-184
DMCovarParam: 1.75621e-184
DMCovarParam: 9.43481e-185
DMCovarParam: 5.06614e-185
DMCovarParam: 2.719e-185
DMCovarParam: 1.45858e-185
DMCovarParam: 7.82056e-186
DMCovarParam: 4.19116e-186
DMCovarParam: 2.24501e-186
DMCovarParam: 1.20196e-186
DMCovarParam: 6.43206e-187
DMCovarParam: 3.44031e-187
DMCovarParam: 1.83922e-187
DMCovarParam: 9.82783e-188
DMCovarParam: 5.24891e-188
DMCovarParam: 2.802e-188
DMCovarParam: 1.49505e-188
DMCovarParam: 7.97319e-189
DMCovarParam: 4.25006e-189
DMCovarParam: 2.26437e-189
DMCovarParam: 1.20583e-189
DMCovarParam: 6.4182e-190
DMCovarParam: 3.41451e-190
DMCovarParam: 1.81565e-190
DMCovarParam: 9.6499e-191
DMCovarParam: 5.12628e-191
DMCovarParam: 2.72188e-191
DMCovarParam: 1.44452e-191
DMCovarParam: 7.66243e-192
DMCovarParam: 4.06254e-192
DMCovarParam: 2.15286e-192
DMCovarParam: 1.14031e-192
DMCovarParam: 6.03695e-193
DMCovarParam: 3.19448e-193
DMCovarParam: 1.68955e-193
DMCovarParam: 8.9316e-194
DMCovarParam: 4.71928e-194
DMCovarParam: 2.49236e-194
DMCovarParam: 1.31563e-194
DMCovarParam: 6.94133e-195
DMCovarParam: 3.6605e-195
DMCovarParam: 1.92942e-195
DMCovarParam: 1.01649e-195
DMCovarParam: 5.35258e-196
DMCovarParam: 2.81717e-196
DMCovarParam: 1.48201e-196
DMCovarParam: 7.7925e-197
DMCovarParam: 4.09534e-197
DMCovarParam: 2.15126e-197
DMCovarParam: 1.12949e-197
DMCovarParam: 5.92733e-198
DMCovarParam: 3.10903e-198
DMCovarParam: 1.62997e-198
DMCovarParam: 8.54122e-199
DMCovarParam: 4.47352e-199
DMCovarParam: 2.34189e-199
DMCovarParam: 1.22538e-199
DMCovarParam: 6.40863e-200
DMCovarParam: 3.35001e-200
DMCovarParam: 1.75031e-200
DMCovarParam: 9.14055e-201
DMCovarParam: 4.77109e-201
DMCovarParam: 2.48915e-201
DMCovarParam: 1.29799e-201
DMCovarParam: 6.76519e-202
DMCovarParam: 3.52433e-202
DMCovarParam: 1.83511e-202
DMCovarParam: 9.55067e-203
DMCovarParam: 4.96815e-203
DMCovarParam: 2.58311e-203
DMCovarParam: 1.34239e-203
DMCovarParam: 6.97275e-204
DMCovarParam: 3.62006e-204
DMCovarParam: 1.87852e-204
DMCovarParam: 9.74327e-205
DMCovarParam: 5.05104e-205
DMCovarParam: 2.61725e-205
DMCovarParam: 1.35549e-205
DMCovarParam: 7.01676e-206
DMCovarParam: 3.63049e-206
DMCovarParam: 1.8775e-206
DMCovarParam: 9.70475e-207
DMCovarParam: 5.01391e-207
DMCovarParam: 2.58914e-207
DMCovarParam: 1.33636e-207
DMCovarParam: 6.89413e-208
DMCovarParam: 3.55486e-208
DMCovarParam: 1.83212e-208
DMCovarParam: 9.43786e-209
DMCovarParam: 4.85938e-209
DMCovarParam: 2.50078e-209
DMCovarParam: 1.28635e-209
DMCovarParam: 6.61349e-210
DMCovarParam: 3.39852e-210
DMCovarParam: 1.74557e-210
DMCovarParam: 8.96132e-211
DMCovarParam: 4.59827e-211
DMCovarParam: 2.35834e-211
DMCovarParam: 1.20894e-211
DMCovarParam: 6.19429e-212
DMCovarParam: 3.17224e-212
DMCovarParam: 1.62379e-212
DMCovarParam: 8.30767e-213
DMCovarParam: 4.24833e-213
DMCovarParam: 2.17142e-213
DMCovarParam: 1.10932e-213
DMCovarParam: 5.66449e-214
DMCovarParam: 2.89102e-214
DMCovarParam: 1.47479e-214
DMCovarParam: 7.51962e-215
DMCovarParam: 3.83222e-215
DMCovarParam: 1.95205e-215
DMCovarParam: 9.93853e-216
DMCovarParam: 5.05755e-216
DMCovarParam: 2.57244e-216
DMCovarParam: 1.3078e-216
DMCovarParam: 6.64541e-217
DMCovarParam: 3.37514e-217
DMCovarParam: 1.71336e-217
DMCovarParam: 8.6935e-218
DMCovarParam: 4.40888e-218
DMCovarParam: 2.23486e-218
DMCovarParam: 1.13229e-218
DMCovarParam: 5.73398e-219
DMCovarParam: 2.9023e-219
DMCovarParam: 1.4683e-219
DMCovarParam: 7.42465e-220
DMCovarParam: 3.75254e-220
DMCovarParam: 1.89567e-220
DMCovarParam: 9.57167e-221
DMCovarParam: 4.83059e-221
DMCovarParam: 2.4367e-221
DMCovarParam: 1.22854e-221
DMCovarParam: 6.19109e-222
DMCovarParam: 3.1184e-222
DMCovarParam: 1.56995e-222
DMCovarParam: 7.89996e-223
DMCovarParam: 3.97332e-223
DMCovarParam: 1.99742e-223
DMCovarParam: 1.00363e-223
DMCovarParam: 5.04042e-224
DMCovarParam: 2.53016e-224
DMCovarParam: 1.26945e-224
DMCovarParam: 6.36608e-225
DMCovarParam: 3.19092e-225
DMCovarParam: 1.59863e-225
DMCovarParam: 8.00513e-226
DMCovarParam: 4.0066e-226
DMCovarParam: 2.00434e-226
DMCovarParam: 1.0022e-226
DMCovarParam: 5.00873e-227
DMCovarParam: 2.502e-227
DMCovarParam: 1.24921e-227
DMCovarParam: 6.23406e-228
DMCovarParam: 3.10953e-228
DMCovarParam: 1.55027e-228
DMCovarParam: 7.72513e-229
DMCovarParam: 3.84763e-229
DMCovarParam: 1.91544e-229
DMCovarParam: 9.53085e-230
DMCovarParam: 4.74005e-230
DMCovarParam: 2.35625e-230
DMCovarParam: 1.17071e-230
DMCovarParam: 5.81386e-231
DMCovarParam: 2.88581e-231
DMCovarParam: 1.43172e-231
DMCovarParam: 7.09965e-232
DMCovarParam: 3.51888e-232
DMCovarParam: 1.74325e-232
DMCovarParam: 8.6318e-233
DMCovarParam: 4.27201e-233
DMCovarParam: 2.11325e-233
DMCovarParam: 1.04486e-233
DMCovarParam: 5.16359e-234
DMCovarParam: 2.55055e-234
DMCovarParam: 1.25923e-234
DMCovarParam: 6.21388e-235
DMCovarParam: 3.06485e-235
DMCovarParam: 1.51093e-235
DMCovarParam: 7.44501e-236
DMCovarParam: 3.6667e-236
DMCovarParam: 1.80499e-236
DMCovarParam: 8.88095e-237
DMCovarParam: 4.36751e-237
DMCovarParam: 2.14682e-237
DMCovarParam: 1.05474e-237
DMCovarParam: 5.17944e-238
DMCovarParam: 2.54219e-238
DMCovarParam: 1.24716e-238
DMCovarParam: 6.11538e-239
DMCovarParam: 2.99718e-239
DMCovarParam: 1.46822e-239
DMCovarParam: 7.18879e-240
DMCovarParam: 3.51811e-240
DMCovarParam: 1.72088e-240
DMCovarParam: 8.41356e-241
DMCovarParam: 4.11147e-241
DMCovarParam: 2.00818e-241
DMCovarParam: 9.80382e-242
DMCovarParam: 4.78384e-242
DMCovarParam: 2.33316e-242
DMCovarParam: 1.13737e-242
DMCovarParam: 5.54175e-243
DMCovarParam: 2.69886e-243
DMCovarParam: 1.31371e-243
DMCovarParam: 6.39159e-244
DMCovarParam: 3.10818e-244
DMCovarParam: 1.51074e-244
DMCovarParam: 7.33943e-245
DMCovarParam: 3.56388e-245
DMCovarParam: 1.7297e-245
DMCovarParam: 8.39088e-246
DMCovarParam: 4.06848e-246
DMCovarParam: 1.97171e-246
DMCovarParam: 9.55089e-247
DMCovarParam: 4.62415e-247
DMCovarParam: 2.23773e-247
DMCovarParam: 1.08236e-247
DMCovarParam: 5.23268e-248
DMCovarParam: 2.5285e-248
DMCovarParam: 1.22121e-248
DMCovarParam: 5.89532e-249
DMCovarParam: 2.84453e-249
DMCovarParam: 1.37184e-249
DMCovarParam: 6.61275e-250
DMCovarParam: 3.18603e-250
DMCovarParam: 1.53428e-250
DMCovarParam: 7.38496e-251
DMCovarParam: 3.55287e-251
DMCovarParam: 1.70844e-251
DMCovarParam: 8.21119e-252
DMCovarParam: 3.94458e-252
DMCovarParam: 1.89402e-252
DMCovarParam: 9.08982e-253
DMCovarParam: 4.36028e-253
DMCovarParam: 2.09055e-253
DMCovarParam: 1.00183e-253
DMCovarParam: 4.79865e-254
DMCovarParam: 2.29736e-254
DMCovarParam: 1.09933e-254
DMCovarParam: 5.25793e-255
DMCovarParam: 2.51356e-255
DMCovarParam: 1.20102e-255
DMCovarParam: 5.73591e-256
DMCovarParam: 2.73805e-256
DMCovarParam: 1.30637e-256
DMCovarParam: 6.2299e-257
DMCovarParam: 2.9695e-257
DMCovarParam: 1.41473e-257
DMCovarParam: 6.73677e-258
DMCovarParam: 3.2064e-258
DMCovarParam: 1.52536e-258
DMCovarParam: 7.25293e-259
DMCovarParam: 3.44702e-259
DMCovarParam: 1.63742e-259
DMCovarParam: 7.7744e-260
DMCovarParam: 3.68944e-260
DMCovarParam: 1.75002e-260
DMCovarParam: 8.29683e-261
DMCovarParam: 3.9316e-261
DMCovarParam: 1.86215e-261
DMCovarParam: 8.81553e-262
DMCovarParam: 4.17128e-262
DMCovarParam: 1.97278e-262
DMCovarParam: 9.32559e-263
DMCovarParam: 4.40617e-263
DMCovarParam: 2.08082e-263
DMCovarParam: 9.8219e-264
DMCovarParam: 4.63388e-264
DMCovarParam: 2.18515e-264
DMCovarParam: 1.02993e-264
DMCovarParam: 4.85198e-265
DMCovarParam: 2.28465e-265
DMCovarParam: 1.07525e-265
DMCovarParam: 5.05807e-266
DMCovarParam: 2.37821e-266
DMCovarParam: 1.11764e-266
DMCovarParam: 5.2498e-267
DMCovarParam: 2.46474e-267
DMCovarParam: 1.15661e-267
DMCovarParam: 5.4249e-268
DMCovarParam: 2.54322e-268
DMCovarParam: 1.19169e-268
DMCovarParam: 5.58126e-269
DMCovarParam: 2.61269e-269
DMCovarParam: 1.22245e-269
DMCovarParam: 5.71695e-270
DMCovarParam: 2.6723e-270
DMCovarParam: 1.24851e-270
DMCovarParam: 5.83026e-271
DMCovarParam: 2.72127e-271
DMCovarParam: 1.26953e-271
DMCovarParam: 5.91975e-272
DMCovarParam: 2.75899e-272
DMCovarParam: 1.28525e-272
DMCovarParam: 5.98425e-273
DMCovarParam: 2.78497e-273
DMCovarParam: 1.29545e-273
DMCovarParam: 6.02292e-274
DMCovarParam: 2.79887e-274
DMCovarParam: 1.30001e-274
DMCovarParam: 6.03527e-275
DMCovarParam: 2.8005e-275
DMCovarParam: 1.29886e-275
DMCovarParam: 6.02113e-276
DMCovarParam: 2.78985e-276
DMCovarParam: 1.29203e-276
DMCovarParam: 5.98067e-277
DMCovarParam: 2.76705e-277
DMCovarParam: 1.27959e-277
DMCovarParam: 5.91445e-278
DMCovarParam: 2.7324e-278
DMCovarParam: 1.26172e-278
DMCovarParam: 5.8233e-279
DMCovarParam: 2.68636e-279
DMCovarParam: 1.23864e-279
DMCovarParam: 5.70842e-280
DMCovarParam: 2.62951e-280
DMCovarParam: 1.21066e-280
DMCovarParam: 5.57127e-281
DMCovarParam: 2.56257e-281
DMCovarParam: 1.17811e-281
DMCovarParam: 5.41358e-282
DMCovarParam: 2.48639e-282
DMCovarParam: 1.14142e-282
DMCovarParam: 5.23728e-283
DMCovarParam: 2.4019e-283
DMCovarParam: 1.10101e-283
DMCovarParam: 5.0445e-284
DMCovarParam: 2.31011e-284
DMCovarParam: 1.05739e-284
DMCovarParam: 4.83752e-285
DMCovarParam: 2.21207e-285
DMCovarParam: 1.01103e-285
DMCovarParam: 4.61868e-286
DMCovarParam: 2.10892e-286
DMCovarParam: 9.62473e-287
DMCovarParam: 4.39041e-287
DMCovarParam: 2.00175e-287
DMCovarParam: 9.12228e-288
DMCovarParam: 4.15512e-288
DMCovarParam: 1.8917e-288
DMCovarParam: 8.60814e-289
DMCovarParam: 3.9152e-289
DMCovarParam: 1.77986e-289
DMCovarParam: 8.08737e-290
DMCovarParam: 3.67296e-290
DMCovarParam: 1.66729e-290
DMCovarParam: 7.56478e-291
DMCovarParam: 3.43059e-291
DMCovarParam: 1.555e-291
DMCovarParam: 7.04494e-292
DMCovarParam: 3.19017e-292
DMCovarParam: 1.4439e-292
DMCovarParam: 6.53205e-293
DMCovarParam: 2.95359e-293
DMCovarParam: 1.33487e-293
DMCovarParam: 6.02994e-294
DMCovarParam: 2.72256e-294
DMCovarParam: 1.22865e-294
DMCovarParam: 5.54202e-295
DMCovarParam: 2.4986e-295
DMCovarParam: 1.12593e-295
DMCovarParam: 5.07125e-296
DMCovarParam: 2.283e-296
DMCovarParam: 1.02727e-296
DMCovarParam: 4.62012e-297
DMCovarParam: 2.07687e-297
DMCovarParam: 9.33151e-298
DMCovarParam: 4.19066e-298
DMCovarParam: 1.88106e-298
DMCovarParam: 8.43935e-299
DMCovarParam: 3.78446e-299
DMCovarParam: 1.69624e-299
DMCovarParam: 7.59902e-300
DMCovarParam: 3.40264e-300
DMCovarParam: 1.52287e-300
DMCovarParam: 6.81237e-301
DMCovarParam: 3.04594e-301
DMCovarParam: 1.36123e-301
DMCovarParam: 6.08037e-302
DMCovarParam: 2.71466e-302
DMCovarParam: 1.21141e-302
DMCovarParam: 5.40322e-303
DMCovarParam: 2.40881e-303
DMCovarParam: 1.07335e-303
DMCovarParam: 4.78044e-304
DMCovarParam: 2.12805e-304
DMCovarParam: 9.46856e-305
DMCovarParam: 4.21089e-305
DMCovarParam: 1.87177e-305
DMCovarParam: 8.31606e-306
DMCovarParam: 3.69293e-306
DMCovarParam: 1.63913e-306
DMCovarParam: 7.27182e-307
DMCovarParam: 3.22449e-307
DMCovarParam: 1.42911e-307
DMCovarParam: 6.33082e-308
DMCovarParam: 2.80312e-308
DMCovarParam: 1.24054e-308
DMCovarParam: 5.48742e-309
DMCovarParam: 2.42613e-309
DMCovarParam: 1.07213e-309
DMCovarParam: 4.73552e-310
DMCovarParam: 2.09063e-310
DMCovarParam: 9.22516e-311
DMCovarParam: 4.06873e-311
DMCovarParam: 1.79363e-311
DMCovarParam: 7.90301e-312
DMCovarParam: 3.4805e-312
DMCovarParam: 1.53207e-312
DMCovarParam: 6.74067e-313
DMCovarParam: 2.96426e-313
DMCovarParam: 1.30292e-313
DMCovarParam: 5.72407e-314
DMCovarParam: 2.51351e-314
DMCovarParam: 1.10318e-314
DMCovarParam: 4.83947e-315
DMCovarParam: 2.12197e-315
DMCovarParam: 9.29965e-316
DMCovarParam: 4.07364e-316
DMCovarParam: 1.78356e-316
DMCovarParam: 7.80511e-317
DMCovarParam: 3.41397e-317
DMCovarParam: 1.49254e-317
DMCovarParam: 6.52203e-318
DMCovarParam: 2.84857e-318
DMCovarParam: 1.24354e-318
DMCovarParam: 5.42598e-319
DMCovarParam: 2.36638e-319
DMCovarParam: 1.03151e-319
DMCovarParam: 4.49452e-320
DMCovarParam: 1.95699e-320
DMCovarParam: 8.51769e-321
DMCovarParam: 3.70549e-321
DMCovarParam: 1.61065e-321
DMCovarParam: 7.01573e-322
DMCovarParam: 3.06321e-322
DMCovarParam: 1.33398e-322
DMCovarParam: 5.92879e-323
DMCovarParam: 2.47033e-323
DMCovarParam: 9.88131e-324
DMCovarParam: 4.94066e-324
DMCovarParam: 0
DMCovarParam: 0
DMCovarParam: 0
DMCovarParam: 0
DMCovarParam: 0
DMCovarParam: 0
DMCovarParam: 0
DMCovarParam: 0
DMCovarParam: 0
DMCovarParam: 0
DMCovarParam: 0
DMCovarParam: 0
DMCovarParam: 0
DMCovarParam: 0
DMCovarParam: 0
DMCovarParam: 0
DMCovarParam: 0
DMCovarParam: 0
DMCovarParam: 0
DMCovarParam: 0
DMCovarParam: 0
DMCovarParam: 0
DMCovarParam: 0
DMCovarParam: 0
DMCovarParam: 0
DMCovarParam: 0
DMCovarParam: 0
DMCovarParam: 0
DMCovarParam: 0
DMCovarParam: 0
DMCovarParam: 0
DMCovarParam: 0
DMCovarParam: 0
DMCovarParam: 0
DMCovarParam: 0
DMCovarParam: 0
DMCovarParam: 0
DMCovarParam: 0
DMCovarParam: 0
DMCovarParam: 0
DMCovarParam: 0
DMCovarParam: 0
DMCovarParam: 0
DMCovarParam: 0
DMCovarParam: 0
DMCovarParam: 0
DMCovarParam: 0
DMCovarParam: 0
DMCovarParam: 0
DMCovarParam: 0
DMCovarParam: 0
DMCovarParam: 0
DMCovarParam: 0
DMCovarParam: 0
DMCovarParam: 0
DMCovarParam: 0
DMCovarParam: 0
DMCovarParam: 0
DMCovarParam: 0
DMCovarParam: 0
DMCovarParam: 0
DMCovarParam: 0
DMCovarParam: 0
DMCovarParam: 0
DMCovarParam: 0
DMCovarParam: 0
DMCovarParam: 0
DMCovarParam: 0
DMCovarParam: 0
DMCovarParam: 0
DMCovarParam: 0
DMCovarParam: 0
DMCovarParam: 0
DMCovarParam: 0
DMCovarParam: 0
DMCovarParam: 0
DMCovarParam: 0
DMCovarParam: 0
DMCovarParam: 0
DMCovarParam: 0
DMCovarParam: 0
DMCovarParam: 0
DMCovarParam: 0
DMCovarParam: 0
DMCovarParam: 0
DMCovarParam: 0
DMCovarParam: 0
DMCovarParam: 0
DMCovarParam: 0
DMCovarParam: 0
DMCovarParam: 0
DMCovarParam: 0
DMCovarParam: 0
DMCovarParam: 0
DMCovarParam: 0
DMCovarParam: 0
DMCovarParam: 0
DMCovarParam: 0
DMCovarParam: 0
DMCovarParam: 0
DMCovarParam: 0
DMCovarParam: 0
DMCovarParam: 0
DMCovarParam: 0
DMCovarParam: 0
DMCovarParam: 0
DMCovarParam: 0
DMCovarParam: 0
DMCovarParam: 0
DMCovarParam: 0
DMCovarParam: 0
DMCovarParam: 0
DMCovarParam: 0
DMCovarParam: 0
DMCovarParam: 0
DMCovarParam: 0
DMCovarParam: 0
DMCovarParam: 0
DMCovarParam: 0
DMCovarParam: 0
DMCovarParam: 0
DMCovarParam: 0
DMCovarParam: 0
DMCovarParam: 0
DMCovarParam: 0
DMCovarParam: 0
DMCovarParam: 0
DMCovarParam: 0
DMCovarParam: 0
DMCovarParam: 0
DMCovarParam: 0
DMCovarParam: 0
DMCovarParam: 0
DMCovarParam: 0
DMCovarParam: 0
DMCovarParam: 0
DMCovarParam: 0
DMCovarParam: 0
DMCovarParam: 0
DMCovarParam: 0
DMCovarParam: 0
DMCovarParam: 0
DMCovarParam: 0
DMCovarParam: 0
DMCovarParam: 0
DMCovarParam: 0
DMCovarParam: 0
DMCovarParam: 0
DMCovarParam: 0
DMCovarParam: 0
DMCovarParam: 0
DMCovarParam: 0
DMCovarParam: 0
DMCovarParam: 0
DMCovarParam: 0
DMCovarParam: 0
DMCovarParam: 0
DMCovarParam: 0
DMCovarParam: 0
DMCovarParam: 0
DMCovarParam: 0
DMCovarParam: 0
DMCovarParam: 0
DMCovarParam: 0
DMCovarParam: 0
DMCovarParam: 0
DMCovarParam: 0
DMCovarParam: 0
DMCovarParam: 0
DMCovarParam: 0
DMCovarParam: 0
DMCovarParam: 0
DMCovarParam: 0
DMCovarParam: 0
DMCovarParam: 0
DMCovarParam: 0
DMCovarParam: 0
DMCovarParam: 0
DMCovarParam: 0
DMCovarParam: 0
DMCovarParam: 0
DMCovarParam: 0
DMCovarParam: 0
DMCovarParam: 0
DMCovarParam: 0
DMCovarParam: 0
DMCovarParam: 0
DMCovarParam: 0
DMCovarParam: 0
DMCovarParam: 0
DMCovarParam: 0
DMCovarParam: 0
DMCovarParam: 0
DMCovarParam: 0
DMCovarParam: 0
DMCovarParam: 0
DMCovarParam: 0
DMCovarParam: 0
DMCovarParam: 0
DMCovarParam: 0
DMCovarParam: 0
DMCovarParam: 0
DMCovarParam: 0
DMCovarParam: 0
DMCovarParam: 0
DMCovarParam: 0
DMCovarParam: 0
DMCovarParam: 0
DMCovarParam: 0
DMCovarParam: 0
DMCovarParam: 0
DMCovarParam: 0
DMCovarParam: 0
DMCovarParam: 0
DMCovarParam: 0
DMCovarParam: 0
DMCovarParam: 0
DMCovarParam: 0
DMCovarParam: 0
DMCovarParam: 0
DMCovarParam: 0
DMCovarParam: 0
DMCovarParam: 0
DMCovarParam: 0
DMCovarParam: 0
DMCovarParam: 0
DMCovarParam: 0
DMCovarParam: 0
DMCovarParam: 0
DMCovarParam: 0
DMCovarParam: 0
DMCovarParam: 0
DMCovarParam: 0
DMCovarParam: 0
DMCovarParam: 0
DMCovarParam: 0
DMCovarParam: 0
DMCovarParam: 0
DMCovarParam: 0
DMCovarParam: 0
DMCovarParam: 0
DMCovarParam: 0
DMCovarParam: 0
DMCovarParam: 0
DMCovarParam: 0
DMCovarParam: 0
DMCovarParam: 0
DMCovarParam: 0
DMCovarParam: 0
DMCovarParam: 0
DMCovarParam: 0
DMCovarParam: 0
DMCovarParam: 0
DMCovarParam: 0
DMCovarParam: 0
DMCovarParam: 0
DMCovarParam: 0
DMCovarParam: 0
DMCovarParam: 0
DMCovarParam: 0
DMCovarParam: 0
DMCovarParam: 0
DMCovarParam: 0
DMCovarParam: 0
DMCovarParam: 0
DMCovarParam: 0
DMCovarParam: 0
DMCovarParam: 0
DMCovarParam: 0
DMCovarParam: 0
DMCovarParam: 0
DMCovarParam: 0
DMCovarParam: 0
DMCovarParam: 0
DMCovarParam: 0
DMCovarParam: 0
DMCovarParam: 0
DMCovarParam: 0
DMCovarParam: 0
DMCovarParam: 0
DMCovarParam: 0
DMCovarParam: 0
DMCovarParam: 0
DMCovarParam: 0
DMCovarParam: 0
DMCovarParam: 0
DMCovarParam: 0
DMCovarParam: 0
DMCovarParam: 0
DMCovarParam: 0
DMCovarParam: 0
DMCovarParam: 0
DMCovarParam: 0
DMCovarParam: 0
DMCovarParam: 0
DMCovarParam: 0
DMCovarParam: 0
DMCovarParam: 0
DMCovarParam: 0
DMCovarParam: 0
DMCovarParam: 0
DMCovarParam: 0
DMCovarParam: 0
DMCovarParam: 0
DMCovarParam: 0
DMCovarParam: 0
DMCovarParam: 0
DMCovarParam: 0
DMCovarParam: 0
DMCovarParam: 0
DMCovarParam: 0
DMCovarParam: 0
DMCovarParam: 0
DMCovarParam: 0
DMCovarParam: 0
DMCovarParam: 0
DMCovarParam: 0
DMCovarParam: 0
DMCovarParam: 0
DMCovarParam: 0
DMCovarParam: 0
DMCovarParam: 0
DMCovarParam: 0
DMCovarParam: 0
DMCovarParam: 0
DMCovarParam: 0
DMCovarParam: 0
DMCovarParam: 0
DMCovarParam: 0
DMCovarParam: 0
DMCovarParam: 0
DMCovarParam: 0
DMCovarParam: 0
DMCovarParam: 0
DMCovarParam: 0
DMCovarParam: 0
DMCovarParam: 0
DMCovarParam: 0
DMCovarParam: 0
DMCovarParam: 0
DMCovarParam: 0
DMCovarParam: 0
DMCovarParam: 0
DMCovarParam: 0
DMCovarParam: 0
DMCovarParam: 0
DMCovarParam: 0
DMCovarParam: 0
DMCovarParam: 0
DMCovarParam: 0
DMCovarParam: 0
DMCovarParam: 0
DMCovarParam: 0
DMCovarParam: 0
DMCovarParam: 0
DMCovarParam: 0
DMCovarParam: 0
DMCovarParam: 0
DMCovarParam: 0
DMCovarParam: 0
DMCovarParam: 0
DMCovarParam: 0
DMCovarParam: 0
DMCovarParam: 0
DMCovarParam: 0
DMCovarParam: 0
DMCovarParam: 0
DMCovarParam: 0
DMCovarParam: 0
DMCovarParam: 0
DMCovarParam: 0
DMCovarParam: 0
DMCovarParam: 0
DMCovarParam: 0
DMCovarParam: 0
DMCovarParam: 0
DMCovarParam: 0
DMCovarParam: 0
DMCovarParam: 0
DMCovarParam: 0
DMCovarParam: 0
DMCovarParam: 0
DMCovarParam: 0
DMCovarParam: 0
DMCovarParam: 0
DMCovarParam: 0
DMCovarParam: 0
DMCovarParam: 0
DMCovarParam: 0
DMCovarParam: 0
DMCovarParam: 0
DMCovarParam: 0
DMCovarParam: 0
DMCovarParam: 0
DMCovarParam: 0
DMCovarParam: 0
DMCovarParam: 0
DMCovarParam: 0
DMCovarParam: 0
DMCovarParam: 0
DMCovarParam: 0
DMCovarParam: 0
DMCovarParam: 0
DMCovarParam: 0
DMCovarParam: 0
DMCovarParam: 0
DMCovarParam: 0
DMCovarParam: 0
DMCovarParam: 0
DMCovarParam: 0
DMCovarParam: 0
DMCovarParam: 0
DMCovarParam: 0
DMCovarParam: 0
DMCovarParam: 0
DMCovarParam: 0
DMCovarParam: 0
DMCovarParam: 0
DMCovarParam: 0
DMCovarParam: 0
DMCovarParam: 0
DMCovarParam: 0
DMCovarParam: 0
DMCovarParam: 0
DMCovarParam: 0
DMCovarParam: 0
DMCovarParam: 0
DMCovarParam: 0
DMCovarParam: 0
DMCovarParam: 0
DMCovarParam: 0
DMCovarParam: 0
DMCovarParam: 0
DMCovarParam: 0
DMCovarParam: 0
DMCovarParam: 0
DMCovarParam: 0
DMCovarParam: 0
DMCovarParam: 0
DMCovarParam: 0
DMCovarParam: 0
DMCovarParam: 0
DMCovarParam: 0
DMCovarParam: 0
DMCovarParam: 0
DMCovarParam: 0
DMCovarParam: 0
DMCovarParam: 0
DMCovarParam: 0
DMCovarParam: 0
DMCovarParam: 0
DMCovarParam: 0
DMCovarParam: 0
DMCovarParam: 0
DMCovarParam: 0
DMCovarParam: 0
DMCovarParam: 0
DMCovarParam: 0
DMCovarParam: 0
DMCovarParam: 0
DMCovarParam: 0
DMCovarParam: 0
DMCovarParam: 0
DMCovarParam: 0
DMCovarParam: 0
DMCovarParam: 0
DMCovarParam: 0
DMCovarParam: 0
DMCovarParam: 0
DMCovarParam: 0
DMCovarParam: 0
DMCovarParam: 0
DMCovarParam: 0
DMCovarParam: 0
DMCovarParam: 0
DMCovarParam: 0
DMCovarParam: 0
DMCovarParam: 0
DMCovarParam: 0
DMCovarParam: 0
DMCovarParam: 0
DMCovarParam: 0
DMCovarParam: 0
DMCovarParam: 0
DMCovarParam: 0
DMCovarParam: 0
DMCovarParam: 0
DMCovarParam: 0
DMCovarParam: 0
DMCovarParam: 0
DMCovarParam: 0
DMCovarParam: 0
DMCovarParam: 0
DMCovarParam: 0
DMCovarParam: 0
DMCovarParam: 0
DMCovarParam: 0
DMCovarParam: 0
DMCovarParam: 0
DMCovarParam: 0
DMCovarParam: 0
DMCovarParam: 0
DMCovarParam: 0
DMCovarParam: 0
DMCovarParam: 0
DMCovarParam: 0
DMCovarParam: 0
DMCovarParam: 0
DMCovarParam: 0
DMCovarParam: 0
DMCovarParam: 0
DMCovarParam: 0
DMCovarParam: 0
DMCovarParam: 0
DMCovarParam: 0
DMCovarParam: 0
DMCovarParam: 0
DMCovarParam: 0
DMCovarParam: 0
DMCovarParam: 0
DMCovarParam: 0
DMCovarParam: 0
DMCovarParam: 0
DMCovarParam: 0
DMCovarParam: 0
DMCovarParam: 0
DMCovarParam: 0
DMCovarParam: 0
DMCovarParam: 0
DMCovarParam: 0
DMCovarParam: 0
DMCovarParam: 0
DMCovarParam: 0
DMCovarParam: 0
DMCovarParam: 0
DMCovarParam: 0
DMCovarParam: 0
DMCovarParam: 0
DMCovarParam: 0
DMCovarParam: 0
DMCovarParam: 0
DMCovarParam: 0
DMCovarParam: 0
DMCovarParam: 0
DMCovarParam: 0
DMCovarParam: 0
DMCovarParam: 0
DMCovarParam: 0
DMCovarParam: 0
DMCovarParam: 0
DMCovarParam: 0
DMCovarParam: 0
DMCovarParam: 0
DMCovarParam: 0
DMCovarParam: 0
DMCovarParam: 0
DMCovarParam: 0
DMCovarParam: 0
DMCovarParam: 0
DMCovarParam: 0
DMCovarParam: 0
DMCovarParam: 0
DMCovarParam: 0
DMCovarParam: 0
DMCovarParam: 0
DMCovarParam: 0
DMCovarParam: 0
DMCovarParam: 0
DMCovarParam: 0
DMCovarParam: 0
DMCovarParam: 0
DMCovarParam: 0
DMCovarParam: 0
DMCovarParam: 0
DMCovarParam: 0
DMCovarParam: 0
DMCovarParam: 0
DMCovarParam: 0
DMCovarParam: 0
DMCovarParam: 0
DMCovarParam: 0
DMCovarParam: 0
DMCovarParam: 0
DMCovarParam: 0
DMCovarParam: 0
DMCovarParam: 0
DMCovarParam: 0
DMCovarParam: 0
DMCovarParam: 0
DMCovarParam: 0
DMCovarParam: 0
DMCovarParam: 0
DMCovarParam: 0
DMCovarParam: 0
DMCovarParam: 0
DMCovarParam: 0
DMCovarParam: 0
DMCovarParam: 0
DMCovarParam: 0
DMCovarParam: 0
DMCovarParam: 0
DMCovarParam: 0
DMCovarParam: 0
DMCovarParam: 0
DMCovarParam: 0
DMCovarParam: 0
DMCovarParam: 0
DMCovarParam: 0
DMCovarParam: 0
DMCovarParam: 0
DMCovarParam: 0
DMCovarParam: 0
DMCovarParam: 0
DMCovarParam: 0
DMCovarParam: 0
DMCovarParam: 0
DMCovarParam: 0
DMCovarParam: 0
DMCovarParam: 0
DMCovarParam: 0
DMCovarParam: 0
DMCovarParam: 0
DMCovarParam: 0
DMCovarParam: 0
DMCovarParam: 0
DMCovarParam: 0
DMCovarParam: 0
DMCovarParam: 0
DMCovarParam: 0
DMCovarParam: 0
DMCovarParam: 0
DMCovarParam: 0
DMCovarParam: 0
DMCovarParam: 0
DMCovarParam: 0
DMCovarParam: 0
DMCovarParam: 0
DMCovarParam: 0
DMCovarParam: 0
DMCovarParam: 0
DMCovarParam: 0
DMCovarParam: 0
DMCovarParam: 0
DMCovarParam: 0
DMCovarParam: 0
DMCovarParam: 0
DMCovarParam: 0
DMCovarParam: 0
DMCovarParam: 0
DMCovarParam: 0
DMCovarParam: 0
DMCovarParam: 0
DMCovarParam: 0
DMCovarParam: 0
DMCovarParam: 0
DMCovarParam: 0
DMCovarParam: 0
DMCovarParam: 0
DMCovarParam: 0
DMCovarParam: 0
DMCovarParam: 0
DMCovarParam: 0
DMCovarParam: 0
DMCovarParam: 0
DMCovarParam: 0
DMCovarParam: 0
DMCovarParam: 0
DMCovarParam: 0
DMCovarParam: 0
DMCovarParam: 0
DMCovarParam: 0
DMCovarParam: 0
DMCovarParam: 0
DMCovarParam: 0
DMCovarParam: 0
DMCovarParam: 0
DMCovarParam: 0
DMCovarParam: 0
DMCovarParam: 0
DMCovarParam: 0
DMCovarParam: 0
DMCovarParam: 0
DMCovarParam: 0
DMCovarParam: 0
DMCovarParam: 0
DMCovarParam: 0
DMCovarParam: 0
DMCovarParam: 0
DMCovarParam: 0
DMCovarParam: 0
DMCovarParam: 0
DMCovarParam: 0
DMCovarParam: 0
DMCovarParam: 0
DMCovarParam: 0
DMCovarParam: 0
DMCovarParam: 0
DMCovarParam: 0
DMCovarParam: 0
DMCovarParam: 0
DMCovarParam: 0
DMCovarParam: 0
DMCovarParam: 0
DMCovarParam: 0
DMCovarParam: 0
DMCovarParam: 0
DMCovarParam: 0
DMCovarParam: 0
DMCovarParam: 0
DMCovarParam: 0
DMCovarParam: 0
DMCovarParam: 0
DMCovarParam: 0
DMCovarParam: 0
DMCovarParam: 0
DMCovarParam: 0
DMCovarParam: 0
DMCovarParam: 0
DMCovarParam: 0
DMCovarParam: 0
DMCovarParam: 0
DMCovarParam: 0
DMCovarParam: 0
DMCovarParam: 0
DMCovarParam: 0
DMCovarParam: 0
DMCovarParam: 0
DMCovarParam: 0
DMCovarParam: 0
DMCovarParam: 0
DMCovarParam: 0
DMCovarParam: 0
DMCovarParam: 0
DMCovarParam: 0
DMCovarParam: 0
DMCovarParam: 0
DMCovarParam: 0
DMCovarParam: 0
DMCovarParam: 0
DMCovarParam: 0
DMCovarParam: 0
DMCovarParam: 0
DMCovarParam: 0
DMCovarParam: 0
DMCovarParam: 0
DMCovarParam: 0
DMCovarParam: 0
DMCovarParam: 0
DMCovarParam: 0
DMCovarParam: 0
DMCovarParam: 0
DMCovarParam: 0
DMCovarParam: 0
DMCovarParam: 0
DMCovarParam: 0
DMCovarParam: 0
DMCovarParam: 0
DMCovarParam: 0
DMCovarParam: 0
DMCovarParam: 0
DMCovarParam: 0
DMCovarParam: 0
DMCovarParam: 0
DMCovarParam: 0
DMCovarParam: 0
DMCovarParam: 0
DMCovarParam: 0
DMCovarParam: 0
DMCovarParam: 0
DMCovarParam: 0
DMCovarParam: 0
DMCovarParam: 0
DMCovarParam: 0
DMCovarParam: 0
DMCovarParam: 0
DMCovarParam: 0
DMCovarParam: 0
DMCovarParam: 0
DMCovarParam: 0
DMCovarParam: 0
DMCovarParam: 0
DMCovarParam: 0
DMCovarParam: 0
DMCovarParam: 0
DMCovarParam: 0
DMCovarParam: 0
DMCovarParam: 0
DMCovarParam: 0
DMCovarParam: 0
DMCovarParam: 0
DMCovarParam: 0
DMCovarParam: 0
DMCovarParam: 0
DMCovarParam: 0
DMCovarParam: 0
DMCovarParam: 0
DMCovarParam: 0
DMCovarParam: 0
DMCovarParam: 0
DMCovarParam: 0
DMCovarParam: 0
DMCovarParam: 0
DMCovarParam: 0
DMCovarParam: 0
DMCovarParam: 0
DMCovarParam: 0
DMCovarParam: 0
DMCovarParam: 0
DMCovarParam: 0
DMCovarParam: 0
DMCovarParam: 0
DMCovarParam: 0
DMCovarParam: 0
DMCovarParam: 0
DMCovarParam: 0
DMCovarParam: 0
DMCovarParam: 0
DMCovarParam: 0
DMCovarParam: 0
DMCovarParam: 0
DMCovarParam: 0
DMCovarParam: 0
DMCovarParam: 0
DMCovarParam: 0
DMCovarParam: 0
DMCovarParam: 0
DMCovarParam: 0
DMCovarParam: 0
DMCovarParam: 0
DMCovarParam: 0
DMCovarParam: 0
DMCovarParam: 0
DMCovarParam: 0
DMCovarParam: 0
DMCovarParam: 0
DMCovarParam: 0
DMCovarParam: 0
DMCovarParam: 0
DMCovarParam: 0
DMCovarParam: 0
DMCovarParam: 0
DMCovarParam: 0
DMCovarParam: 0
DMCovarParam: 0
DMCovarParam: 0
DMCovarParam: 0
DMCovarParam: 0
DMCovarParam: 0
DMCovarParam: 0
DMCovarParam: 0
DMCovarParam: 0
DMCovarParam: 0
DMCovarParam: 0
DMCovarParam: 0
DMCovarParam: 0
DMCovarParam: 0
DMCovarParam: 0
DMCovarParam: 0
DMCovarParam: 0
DMCovarParam: 0
DMCovarParam: 0
DMCovarParam: 0
DMCovarParam: 0
DMCovarParam: 0
DMCovarParam: 0
DMCovarParam: 0
DMCovarParam: 0
DMCovarParam: 0
DMCovarParam: 0
DMCovarParam: 0
DMCovarParam: 0
DMCovarParam: 0
DMCovarParam: 0
DMCovarParam: 0
DMCovarParam: 0
DMCovarParam: 0
DMCovarParam: 0
DMCovarParam: 0
DMCovarParam: 0
DMCovarParam: 0
DMCovarParam: 0
DMCovarParam: 0
DMCovarParam: 0
DMCovarParam: 0
DMCovarParam: 0
DMCovarParam: 0
DMCovarParam: 0
DMCovarParam: 0
DMCovarParam: 0
DMCovarParam: 0
DMCovarParam: 0
DMCovarParam: 0
DMCovarParam: 0
DMCovarParam: 0
DMCovarParam: 0
DMCovarParam: 0
DMCovarParam: 0
DMCovarParam: 0
DMCovarParam: 0
DMCovarParam: 0
DMCovarParam: 0
DMCovarParam: 0
DMCovarParam: 0
DMCovarParam: 0
DMCovarParam: 0
DMCovarParam: 0
DMCovarParam: 0
DMCovarParam: 0
DMCovarParam: 0
DMCovarParam: 0
DMCovarParam: 0
DMCovarParam: 0
DMCovarParam: 0
DMCovarParam: 0
DMCovarParam: 0
DMCovarParam: 0
DMCovarParam: 0
DMCovarParam: 0
DMCovarParam: 0
DMCovarParam: 0
DMCovarParam: 0
DMCovarParam: 0
DMCovarParam: 0
DMCovarParam: 0
DMCovarParam: 0
DMCovarParam: 0
DMCovarParam: 0
DMCovarParam: 0
DMCovarParam: 0
DMCovarParam: 0
DMCovarParam: 0
DMCovarParam: 0
DMCovarParam: 0
DMCovarParam: 0
DMCovarParam: 0
DMCovarParam: 0
DMCovarParam: 0
DMCovarParam: 0
DMCovarParam: 0
DMCovarParam: 0
DMCovarParam: 0
DMCovarParam: 0
DMCovarParam: 0
DMCovarParam: 0
DMCovarParam: 0
DMCovarParam: 0
DMCovarParam: 0
DMCovarParam: 0
DMCovarParam: 0
DMCovarParam: 0
DMCovarParam: 0
DMCovarParam: 0
DMCovarParam: 0
DMCovarParam: 0
DMCovarParam: 0
DMCovarParam: 0
DMCovarParam: 0
DMCovarParam: 0
DMCovarParam: 0
DMCovarParam: 0
DMCovarParam: 0
DMCovarParam: 0
DMCovarParam: 0
DMCovarParam: 0
DMCovarParam: 0
DMCovarParam: 0
DMCovarParam: 0
DMCovarParam: 0
DMCovarParam: 0
DMCovarParam: 0
DMCovarParam: 0
DMCovarParam: 0
DMCovarParam: 0
DMCovarParam: 0
DMCovarParam: 0
DMCovarParam: 0
DMCovarParam: 0
DMCovarParam: 0
DMCovarParam: 0
DMCovarParam: 0
DMCovarParam: 0
DMCovarParam: 0
DMCovarParam: 0
DMCovarParam: 0
DMCovarParam: 0
DMCovarParam: 0
DMCovarParam: 0
DMCovarParam: 0
DMCovarParam: 0
DMCovarParam: 0
DMCovarParam: 0
DMCovarParam: 0
DMCovarParam: 0
DMCovarParam: 0
DMCovarParam: 0
DMCovarParam: 0
DMCovarParam: 0
DMCovarParam: 0
DMCovarParam: 0
DMCovarParam: 0
DMCovarParam: 0
DMCovarParam: 0
DMCovarParam: 0
DMCovarParam: 0
DMCovarParam: 0
DMCovarParam: 0
DMCovarParam: 0
DMCovarParam: 0
DMCovarParam: 0
DMCovarParam: 0
DMCovarParam: 0
DMCovarParam: 0
DMCovarParam: 0
DMCovarParam: 0
DMCovarParam: 0
DMCovarParam: 0
DMCovarParam: 0
DMCovarParam: 0
DMCovarParam: 0
DMCovarParam: 0
DMCovarParam: 0
DMCovarParam: 0
DMCovarParam: 0
DMCovarParam: 0
DMCovarParam: 0
DMCovarParam: 0
DMCovarParam: 0
DMCovarParam: 0
DMCovarParam: 0
DMCovarParam: 0
DMCovarParam: 0
DMCovarParam: 0
DMCovarParam: 0
DMCovarParam: 0
DMCovarParam: 0
DMCovarParam: 0
DMCovarParam: 0
DMCovarParam: 0
DMCovarParam: 0
DMCovarParam: 0
DMCovarParam: 0
DMCovarParam: 0
DMCovarParam: 0
DMCovarParam: 0
DMCovarParam: 0
DMCovarParam: 0
DMCovarParam: 0
DMCovarParam: 0
DMCovarParam: 0
DMCovarParam: 0
DMCovarParam: 0
DMCovarParam: 0
DMCovarParam: 0
DMCovarParam: 0
DMCovarParam: 0
DMCovarParam: 0
DMCovarParam: 0
DMCovarParam: 0
DMCovarParam: 0
DMCovarParam: 0
DMCovarParam: 0
DMCovarParam: 0
DMCovarParam: 0
DMCovarParam: 0
DMCovarParam: 0
DMCovarParam: 0
DMCovarParam: 0
DMCovarParam: 0
DMCovarParam: 0
DMCovarParam: 0
DMCovarParam: 0
DMCovarParam: 0
DMCovarParam: 0
DMCovarParam: 0
DMCovarParam: 0
DMCovarParam: 0
DMCovarParam: 0
DMCovarParam: 0
DMCovarParam: 0
DMCovarParam: 0
DMCovarParam: 0
DMCovarParam: 0
DMCovarParam: 0
DMCovarParam: 0
DMCovarParam: 0
DMCovarParam: 0
DMCovarParam: 0
DMCovarParam: 0
DMCovarParam: 0
DMCovarParam: 0
DMCovarParam: 0
DMCovarParam: 0
DMCovarParam: 0
DMCovarParam: 0
DMCovarParam: 0
DMCovarParam: 0
DMCovarParam: 0
DMCovarParam: 0
DMCovarParam: 0
DMCovarParam: 0
DMCovarParam: 0
DMCovarParam: 0
DMCovarParam: 0
DMCovarParam: 0
DMCovarParam: 0
DMCovarParam: 0
DMCovarParam: 0
DMCovarParam: 0
DMCovarParam: 0
DMCovarParam: 0
DMCovarParam: 0
DMCovarParam: 0
DMCovarParam: 0
DMCovarParam: 0
DMCovarParam: 0
DMCovarParam: 0
DMCovarParam: 0
DMCovarParam: 0
DMCovarParam: 0
DMCovarParam: 0
DMCovarParam: 0
DMCovarParam: 0
DMCovarParam: 0
DMCovarParam: 0
DMCovarParam: 0
DMCovarParam: 0
DMCovarParam: 0
DMCovarParam: 0
DMCovarParam: 0
DMCovarParam: 0
DMCovarParam: 0
DMCovarParam: 0
DMCovarParam: 0
DMCovarParam: 0
DMCovarParam: 0
DMCovarParam: 0
DMCovarParam: 0
DMCovarParam: 0
DMCovarParam: 0
DMCovarParam: 0
DMCovarParam: 0
DMCovarParam: 0
DMCovarParam: 0
DMCovarParam: 0
DMCovarParam: 0
DMCovarParam: 0
DMCovarParam: 0
DMCovarParam: 0
DMCovarParam: 0
DMCovarParam: 0
DMCovarParam: 0
DMCovarParam: 0
DMCovarParam: 0
DMCovarParam: 0
DMCovarParam: 0
DMCovarParam: 0
DMCovarParam: 0
DMCovarParam: 0
DMCovarParam: 0
DMCovarParam: 0
DMCovarParam: 0
DMCovarParam: 0
DMCovarParam: 0
DMCovarParam: 0
DMCovarParam: 0
DMCovarParam: 0
DMCovarParam: 0
DMCovarParam: 0
DMCovarParam: 0
DMCovarParam: 0
DMCovarParam: 0
DMCovarParam: 0
DMCovarParam: 0
DMCovarParam: 0
DMCovarParam: 0
DMCovarParam: 0
DMCovarParam: 0
DMCovarParam: 0
DMCovarParam: 0
DMCovarParam: 0
DMCovarParam: 0
DMCovarParam: 0
DMCovarParam: 0
DMCovarParam: 0
DMCovarParam: 0
DMCovarParam: 0
DMCovarParam: 0
DMCovarParam: 0
DMCovarParam: 0
DMCovarParam: 0
DMCovarParam: 0
DMCovarParam: 0
DMCovarParam: 0
DMCovarParam: 0
DMCovarParam: 0
DMCovarParam: 0
DMCovarParam: 0
DMCovarParam: 0
DMCovarParam: 0
DMCovarParam: 0
DMCovarParam: 0
DMCovarParam: 0
DMCovarParam: 0
DMCovarParam: 0
DMCovarParam: 0
DMCovarParam: 0
DMCovarParam: 0
DMCovarParam: 0
DMCovarParam: 0
DMCovarParam: 0
DMCovarParam: 0
DMCovarParam: 0
DMCovarParam: 0
DMCovarParam: 0
DMCovarParam: 0
DMCovarParam: 0
DMCovarParam: 0
DMCovarParam: 0
DMCovarParam: 0
DMCovarParam: 0
DMCovarParam: 0
DMCovarParam: 0
DMCovarParam: 0
DMCovarParam: 0
DMCovarParam: 0
DMCovarParam: 0
DMCovarParam: 0
DMCovarParam: 0
DMCovarParam: 0
DMCovarParam: 0
DMCovarParam: 0
DMCovarParam: 0
DMCovarParam: 0
DMCovarParam: 0
DMCovarParam: 0
DMCovarParam: 0
DMCovarParam: 0
DMCovarParam: 0
DMCovarParam: 0
DMCovarParam: 0
DMCovarParam: 0
DMCovarParam: 0
DMCovarParam: 0
DMCovarParam: 0
DMCovarParam: 0
DMCovarParam: 0
DMCovarParam: 0
DMCovarParam: 0
DMCovarParam: 0
DMCovarParam: 0
DMCovarParam: 0
DMCovarParam: 0
DMCovarParam: 0
DMCovarParam: 0
DMCovarParam: 0
DMCovarParam: 0
DMCovarParam: 0
DMCovarParam: 0
DMCovarParam: 0
DMCovarParam: 0
DMCovarParam: 0
DMCovarParam: 0
DMCovarParam: 0
DMCovarParam: 0
DMCovarParam: 0
DMCovarParam: 0
DMCovarParam: 0
DMCovarParam: 0
DMCovarParam: 0
DMCovarParam: 0
DMCovarParam: 0
DMCovarParam: 0
DMCovarParam: 0
DMCovarParam: 0
DMCovarParam: 0
DMCovarParam: 0
DMCovarParam: 0
DMCovarParam: 0
DMCovarParam: 0
DMCovarParam: 0
DMCovarParam: 0
DMCovarParam: 0
DMCovarParam: 0
DMCovarParam: 0
DMCovarParam: 0
DMCovarParam: 0
DMCovarParam: 0
DMCovarParam: 0
DMCovarParam: 0
DMCovarParam: 0
DMCovarParam: 0
DMCovarParam: 0
DMCovarParam: 0
DMCovarParam: 0
DMCovarParam: 0
DMCovarParam: 0
DMCovarParam: 0
DMCovarParam: 0
DMCovarParam: 0
DMCovarParam: 0
DMCovarParam: 0
DMCovarParam: 0
DMCovarParam: 0
DMCovarParam: 0
DMCovarParam: 0
DMCovarParam: 0
DMCovarParam: 0
DMCovarParam: 0
DMCovarParam: 0
DMCovarParam: 0
DMCovarParam: 0
DMCovarParam: 0
DMCovarParam: 0
DMCovarParam: 0
DMCovarParam: 0
DMCovarParam: 0
DMCovarParam: 0
DMCovarParam: 0
DMCovarParam: 0
DMCovarParam: 0
DMCovarParam: 0
DMCovarParam: 0
DMCovarParam: 0
DMCovarParam: 0
DMCovarParam: 0
DMCovarParam: 0
DMCovarParam: 0
DMCovarParam: 0
DMCovarParam: 0
DMCovarParam: 0
DMCovarParam: 0
DMCovarParam: 0
DMCovarParam: 0
DMCovarParam: 0
DMCovarParam: 0
DMCovarParam: 0
DMCovarParam: 0
DMCovarParam: 0
DMCovarParam: 0
DMCovarParam: 0
DMCovarParam: 0
DMCovarParam: 0
DMCovarParam: 0
DMCovarParam: 0
DMCovarParam: 0
DMCovarParam: 0
DMCovarParam: 0
DMCovarParam: 0
DMCovarParam: 0
DMCovarParam: 0
DMCovarParam: 0
DMCovarParam: 0
DMCovarParam: 0
DMCovarParam: 0
DMCovarParam: 0
DMCovarParam: 0
DMCovarParam: 0
DMCovarParam: 0
DMCovarParam: 0
DMCovarParam: 0
DMCovarParam: 0
DMCovarParam: 0
DMCovarParam: 0
DMCovarParam: 0
DMCovarParam: 0
DMCovarParam: 0
DMCovarParam: 0
DMCovarParam: 0
DMCovarParam: 0
DMCovarParam: 0
DMCovarParam: 0
DMCovarParam: 0
DMCovarParam: 0
DMCovarParam: 0
DMCovarParam: 0
DMCovarParam: 0
DMCovarParam: 0
DMCovarParam: 0
DMCovarParam: 0
DMCovarParam: 0
DMCovarParam: 0
DMCovarParam: 0
DMCovarParam: 0
DMCovarParam: 0
DMCovarParam: 0
DMCovarParam: 0
DMCovarParam: 0
DMCovarParam: 0
DMCovarParam: 0
DMCovarParam: 0
DMCovarParam: 0
DMCovarParam: 0
DMCovarParam: 0
DMCovarParam: 0
DMCovarParam: 0
DMCovarParam: 0
DMCovarParam: 0
DMCovarParam: 0
DMCovarParam: 0
DMCovarParam: 0
DMCovarParam: 0
DMCovarParam: 0
DMCovarParam: 0
DMCovarParam: 0
DMCovarParam: 0
DMCovarParam: 0
DMCovarParam: 0
DMCovarParam: 0
DMCovarParam: 0
DMCovarParam: 0
DMCovarParam: 0
DMCovarParam: 0
DMCovarParam: 0
DMCovarParam: 0
DMCovarParam: 0
DMCovarParam: 0
DMCovarParam: 0
DMCovarParam: 0
DMCovarParam: 0
DMCovarParam: 0
DMCovarParam: 0
DMCovarParam: 0
DMCovarParam: 0
DMCovarParam: 0
DMCovarParam: 0
DMCovarParam: 0
DMCovarParam: 0
DMCovarParam: 0
DMCovarParam: 0
DMCovarParam: 0
DMCovarParam: 0
DMCovarParam: 0
DMCovarParam: 0
DMCovarParam: 0
DMCovarParam: 0
DMCovarParam: 0
DMCovarParam: 0
DMCovarParam: 0
DMCovarParam: 0
DMCovarParam: 0
DMCovarParam: 0
DMCovarParam: 0
DMCovarParam: 0
DMCovarParam: 0
DMCovarParam: 0
DMCovarParam: 0
DMCovarParam: 0
DMCovarParam: 0
DMCovarParam: 0
DMCovarParam: 0
DMCovarParam: 0
DMCovarParam: 0
DMCovarParam: 0
DMCovarParam: 0
DMCovarParam: 0
DMCovarParam: 0
DMCovarParam: 0
DMCovarParam: 0
DMCovarParam: 0
DMCovarParam: 0
DMCovarParam: 0
DMCovarParam: 0
DMCovarParam: 0
DMCovarParam: 0
DMCovarParam: 0
DMCovarParam: 0
DMCovarParam: 0
DMCovarParam: 0
DMCovarParam: 0
DMCovarParam: 0
DMCovarParam: 0
DMCovarParam: 0
DMCovarParam: 0
DMCovarParam: 0
DMCovarParam: 0
DMCovarParam: 0
DMCovarParam: 0
DMCovarParam: 0
DMCovarParam: 0
DMCovarParam: 0
DMCovarParam: 0
DMCovarParam: 0
DMCovarParam: 0
DMCovarParam: 0
DMCovarParam: 0
DMCovarParam: 0
DMCovarParam: 0
DMCovarParam: 0
DMCovarParam: 0
DMCovarParam: 0
DMCovarParam: 0
DMCovarParam: 0
DMCovarParam: 0
DMCovarParam: 0
DMCovarParam: 0
DMCovarParam: 0
DMCovarParam: 0
DMCovarParam: 0
DMCovarParam: 0
DMCovarParam: 0
DMCovarParam: 0
DMCovarParam: 0
DMCovarParam: 0
DMCovarParam: 0
DMCovarParam: 0
DMCovarParam: 0
DMCovarParam: 0
DMCovarParam: 0
DMCovarParam: 0
DMCovarParam: 0
DMCovarParam: 0
DMCovarParam: 0
DMCovarParam: 0
DMCovarParam: 0
DMCovarParam: 0
DMCovarParam: 0
DMCovarParam: 0
DMCovarParam: 0
DMCovarParam: 0
DMCovarParam: 0
DMCovarParam: 0
DMCovarParam: 0
DMCovarParam: 0
DMCovarParam: 0
DMCovarParam: 0
DMCovarParam: 0
DMCovarParam: 0
DMCovarParam: 0
DMCovarParam: 0
DMCovarParam: 0
DMCovarParam: 0
DMCovarParam: 0
DMCovarParam: 0
DMCovarParam: 0
DMCovarParam: 0
DMCovarParam: 0
DMCovarParam: 0
DMCovarParam: 0
DMCovarParam: 0
DMCovarParam: 0
DMCovarParam: 0
DMCovarParam: 0
DMCovarParam: 0
DMCovarParam: 0
DMCovarParam: 0
DMCovarParam: 0
DMCovarParam: 0
DMCovarParam: 0
DMCovarParam: 0
DMCovarParam: 0
DMCovarParam: 0
DMCovarParam: 0
DMCovarParam: 0
DMCovarParam: 0
DMCovarParam: 0
DMCovarParam: 0
DMCovarParam: 0
DMCovarParam: 0
DMCovarParam: 0
DMCovarParam: 0
DMCovarParam: 0
DMCovarParam: 0
DMCovarParam: 0
DMCovarParam: 0
DMCovarParam: 0
DMCovarParam: 0
DMCovarParam: 0
DMCovarParam: 0
DMCovarParam: 0
DMCovarParam: 0
DMCovarParam: 0
DMCovarParam: 0
DMCovarParam: 0
DMCovarParam: 0
DMCovarParam: 0
DMCovarParam: 0
DMCovarParam: 0
DMCovarParam: 0
DMCovarParam: 0
DMCovarParam: 0
DMCovarParam: 0
DMCovarParam: 0
DMCovarParam: 0
DMCovarParam: 0
DMCovarParam: 0
DMCovarParam: 0
DMCovarParam: 0
DMCovarParam: 0
DMCovarParam: 0
DMCovarParam: 0
DMCovarParam: 0
DMCovarParam: 0
DMCovarParam: 0
DMCovarParam: 0
DMCovarParam: 0
DMCovarParam: 0
DMCovarParam: 0
DMCovarParam: 0
DMCovarParam: 0
DMCovarParam: 0
DMCovarParam: 0
DMCovarParam: 0
DMCovarParam: 0
DMCovarParam: 0
DMCovarParam: 0
DMCovarParam: 0
DMCovarParam: 0
DMCovarParam: 0
DMCovarParam: 0
DMCovarParam: 0
DMCovarParam: 0
DMCovarParam: 0
DMCovarParam: 0
DMCovarParam: 0
DMCovarParam: 0
DMCovarParam: 0
DMCovarParam: 0
DMCovarParam: 0
DMCovarParam: 0
DMCovarParam: 0
DMCovarParam: 0
DMCovarParam: 0
DMCovarParam: 0
DMCovarParam: 0
DMCovarParam: 0
DMCovarParam: 0
DMCovarParam: 0
DMCovarParam: 0
DMCovarParam: 0
DMCovarParam: 0
DMCovarParam: 0
DMCovarParam: 0
DMCovarParam: 0
DMCovarParam: 0
DMCovarParam: 0
DMCovarParam: 0
DMCovarParam: 0
DMCovarParam: 0
DMCovarParam: 0
DMCovarParam: 0
DMCovarParam: 0
DMCovarParam: 0
DMCovarParam: 0
DMCovarParam: 0
DMCovarParam: 0
DMCovarParam: 0
DMCovarParam: 0
DMCovarParam: 0
DMCovarParam: 0
DMCovarParam: 0
DMCovarParam: 0
DMCovarParam: 0
DMCovarParam: 0
DMCovarParam: 0
DMCovarParam: 0
DMCovarParam: 0
DMCovarParam: 0
DMCovarParam: 0
DMCovarParam: 0
DMCovarParam: 0
DMCovarParam: 0
DMCovarParam: 0
DMCovarParam: 0
DMCovarParam: 0
DMCovarParam: 0
DMCovarParam: 0
DMCovarParam: 0
DMCovarParam: 0
DMCovarParam: 0
DMCovarParam: 0
DMCovarParam: 0
DMCovarParam: 0
DMCovarParam: 0
DMCovarParam: 0
DMCovarParam: 0
DMCovarParam: 0
DMCovarParam: 0
DMCovarParam: 0
DMCovarParam: 0
DMCovarParam: 0
DMCovarParam: 0
DMCovarParam: 0
DMCovarParam: 0
DMCovarParam: 0
DMCovarParam: 0
DMCovarParam: 0
DMCovarParam: 0
DMCovarParam: 0
DMCovarParam: 0
DMCovarParam: 0
DMCovarParam: 0
DMCovarParam: 0
DMCovarParam: 0
DMCovarParam: 0
DMCovarParam: 0
DMCovarParam: 0
DMCovarParam: 0
DMCovarParam: 0
DMCovarParam: 0
DMCovarParam: 0
DMCovarParam: 0
DMCovarParam: 0
DMCovarParam: 0
DMCovarParam: 0
DMCovarParam: 0
DMCovarParam: 0
DMCovarParam: 0
DMCovarParam: 0
DMCovarParam: 0
DMCovarParam: 0
DMCovarParam: 0
DMCovarParam: 0
DMCovarParam: 0
DMCovarParam: 0
DMCovarParam: 0
DMCovarParam: 0
DMCovarParam: 0
DMCovarParam: 0
DMCovarParam: 0
DMCovarParam: 0
DMCovarParam: 0
DMCovarParam: 0
DMCovarParam: 0
DMCovarParam: 0
DMCovarParam: 0
DMCovarParam: 0
DMCovarParam: 0
DMCovarParam: 0
DMCovarParam: 0
DMCovarParam: 0
DMCovarParam: 0
DMCovarParam: 0
DMCovarParam: 0
DMCovarParam: 0
DMCovarParam: 0
DMCovarParam: 0
DMCovarParam: 0
DMCovarParam: 0
DMCovarParam: 0
DMCovarParam: 0
DMCovarParam: 0
DMCovarParam: 0
DMCovarParam: 0
DMCovarParam: 0
DMCovarParam: 0
DMCovarParam: 0
DMCovarParam: 0
DMCovarParam: 0
DMCovarParam: 0
DMCovarParam: 0
DMCovarParam: 0
DMCovarParam: 0
DMCovarParam: 0
DMCovarParam: 0
DMCovarParam: 0
DMCovarParam: 0
DMCovarParam: 0
DMCovarParam: 0
DMCovarParam: 0
DMCovarParam: 0
DMCovarParam: 0
DMCovarParam: 0
DMCovarParam: 0
DMCovarParam: 0
DMCovarParam: 0
DMCovarParam: 0
DMCovarParam: 0
DMCovarParam: 0
DMCovarParam: 0
DMCovarParam: 0
DMCovarParam: 0
DMCovarParam: 0
DMCovarParam: 0
DMCovarParam: 0
DMCovarParam: 0
DMCovarParam: 0
DMCovarParam: 0
DMCovarParam: 0
DMCovarParam: 0
DMCovarParam: 0
DMCovarParam: 0
DMCovarParam: 0
DMCovarParam: 0
DMCovarParam: 0
DMCovarParam: 0
DMCovarParam: 0
DMCovarParam: 0
DMCovarParam: 0
DMCovarParam: 0
DMCovarParam: 0
DMCovarParam: 0
DMCovarParam: 0
DMCovarParam: 0
DMCovarParam: 0
DMCovarParam: 0
DMCovarParam: 0
DMCovarParam: 0
DMCovarParam: 0
DMCovarParam: 0
DMCovarParam: 0
DMCovarParam: 0
DMCovarParam: 0
DMCovarParam: 0
DMCovarParam: 0
DMCovarParam: 0
DMCovarParam: 0
DMCovarParam: 0
DMCovarParam: 0
DMCovarParam: 0
DMCovarParam: 0
DMCovarParam: 0
DMCovarParam: 0
DMCovarParam: 0
DMCovarParam: 0
DMCovarParam: 0
DMCovarParam: 0
DMCovarParam: 0
DMCovarParam: 0
DMCovarParam: 0
DMCovarParam: 0
DMCovarParam: 0
DMCovarParam: 0
DMCovarParam: 0
DMCovarParam: 0
DMCovarParam: 0
DMCovarParam: 0
DMCovarParam: 0
DMCovarParam: 0
DMCovarParam: 0
DMCovarParam: 0
DMCovarParam: 0
DMCovarParam: 0
DMCovarParam: 0
DMCovarParam: 0
DMCovarParam: 0
DMCovarParam: 0
DMCovarParam: 0
DMCovarParam: 0
DMCovarParam: 0
DMCovarParam: 0
DMCovarParam: 0
DMCovarParam: 0
DMCovarParam: 0
DMCovarParam: 0
DMCovarParam: 0
DMCovarParam: 0
DMCovarParam: 0
DMCovarParam: 0
DMCovarParam: 0
DMCovarParam: 0
DMCovarParam: 0
DMCovarParam: 0
DMCovarParam: 0
DMCovarParam: 0
DMCovarParam: 0
DMCovarParam: 0
DMCovarParam: 0
DMCovarParam: 0
DMCovarParam: 0
DMCovarParam: 0
DMCovarParam: 0
DMCovarParam: 0
DMCovarParam: 0
DMCovarParam: 0
DMCovarParam: 0
DMCovarParam: 0
DMCovarParam: 0
DMCovarParam: 0
DMCovarParam: 0
DMCovarParam: 0
DMCovarParam: 0
DMCovarParam: 0
DMCovarParam: 0
DMCovarParam: 0
DMCovarParam: 0
DMCovarParam: 0
DMCovarParam: 0
DMCovarParam: 0
DMCovarParam: 0
DMCovarParam: 0
DMCovarParam: 0
DMCovarParam: 0
DMCovarParam: 0
DMCovarParam: 0
DMCovarParam: 0
DMCovarParam: 0
DMCovarParam: 0
DMCovarParam: 0
DMCovarParam: 0
DMCovarParam: 0
DMCovarParam: 0
DMCovarParam: 0
DMCovarParam: 0
DMCovarParam: 0
DMCovarParam: 0
DMCovarParam: 0
DMCovarParam: 0
DMCovarParam: 0
DMCovarParam: 0
DMCovarParam: 0
DMCovarParam: 0
DMCovarParam: 0
DMCovarParam: 0
DMCovarParam: 0
DMCovarParam: 0
DMCovarParam: 0
DMCovarParam: 0
DMCovarParam: 0
DMCovarParam: 0
DMCovarParam: 0
DMCovarParam: 0
DMCovarParam: 0
DMCovarParam: 0
DMCovarParam: 0
DMCovarParam: 0
DMCovarParam: 0
DMCovarParam: 0
DMCovarParam: 0
DMCovarParam: 0
DMCovarParam: 0
DMCovarParam: 0
DMCovarParam: 0
DMCovarParam: 0
DMCovarParam: 0
DMCovarParam: 0
DMCovarParam: 0
DMCovarParam: 0
DMCovarParam: 0
DMCovarParam: 0
DMCovarParam: 0
DMCovarParam: 0
DMCovarParam: 0
DMCovarParam: 0
DMCovarParam: 0
DMCovarParam: 0
DMCovarParam: 0
DMCovarParam: 0
DMCovarParam: 0
DMCovarParam: 0
DMCovarParam: 0
DMCovarParam: 0
DMCovarParam: 0
DMCovarParam: 0
DMCovarParam: 0
DMCovarParam: 0
DMCovarParam: 0
DMCovarParam: 0
DMCovarParam: 0
DMCovarParam: 0
DMCovarParam: 0
DMCovarParam: 0
DMCovarParam: 0
DMCovarParam: 0
DMCovarParam: 0
DMCovarParam: 0
DMCovarParam: 0
DMCovarParam: 0
DMCovarParam: 0
DMCovarParam: 0
DMCovarParam: 0
DMCovarParam: 0
DMCovarParam: 0
DMCovarParam: 0
DMCovarParam: 0
DMCovarParam: 0
DMCovarParam: 0
DMCovarParam: 0
DMCovarParam: 0
DMCovarParam: 0
DMCovarParam: 0
DMCovarParam: 0
DMCovarParam: 0
DMCovarParam: 0
DMCovarParam: 0
DMCovarParam: 0
DMCovarParam: 0
DMCovarParam: 0
DMCovarParam: 0
DMCovarParam: 0
DMCovarParam: 0
DMCovarParam: 0
DMCovarParam: 0
DMCovarParam: 0
DMCovarParam: 0
DMCovarParam: 0
DMCovarParam: 0
DMCovarParam: 0
DMCovarParam: 0
DMCovarParam: 0
DMCovarParam: 0
DMCovarParam: 0
DMCovarParam: 0
DMCovarParam: 0
DMCovarParam: 0
DMCovarParam: 0
DMCovarParam: 0
DMCovarParam: 0
DMCovarParam: 0
DMCovarParam: 0
DMCovarParam: 0
DMCovarParam: 0
DMCovarParam: 0
DMCovarParam: 0
DMCovarParam: 0
DMCovarParam: 0
DMCovarParam: 0
DMCovarParam: 0
DMCovarParam: 0
DMCovarParam: 0
DMCovarParam: 0
DMCovarParam: 0
DMCovarParam: 0
DMCovarParam: 0
DMCovarParam: 0
DMCovarParam: 0
DMCovarParam: 0
DMCovarParam: 0
DMCovarParam: 0
DMCovarParam: 0
DMCovarParam: 0
DMCovarParam: 0
DMCovarParam: 0
DMCovarParam: 0
DMCovarParam: 0
DMCovarParam: 0
DMCovarParam: 0
DMCovarParam: 0
DMCovarParam: 0
DMCovarParam: 0
DMCovarParam: 0
DMCovarParam: 0
DMCovarParam: 0
DMCovarParam: 0
DMCovarParam: 0
DMCovarParam: 0
DMCovarParam: 0
DMCovarParam: 0
DMCovarParam: 0
DMCovarParam: 0
DMCovarParam: 0
DMCovarParam: 0
DMCovarParam: 0
DMCovarParam: 0
DMCovarParam: 0
DMCovarParam: 0
DMCovarParam: 0
DMCovarParam: 0
DMCovarParam: 0
DMCovarParam: 0
DMCovarParam: 0
DMCovarParam: 0
DMCovarParam: 0
DMCovarParam: 0
DMCovarParam: 0
DMCovarParam: 0
DMCovarParam: 0
DMCovarParam: 0
DMCovarParam: 0
DMCovarParam: 0
DMCovarParam: 0
DMCovarParam: 0
DMCovarParam: 0
DMCovarParam: 0
DMCovarParam: 0
DMCovarParam: 0
DMCovarParam: 0
DMCovarParam: 0
DMCovarParam: 0
DMCovarParam: 0
DMCovarParam: 0
DMCovarParam: 0
DMCovarParam: 0
DMCovarParam: 0
DMCovarParam: 0
DMCovarParam: 0
DMCovarParam: 0
DMCovarParam: 0
DMCovarParam: 0
DMCovarParam: 0
DMCovarParam: 0
DMCovarParam: 0
DMCovarParam: 0
DMCovarParam: 0
DMCovarParam: 0
DMCovarParam: 0
DMCovarParam: 0
DMCovarParam: 0
DMCovarParam: 0
DMCovarParam: 0
DMCovarParam: 0
DMCovarParam: 0
DMCovarParam: 0
DMCovarParam: 0
DMCovarParam: 0
DMCovarParam: 0
DMCovarParam: 0
DMCovarParam: 0
DMCovarParam: 0
DMCovarParam: 0
DMCovarParam: 0
DMCovarParam: 0
DMCovarParam: 0
DMCovarParam: 0
DMCovarParam: 0
DMCovarParam: 0
DMCovarParam: 0
DMCovarParam: 0
DMCovarParam: 0
DMCovarParam: 0
DMCovarParam: 0
DMCovarParam: 0
DMCovarParam: 0
DMCovarParam: 0
DMCovarParam: 0
DMCovarParam: 0
DMCovarParam: 0
DMCovarParam: 0
DMCovarParam: 0
DMCovarParam: 0
DMCovarParam: 0
DMCovarParam: 0
DMCovarParam: 0
DMCovarParam: 0
DMCovarParam: 0
DMCovarParam: 0
DMCovarParam: 0
DMCovarParam: 0
DMCovarParam: 0
DMCovarParam: 0
DMCovarParam: 0
DMCovarParam: 0
DMCovarParam: 0
DMCovarParam: 0
DMCovarParam: 0
DMCovarParam: 0
DMCovarParam: 0
DMCovarParam: 0
DMCovarParam: 0
DMCovarParam: 0
DMCovarParam: 0
DMCovarParam: 0
DMCovarParam: 0
DMCovarParam: 0
DMCovarParam: 0
DMCovarParam: 0
DMCovarParam: 0
DMCovarParam: 0
DMCovarParam: 0
DMCovarParam: 0
DMCovarParam: 0
DMCovarParam: 0
DMCovarParam: 0
DMCovarParam: 0
DMCovarParam: 0
DMCovarParam: 0
DMCovarParam: 0
DMCovarParam: 0
DMCovarParam: 0
DMCovarParam: 0
DMCovarParam: 0
DMCovarParam: 0
DMCovarParam: 0
DMCovarParam: 0
DMCovarParam: 0
DMCovarParam: 0
DMCovarParam: 0
DMCovarParam: 0
DMCovarParam: 0
DMCovarParam: 0
DMCovarParam: 0
DMCovarParam: 0
DMCovarParam: 0
DMCovarParam: 0
DMCovarParam: 0
DMCovarParam: 0
DMCovarParam: 0
DMCovarParam: 0
DMCovarParam: 0
DMCovarParam: 0
DMCovarParam: 0
DMCovarParam: 0
DMCovarParam: 0
DMCovarParam: 0
DMCovarParam: 0
DMCovarParam: 0
DMCovarParam: 0
DMCovarParam: 0
DMCovarParam: 0
DMCovarParam: 0
DMCovarParam: 0
DMCovarParam: 0
DMCovarParam: 0
DMCovarParam: 0
DMCovarParam: 0
DMCovarParam: 0
DMCovarParam: 0
DMCovarParam: 0
DMCovarParam: 0
DMCovarParam: 0
DMCovarParam: 0
DMCovarParam: 0
DMCovarParam: 0
DMCovarParam: 0
DMCovarParam: 0
DMCovarParam: 0
DMCovarParam: 0
DMCovarParam: 0
DMCovarParam: 0
DMCovarParam: 0
DMCovarParam: 0
DMCovarParam: 0
DMCovarParam: 0
DMCovarParam: 0
DMCovarParam: 0
DMCovarParam: 0
DMCovarParam: 0
DMCovarParam: 0
DMCovarParam: 0
DMCovarParam: 0
DMCovarParam: 0
DMCovarParam: 0
DMCovarParam: 0
DMCovarParam: 0
DMCovarParam: 0
DMCovarParam: 0
DMCovarParam: 0
DMCovarParam: 0
DMCovarParam: 0
DMCovarParam: 0
DMCovarParam: 0
DMCovarParam: 0
DMCovarParam: 0
DMCovarParam: 0
DMCovarParam: 0
DMCovarParam: 0
DMCovarParam: 0
DMCovarParam: 0
DMCovarParam: 0
DMCovarParam: 0
DMCovarParam: 0
DMCovarParam: 0
DMCovarParam: 0
DMCovarParam: 0
DMCovarParam: 0
DMCovarParam: 0
DMCovarParam: 0
DMCovarParam: 0
DMCovarParam: 0
DMCovarParam: 0
DMCovarParam: 0
DMCovarParam: 0
DMCovarParam: 0
DMCovarParam: 0
DMCovarParam: 0
DMCovarParam: 0
DMCovarParam: 0
DMCovarParam: 0
DMCovarParam: 0
DMCovarParam: 0
DMCovarParam: 0
DMCovarParam: 0
DMCovarParam: 0
DMCovarParam: 0
DMCovarParam: 0
DMCovarParam: 0
DMCovarParam: 0
DMCovarParam: 0
DMCovarParam: 0
DMCovarParam: 0
DMCovarParam: 0
DMCovarParam: 0
DMCovarParam: 0
DMCovarParam: 0
DMCovarParam: 0
DMCovarParam: 0
DMCovarParam: 0
DMCovarParam: 0
DMCovarParam: 0
DMCovarParam: 0
DMCovarParam: 0
DMCovarParam: 0
DMCovarParam: 0
DMCovarParam: 0
DMCovarParam: 0
DMCovarParam: 0
DMCovarParam: 0
DMCovarParam: 0
DMCovarParam: 0
DMCovarParam: 0
DMCovarParam: 0
DMCovarParam: 0
DMCovarParam: 0
DMCovarParam: 0
DMCovarParam: 0
DMCovarParam: 0
DMCovarParam: 0
DMCovarParam: 0
DMCovarParam: 0
DMCovarParam: 0
DMCovarParam: 0
DMCovarParam: 0
DMCovarParam: 0
DMCovarParam: 0
DMCovarParam: 0
DMCovarParam: 0
DMCovarParam: 0
DMCovarParam: 0
DMCovarParam: 0
DMCovarParam: 0
DMCovarParam: 0
DMCovarParam: 0
DMCovarParam: 0
DMCovarParam: 0
DMCovarParam: 0
DMCovarParam: 0
DMCovarParam: 0
DMCovarParam: 0
DMCovarParam: 0
DMCovarParam: 0
DMCovarParam: 0
DMCovarParam: 0
DMCovarParam: 0
DMCovarParam: 0
DMCovarParam: 0
DMCovarParam: 0
DMCovarParam: 0
DMCovarParam: 0
DMCovarParam: 0
DMCovarParam: 0
DMCovarParam: 0
DMCovarParam: 0
DMCovarParam: 0
DMCovarParam: 0
DMCovarParam: 0
DMCovarParam: 0
DMCovarParam: 0
DMCovarParam: 0
DMCovarParam: 0
DMCovarParam: 0
DMCovarParam: 0
DMCovarParam: 0
DMCovarParam: 0
DMCovarParam: 0
DMCovarParam: 0
DMCovarParam: 0
DMCovarParam: 0
DMCovarParam: 0
DMCovarParam: 0
DMCovarParam: 0
DMCovarParam: 0
DMCovarParam: 0
DMCovarParam: 0
DMCovarParam: 0
DMCovarParam: 0
DMCovarParam: 0
DMCovarParam: 0
DMCovarParam: 0
DMCovarParam: 0
DMCovarParam: 0
DMCovarParam: 0
DMCovarParam: 0
DMCovarParam: 0
DMCovarParam: 0
DMCovarParam: 0
DMCovarParam: 0
DMCovarParam: 0
DMCovarParam: 0
DMCovarParam: 0
DMCovarParam: 0
DMCovarParam: 0
DMCovarParam: 0
DMCovarParam: 0
DMCovarParam: 0
DMCovarParam: 0
DMCovarParam: 0
DMCovarParam: 0
DMCovarParam: 0
DMCovarParam: 0
DMCovarParam: 0
DMCovarParam: 0
DMCovarParam: 0
DMCovarParam: 0
DMCovarParam: 0
DMCovarParam: 0
DMCovarParam: 0
DMCovarParam: 0
DMCovarParam: 0
DMCovarParam: 0
DMCovarParam: 0
DMCovarParam: 0
DMCovarParam: 0
DMCovarParam: 0
DMCovarParam: 0
DMCovarParam: 0
DMCovarParam: 0
DMCovarParam: 0
DMCovarParam: 0
DMCovarParam: 0
DMCovarParam: 0
DMCovarParam: 0
DMCovarParam: 0
DMCovarParam: 0
DMCovarParam: 0
DMCovarParam: 0
DMCovarParam: 0
DMCovarParam: 0
DMCovarParam: 0
DMCovarParam: 0
DMCovarParam: 0
DMCovarParam: 0
DMCovarParam: 0
DMCovarParam: 0
DMCovarParam: 0
DMCovarParam: 0
DMCovarParam: 0
DMCovarParam: 0
DMCovarParam: 0
DMCovarParam: 0
DMCovarParam: 0
DMCovarParam: 0
DMCovarParam: 0
DMCovarParam: 0
DMCovarParam: 0
DMCovarParam: 0
DMCovarParam: 0
DMCovarParam: 0
DMCovarParam: 0
DMCovarParam: 0
DMCovarParam: 0
DMCovarParam: 0
DMCovarParam: 0
DMCovarParam: 0
DMCovarParam: 0
DMCovarParam: 0
DMCovarParam: 0
DMCovarParam: 0
DMCovarParam: 0
DMCovarParam: 0
DMCovarParam: 0
DMCovarParam: 0
DMCovarParam: 0
DMCovarParam: 0
DMCovarParam: 0
DMCovarParam: 0
DMCovarParam: 0
DMCovarParam: 0
DMCovarParam: 0
DMCovarParam: 0
DMCovarParam: 0
DMCovarParam: 0
DMCovarParam: 0
DMCovarParam: 0
DMCovarParam: 0
DMCovarParam: 0
DMCovarParam: 0
DMCovarParam: 0
DMCovarParam: 0
DMCovarParam: 0
DMCovarParam: 0
DMCovarParam: 0
DMCovarParam: 0
DMCovarParam: 0
DMCovarParam: 0
DMCovarParam: 0
DMCovarParam: 0
DMCovarParam: 0
DMCovarParam: 0
DMCovarParam: 0
DMCovarParam: 0
DMCovarParam: 0
DMCovarParam: 0
DMCovarParam: 0
DMCovarParam: 0
DMCovarParam: 0
DMCovarParam: 0
DMCovarParam: 0
DMCovarParam: 0
DMCovarParam: 0
DMCovarParam: 0
DMCovarParam: 0
DMCovarParam: 0
DMCovarParam: 0
DMCovarParam: 0
DMCovarParam: 0
DMCovarParam: 0
DMCovarParam: 0
DMCovarParam: 0
DMCovarParam: 0
DMCovarParam: 0
DMCovarParam: 0
DMCovarParam: 0
DMCovarParam: 0
DMCovarParam: 0
DMCovarParam: 0
DMCovarParam: 0
DMCovarParam: 0
DMCovarParam: 0
DMCovarParam: 0
DMCovarParam: 0
DMCovarParam: 0
DMCovarParam: 0
DMCovarParam: 0
DMCovarParam: 0
DMCovarParam: 0
DMCovarParam: 0
DMCovarParam: 0
DMCovarParam: 0
DMCovarParam: 0
DMCovarParam: 0
DMCovarParam: 0
DMCovarParam: 0
DMCovarParam: 0
DMCovarParam: 0
DMCovarParam: 0
DMCovarParam: 0
DMCovarParam: 0
DMCovarParam: 0
DMCovarParam: 0
DMCovarParam: 0
DMCovarParam: 0
DMCovarParam: 0
DMCovarParam: 0
DMCovarParam: 0
DMCovarParam: 0
DMCovarParam: 0
DMCovarParam: 0
DMCovarParam: 0
DMCovarParam: 0
DMCovarParam: 0
DMCovarParam: 0
DMCovarParam: 0
DMCovarParam: 0
DMCovarParam: 0
DMCovarParam: 0
DMCovarParam: 0
DMCovarParam: 0
DMCovarParam: 0
DMCovarParam: 0
DMCovarParam: 0
DMCovarParam: 0
DMCovarParam: 0
DMCovarParam: 0
DMCovarParam: 0
DMCovarParam: 0
DMCovarParam: 0
DMCovarParam: 0
DMCovarParam: 0
DMCovarParam: 0
DMCovarParam: 0
DMCovarParam: 0
DMCovarParam: 0
DMCovarParam: 0
DMCovarParam: 0
DMCovarParam: 0
DMCovarParam: 0
DMCovarParam: 0
DMCovarParam: 0
DMCovarParam: 0
DMCovarParam: 0
DMCovarParam: 0
DMCovarParam: 0
DMCovarParam: 0
DMCovarParam: 0
DMCovarParam: 0
DMCovarParam: 0
DMCovarParam: 0
DMCovarParam: 0
DMCovarParam: 0
DMCovarParam: 0
DMCovarParam: 0
DMCovarParam: 0
DMCovarParam: 0
DMCovarParam: 0
DMCovarParam: 0
DMCovarParam: 0
DMCovarParam: 0
DMCovarParam: 0
DMCovarParam: 0
DMCovarParam: 0
DMCovarParam: 0
DMCovarParam: 0
DMCovarParam: 0
DMCovarParam: 0
DMCovarParam: 0
DMCovarParam: 0
DMCovarParam: 0
DMCovarParam: 0
DMCovarParam: 0
DMCovarParam: 0
DMCovarParam: 0
DMCovarParam: 0
DMCovarParam: 0
DMCovarParam: 0
DMCovarParam: 0
DMCovarParam: 0
DMCovarParam: 0
DMCovarParam: 0
DMCovarParam: 0
DMCovarParam: 0
DMCovarParam: 0
DMCovarParam: 0
DMCovarParam: 0
DMCovarParam: 0
DMCovarParam: 0
DMCovarParam: 0
DMCovarParam: 0
DMCovarParam: 0
DMCovarParam: 0
DMCovarParam: 0
DMCovarParam: 0
DMCovarParam: 0
DMCovarParam: 0
DMCovarParam: 0
DMCovarParam: 0
DMCovarParam: 0
DMCovarParam: 0
DMCovarParam: 0
DMCovarParam: 0
DMCovarParam: 0
DMCovarParam: 0
DMCovarParam: 0
DMCovarParam: 0
DMCovarParam: 0
DMCovarParam: 0
DMCovarParam: 0
DMCovarParam: 0
DMCovarParam: 0
DMCovarParam: 0
DMCovarParam: 0
DMCovarParam: 0
DMCovarParam: 0
DMCovarParam: 0
DMCovarParam: 0
DMCovarParam: 0
DMCovarParam: 0
DMCovarParam: 0
DMCovarParam: 0
DMCovarParam: 0
DMCovarParam: 0
DMCovarParam: 0
DMCovarParam: 0
DMCovarParam: 0
DMCovarParam: 0
DMCovarParam: 0
DMCovarParam: 0
DMCovarParam: 0
DMCovarParam: 0
DMCovarParam: 0
DMCovarParam: 0
DMCovarParam: 0
DMCovarParam: 0
DMCovarParam: 0
DMCovarParam: 0
DMCovarParam: 0
DMCovarParam: 0
DMCovarParam: 0
DMCovarParam: 0
DMCovarParam: 0
DMCovarParam: 0
DMCovarParam: 0
DMCovarParam: 0
DMCovarParam: 0
DMCovarParam: 0
DMCovarParam: 0
DMCovarParam: 0
DMCovarParam: 0
DMCovarParam: 0
DMCovarParam: 0
DMCovarParam: 0
DMCovarParam: 0
DMCovarParam: 0
DMCovarParam: 0
DMCovarParam: 0
DMCovarParam: 0
DMCovarParam: 0
DMCovarParam: 0
DMCovarParam: 0
DMCovarParam: 0
DMCovarParam: 0
DMCovarParam: 0
DMCovarParam: 0
DMCovarParam: 0
DMCovarParam: 0
DMCovarParam: 0
DMCovarParam: 0
DMCovarParam: 0
DMCovarParam: 0
DMCovarParam: 0
DMCovarParam: 0
DMCovarParam: 0
DMCovarParam: 0
DMCovarParam: 0
DMCovarParam: 0
DMCovarParam: 0
DMCovarParam: 0
DMCovarParam: 0
DMCovarParam: 0
DMCovarParam: 0
DMCovarParam: 0
DMCovarParam: 0
DMCovarParam: 0
DMCovarParam: 0
DMCovarParam: 0
DMCovarParam: 0
DMCovarParam: 0
DMCovarParam: 0
DMCovarParam: 0
DMCovarParam: 0
DMCovarParam: 0
DMCovarParam: 0
DMCovarParam: 0
DMCovarParam: 0
DMCovarParam: 0
DMCovarParam: 0
DMCovarParam: 0
DMCovarParam: 0
DMCovarParam: 0
DMCovarParam: 0
DMCovarParam: 0
DMCovarParam: 0
DMCovarParam: 0
DMCovarParam: 0
DMCovarParam: 0
DMCovarParam: 0
DMCovarParam: 0
DMCovarParam: 0
DMCovarParam: 0
DMCovarParam: 0
DMCovarParam: 0
DMCovarParam: 0
DMCovarParam: 0
DMCovarParam: 0
DMCovarParam: 0
DMCovarParam: 0
DMCovarParam: 0
DMCovarParam: 0
DMCovarParam: 0
DMCovarParam: 0
DMCovarParam: 0
DMCovarParam: 0
DMCovarParam: 0
DMCovarParam: 0
DMCovarParam: 0
DMCovarParam: 0
DMCovarParam: 0
DMCovarParam: 0
DMCovarParam: 0
DMCovarParam: 0
DMCovarParam: 0
DMCovarParam: 0
DMCovarParam: 0
DMCovarParam: 0
DMCovarParam: 0
DMCovarParam: 0
DMCovarParam: 0
DMCovarParam: 0
DMCovarParam: 0
DMCovarParam: 0
DMCovarParam: 0
DMCovarParam: 0
DMCovarParam: 0
DMCovarParam: 0
DMCovarParam: 0
DMCovarParam: 0
DMCovarParam: 0
DMCovarParam: 0
DMCovarParam: 0
DMCovarParam: 0
DMCovarParam: 0
DMCovarParam: 0
DMCovarParam: 0
DMCovarParam: 0
DMCovarParam: 0
DMCovarParam: 0
DMCovarParam: 0
DMCovarParam: 0
DMCovarParam: 0
DMCovarParam: 0
DMCovarParam: 0
DMCovarParam: 0
DMCovarParam: 0
DMCovarParam: 0
DMCovarParam: 0
DMCovarParam: 0
DMCovarParam: 0
DMCovarParam: 0
DMCovarParam: 0
DMCovarParam: 0
DMCovarParam: 0
DMCovarParam: 0
DMCovarParam: 0
DMCovarParam: 0
DMCovarParam: 0
DMCovarParam: 0
DMCovarParam: 0
DMCovarParam: 0
DMCovarParam: 0
DMCovarParam: 0
DMCovarParam: 0
DMCovarParam: 0
DMCovarParam: 0
DMCovarParam: 0
DMCovarParam: 0
DMCovarParam: 0
DMCovarParam: 0
DMCovarParam: 0
DMCovarParam: 0
DMCovarParam: 0
DMCovarParam: 0
DMCovarParam: 0
DMCovarParam: 0
DMCovarParam: 0
DMCovarParam: 0
DMCovarParam: 0
DMCovarParam: 0
DMCovarParam: 0
DMCovarParam: 0
DMCovarParam: 0
DMCovarParam: 0
DMCovarParam: 0
DMCovarParam: 0
DMCovarParam: 0
DMCovarParam: 0
DMCovarParam: 0
DMCovarParam: 0
DMCovarParam: 0
DMCovarParam: 0
DMCovarParam: 0
DMCovarParam: 0
DMCovarParam: 0
DMCovarParam: 0
DMCovarParam: 0
DMCovarParam: 0
DMCovarParam: 0
DMCovarParam: 0
DMCovarParam: 0
DMCovarParam: 0
DMCovarParam: 0
DMCovarParam: 0
DMCovarParam: 0
DMCovarParam: 0
DMCovarParam: 0
DMCovarParam: 0
DMCovarParam: 0
DMCovarParam: 0
DMCovarParam: 0
DMCovarParam: 0
DMCovarParam: 0
DMCovarParam: 0
DMCovarParam: 0
DMCovarParam: 0
DMCovarParam: 0
DMCovarParam: 0
DMCovarParam: 0
DMCovarParam: 0
DMCovarParam: 0
DMCovarParam: 0
DMCovarParam: 0
DMCovarParam: 0
DMCovarParam: 0
DMCovarParam: 0
DMCovarParam: 0
DMCovarParam: 0
DMCovarParam: 0
DMCovarParam: 0
DMCovarParam: 0
DMCovarParam: 0
DMCovarParam: 0
DMCovarParam: 0
DMCovarParam: 0
DMCovarParam: 0
DMCovarParam: 0
DMCovarParam: 0
DMCovarParam: 0
DMCovarParam: 0
DMCovarParam: 0
DMCovarParam: 0
DMCovarParam: 0
DMCovarParam: 0
DMCovarParam: 0
DMCovarParam: 0
DMCovarParam: 0
DMCovarParam: 0
DMCovarParam: 0
DMCovarParam: 0
DMCovarParam: 0
DMCovarParam: 0
DMCovarParam: 0
DMCovarParam: 0
DMCovarParam: 0
DMCovarParam: 0
DMCovarParam: 0
DMCovarParam: 0
DMCovarParam: 0
DMCovarParam: 0
DMCovarParam: 0
DMCovarParam: 0
DMCovarParam: 0
DMCovarParam: 0
DMCovarParam: 0
DMCovarParam: 0
DMCovarParam: 0
DMCovarParam: 0
DMCovarParam: 0
DMCovarParam: 0
DMCovarParam: 0
DMCovarParam: 0
DMCovarParam: 0
DMCovarParam: 0
DMCovarParam: 0
DMCovarParam: 0
DMCovarParam: 0
DMCovarParam: 0
DMCovarParam: 0
DMCovarParam: 0
DMCovarParam: 0
DMCovarParam: 0
DMCovarParam: 0
DMCovarParam: 0
DMCovarParam: 0
DMCovarParam: 0
DMCovarParam: 0
DMCovarParam: 0
DMCovarParam: 0
DMCovarParam: 0
DMCovarParam: 0
DMCovarParam: 0
DMCovarParam: 0
DMCovarParam: 0
DMCovarParam: 0
DMCovarParam: 0
DMCovarParam: 0
DMCovarParam: 0
DMCovarParam: 0
DMCovarParam: 0
DMCovarParam: 0
DMCovarParam: 0
DMCovarParam: 0
DMCovarParam: 0
DMCovarParam: 0
DMCovarParam: 0
DMCovarParam: 0
DMCovarParam: 0
DMCovarParam: 0
DMCovarParam: 0
DMCovarParam: 0
DMCovarParam: 0
DMCovarParam: 0
DMCovarParam: 0
DMCovarParam: 0
DMCovarParam: 0
DMCovarParam: 0
DMCovarParam: 0
DMCovarParam: 0
DMCovarParam: 0
DMCovarParam: 0
DMCovarParam: 0
DMCovarParam: 0
DMCovarParam: 0
DMCovarParam: 0
DMCovarParam: 0
DMCovarParam: 0
DMCovarParam: 0
DMCovarParam: 0
DMCovarParam: 0
DMCovarParam: 0
DMCovarParam: 0
DMCovarParam: 0
DMCovarParam: 0
DMCovarParam: 0
DMCovarParam: 0
DMCovarParam: 0
DMCovarParam: 0
DMCovarParam: 0
DMCovarParam: 0
DMCovarParam: 0
DMCovarParam: 0
DMCovarParam: 0
DMCovarParam: 0
DMCovarParam: 0
DMCovarParam: 0
DMCovarParam: 0
DMCovarParam: 0
DMCovarParam: 0
DMCovarParam: 0
DMCovarParam: 0
DMCovarParam: 0
DMCovarParam: 0
DMCovarParam: 0
DMCovarParam: 0
DMCovarParam: 0
DMCovarParam: 0
DMCovarParam: 0
DMCovarParam: 0
DMCovarParam: 0
DMCovarParam: 0
DMCovarParam: 0
DMCovarParam: 0
DMCovarParam: 0
DMCovarParam: 0
DMCovarParam: 0
DMCovarParam: 0
DMCovarParam: 0
DMCovarParam: 0
DMCovarParam: 0
DMCovarParam: 0
DMCovarParam: 0
DMCovarParam: 0
DMCovarParam: 0
DMCovarParam: 0
DMCovarParam: 0
DMCovarParam: 0
DMCovarParam: 0
DMCovarParam: 0
DMCovarParam: 0
DMCovarParam: 0
DMCovarParam: 0
DMCovarParam: 0
DMCovarParam: 0
DMCovarParam: 0
DMCovarParam: 0
DMCovarParam: 0
DMCovarParam: 0
DMCovarParam: 0
DMCovarParam: 0
DMCovarParam: 0
DMCovarParam: 0
DMCovarParam: 0
DMCovarParam: 0
DMCovarParam: 0
DMCovarParam: 0
DMCovarParam: 0
DMCovarParam: 0
DMCovarParam: 0
DMCovarParam: 0
DMCovarParam: 0
DMCovarParam: 0
DMCovarParam: 0
DMCovarParam: 0
DMCovarParam: 0
DMCovarParam: 0
DMCovarParam: 0
DMCovarParam: 0
DMCovarParam: 0
DMCovarParam: 0
DMCovarParam: 0
DMCovarParam: 0
DMCovarParam: 0
DMCovarParam: 0
DMCovarParam: 0
DMCovarParam: 0
DMCovarParam: 0
DMCovarParam: 0
DMCovarParam: 0
DMCovarParam: 0
DMCovarParam: 0
DMCovarParam: 0
DMCovarParam: 0
DMCovarParam: 0
DMCovarParam: 0
DMCovarParam: 0
DMCovarParam: 0
DMCovarParam: 0
DMCovarParam: 0
DMCovarParam: 0
DMCovarParam: 0
DMCovarParam: 0
DMCovarParam: 0
DMCovarParam: 0
DMCovarParam: 0
DMCovarParam: 0
DMCovarParam: 0
DMCovarParam: 0
DMCovarParam: 0
DMCovarParam: 0
DMCovarParam: 0
DMCovarParam: 0
DMCovarParam: 0
DMCovarParam: 0
DMCovarParam: 0
DMCovarParam: 0
DMCovarParam: 0
DMCovarParam: 0
DMCovarParam: 0
DMCovarParam: 0
DMCovarParam: 0
DMCovarParam: 0
DMCovarParam: 0
DMCovarParam: 0
DMCovarParam: 0
DMCovarParam: 0
DMCovarParam: 0
DMCovarParam: 0
DMCovarParam: 0
DMCovarParam: 0
DMCovarParam: 0
DMCovarParam: 0
DMCovarParam: 0
DMCovarParam: 0
DMCovarParam: 0
DMCovarParam: 0
DMCovarParam: 0
DMCovarParam: 0
DMCovarParam: 0
DMCovarParam: 0
DMCovarParam: 0
DMCovarParam: 0
DMCovarParam: 0
DMCovarParam: 0
DMCovarParam: 0
DMCovarParam: 0
DMCovarParam: 0
DMCovarParam: 0
DMCovarParam: 0
DMCovarParam: 0
DMCovarParam: 0
DMCovarParam: 0
DMCovarParam: 0
DMCovarParam: 0
DMCovarParam: 0
DMCovarParam: 0
DMCovarParam: 0
DMCovarParam: 0
DMCovarParam: 0
DMCovarParam: 0
DMCovarParam: 0
DMCovarParam: 0
DMCovarParam: 0
DMCovarParam: 0
DMCovarParam: 0
DMCovarParam: 0
DMCovarParam: 0
DMCovarParam: 0
DMCovarParam: 0
DMCovarParam: 0
DMCovarParam: 0
DMCovarParam: 0
DMCovarParam: 0
DMCovarParam: 0
DMCovarParam: 0
DMCovarParam: 0
DMCovarParam: 0
DMCovarParam: 0
DMCovarParam: 0
DMCovarParam: 0
DMCovarParam: 0
DMCovarParam: 0
DMCovarParam: 0
DMCovarParam: 0
DMCovarParam: 0
DMCovarParam: 0
DMCovarParam: 0
DMCovarParam: 0
DMCovarParam: 0
DMCovarParam: 0
DMCovarParam: 0
DMCovarParam: 0
DMCovarParam: 0
DMCovarParam: 0
DMCovarParam: 0
DMCovarParam: 0
DMCovarParam: 0
DMCovarParam: 0
DMCovarParam: 0
DMCovarParam: 0
DMCovarParam: 0
DMCovarParam: 0
DMCovarParam: 0
DMCovarParam: 0
DMCovarParam: 0
DMCovarParam: 0
DMCovarParam: 0
DMCovarParam: 0
DMCovarParam: 0
DMCovarParam: 0
DMCovarParam: 0
DMCovarParam: 0
DMCovarParam: 0
DMCovarParam: 0
DMCovarParam: 0
DMCovarParam: 0
DMCovarParam: 0
DMCovarParam: 0
DMCovarParam: 0
DMCovarParam: 0
DMCovarParam: 0
DMCovarParam: 0
DMCovarParam: 0
DMCovarParam: 0
DMCovarParam: 0
DMCovarParam: 0
DMCovarParam: 0
DMCovarParam: 0
DMCovarParam: 0
DMCovarParam: 0
DMCovarParam: 0
DMCovarParam: 0
DMCovarParam: 0
DMCovarParam: 0
DMCovarParam: 0
DMCovarParam: 0
DMCovarParam: 0
DMCovarParam: 0
DMCovarParam: 0
DMCovarParam: 0
DMCovarParam: 0
DMCovarParam: 0
DMCovarParam: 0
DMCovarParam: 0
DMCovarParam: 0
DMCovarParam: 0
DMCovarParam: 0
DMCovarParam: 0
DMCovarParam: 0
DMCovarParam: 0
DMCovarParam: 0
DMCovarParam: 0
DMCovarParam: 0
DMCovarParam: 0
DMCovarParam: 0
DMCovarParam: 0
DMCovarParam: 0
DMCovarParam: 0
DMCovarParam: 0
DMCovarParam: 0
DMCovarParam: 0
DMCovarParam: 0
DMCovarParam: 0
DMCovarParam: 0
DMCovarParam: 0
DMCovarParam: 0
DMCovarParam: 0
DMCovarParam: 0
DMCovarParam: 0
DMCovarParam: 0
DMCovarParam: 0
DMCovarParam: 0
DMCovarParam: 0
DMCovarParam: 0
DMCovarParam: 0
DMCovarParam: 0
DMCovarParam: 0
DMCovarParam: 0
DMCovarParam: 0
DMCovarParam: 0
DMCovarParam: 0
DMCovarParam: 0
DMCovarParam: 0
DMCovarParam: 0
DMCovarParam: 0
DMCovarParam: 0
DMCovarParam: 0
DMCovarParam: 0
DMCovarParam: 0
DMCovarParam: 0
DMCovarParam: 0
DMCovarParam: 0
DMCovarParam: 0
DMCovarParam: 0
DMCovarParam: 0
DMCovarParam: 0
DMCovarParam: 0
DMCovarParam: 0
DMCovarParam: 0
DMCovarParam: 0
DMCovarParam: 0
DMCovarParam: 0
DMCovarParam: 0
DMCovarParam: 0
DMCovarParam: 0
DMCovarParam: 0
DMCovarParam: 0
DMCovarParam: 0
DMCovarParam: 0
DMCovarParam: 0
DMCovarParam: 0
DMCovarParam: 0
DMCovarParam: 0
DMCovarParam: 0
DMCovarParam: 0
DMCovarParam: 0
DMCovarParam: 0
DMCovarParam: 0
DMCovarParam: 0
DMCovarParam: 0
DMCovarParam: 0
DMCovarParam: 0
DMCovarParam: 0
DMCovarParam: 0
DMCovarParam: 0
DMCovarParam: 0
DMCovarParam: 0
DMCovarParam: 0
DMCovarParam: 0
DMCovarParam: 0
DMCovarParam: 0
DMCovarParam: 0
DMCovarParam: 0
DMCovarParam: 0
DMCovarParam: 0
DMCovarParam: 0
DMCovarParam: 0
DMCovarParam: 0
DMCovarParam: 0
DMCovarParam: 0
DMCovarParam: 0
DMCovarParam: 0
DMCovarParam: 0
DMCovarParam: 0
DMCovarParam: 0
DMCovarParam: 0
DMCovarParam: 0
DMCovarParam: 0
DMCovarParam: 0
DMCovarParam: 0
DMCovarParam: 0
DMCovarParam: 0
DMCovarParam: 0
DMCovarParam: 0
DMCovarParam: 0
DMCovarParam: 0
DMCovarParam: 0
DMCovarParam: 0
DMCovarParam: 0
DMCovarParam: 0
DMCovarParam: 0
DMCovarParam: 0
DMCovarParam: 0
DMCovarParam: 0
DMCovarParam: 0
DMCovarParam: 0
DMCovarParam: 0
DMCovarParam: 0
DMCovarParam: 0
DMCovarParam: 0
DMCovarParam: 0
DMCovarParam: 0
DMCovarParam: 0
DMCovarParam: 0
DMCovarParam: 0
DMCovarParam: 0
DMCovarParam: 0
DMCovarParam: 0
DMCovarParam: 0
DMCovarParam: 0
DMCovarParam: 0
DMCovarParam: 0
DMCovarParam: 0
DMCovarParam: 0
DMCovarParam: 0
DMCovarParam: 0
DMCovarParam: 0
DMCovarParam: 0
DMCovarParam: 0
DMCovarParam: 0
DMCovarParam: 0
DMCovarParam: 0
DMCovarParam: 0
DMCovarParam: 0
DMCovarParam: 0
DMCovarParam: 0
DMCovarParam: 0
DMCovarParam: 0
DMCovarParam: 0
DMCovarParam: 0
DMCovarParam: 0
DMCovarParam: 0
DMCovarParam: 0
DMCovarParam: 0
DMCovarParam: 0
DMCovarParam: 0
DMCovarParam: 0
DMCovarParam: 0
DMCovarParam: 0
DMCovarParam: 0
DMCovarParam: 0
DMCovarParam: 0
DMCovarParam: 0
DMCovarParam: 0
DMCovarParam: 0
DMCovarParam: 0
DMCovarParam: 0
DMCovarParam: 0
DMCovarParam: 0
DMCovarParam: 0
DMCovarParam: 0
DMCovarParam: 0
DMCovarParam: 0
DMCovarParam: 0
DMCovarParam: 0
DMCovarParam: 0
DMCovarParam: 0
DMCovarParam: 0
DMCovarParam: 0
DMCovarParam: 0
DMCovarParam: 0
DMCovarParam: 0
DMCovarParam: 0
DMCovarParam: 0
DMCovarParam: 0
DMCovarParam: 0
DMCovarParam: 0
DMCovarParam: 0
DMCovarParam: 0
DMCovarParam: 0
DMCovarParam: 0
DMCovarParam: 0
DMCovarParam: 0
DMCovarParam: 0
DMCovarParam: 0
DMCovarParam: 0
DMCovarParam: 0
DMCovarParam: 0
DMCovarParam: 0
DMCovarParam: 0
DMCovarParam: 0
DMCovarParam: 0
DMCovarParam: 0
DMCovarParam: 0
DMCovarParam: 0
DMCovarParam: 0
DMCovarParam: 0
DMCovarParam: 0
DMCovarParam: 0
DMCovarParam: 0
DMCovarParam: 0
DMCovarParam: 0
DMCovarParam: 0
DMCovarParam: 0
DMCovarParam: 0
DMCovarParam: 0
DMCovarParam: 0
DMCovarParam: 0
DMCovarParam: 0
DMCovarParam: 0
DMCovarParam: 0
DMCovarParam: 0
DMCovarParam: 0
DMCovarParam: 0
DMCovarParam: 0
DMCovarParam: 0
DMCovarParam: 0
DMCovarParam: 0
DMCovarParam: 0
DMCovarParam: 0
DMCovarParam: 0
DMCovarParam: 0
DMCovarParam: 0
DMCovarParam: 0
DMCovarParam: 0
DMCovarParam: 0
DMCovarParam: 0
DMCovarParam: 0
DMCovarParam: 0
DMCovarParam: 0
DMCovarParam: 0
DMCovarParam: 0
DMCovarParam: 0
DMCovarParam: 0
DMCovarParam: 0
DMCovarParam: 0
DMCovarParam: 0
DMCovarParam: 0
DMCovarParam: 0
DMCovarParam: 0
DMCovarParam: 0
DMCovarParam: 0
DMCovarParam: 0
DMCovarParam: 0
DMCovarParam: 0
DMCovarParam: 0
DMCovarParam: 0
DMCovarParam: 0
DMCovarParam: 0
DMCovarParam: 0
DMCovarParam: 0
DMCovarParam: 0
DMCovarParam: 0
DMCovarParam: 0
DMCovarParam: 0
DMCovarParam: 0
DMCovarParam: 0
DMCovarParam: 0
DMCovarParam: 0
DMCovarParam: 0
DMCovarParam: 0
DMCovarParam: 0
DMCovarParam: 0
DMCovarParam: 0
DMCovarParam: 0
DMCovarParam: 0
DMCovarParam: 0
DMCovarParam: 0
DMCovarParam: 0
DMCovarParam: 0
DMCovarParam: 0
DMCovarParam: 0
DMCovarParam: 0
DMCovarParam: 0
DMCovarParam: 0
DMCovarParam: 0
DMCovarParam: 0
DMCovarParam: 0
DMCovarParam: 0
DMCovarParam: 0
DMCovarParam: 0
DMCovarParam: 0
DMCovarParam: 0
DMCovarParam: 0
DMCovarParam: 0
DMCovarParam: 0
DMCovarParam: 0
DMCovarParam: 0
DMCovarParam: 0
DMCovarParam: 0
DMCovarParam: 0
DMCovarParam: 0
DMCovarParam: 0
DMCovarParam: 0
DMCovarParam: 0
DMCovarParam: 0
DMCovarParam: 0
DMCovarParam: 0
DMCovarParam: 0
DMCovarParam: 0
DMCovarParam: 0
DMCovarParam: 0
DMCovarParam: 0
DMCovarParam: 0
DMCovarParam: 0
DMCovarParam: 0
DMCovarParam: 0
DMCovarParam: 0
DMCovarParam: 0
DMCovarParam: 0
DMCovarParam: 0
DMCovarParam: 0
DMCovarParam: 0
DMCovarParam: 0
DMCovarParam: 0
DMCovarParam: 0
DMCovarParam: 0
DMCovarParam: 0
DMCovarParam: 0
DMCovarParam: 0
DMCovarParam: 0
DMCovarParam: 0
DMCovarParam: 0
DMCovarParam: 0
DMCovarParam: 0
DMCovarParam: 0
DMCovarParam: 0
DMCovarParam: 0
DMCovarParam: 0
DMCovarParam: 0
DMCovarParam: 0
DMCovarParam: 0
DMCovarParam: 0
DMCovarParam: 0
DMCovarParam: 0
DMCovarParam: 0
DMCovarParam: 0
DMCovarParam: 0
DMCovarParam: 0
DMCovarParam: 0
DMCovarParam: 0
DMCovarParam: 0
DMCovarParam: 0
DMCovarParam: 0
DMCovarParam: 0
DMCovarParam: 0
DMCovarParam: 0
DMCovarParam: 0
DMCovarParam: 0
DMCovarParam: 0
DMCovarParam: 0
DMCovarParam: 0
DMCovarParam: 0
DMCovarParam: 0
DMCovarParam: 0
DMCovarParam: 0
DMCovarParam: 0
DMCovarParam: 0
DMCovarParam: 0
DMCovarParam: 0
DMCovarParam: 0
DMCovarParam: 0
DMCovarParam: 0
DMCovarParam: 0
DMCovarParam: 0
DMCovarParam: 0
DMCovarParam: 0
DMCovarParam: 0
DMCovarParam: 0
DMCovarParam: 0
DMCovarParam: 0
DMCovarParam: 0
DMCovarParam: 0
DMCovarParam: 0
DMCovarParam: 0
DMCovarParam: 0
DMCovarParam: 0
DMCovarParam: 0
DMCovarParam: 0
DMCovarParam: 0
DMCovarParam: 0
DMCovarParam: 0
DMCovarParam: 0
DMCovarParam: 0
DMCovarParam: 0
DMCovarParam: 0
DMCovarParam: 0
DMCovarParam: 0
DMCovarParam: 0
DMCovarParam: 0
DMCovarParam: 0
DMCovarParam: 0
DMCovarParam: 0
DMCovarParam: 0
DMCovarParam: 0
DMCovarParam: 0
DMCovarParam: 0
DMCovarParam: 0
DMCovarParam: 0
DMCovarParam: 0
DMCovarParam: 0
DMCovarParam: 0
DMCovarParam: 0
DMCovarParam: 0
DMCovarParam: 0
DMCovarParam: 0
DMCovarParam: 0
DMCovarParam: 0
DMCovarParam: 0
DMCovarParam: 0
DMCovarParam: 0
DMCovarParam: 0
DMCovarParam: 0
DMCovarParam: 0
DMCovarParam: 0
DMCovarParam: 0
DMCovarParam: 0
DMCovarParam: 0
DMCovarParam: 0
DMCovarParam: 0
DMCovarParam: 0
DMCovarParam: 0
DMCovarParam: 0
DMCovarParam: 0
DMCovarParam: 0
DMCovarParam: 0
DMCovarParam: 0
DMCovarParam: 0
DMCovarParam: 0
DMCovarParam: 0
DMCovarParam: 0
DMCovarParam: 0
DMCovarParam: 0
DMCovarParam: 0
DMCovarParam: 0
DMCovarParam: 0
DMCovarParam: 0
DMCovarParam: 0
DMCovarParam: 0
DMCovarParam: 0
DMCovarParam: 0
DMCovarParam: 0
DMCovarParam: 0
DMCovarParam: 0
DMCovarParam: 0
DMCovarParam: 0
DMCovarParam: 0
DMCovarParam: 0
DMCovarParam: 0
DMCovarParam: 0
DMCovarParam: 0
DMCovarParam: 0
DMCovarParam: 0
DMCovarParam: 0
DMCovarParam: 0
DMCovarParam: 0
DMCovarParam: 0
DMCovarParam: 0
DMCovarParam: 0
DMCovarParam: 0
DMCovarParam: 0
DMCovarParam: 0
DMCovarParam: 0
DMCovarParam: 0
DMCovarParam: 0
DMCovarParam: 0
DMCovarParam: 0
DMCovarParam: 0
DMCovarParam: 0
DMCovarParam: 0
DMCovarParam: 0
DMCovarParam: 0
DMCovarParam: 0
DMCovarParam: 0
DMCovarParam: 0
DMCovarParam: 0
DMCovarParam: 0
DMCovarParam: 0
DMCovarParam: 0
DMCovarParam: 0
DMCovarParam: 0
DMCovarParam: 0
DMCovarParam: 0
DMCovarParam: 0
DMCovarParam: 0
DMCovarParam: 0
DMCovarParam: 0
DMCovarParam: 0
DMCovarParam: 0
DMCovarParam: 0
DMCovarParam: 0
DMCovarParam: 0
DMCovarParam: 0
DMCovarParam: 0
DMCovarParam: 0
DMCovarParam: 0
DMCovarParam: 0
DMCovarParam: 0
DMCovarParam: 0
DMCovarParam: 0
DMCovarParam: 0
DMCovarParam: 0
DMCovarParam: 0
DMCovarParam: 0
DMCovarParam: 0
DMCovarParam: 0
DMCovarParam: 0
DMCovarParam: 0
DMCovarParam: 0
DMCovarParam: 0
DMCovarParam: 0
DMCovarParam: 0
DMCovarParam: 0
DMCovarParam: 0
DMCovarParam: 0
DMCovarParam: 0
DMCovarParam: 0
DMCovarParam: 0
DMCovarParam: 0
DMCovarParam: 0
DMCovarParam: 0
DMCovarParam: 0
DMCovarParam: 0
DMCovarParam: 0
DMCovarParam: 0
DMCovarParam: 0
DMCovarParam: 0
DMCovarParam: 0
DMCovarParam: 0
DMCovarParam: 0
DMCovarParam: 0
DMCovarParam: 0
DMCovarParam: 0
DMCovarParam: 0
DMCovarParam: 0
DMCovarParam: 0
DMCovarParam: 0
DMCovarParam: 0
DMCovarParam: 0
DMCovarParam: 0
DMCovarParam: 0
DMCovarParam: 0
DMCovarParam: 0
DMCovarParam: 0
DMCovarParam: 0
DMCovarParam: 0
DMCovarParam: 0
DMCovarParam: 0
DMCovarParam: 0
DMCovarParam: 0
DMCovarParam: 0
DMCovarParam: 0
DMCovarParam: 0
DMCovarParam: 0
DMCovarParam: 0
DMCovarParam: 0
DMCovarParam: 0
DMCovarParam: 0
DMCovarParam: 0
DMCovarParam: 0
DMCovarParam: 0
DMCovarParam: 0
DMCovarParam: 0
DMCovarParam: 0
DMCovarParam: 0
DMCovarParam: 0
DMCovarParam: 0
DMCovarParam: 0
DMCovarParam: 0
DMCovarParam: 0
DMCovarParam: 0
DMCovarParam: 0
DMCovarParam: 0
DMCovarParam: 0
DMCovarParam: 0
DMCovarParam: 0
DMCovarParam: 0
DMCovarParam: 0
DMCovarParam: 0
DMCovarParam: 0
DMCovarParam: 0
DMCovarParam: 0
DMCovarParam: 0
DMCovarParam: 0
DMCovarParam: 0
DMCovarParam: 0
DMCovarParam: 0
DMCovarParam: 0
DMCovarParam: 0
DMCovarParam: 0
DMCovarParam: 0
DMCovarParam: 0
DMCovarParam: 0
DMCovarParam: 0
DMCovarParam: 0
DMCovarParam: 0
DMCovarParam: 0
DMCovarParam: 0
DMCovarParam: 0
DMCovarParam: 0
DMCovarParam: 0
DMCovarParam: 0
DMCovarParam: 0
DMCovarParam: 0
DMCovarParam: 0
DMCovarParam: 0
DMCovarParam: 0
DMCovarParam: 0
DMCovarParam: 0
DMCovarParam: 0
DMCovarParam: 0
DMCovarParam: 0
DMCovarParam: 0
DMCovarParam: 0
DMCovarParam: 0
DMCovarParam: 0
DMCovarParam: 0
DMCovarParam: 0
DMCovarParam: 0
DMCovarParam: 0
DMCovarParam: 0
DMCovarParam: 0
DMCovarParam: 0
DMCovarParam: 0
DMCovarParam: 0
DMCovarParam: 0
DMCovarParam: 0
DMCovarParam: 0
DMCovarParam: 0
DMCovarParam: 0
DMCovarParam: 0
DMCovarParam: 0
DMCovarParam: 0
DMCovarParam: 0
DMCovarParam: 0
DMCovarParam: 0
DMCovarParam: 0
DMCovarParam: 0
DMCovarParam: 0
DMCovarParam: 0
DMCovarParam: 0
DMCovarParam: 0
DMCovarParam: 0
DMCovarParam: 0
DMCovarParam: 0
DMCovarParam: 0
DMCovarParam: 0
DMCovarParam: 0
DMCovarParam: 0
DMCovarParam: 0
DMCovarParam: 0
DMCovarParam: 0
DMCovarParam: 0
DMCovarParam: 0
DMCovarParam: 0
1.92416e-11 1.92416e-11 1.92415e-11 1.92415e-11 1.92415e-11 
1.92416e-11 1.92416e-11 1.92415e-11 1.92415e-11 1.92415e-11 
1.92415e-11 1.92415e-11 1.92416e-11 1.92416e-11 1.92415e-11 
1.92415e-11 1.92415e-11 1.92416e-11 1.92416e-11 1.92415e-11 
1.92415e-11 1.92415e-11 1.92415e-11 1.92415e-11 1.92416e-11 

[t2fit.C:1310] if: 1 2 1
[sortToAs.C:14] Sorting ToAs for psr J1640+2224
[t2fit.C:159] Doing a FULL COVARIANCE MATRIX fit
[cholesky.C:64] Reading Cholesky model 'noise.models' for pulsar J1640+2224
[cholesky.C:174] Reading a Tempo2 MODEL file: noise.models
[cholesky.C:671] Generate covar matrix from powerlaw model (a=4.000000 fc=1.000000 A=1.42107e-27)
[choleskyRoutines.C:542] Generating powerlaw model covariance function. nday=5466 npts=16384
m = 14, n = 16384 9.70406 0.693147 14 14
Here 3
2.22302e-12 1.97616e-13 4.05345e-14 2.2857e-14 1.67351e-14 
1.97616e-13 2.22302e-12 9.61125e-13 6.07761e-13 4.67582e-13 
4.05345e-14 9.61125e-13 2.22302e-12 1.90405e-12 1.61764e-12 
2.2857e-14 6.07761e-13 1.90405e-12 2.22302e-12 2.11054e-12 
1.67351e-14 4.67582e-13 1.61764e-12 2.11054e-12 2.22302e-12 

[t2fit.C:1310] if: 1 2 1
[sortToAs.C:14] Sorting ToAs for psr J1643-1224
[t2fit.C:159] Doing a FULL COVARIANCE MATRIX fit
[cholesky.C:64] Reading Cholesky model 'noise.models' for pulsar J1643-1224
[cholesky.C:174] Reading a Tempo2 MODEL file: noise.models
[cholesky.C:671] Generate covar matrix from powerlaw model (a=3.000000 fc=0.100000 A=1.59602e-25)
[choleskyRoutines.C:542] Generating powerlaw model covariance function. nday=6498 npts=16384
m = 14, n = 16384 9.70406 0.693147 14 14
Here 3
3.1789e-11 3.0739e-11 3.07389e-11 3.07246e-11 3.03381e-11 
3.0739e-11 3.1789e-11 3.17889e-11 3.17887e-11 3.17019e-11 
3.07389e-11 3.17889e-11 3.1789e-11 3.17887e-11 3.17019e-11 
3.07246e-11 3.17887e-11 3.17887e-11 3.1789e-11 3.17076e-11 
3.03381e-11 3.17019e-11 3.17019e-11 3.17076e-11 3.1789e-11 

[t2fit.C:1310] if: 1 2 1
[sortToAs.C:14] Sorting ToAs for psr J1713+0747
[t2fit.C:159] Doing a FULL COVARIANCE MATRIX fit
[cholesky.C:64] Reading Cholesky model 'noise.models' for pulsar J1713+0747
[cholesky.C:174] Reading a Tempo2 MODEL file: noise.models
[cholesky.C:671] Generate covar matrix from powerlaw model (a=3.000000 fc=0.070000 A=4.71009e-27)
[choleskyRoutines.C:542] Generating powerlaw model covariance function. nday=6505 npts=16384
m = 14, n = 16384 9.70406 0.693147 14 14
Here 3
6.56697e-13 6.39444e-13 6.1031e-13 5.89344e-13 5.82538e-13 
6.39444e-13 6.56697e-13 6.4267e-13 6.26594e-13 6.20919e-13 
6.1031e-13 6.4267e-13 6.56697e-13 6.50496e-13 6.46952e-13 
5.89344e-13 6.26594e-13 6.50496e-13 6.56697e-13 6.55882e-13 
5.82538e-13 6.20919e-13 6.46952e-13 6.55882e-13 6.56697e-13 

[t2fit.C:1310] if: 1 2 1
[sortToAs.C:14] Sorting ToAs for psr J1721-2457
[t2fit.C:159] Doing a FULL COVARIANCE MATRIX fit
[cholesky.C:64] Reading Cholesky model 'noise.models' for pulsar J1721-2457
[cholesky.C:174] Reading a Tempo2 MODEL file: noise.models
[cholesky.C:671] Generate covar matrix from powerlaw model (a=4.000000 fc=1.000000 A=2.4091e-25)
[choleskyRoutines.C:542] Generating powerlaw model covariance function. nday=3778 npts=8192
m = 13, n = 8192 9.01091 0.693147 13 13
Here 3
3.76862e-10 3.32909e-10 2.49546e-10 8.09441e-11 5.20024e-11 
3.32909e-10 3.76862e-10 3.28752e-10 1.23398e-10 8.10892e-11 
2.49546e-10 3.28752e-10 3.76862e-10 1.86176e-10 1.26522e-10 
8.09441e-11 1.23398e-10 1.86176e-10 3.76862e-10 3.33203e-10 
5.20024e-11 8.10892e-11 1.26522e-10 3.33203e-10 3.76862e-10 

[t2fit.C:1310] if: 1 2 1
[sortToAs.C:14] Sorting ToAs for psr J1730-2304
[t2fit.C:159] Doing a FULL COVARIANCE MATRIX fit
[cholesky.C:64] Reading Cholesky model 'noise.models' for pulsar J1730-2304
[cholesky.C:174] Reading a Tempo2 MODEL file: noise.models
[cholesky.C:671] Generate covar matrix from powerlaw model (a=4.000000 fc=0.300000 A=2.01716e-26)
[choleskyRoutines.C:542] Generating powerlaw model covariance function. nday=6499 npts=16384
m = 14, n = 16384 9.70406 0.693147 14 14
Here 3
9.4665e-12 8.25581e-12 8.20997e-12 5.33581e-12 5.01395e-12 
8.25581e-12 9.4665e-12 9.4655e-12 7.43519e-12 7.07878e-12 
8.20997e-12 9.4655e-12 9.4665e-12 7.48502e-12 7.12913e-12 
5.33581e-12 7.43519e-12 7.48502e-12 9.4665e-12 9.41979e-12 
5.01395e-12 7.07878e-12 7.12913e-12 9.41979e-12 9.4665e-12 

[t2fit.C:1310] if: 1 2 1
[sortToAs.C:14] Sorting ToAs for psr J1732-5049
[t2fit.C:159] Doing a FULL COVARIANCE MATRIX fit
[cholesky.C:64] Reading Cholesky model 'noise.models' for pulsar J1732-5049
[cholesky.C:174] Reading a Tempo2 MODEL file: noise.models
[cholesky.C:671] Generate covar matrix from powerlaw model (a=4.000000 fc=0.200000 A=1.82694e-26)
[choleskyRoutines.C:542] Generating powerlaw model covariance function. nday=2936 npts=8192
m = 13, n = 8192 9.01091 0.693147 13 13
Here 3
5.71587e-12 5.71587e-12 5.71502e-12 5.68793e-12 5.68793e-12 
5.71587e-12 5.71587e-12 5.71502e-12 5.68793e-12 5.68793e-12 
5.71502e-12 5.71502e-12 5.71587e-12 5.69634e-12 5.69634e-12 
5.68793e-12 5.68793e-12 5.69634e-12 5.71587e-12 5.71587e-12 
5.68793e-12 5.68793e-12 5.69634e-12 5.71587e-12 5.71587e-12 

[t2fit.C:1310] if: 1 2 1
[sortToAs.C:14] Sorting ToAs for psr J1738+0333
[t2fit.C:159] Doing a FULL COVARIANCE MATRIX fit
[cholesky.C:64] Reading Cholesky model 'noise.models' for pulsar J1738+0333
[cholesky.C:174] Reading a Tempo2 MODEL file: noise.models
[cholesky.C:671] Generate covar matrix from powerlaw model (a=3.000000 fc=0.500000 A=1.8891e-27)
[choleskyRoutines.C:542] Generating powerlaw model covariance function. nday=1803 npts=4096
m = 12, n = 4096 8.31777 0.693147 12 12
Here 3
1.88131e-12 1.88004e-12 1.88002e-12 1.88002e-12 1.85645e-12 
1.88004e-12 1.88131e-12 1.88131e-12 1.88131e-12 1.86353e-12 
1.88002e-12 1.88131e-12 1.88131e-12 1.88131e-12 1.86356e-12 
1.88002e-12 1.88131e-12 1.88131e-12 1.88131e-12 1.86358e-12 
1.85645e-12 1.86353e-12 1.86356e-12 1.86358e-12 1.88131e-12 

[t2fit.C:1310] if: 1 2 1
[sortToAs.C:14] Sorting ToAs for psr J1744-1134
[t2fit.C:159] Doing a FULL COVARIANCE MATRIX fit
[cholesky.C:64] Reading Cholesky model 'noise.models' for pulsar J1744-1134
[cholesky.C:174] Reading a Tempo2 MODEL file: noise.models
[cholesky.C:671] Generate covar matrix from powerlaw model (a=1.500000 fc=0.200000 A=1.17822e-28)
[choleskyRoutines.C:542] Generating powerlaw model covariance function. nday=6005 npts=16384
m = 14, n = 16384 9.70406 0.693147 14 14
Here 3
1.19959e-13 1.13434e-13 1.13405e-13 1.11529e-13 1.1149e-13 
1.13434e-13 1.19959e-13 1.19924e-13 1.16776e-13 1.16709e-13 
1.13405e-13 1.19924e-13 1.19959e-13 1.16811e-13 1.16744e-13 
1.11529e-13 1.16776e-13 1.16811e-13 1.19959e-13 1.19892e-13 
1.1149e-13 1.16709e-13 1.16744e-13 1.19892e-13 1.19959e-13 

[t2fit.C:1310] if: 1 2 1
[sortToAs.C:14] Sorting ToAs for psr J1751-2857
[t2fit.C:159] Doing a FULL COVARIANCE MATRIX fit
[cholesky.C:64] Reading Cholesky model 'noise.models' for pulsar J1751-2857
[cholesky.C:174] Reading a Tempo2 MODEL file: noise.models
[cholesky.C:671] Generate covar matrix from powerlaw model (a=3.000000 fc=0.400000 A=1.05861e-26)
[choleskyRoutines.C:542] Generating powerlaw model covariance function. nday=2091 npts=8192
m = 13, n = 8192 9.01091 0.693147 13 13
Here 3
8.43399e-12 8.42057e-12 8.39841e-12 8.36844e-12 8.33211e-12 
8.42057e-12 8.43399e-12 8.42598e-12 8.4068e-12 8.37937e-12 
8.39841e-12 8.42598e-12 8.43399e-12 8.42595e-12 8.40683e-12 
8.36844e-12 8.4068e-12 8.42595e-12 8.43399e-12 8.42599e-12 
8.33211e-12 8.37937e-12 8.40683e-12 8.42599e-12 8.43399e-12 

[t2fit.C:1310] if: 1 2 1
[sortToAs.C:14] Sorting ToAs for psr J1801-1417
[t2fit.C:159] Doing a FULL COVARIANCE MATRIX fit
[cholesky.C:64] Reading Cholesky model 'noise.models' for pulsar J1801-1417
[cholesky.C:174] Reading a Tempo2 MODEL file: noise.models
[cholesky.C:671] Generate covar matrix from powerlaw model (a=4.000000 fc=0.300000 A=1.33307e-25)
[choleskyRoutines.C:542] Generating powerlaw model covariance function. nday=1737 npts=4096
m = 12, n = 4096 8.31777 0.693147 12 12
Here 3
6.25608e-11 6.21886e-11 6.07474e-11 5.85106e-11 5.53108e-11 
6.21886e-11 6.25608e-11 6.19292e-11 6.02702e-11 5.75077e-11 
6.07474e-11 6.19292e-11 6.25608e-11 6.19295e-11 5.99788e-11 
5.85106e-11 6.02702e-11 6.19295e-11 6.25608e-11 6.17544e-11 
5.53108e-11 5.75077e-11 5.99788e-11 6.17544e-11 6.25608e-11 

[t2fit.C:1310] if: 1 2 1
[sortToAs.C:14] Sorting ToAs for psr J1802-2124
[t2fit.C:159] Doing a FULL COVARIANCE MATRIX fit
[cholesky.C:64] Reading Cholesky model 'noise.models' for pulsar J1802-2124
[cholesky.C:174] Reading a Tempo2 MODEL file: noise.models
[cholesky.C:671] Generate covar matrix from powerlaw model (a=4.000000 fc=0.400000 A=4.99447e-26)
[choleskyRoutines.C:542] Generating powerlaw model covariance function. nday=1715 npts=4096
m = 12, n = 4096 8.31777 0.693147 12 12
Here 3
3.1252e-11 3.1252e-11 3.12519e-11 3.12519e-11 3.12519e-11 
3.1252e-11 3.1252e-11 3.1252e-11 3.12519e-11 3.12519e-11 
3.12519e-11 3.1252e-11 3.1252e-11 3.1252e-11 3.12519e-11 
3.12519e-11 3.12519e-11 3.1252e-11 3.1252e-11 3.1252e-11 
3.12519e-11 3.12519e-11 3.12519e-11 3.1252e-11 3.1252e-11 

[t2fit.C:1310] if: 1 2 1
[sortToAs.C:14] Sorting ToAs for psr J1804-2717
[t2fit.C:159] Doing a FULL COVARIANCE MATRIX fit
[cholesky.C:64] Reading Cholesky model 'noise.models' for pulsar J1804-2717
[cholesky.C:174] Reading a Tempo2 MODEL file: noise.models
[cholesky.C:671] Generate covar matrix from powerlaw model (a=3.000000 fc=0.500000 A=1.95346e-26)
[choleskyRoutines.C:542] Generating powerlaw model covariance function. nday=2168 npts=8192
m = 13, n = 8192 9.01091 0.693147 13 13
Here 3
1.94541e-11 1.88234e-11 1.69718e-11 1.68971e-11 1.65176e-11 
1.88234e-11 1.94541e-11 1.82981e-11 1.82344e-11 1.7902e-11 
1.69718e-11 1.82981e-11 1.94541e-11 1.94503e-11 1.93612e-11 
1.68971e-11 1.82344e-11 1.94503e-11 1.94541e-11 1.93862e-11 
1.65176e-11 1.7902e-11 1.93612e-11 1.93862e-11 1.94541e-11 

[t2fit.C:1310] if: 1 2 1
[sortToAs.C:14] Sorting ToAs for psr J1824-2452A
[t2fit.C:159] Doing a FULL COVARIANCE MATRIX fit
[cholesky.C:64] Reading Cholesky model 'noise.models' for pulsar J1824-2452A
[cholesky.C:174] Reading a Tempo2 MODEL file: noise.models
[cholesky.C:671] Generate covar matrix from powerlaw model (a=3.500000 fc=0.170000 A=6.26696e-25)
[choleskyRoutines.C:542] Generating powerlaw model covariance function. nday=2101 npts=8192
m = 13, n = 8192 9.01091 0.693147 13 13
Here 3
1.85466e-10 1.85466e-10 1.85239e-10 1.85239e-10 1.82862e-10 
1.85466e-10 1.85466e-10 1.85239e-10 1.85239e-10 1.82862e-10 
1.85239e-10 1.85239e-10 1.85466e-10 1.85466e-10 1.84003e-10 
1.85239e-10 1.85239e-10 1.85466e-10 1.85466e-10 1.84003e-10 
1.82862e-10 1.82862e-10 1.84003e-10 1.84003e-10 1.85466e-10 

[t2fit.C:1310] if: 1 2 1
[sortToAs.C:14] Sorting ToAs for psr J1843-1113
[t2fit.C:159] Doing a FULL COVARIANCE MATRIX fit
[cholesky.C:64] Reading Cholesky model 'noise.models' for pulsar J1843-1113
[cholesky.C:174] Reading a Tempo2 MODEL file: noise.models
[cholesky.C:671] Generate covar matrix from powerlaw model (a=4.000000 fc=0.200000 A=2.69402e-26)
[choleskyRoutines.C:542] Generating powerlaw model covariance function. nday=2768 npts=8192
m = 13, n = 8192 9.01091 0.693147 13 13
Here 3
8.42866e-12 8.41785e-12 8.00397e-12 7.96006e-12 7.95258e-12 
8.41785e-12 8.42866e-12 8.10719e-12 8.06745e-12 8.06064e-12 
8.00397e-12 8.10719e-12 8.42866e-12 8.42691e-12 8.42629e-12 
7.96006e-12 8.06745e-12 8.42691e-12 8.42866e-12 8.42861e-12 
7.95258e-12 8.06064e-12 8.42629e-12 8.42861e-12 8.42866e-12 

[t2fit.C:1310] if: 1 2 1
[sortToAs.C:14] Sorting ToAs for psr J1853+1303
[t2fit.C:159] Doing a FULL COVARIANCE MATRIX fit
[cholesky.C:64] Reading Cholesky model 'noise.models' for pulsar J1853+1303
[cholesky.C:174] Reading a Tempo2 MODEL file: noise.models
[cholesky.C:671] Generate covar matrix from powerlaw model (a=4.000000 fc=2.000000 A=4.37242e-28)
[choleskyRoutines.C:542] Generating powerlaw model covariance function. nday=2553 npts=8192
m = 13, n = 8192 9.01091 0.693147 13 13
Here 3
1.36798e-12 1.11183e-12 6.53709e-13 4.74973e-13 2.35775e-13 
1.11183e-12 1.36798e-12 1.02606e-12 7.90115e-13 4.21262e-13 
6.53709e-13 1.02606e-12 1.36798e-12 1.25261e-12 7.90281e-13 
4.74973e-13 7.90115e-13 1.25261e-12 1.36798e-12 1.02624e-12 
2.35775e-13 4.21262e-13 7.90281e-13 1.02624e-12 1.36798e-12 

[t2fit.C:1310] if: 1 2 1
[sortToAs.C:14] Sorting ToAs for psr J1857+0943
[t2fit.C:159] Doing a FULL COVARIANCE MATRIX fit
[cholesky.C:64] Reading Cholesky model 'noise.models' for pulsar J1857+0943
[cholesky.C:174] Reading a Tempo2 MODEL file: noise.models
[cholesky.C:671] Generate covar matrix from powerlaw model (a=1.500000 fc=0.070000 A=4.26553e-27)
[choleskyRoutines.C:542] Generating powerlaw model covariance function. nday=5458 npts=16384
m = 14, n = 16384 9.70406 0.693147 14 14
Here 3
1.53609e-12 1.51159e-12  1.486e-12 1.48429e-12 1.47492e-12 
1.51159e-12 1.53609e-12 1.5066e-12 1.50419e-12 1.49066e-12 
 1.486e-12 1.5066e-12 1.53609e-12 1.53322e-12 1.51712e-12 
1.48429e-12 1.50419e-12 1.53322e-12 1.53609e-12   1.52e-12 
1.47492e-12 1.49066e-12 1.51712e-12   1.52e-12 1.53609e-12 

[t2fit.C:1310] if: 1 2 1
[sortToAs.C:14] Sorting ToAs for psr J1909-3744
[t2fit.C:159] Doing a FULL COVARIANCE MATRIX fit
[cholesky.C:64] Reading Cholesky model 'noise.models' for pulsar J1909-3744
[cholesky.C:174] Reading a Tempo2 MODEL file: noise.models
[cholesky.C:671] Generate covar matrix from powerlaw model (a=1.500000 fc=0.070000 A=2.55001e-28)
[choleskyRoutines.C:542] Generating powerlaw model covariance function. nday=3296 npts=8192
m = 13, n = 8192 9.01091 0.693147 13 13
Here 3
9.18334e-14 9.02395e-14 9.02394e-14 8.70678e-14 8.70678e-14 
9.02395e-14 9.18334e-14 9.18334e-14 8.78954e-14 8.78954e-14 
9.02394e-14 9.18334e-14 9.18334e-14 8.78954e-14 8.78954e-14 
8.70678e-14 8.78954e-14 8.78954e-14 9.18334e-14 9.18334e-14 
8.70678e-14 8.78954e-14 8.78954e-14 9.18334e-14 9.18334e-14 

[t2fit.C:1310] if: 1 2 1
[sortToAs.C:14] Sorting ToAs for psr J1910+1256
[t2fit.C:159] Doing a FULL COVARIANCE MATRIX fit
[cholesky.C:64] Reading Cholesky model 'noise.models' for pulsar J1910+1256
[cholesky.C:174] Reading a Tempo2 MODEL file: noise.models
[cholesky.C:671] Generate covar matrix from powerlaw model (a=3.000000 fc=0.300000 A=5.86889e-27)
[choleskyRoutines.C:542] Generating powerlaw model covariance function. nday=2517 npts=8192
m = 13, n = 8192 9.01091 0.693147 13 13
Here 3
3.50683e-12 3.43911e-12 3.26787e-12 3.1644e-12 2.93922e-12 
3.43911e-12 3.50683e-12 3.41344e-12 3.32957e-12 3.12569e-12 
3.26787e-12 3.41344e-12 3.50683e-12 3.47737e-12 3.32981e-12 
3.1644e-12 3.32957e-12 3.47737e-12 3.50683e-12 3.41364e-12 
2.93922e-12 3.12569e-12 3.32981e-12 3.41364e-12 3.50683e-12 

[t2fit.C:1310] if: 1 2 1
[sortToAs.C:14] Sorting ToAs for psr J1911-1114
[t2fit.C:159] Doing a FULL COVARIANCE MATRIX fit
[cholesky.C:64] Reading Cholesky model 'noise.models' for pulsar J1911-1114
[cholesky.C:174] Reading a Tempo2 MODEL file: noise.models
[cholesky.C:671] Generate covar matrix from powerlaw model (a=3.000000 fc=0.800000 A=9.95153e-28)
[choleskyRoutines.C:542] Generating powerlaw model covariance function. nday=2066 npts=8192
m = 13, n = 8192 9.01091 0.693147 13 13
Here 3
1.58567e-12 1.31779e-12 9.53046e-13 8.22163e-13 7.42427e-13 
1.31779e-12 1.58567e-12 1.30727e-12 1.1555e-12 1.05673e-12 
9.53046e-13 1.30727e-12 1.58567e-12 1.51137e-12 1.42504e-12 
8.22163e-13 1.1555e-12 1.51137e-12 1.58567e-12 1.54673e-12 
7.42427e-13 1.05673e-12 1.42504e-12 1.54673e-12 1.58567e-12 

[t2fit.C:1310] if: 1 2 1
[sortToAs.C:14] Sorting ToAs for psr J1911+1347
[t2fit.C:159] Doing a FULL COVARIANCE MATRIX fit
[cholesky.C:64] Reading Cholesky model 'noise.models' for pulsar J1911+1347
[cholesky.C:174] Reading a Tempo2 MODEL file: noise.models
[cholesky.C:671] Generate covar matrix from powerlaw model (a=3.000000 fc=0.400000 A=3.77936e-28)
[choleskyRoutines.C:542] Generating powerlaw model covariance function. nday=1777 npts=4096
m = 12, n = 4096 8.31777 0.693147 12 12
Here 3
3.01103e-13 3.00819e-13 3.00399e-13 2.99153e-13 2.9877e-13 
3.00819e-13 3.01103e-13 3.00964e-13 3.00131e-13 2.99833e-13 
3.00399e-13 3.00964e-13 3.01103e-13 3.00625e-13 3.00396e-13 
2.99153e-13 3.00131e-13 3.00625e-13 3.01103e-13 3.01064e-13 
2.9877e-13 2.99833e-13 3.00396e-13 3.01064e-13 3.01103e-13 

[t2fit.C:1310] if: 1 2 1
[sortToAs.C:14] Sorting ToAs for psr J1918-0642
[t2fit.C:159] Doing a FULL COVARIANCE MATRIX fit
[cholesky.C:64] Reading Cholesky model 'noise.models' for pulsar J1918-0642
[cholesky.C:174] Reading a Tempo2 MODEL file: noise.models
[cholesky.C:671] Generate covar matrix from powerlaw model (a=4.000000 fc=0.500000 A=1.71992e-27)
[choleskyRoutines.C:542] Generating powerlaw model covariance function. nday=3820 npts=8192
m = 13, n = 8192 9.01091 0.693147 13 13
Here 3
1.34526e-12 1.34358e-12 1.33492e-12 1.11764e-12 9.7082e-13 
1.34358e-12 1.34526e-12 1.3413e-12 1.14146e-12 9.95897e-13 
1.33492e-12 1.3413e-12 1.34526e-12 1.17734e-12 1.03479e-12 
1.11764e-12 1.14146e-12 1.17734e-12 1.34526e-12 1.29554e-12 
9.7082e-13 9.95897e-13 1.03479e-12 1.29554e-12 1.34526e-12 

[t2fit.C:1310] if: 1 2 1
[sortToAs.C:14] Sorting ToAs for psr J1955+2908
[t2fit.C:159] Doing a FULL COVARIANCE MATRIX fit
[cholesky.C:64] Reading Cholesky model 'noise.models' for pulsar J1955+2908
[cholesky.C:174] Reading a Tempo2 MODEL file: noise.models
[cholesky.C:671] Generate covar matrix from powerlaw model (a=5.000000 fc=0.800000 A=9.46096e-27)
[choleskyRoutines.C:542] Generating powerlaw model covariance function. nday=2121 npts=8192
m = 13, n = 8192 9.01091 0.693147 13 13
Here 3
1.00501e-11 9.94641e-12 9.6806e-12 8.75741e-12 8.44474e-12 
9.94641e-12 1.00501e-11 9.95942e-12 9.2853e-12 9.01485e-12 
9.6806e-12 9.95942e-12 1.00501e-11 9.6806e-12 9.46852e-12 
8.75741e-12 9.2853e-12 9.6806e-12 1.00501e-11 1.00201e-11 
8.44474e-12 9.01485e-12 9.46852e-12 1.00201e-11 1.00501e-11 

[t2fit.C:1310] if: 1 2 1
[sortToAs.C:14] Sorting ToAs for psr J2010-1323
[t2fit.C:159] Doing a FULL COVARIANCE MATRIX fit
[cholesky.C:64] Reading Cholesky model 'noise.models' for pulsar J2010-1323
[cholesky.C:174] Reading a Tempo2 MODEL file: noise.models
[cholesky.C:671] Generate covar matrix from powerlaw model (a=4.000000 fc=0.300000 A=8.09517e-28)
[choleskyRoutines.C:542] Generating powerlaw model covariance function. nday=1831 npts=4096
m = 12, n = 4096 8.31777 0.693147 12 12
Here 3
3.79905e-13 3.7986e-13 3.79781e-13 3.79728e-13 3.79593e-13 
3.7986e-13 3.79905e-13 3.79885e-13 3.7986e-13 3.79782e-13 
3.79781e-13 3.79885e-13 3.79905e-13  3.799e-13 3.79861e-13 
3.79728e-13 3.7986e-13  3.799e-13 3.79905e-13 3.79885e-13 
3.79593e-13 3.79782e-13 3.79861e-13 3.79885e-13 3.79905e-13 

[t2fit.C:1310] if: 1 2 1
[sortToAs.C:14] Sorting ToAs for psr J2019+2425
[t2fit.C:159] Doing a FULL COVARIANCE MATRIX fit
[cholesky.C:64] Reading Cholesky model 'noise.models' for pulsar J2019+2425
[cholesky.C:174] Reading a Tempo2 MODEL file: noise.models
[cholesky.C:671] Generate covar matrix from powerlaw model (a=4.000000 fc=0.400000 A=3.40917e-26)
[choleskyRoutines.C:542] Generating powerlaw model covariance function. nday=2475 npts=8192
m = 13, n = 8192 9.01091 0.693147 13 13
Here 3
2.13322e-11  2.132e-11 3.5638e-12 3.1906e-12 2.82307e-12 
 2.132e-11 2.13322e-11 3.65828e-12 3.27606e-12 2.89948e-12 
3.5638e-12 3.65828e-12 2.13322e-11 2.11309e-11 2.05352e-11 
3.1906e-12 3.27606e-12 2.11309e-11 2.13322e-11 2.10929e-11 
2.82307e-12 2.89948e-12 2.05352e-11 2.10929e-11 2.13322e-11 

[t2fit.C:1310] if: 1 2 1
[sortToAs.C:14] Sorting ToAs for psr J2033+1734
[t2fit.C:159] Doing a FULL COVARIANCE MATRIX fit
[cholesky.C:64] Reading Cholesky model 'noise.models' for pulsar J2033+1734
[cholesky.C:174] Reading a Tempo2 MODEL file: noise.models
[cholesky.C:671] Generate covar matrix from powerlaw model (a=3.000000 fc=0.400000 A=8.65127e-26)
[choleskyRoutines.C:542] Generating powerlaw model covariance function. nday=2024 npts=4096
m = 12, n = 4096 8.31777 0.693147 12 12
Here 3
6.8925e-11 6.88159e-11 6.63443e-11 5.44174e-11 5.33124e-11 
6.88159e-11 6.8925e-11 6.69479e-11 5.52987e-11 5.41942e-11 
6.63443e-11 6.69479e-11 6.8925e-11 6.00749e-11 5.90075e-11 
5.44174e-11 5.52987e-11 6.00749e-11 6.8925e-11 6.87628e-11 
5.33124e-11 5.41942e-11 5.90075e-11 6.87628e-11 6.8925e-11 

[t2fit.C:1310] if: 1 2 1
[sortToAs.C:14] Sorting ToAs for psr J2124-3358
[t2fit.C:159] Doing a FULL COVARIANCE MATRIX fit
[cholesky.C:64] Reading Cholesky model 'noise.models' for pulsar J2124-3358
[cholesky.C:174] Reading a Tempo2 MODEL file: noise.models
[cholesky.C:671] Generate covar matrix from powerlaw model (a=3.000000 fc=0.070000 A=2.61433e-25)
[choleskyRoutines.C:542] Generating powerlaw model covariance function. nday=6435 npts=16384
m = 14, n = 16384 9.70406 0.693147 14 14
Here 3
3.64499e-11 3.64499e-11 3.63673e-11 3.63672e-11 3.63621e-11 
3.64499e-11 3.64499e-11 3.63673e-11 3.63673e-11 3.63622e-11 
3.63673e-11 3.63673e-11 3.64499e-11 3.64499e-11 3.64497e-11 
3.63672e-11 3.63673e-11 3.64499e-11 3.64499e-11 3.64497e-11 
3.63621e-11 3.63622e-11 3.64497e-11 3.64497e-11 3.64499e-11 

[t2fit.C:1310] if: 1 2 1
[sortToAs.C:14] Sorting ToAs for psr J2129-5721
[t2fit.C:159] Doing a FULL COVARIANCE MATRIX fit
[cholesky.C:64] Reading Cholesky model 'noise.models' for pulsar J2129-5721
[cholesky.C:174] Reading a Tempo2 MODEL file: noise.models
[cholesky.C:671] Generate covar matrix from powerlaw model (a=3.000000 fc=0.300000 A=1.3839e-27)
[choleskyRoutines.C:542] Generating powerlaw model covariance function. nday=5631 npts=16384
m = 14, n = 16384 9.70406 0.693147 14 14
Here 3
8.2692e-13 6.2153e-13 6.2153e-13 6.21296e-13 6.21296e-13 
6.2153e-13 8.2692e-13 8.2692e-13 8.26912e-13 8.26912e-13 
6.2153e-13 8.2692e-13 8.2692e-13 8.26912e-13 8.26912e-13 
6.21296e-13 8.26912e-13 8.26912e-13 8.2692e-13 8.2692e-13 
6.21296e-13 8.26912e-13 8.26912e-13 8.2692e-13 8.2692e-13 

[t2fit.C:1310] if: 1 2 1
[sortToAs.C:14] Sorting ToAs for psr J2145-0750
[t2fit.C:159] Doing a FULL COVARIANCE MATRIX fit
[cholesky.C:64] Reading Cholesky model 'noise.models' for pulsar J2145-0750
[cholesky.C:174] Reading a Tempo2 MODEL file: noise.models
[cholesky.C:671] Generate covar matrix from powerlaw model (a=3.500000 fc=0.070000 A=2.10773e-25)
[choleskyRoutines.C:542] Generating powerlaw model covariance function. nday=6405 npts=16384
m = 14, n = 16384 9.70406 0.693147 14 14
Here 3
2.56845e-11 2.56845e-11 2.56845e-11 2.56845e-11 2.56845e-11 
2.56845e-11 2.56845e-11 2.56845e-11 2.56845e-11 2.56845e-11 
2.56845e-11 2.56845e-11 2.56845e-11 2.56845e-11 2.56845e-11 
2.56845e-11 2.56845e-11 2.56845e-11 2.56845e-11 2.56845e-11 
2.56845e-11 2.56845e-11 2.56845e-11 2.56845e-11 2.56845e-11 

[t2fit.C:1310] if: 1 2 1
[sortToAs.C:14] Sorting ToAs for psr J2229+2643
[t2fit.C:159] Doing a FULL COVARIANCE MATRIX fit
[cholesky.C:64] Reading Cholesky model 'noise.models' for pulsar J2229+2643
[cholesky.C:174] Reading a Tempo2 MODEL file: noise.models
[cholesky.C:671] Generate covar matrix from powerlaw model (a=4.000000 fc=0.700000 A=4.3802e-27)
[choleskyRoutines.C:542] Generating powerlaw model covariance function. nday=2131 npts=8192
m = 13, n = 8192 9.01091 0.693147 13 13
Here 3
4.79645e-12 3.85064e-12 3.66173e-12 3.36546e-12 2.1161e-12 
3.85064e-12 4.79645e-12 4.77035e-12 4.6439e-12 3.42778e-12 
3.66173e-12 4.77035e-12 4.79645e-12 4.7358e-12 3.61845e-12 
3.36546e-12 4.6439e-12 4.7358e-12 4.79645e-12 3.91168e-12 
2.1161e-12 3.42778e-12 3.61845e-12 3.91168e-12 4.79645e-12 

[t2fit.C:1310] if: 1 2 1
[sortToAs.C:14] Sorting ToAs for psr J2317+1439
[t2fit.C:159] Doing a FULL COVARIANCE MATRIX fit
[cholesky.C:64] Reading Cholesky model 'noise.models' for pulsar J2317+1439
[cholesky.C:174] Reading a Tempo2 MODEL file: noise.models
[cholesky.C:671] Generate covar matrix from powerlaw model (a=3.000000 fc=0.070000 A=2.04548e-24)
[choleskyRoutines.C:542] Generating powerlaw model covariance function. nday=5459 npts=16384
m = 14, n = 16384 9.70406 0.693147 14 14
Here 3
2.85188e-10 2.54169e-10 2.41293e-10 2.41281e-10 2.41136e-10 
2.54169e-10 2.85188e-10 2.80959e-10 2.80953e-10 2.80875e-10 
2.41293e-10 2.80959e-10 2.85188e-10 2.85188e-10 2.85186e-10 
2.41281e-10 2.80953e-10 2.85188e-10 2.85188e-10 2.85187e-10 
2.41136e-10 2.80875e-10 2.85186e-10 2.85187e-10 2.85188e-10 

[t2fit.C:1310] if: 1 2 1
[sortToAs.C:14] Sorting ToAs for psr J2322+2057
[t2fit.C:159] Doing a FULL COVARIANCE MATRIX fit
[cholesky.C:64] Reading Cholesky model 'noise.models' for pulsar J2322+2057
[cholesky.C:174] Reading a Tempo2 MODEL file: noise.models
[cholesky.C:671] Generate covar matrix from powerlaw model (a=2.000000 fc=0.200000 A=1.55902e-25)
[choleskyRoutines.C:542] Generating powerlaw model covariance function. nday=2005 npts=4096
m = 12, n = 4096 8.31777 0.693147 12 12
Here 3
9.74849e-11 7.48999e-11 5.18871e-11 1.11948e-11 1.10425e-11 
7.48999e-11 9.74849e-11 6.75801e-11 1.45803e-11 1.43819e-11 
5.18871e-11 6.75801e-11 9.74849e-11 2.10466e-11 2.07602e-11 
1.11948e-11 1.45803e-11 2.10466e-11 9.74849e-11 9.62245e-11 
1.10425e-11 1.43819e-11 2.07602e-11 9.62245e-11 9.74849e-11 

[TKfit.C:327] SVD nparams=635 nconst=592 ndata=29104
SVD: parameters before 1.39869e+22 after 1.39869e+22
SVD: parameters before 4.38716e+20 after 4.38716e+20
SVD: parameters before 1.95008e+17 after 1.95008e+17
SVD: parameters before 5.63246e+16 after 5.63246e+16
SVD: parameters before 3.32184e+15 after 3.32184e+15
SVD: parameters before 4.41852e+13 after 4.41852e+13
SVD: parameters before 1.48815e+13 after 1.48815e+13
SVD: parameters before 1.39835e+13 after 1.39835e+13
SVD: parameters before 1.08431e+13 after 1.08431e+13
SVD: parameters before 1.02132e+13 after 1.02132e+13
SVD: parameters before 9.49443e+12 after 9.49443e+12
SVD: parameters before 9.78245e+12 after 9.78245e+12
SVD: parameters before 9.734e+12 after 9.734e+12
SVD: parameters before 7.34188e+12 after 7.34188e+12
SVD: parameters before 7.2713e+12 after 7.2713e+12
SVD: parameters before 7.2389e+12 after 7.2389e+12
SVD: parameters before 5.21938e+12 after 5.21938e+12
SVD: parameters before 4.59964e+12 after 4.59964e+12
SVD: parameters before 3.65705e+12 after 3.65705e+12
SVD: parameters before 3.28815e+12 after 3.28815e+12
SVD: parameters before 2.98322e+12 after 2.98322e+12
SVD: parameters before 2.82251e+12 after 2.82251e+12
SVD: parameters before 2.67495e+12 after 2.67495e+12
SVD: parameters before 2.25163e+12 after 2.25163e+12
SVD: parameters before 2.28865e+12 after 2.28865e+12
SVD: parameters before 2.2809e+12 after 2.2809e+12
SVD: parameters before 2.1428e+12 after 2.1428e+12
SVD: parameters before 2.09825e+12 after 2.09825e+12
SVD: parameters before 1.99478e+12 after 1.99478e+12
SVD: parameters before 1.98672e+12 after 1.98672e+12
SVD: parameters before 1.95567e+12 after 1.95567e+12
SVD: parameters before 1.31357e+12 after 1.31357e+12
SVD: parameters before 1.19056e+12 after 1.19056e+12
SVD: parameters before 1.04691e+12 after 1.04691e+12
SVD: parameters before 1.02275e+12 after 1.02275e+12
SVD: parameters before 9.34823e+11 after 9.34823e+11
SVD: parameters before 8.8713e+11 after 8.8713e+11
SVD: parameters before 8.22616e+11 after 8.22616e+11
SVD: parameters before 8.02093e+11 after 8.02093e+11
SVD: parameters before 7.94146e+11 after 7.94146e+11
SVD: parameters before 7.8686e+11 after 7.8686e+11
SVD: parameters before 7.7201e+11 after 7.7201e+11
SVD: parameters before 7.41298e+11 after 7.41298e+11
SVD: parameters before 7.41995e+11 after 7.41995e+11
SVD: parameters before 7.12703e+11 after 7.12703e+11
SVD: parameters before 6.7306e+11 after 6.7306e+11
SVD: parameters before 6.45459e+11 after 6.45459e+11
SVD: parameters before 6.16714e+11 after 6.16714e+11
SVD: parameters before 5.99016e+11 after 5.99016e+11
SVD: parameters before 5.92778e+11 after 5.92778e+11
SVD: parameters before 5.82668e+11 after 5.82668e+11
SVD: parameters before 5.7756e+11 after 5.7756e+11
SVD: parameters before 5.68975e+11 after 5.68975e+11
SVD: parameters before 5.02863e+11 after 5.02863e+11
SVD: parameters before 5.03932e+11 after 5.03932e+11
SVD: parameters before 4.45686e+11 after 4.45686e+11
SVD: parameters before 4.29728e+11 after 4.29728e+11
SVD: parameters before 4.15221e+11 after 4.15221e+11
SVD: parameters before 3.71643e+11 after 3.71643e+11
SVD: parameters before 3.58005e+11 after 3.58005e+11
SVD: parameters before 3.27736e+11 after 3.27736e+11
SVD: parameters before 2.99723e+11 after 2.99723e+11
SVD: parameters before 3.11479e+11 after 3.11479e+11
SVD: parameters before 3.09586e+11 after 3.09586e+11
SVD: parameters before 3.18881e+11 after 3.18881e+11
SVD: parameters before 3.18067e+11 after 3.18067e+11
SVD: parameters before 3.18115e+11 after 3.18115e+11
SVD: parameters before 2.82321e+11 after 2.82321e+11
SVD: parameters before 2.85194e+11 after 2.85194e+11
SVD: parameters before 2.36203e+11 after 2.36203e+11
SVD: parameters before 2.42454e+11 after 2.42454e+11
SVD: parameters before 2.4479e+11 after 2.4479e+11
SVD: parameters before 2.4445e+11 after 2.4445e+11
SVD: parameters before 2.17522e+11 after 2.17522e+11
SVD: parameters before 2.09661e+11 after 2.09661e+11
SVD: parameters before 1.84803e+11 after 1.84803e+11
SVD: parameters before 1.70162e+11 after 1.70162e+11
SVD: parameters before 1.63215e+11 after 1.63215e+11
SVD: parameters before 1.65799e+11 after 1.65799e+11
SVD: parameters before 1.68952e+11 after 1.68952e+11
SVD: parameters before 1.49464e+11 after 1.49464e+11
SVD: parameters before 1.41873e+11 after 1.41873e+11
SVD: parameters before 1.44043e+11 after 1.44043e+11
SVD: parameters before 1.0234e+11 after 1.0234e+11
SVD: parameters before 8.92577e+10 after 8.92577e+10
SVD: parameters before 8.81663e+10 after 8.81663e+10
SVD: parameters before 9.00971e+10 after 9.00971e+10
SVD: parameters before 8.08081e+10 after 8.08081e+10
SVD: parameters before 7.55529e+10 after 7.55529e+10
SVD: parameters before 6.92089e+10 after 6.92089e+10
SVD: parameters before 6.69308e+10 after 6.69308e+10
SVD: parameters before 5.58929e+10 after 5.58929e+10
SVD: parameters before 5.99664e+10 after 5.99664e+10
SVD: parameters before 6.44785e+10 after 6.44785e+10
SVD: parameters before 6.35743e+10 after 6.35743e+10
SVD: parameters before 4.70014e+10 after 4.70014e+10
SVD: parameters before 4.19308e+10 after 4.19308e+10
SVD: parameters before 1.87508e+10 after 1.87508e+10
SVD: parameters before 2.84785e+10 after 2.84785e+10
SVD: parameters before 2.90686e+10 after 2.90686e+10
SVD: parameters before 3.13639e+10 after 3.13639e+10
SVD: parameters before 1.08109e+08 after 1.08109e+08
SVD: parameters before 8.62401e+07 after 8.62401e+07
SVD: parameters before 8.19362e+07 after 8.19362e+07
SVD: parameters before 6.21099e+07 after 6.21099e+07
SVD: parameters before 5.92627e+07 after 5.92627e+07
SVD: parameters before 5.69097e+07 after 5.69097e+07
SVD: parameters before 5.50283e+07 after 5.50283e+07
SVD: parameters before 5.1641e+07 after 5.1641e+07
SVD: parameters before 4.74201e+07 after 4.74201e+07
SVD: parameters before 4.42398e+07 after 4.42398e+07
SVD: parameters before 4.28504e+07 after 4.28504e+07
SVD: parameters before 4.11493e+07 after 4.11493e+07
SVD: parameters before 3.86224e+07 after 3.86224e+07
SVD: parameters before 3.70009e+07 after 3.70009e+07
SVD: parameters before 3.68266e+07 after 3.68266e+07
SVD: parameters before 3.50286e+07 after 3.50286e+07
SVD: parameters before 3.58547e+07 after 3.58547e+07
SVD: parameters before 3.23833e+07 after 3.23833e+07
SVD: parameters before 3.11787e+07 after 3.11787e+07
SVD: parameters before 3.05541e+07 after 3.05541e+07
SVD: parameters before 2.85477e+07 after 2.85477e+07
SVD: parameters before 2.81712e+07 after 2.81712e+07
SVD: parameters before 2.66325e+07 after 2.66325e+07
SVD: parameters before 2.58583e+07 after 2.58583e+07
SVD: parameters before 2.53349e+07 after 2.53349e+07
SVD: parameters before 2.50121e+07 after 2.50121e+07
SVD: parameters before 2.47003e+07 after 2.47003e+07
SVD: parameters before 2.42316e+07 after 2.42316e+07
SVD: parameters before 2.41849e+07 after 2.41849e+07
SVD: parameters before 2.30326e+07 after 2.30326e+07
SVD: parameters before 2.28113e+07 after 2.28113e+07
SVD: parameters before 2.29379e+07 after 2.29379e+07
SVD: parameters before 2.21546e+07 after 2.21546e+07
SVD: parameters before 2.17025e+07 after 2.17025e+07
SVD: parameters before 2.12711e+07 after 2.12711e+07
SVD: parameters before 2.09978e+07 after 2.09978e+07
SVD: parameters before 2.0887e+07 after 2.0887e+07
SVD: parameters before 2.04572e+07 after 2.04572e+07
SVD: parameters before 2.0136e+07 after 2.0136e+07
SVD: parameters before 1.97773e+07 after 1.97773e+07
SVD: parameters before 1.96674e+07 after 1.96674e+07
SVD: parameters before 1.87214e+07 after 1.87214e+07
SVD: parameters before 1.86769e+07 after 1.86769e+07
SVD: parameters before 1.81344e+07 after 1.81344e+07
SVD: parameters before 1.75282e+07 after 1.75282e+07
SVD: parameters before 1.71248e+07 after 1.71248e+07
SVD: parameters before 1.68713e+07 after 1.68713e+07
SVD: parameters before 1.64875e+07 after 1.64875e+07
SVD: parameters before 1.62507e+07 after 1.62507e+07
SVD: parameters before 1.60322e+07 after 1.60322e+07
SVD: parameters before 1.59795e+07 after 1.59795e+07
SVD: parameters before 1.59212e+07 after 1.59212e+07
SVD: parameters before 1.52779e+07 after 1.52779e+07
SVD: parameters before 1.50674e+07 after 1.50674e+07
SVD: parameters before 1.44154e+07 after 1.44154e+07
SVD: parameters before 1.41587e+07 after 1.41587e+07
SVD: parameters before 1.3946e+07 after 1.3946e+07
SVD: parameters before 1.35873e+07 after 1.35873e+07
SVD: parameters before 1.32195e+07 after 1.32195e+07
SVD: parameters before 1.33489e+07 after 1.33489e+07
SVD: parameters before 1.30389e+07 after 1.30389e+07
SVD: parameters before 1.26321e+07 after 1.26321e+07
SVD: parameters before 1.28588e+07 after 1.28588e+07
SVD: parameters before 1.24351e+07 after 1.24351e+07
SVD: parameters before 1.22804e+07 after 1.22804e+07
SVD: parameters before 1.22421e+07 after 1.22421e+07
SVD: parameters before 1.19961e+07 after 1.19961e+07
SVD: parameters before 1.17753e+07 after 1.17753e+07
SVD: parameters before 1.14869e+07 after 1.14869e+07
SVD: parameters before 1.13616e+07 after 1.13616e+07
SVD: parameters before 1.16275e+07 after 1.16275e+07
SVD: parameters before 1.15679e+07 after 1.15679e+07
SVD: parameters before 1.12187e+07 after 1.12187e+07
SVD: parameters before 1.07273e+07 after 1.07273e+07
SVD: parameters before 1.08513e+07 after 1.08513e+07
SVD: parameters before 1.02323e+07 after 1.02323e+07
SVD: parameters before 1.0084e+07 after 1.0084e+07
SVD: parameters before 9.60267e+06 after 9.60267e+06
SVD: parameters before 9.99456e+06 after 9.99456e+06
SVD: parameters before 1.00217e+07 after 1.00217e+07
SVD: parameters before 9.87336e+06 after 9.87336e+06
SVD: parameters before 9.94046e+06 after 9.94046e+06
SVD: parameters before 9.34377e+06 after 9.34377e+06
SVD: parameters before 9.06495e+06 after 9.06495e+06
SVD: parameters before 9.12198e+06 after 9.12198e+06
SVD: parameters before 8.7722e+06 after 8.7722e+06
SVD: parameters before 8.96907e+06 after 8.96907e+06
SVD: parameters before 8.96168e+06 after 8.96168e+06
SVD: parameters before 8.94052e+06 after 8.94052e+06
SVD: parameters before 8.94517e+06 after 8.94517e+06
SVD: parameters before 8.73325e+06 after 8.73325e+06
SVD: parameters before 8.62391e+06 after 8.62391e+06
SVD: parameters before 8.54905e+06 after 8.54905e+06
SVD: parameters before 8.39906e+06 after 8.39906e+06
SVD: parameters before 8.48815e+06 after 8.48815e+06
SVD: parameters before 8.42915e+06 after 8.42915e+06
SVD: parameters before 8.29362e+06 after 8.29362e+06
SVD: parameters before 8.19177e+06 after 8.19177e+06
SVD: parameters before 8.09887e+06 after 8.09887e+06
SVD: parameters before 7.87429e+06 after 7.87429e+06
SVD: parameters before 7.75325e+06 after 7.75325e+06
SVD: parameters before 7.612e+06 after 7.612e+06
SVD: parameters before 7.49941e+06 after 7.49941e+06
SVD: parameters before 7.58077e+06 after 7.58077e+06
SVD: parameters before 7.41123e+06 after 7.41123e+06
SVD: parameters before 7.22527e+06 after 7.22527e+06
SVD: parameters before 7.14063e+06 after 7.14063e+06
SVD: parameters before 7.11277e+06 after 7.11277e+06
SVD: parameters before 6.95484e+06 after 6.95484e+06
SVD: parameters before 7.01472e+06 after 7.01472e+06
SVD: parameters before 7.02811e+06 after 7.02811e+06
SVD: parameters before 6.67792e+06 after 6.67792e+06
SVD: parameters before 6.81748e+06 after 6.81748e+06
SVD: parameters before 6.61184e+06 after 6.61184e+06
SVD: parameters before 6.5632e+06 after 6.5632e+06
SVD: parameters before 6.43952e+06 after 6.43952e+06
SVD: parameters before 6.33137e+06 after 6.33137e+06
SVD: parameters before 6.37749e+06 after 6.37749e+06
SVD: parameters before 6.37979e+06 after 6.37979e+06
SVD: parameters before 6.26531e+06 after 6.26531e+06
SVD: parameters before 6.17756e+06 after 6.17756e+06
SVD: parameters before 6.11464e+06 after 6.11464e+06
SVD: parameters before 6.04425e+06 after 6.04425e+06
SVD: parameters before 5.97484e+06 after 5.97484e+06
SVD: parameters before 5.83457e+06 after 5.83457e+06
SVD: parameters before 5.93356e+06 after 5.93356e+06
SVD: parameters before 5.89131e+06 after 5.89131e+06
SVD: parameters before 5.90474e+06 after 5.90474e+06
SVD: parameters before 5.86042e+06 after 5.86042e+06
SVD: parameters before 5.68806e+06 after 5.68806e+06
SVD: parameters before 5.50772e+06 after 5.50772e+06
SVD: parameters before 5.47359e+06 after 5.47359e+06
SVD: parameters before 5.51103e+06 after 5.51103e+06
SVD: parameters before 5.48406e+06 after 5.48406e+06
SVD: parameters before 5.4325e+06 after 5.4325e+06
SVD: parameters before 5.38437e+06 after 5.38437e+06
SVD: parameters before 5.25392e+06 after 5.25392e+06
SVD: parameters before 5.2267e+06 after 5.2267e+06
SVD: parameters before 5.18292e+06 after 5.18292e+06
SVD: parameters before 5.14051e+06 after 5.14051e+06
SVD: parameters before 5.03006e+06 after 5.03006e+06
SVD: parameters before 5.13724e+06 after 5.13724e+06
SVD: parameters before 5.00709e+06 after 5.00709e+06
SVD: parameters before 4.91464e+06 after 4.91464e+06
SVD: parameters before 4.83556e+06 after 4.83556e+06
SVD: parameters before 4.85931e+06 after 4.85931e+06
SVD: parameters before 4.86877e+06 after 4.86877e+06
SVD: parameters before 4.79781e+06 after 4.79781e+06
SVD: parameters before 4.57911e+06 after 4.57911e+06
SVD: parameters before 4.48568e+06 after 4.48568e+06
SVD: parameters before 4.43229e+06 after 4.43229e+06
SVD: parameters before 4.29072e+06 after 4.29072e+06
SVD: parameters before 4.41066e+06 after 4.41066e+06
SVD: parameters before 4.31252e+06 after 4.31252e+06
SVD: parameters before 4.35157e+06 after 4.35157e+06
SVD: parameters before 4.36128e+06 after 4.36128e+06
SVD: parameters before 4.40262e+06 after 4.40262e+06
SVD: parameters before 4.40243e+06 after 4.40243e+06
SVD: parameters before 4.19556e+06 after 4.19556e+06
SVD: parameters before 4.1535e+06 after 4.1535e+06
SVD: parameters before 4.16768e+06 after 4.16768e+06
SVD: parameters before 4.17628e+06 after 4.17628e+06
SVD: parameters before 4.07896e+06 after 4.07896e+06
SVD: parameters before 3.97086e+06 after 3.97086e+06
SVD: parameters before 3.93159e+06 after 3.93159e+06
SVD: parameters before 3.88536e+06 after 3.88536e+06
SVD: parameters before 3.81275e+06 after 3.81275e+06
SVD: parameters before 3.84502e+06 after 3.84502e+06
SVD: parameters before 3.7835e+06 after 3.7835e+06
SVD: parameters before 3.76243e+06 after 3.76243e+06
SVD: parameters before 3.76952e+06 after 3.76952e+06
SVD: parameters before 3.70545e+06 after 3.70545e+06
SVD: parameters before 3.6977e+06 after 3.6977e+06
SVD: parameters before 3.74433e+06 after 3.74433e+06
SVD: parameters before 3.63952e+06 after 3.63952e+06
SVD: parameters before 3.61254e+06 after 3.61254e+06
SVD: parameters before 3.50128e+06 after 3.50128e+06
SVD: parameters before 3.52045e+06 after 3.52045e+06
SVD: parameters before 3.50937e+06 after 3.50937e+06
SVD: parameters before 3.43695e+06 after 3.43695e+06
SVD: parameters before 3.50648e+06 after 3.50648e+06
SVD: parameters before 3.46605e+06 after 3.46605e+06
SVD: parameters before 3.35308e+06 after 3.35308e+06
SVD: parameters before 3.37114e+06 after 3.37114e+06
SVD: parameters before 3.31999e+06 after 3.31999e+06
SVD: parameters before 3.30765e+06 after 3.30765e+06
SVD: parameters before 3.30588e+06 after 3.30588e+06
SVD: parameters before 3.25018e+06 after 3.25018e+06
SVD: parameters before 3.20954e+06 after 3.20954e+06
SVD: parameters before 3.23436e+06 after 3.23436e+06
SVD: parameters before 3.24948e+06 after 3.24948e+06
SVD: parameters before 3.17446e+06 after 3.17446e+06
SVD: parameters before 3.20472e+06 after 3.20472e+06
SVD: parameters before 3.18353e+06 after 3.18353e+06
SVD: parameters before 3.12368e+06 after 3.12368e+06
SVD: parameters before 3.146e+06 after 3.146e+06
SVD: parameters before 3.14664e+06 after 3.14664e+06
SVD: parameters before 3.07463e+06 after 3.07463e+06
SVD: parameters before 3.05852e+06 after 3.05852e+06
SVD: parameters before 3.06845e+06 after 3.06845e+06
SVD: parameters before 3.02341e+06 after 3.02341e+06
SVD: parameters before 3.01431e+06 after 3.01431e+06
SVD: parameters before 3.01769e+06 after 3.01769e+06
SVD: parameters before 2.95203e+06 after 2.95203e+06
SVD: parameters before 2.93369e+06 after 2.93369e+06
SVD: parameters before 2.92489e+06 after 2.92489e+06
SVD: parameters before 2.91685e+06 after 2.91685e+06
SVD: parameters before 2.88223e+06 after 2.88223e+06
SVD: parameters before 2.84344e+06 after 2.84344e+06
SVD: parameters before 2.83729e+06 after 2.83729e+06
SVD: parameters before 2.793e+06 after 2.793e+06
SVD: parameters before 2.76894e+06 after 2.76894e+06
SVD: parameters before 2.80813e+06 after 2.80813e+06
SVD: parameters before 2.73391e+06 after 2.73391e+06
SVD: parameters before 2.67536e+06 after 2.67536e+06
SVD: parameters before 2.66639e+06 after 2.66639e+06
SVD: parameters before 2.59194e+06 after 2.59194e+06
SVD: parameters before 2.57079e+06 after 2.57079e+06
SVD: parameters before 2.55982e+06 after 2.55982e+06
SVD: parameters before 2.54595e+06 after 2.54595e+06
SVD: parameters before 2.55376e+06 after 2.55376e+06
SVD: parameters before 2.5557e+06 after 2.5557e+06
SVD: parameters before 2.53748e+06 after 2.53748e+06
SVD: parameters before 2.45966e+06 after 2.45966e+06
SVD: parameters before 2.44703e+06 after 2.44703e+06
SVD: parameters before 2.45652e+06 after 2.45652e+06
SVD: parameters before 2.41884e+06 after 2.41884e+06
SVD: parameters before 2.41454e+06 after 2.41454e+06
SVD: parameters before 2.40657e+06 after 2.40657e+06
SVD: parameters before 2.38776e+06 after 2.38776e+06
SVD: parameters before 2.37419e+06 after 2.37419e+06
SVD: parameters before 2.36315e+06 after 2.36315e+06
SVD: parameters before 2.3834e+06 after 2.3834e+06
SVD: parameters before 2.31526e+06 after 2.31526e+06
SVD: parameters before 2.38355e+06 after 2.38355e+06
SVD: parameters before 2.26785e+06 after 2.26785e+06
SVD: parameters before 2.30627e+06 after 2.30627e+06
SVD: parameters before 2.30871e+06 after 2.30871e+06
SVD: parameters before 2.303e+06 after 2.303e+06
SVD: parameters before 2.24949e+06 after 2.24949e+06
SVD: parameters before 2.20327e+06 after 2.20327e+06
SVD: parameters before 2.25129e+06 after 2.25129e+06
SVD: parameters before 2.23973e+06 after 2.23973e+06
SVD: parameters before 2.24181e+06 after 2.24181e+06
SVD: parameters before 2.22105e+06 after 2.22105e+06
SVD: parameters before 2.19557e+06 after 2.19557e+06
SVD: parameters before 2.15784e+06 after 2.15784e+06
SVD: parameters before 2.23137e+06 after 2.23137e+06
SVD: parameters before 2.1682e+06 after 2.1682e+06
SVD: parameters before 2.13898e+06 after 2.13898e+06
SVD: parameters before 2.13384e+06 after 2.13384e+06
SVD: parameters before 2.10898e+06 after 2.10898e+06
SVD: parameters before 2.13434e+06 after 2.13434e+06
SVD: parameters before 2.11553e+06 after 2.11553e+06
SVD: parameters before 2.04586e+06 after 2.04586e+06
SVD: parameters before 2.06345e+06 after 2.06345e+06
SVD: parameters before 2.0766e+06 after 2.0766e+06
SVD: parameters before 2.09855e+06 after 2.09855e+06
SVD: parameters before 2.08383e+06 after 2.08383e+06
SVD: parameters before 2.09089e+06 after 2.09089e+06
SVD: parameters before 2.09397e+06 after 2.09397e+06
SVD: parameters before 2.09024e+06 after 2.09024e+06
SVD: parameters before 2.02816e+06 after 2.02816e+06
SVD: parameters before 1.99965e+06 after 1.99965e+06
SVD: parameters before 2.03134e+06 after 2.03134e+06
SVD: parameters before 2.0051e+06 after 2.0051e+06
SVD: parameters before 1.97268e+06 after 1.97268e+06
SVD: parameters before 1.93594e+06 after 1.93594e+06
SVD: parameters before 2.01198e+06 after 2.01198e+06
SVD: parameters before 1.96038e+06 after 1.96038e+06
SVD: parameters before 1.96043e+06 after 1.96043e+06
SVD: parameters before 1.88616e+06 after 1.88616e+06
SVD: parameters before 1.91003e+06 after 1.91003e+06
SVD: parameters before 1.86392e+06 after 1.86392e+06
SVD: parameters before 1.91341e+06 after 1.91341e+06
SVD: parameters before 1.87863e+06 after 1.87863e+06
SVD: parameters before 1.82696e+06 after 1.82696e+06
SVD: parameters before 1.81972e+06 after 1.81972e+06
SVD: parameters before 1.80791e+06 after 1.80791e+06
SVD: parameters before 1.81557e+06 after 1.81557e+06
SVD: parameters before 1.7965e+06 after 1.7965e+06
SVD: parameters before 1.7874e+06 after 1.7874e+06
SVD: parameters before 1.77801e+06 after 1.77801e+06
SVD: parameters before 1.78335e+06 after 1.78335e+06
SVD: parameters before 1.7524e+06 after 1.7524e+06
SVD: parameters before 1.73858e+06 after 1.73858e+06
SVD: parameters before 1.76902e+06 after 1.76902e+06
SVD: parameters before 1.7263e+06 after 1.7263e+06
SVD: parameters before 1.72003e+06 after 1.72003e+06
SVD: parameters before 1.71285e+06 after 1.71285e+06
SVD: parameters before 1.71202e+06 after 1.71202e+06
SVD: parameters before 1.70346e+06 after 1.70346e+06
SVD: parameters before 1.68764e+06 after 1.68764e+06
SVD: parameters before 1.67584e+06 after 1.67584e+06
SVD: parameters before 1.66866e+06 after 1.66866e+06
SVD: parameters before 1.66655e+06 after 1.66655e+06
SVD: parameters before 1.67322e+06 after 1.67322e+06
SVD: parameters before 1.62216e+06 after 1.62216e+06
SVD: parameters before 1.64437e+06 after 1.64437e+06
SVD: parameters before 1.65688e+06 after 1.65688e+06
SVD: parameters before 1.64152e+06 after 1.64152e+06
SVD: parameters before 1.63277e+06 after 1.63277e+06
SVD: parameters before 1.57538e+06 after 1.57538e+06
SVD: parameters before 1.59793e+06 after 1.59793e+06
SVD: parameters before 1.60188e+06 after 1.60188e+06
SVD: parameters before 1.53622e+06 after 1.53622e+06
SVD: parameters before 1.55714e+06 after 1.55714e+06
SVD: parameters before 1.56873e+06 after 1.56873e+06
SVD: parameters before 1.51599e+06 after 1.51599e+06
SVD: parameters before 1.50501e+06 after 1.50501e+06
SVD: parameters before 1.48771e+06 after 1.48771e+06
SVD: parameters before 1.41585e+06 after 1.41585e+06
SVD: parameters before 1.48428e+06 after 1.48428e+06
SVD: parameters before 1.48126e+06 after 1.48126e+06
SVD: parameters before 1.46367e+06 after 1.46367e+06
SVD: parameters before 1.46561e+06 after 1.46561e+06
SVD: parameters before 1.47273e+06 after 1.47273e+06
SVD: parameters before 1.47107e+06 after 1.47107e+06
SVD: parameters before 1.4805e+06 after 1.4805e+06
SVD: parameters before 1.39114e+06 after 1.39114e+06
SVD: parameters before 1.38047e+06 after 1.38047e+06
SVD: parameters before 1.38173e+06 after 1.38173e+06
SVD: parameters before 1.3679e+06 after 1.3679e+06
SVD: parameters before 1.36047e+06 after 1.36047e+06
SVD: parameters before 1.32024e+06 after 1.32024e+06
SVD: parameters before 1.32488e+06 after 1.32488e+06
SVD: parameters before 1.31204e+06 after 1.31204e+06
SVD: parameters before 1.29866e+06 after 1.29866e+06
SVD: parameters before 1.34311e+06 after 1.34311e+06
SVD: parameters before 1.34241e+06 after 1.34241e+06
SVD: parameters before 1.27559e+06 after 1.27559e+06
SVD: parameters before 1.33147e+06 after 1.33147e+06
SVD: parameters before 1.27097e+06 after 1.27097e+06
SVD: parameters before 1.25031e+06 after 1.25031e+06
SVD: parameters before 1.20775e+06 after 1.20775e+06
SVD: parameters before 1.22661e+06 after 1.22661e+06
SVD: parameters before 1.21312e+06 after 1.21312e+06
SVD: parameters before 1.20016e+06 after 1.20016e+06
SVD: parameters before 1.24625e+06 after 1.24625e+06
SVD: parameters before 1.23322e+06 after 1.23322e+06
SVD: parameters before 1.24291e+06 after 1.24291e+06
SVD: parameters before 1.2375e+06 after 1.2375e+06
SVD: parameters before 1.24472e+06 after 1.24472e+06
SVD: parameters before 1.24423e+06 after 1.24423e+06
SVD: parameters before 1.23369e+06 after 1.23369e+06
SVD: parameters before 1.18182e+06 after 1.18182e+06
SVD: parameters before 1.17054e+06 after 1.17054e+06
SVD: parameters before 1.17551e+06 after 1.17551e+06
SVD: parameters before 1.16715e+06 after 1.16715e+06
SVD: parameters before 1.14535e+06 after 1.14535e+06
SVD: parameters before 1.13289e+06 after 1.13289e+06
SVD: parameters before 1.13669e+06 after 1.13669e+06
SVD: parameters before 1.13034e+06 after 1.13034e+06
SVD: parameters before 1.12623e+06 after 1.12623e+06
SVD: parameters before 1.10848e+06 after 1.10848e+06
SVD: parameters before 1.12193e+06 after 1.12193e+06
SVD: parameters before 1.08585e+06 after 1.08585e+06
SVD: parameters before 1.09799e+06 after 1.09799e+06
SVD: parameters before 1.10059e+06 after 1.10059e+06
SVD: parameters before 1.10561e+06 after 1.10561e+06
SVD: parameters before 1.10339e+06 after 1.10339e+06
SVD: parameters before 1.10425e+06 after 1.10425e+06
SVD: parameters before 1.05756e+06 after 1.05756e+06
SVD: parameters before 1.01287e+06 after 1.01287e+06
SVD: parameters before 1.04219e+06 after 1.04219e+06
SVD: parameters before 1.05639e+06 after 1.05639e+06
SVD: parameters before 1.01591e+06 after 1.01591e+06
SVD: parameters before 1.05637e+06 after 1.05637e+06
SVD: parameters before 1.03778e+06 after 1.03778e+06
SVD: parameters before 1.02932e+06 after 1.02932e+06
SVD: parameters before 1.03076e+06 after 1.03076e+06
SVD: parameters before 1.03379e+06 after 1.03379e+06
SVD: parameters before 976119 after 976119
SVD: parameters before 972693 after 972693
SVD: parameters before 955914 after 955914
SVD: parameters before 941379 after 941379
SVD: parameters before 949539 after 949539
SVD: parameters before 930048 after 930048
SVD: parameters before 929474 after 929474
SVD: parameters before 933043 after 933043
SVD: parameters before 929840 after 929840
SVD: parameters before 932415 after 932415
SVD: parameters before 915418 after 915418
SVD: parameters before 906167 after 906167
SVD: parameters before 913796 after 913796
SVD: parameters before 850568 after 850568
SVD: parameters before 832333 after 832333
SVD: parameters before 859018 after 859018
SVD: parameters before 865363 after 865363
SVD: parameters before 865719 after 865719
SVD: parameters before 868398 after 868398
SVD: parameters before 886077 after 886077
SVD: parameters before 899715 after 899715
SVD: parameters before 888906 after 888906
SVD: parameters before 894772 after 894772
SVD: parameters before 894923 after 894923
SVD: parameters before 888198 after 888198
SVD: parameters before 899708 after 899708
SVD: parameters before 828200 after 828200
SVD: parameters before 815878 after 815878
SVD: parameters before 811055 after 811055
SVD: parameters before 813697 after 813697
SVD: parameters before 790669 after 790669
SVD: parameters before 782720 after 782720
SVD: parameters before 812092 after 812092
SVD: parameters before 787748 after 787748
SVD: parameters before 777557 after 777557
SVD: parameters before 771438 after 771438
SVD: parameters before 774501 after 774501
SVD: parameters before 756478 after 756478
SVD: parameters before 775994 after 775994
SVD: parameters before 751250 after 751250
SVD: parameters before 648844 after 648844
SVD: parameters before 739291 after 739291
SVD: parameters before 679141 after 679141
SVD: parameters before 700337 after 700337
SVD: parameters before 692597 after 692597
SVD: parameters before 682599 after 682599
SVD: parameters before 706906 after 706906
SVD: parameters before 705562 after 705562
SVD: parameters before 728234 after 728234
SVD: parameters before 735239 after 735239
SVD: parameters before 719445 after 719445
SVD: parameters before 723690 after 723690
SVD: parameters before 720806 after 720806
SVD: parameters before 690732 after 690732
SVD: parameters before 732278 after 732278
SVD: parameters before 732284 after 732284
SVD: parameters before 719509 after 719509
SVD: parameters before 633848 after 633848
SVD: parameters before 579348 after 579348
SVD: parameters before 560388 after 560388
SVD: parameters before 628541 after 628541
SVD: parameters before 625310 after 625310
SVD: parameters before 623542 after 623542
SVD: parameters before 591631 after 591631
SVD: parameters before 616317 after 616317
SVD: parameters before 615421 after 615421
SVD: parameters before 611471 after 611471
SVD: parameters before 610879 after 610879
SVD: parameters before 545903 after 545903
SVD: parameters before 543622 after 543622
SVD: parameters before 541574 after 541574
SVD: parameters before 608978 after 608978
SVD: parameters before 607604 after 607604
SVD: parameters before 529968 after 529968
SVD: parameters before 528370 after 528370
SVD: parameters before 527150 after 527150
SVD: parameters before 493785 after 493785
SVD: parameters before 480738 after 480738
SVD: parameters before 475787 after 475787
SVD: parameters before 469440 after 469440
SVD: parameters before 461786 after 461786
SVD: parameters before 495505 after 495505
SVD: parameters before 498413 after 498413
SVD: parameters before 497992 after 497992
SVD: parameters before 453877 after 453877
SVD: parameters before 450218 after 450218
SVD: parameters before 435519 after 435519
SVD: parameters before 433208 after 433208
SVD: parameters before 420603 after 420603
SVD: parameters before 415031 after 415031
SVD: parameters before 410342 after 410342
SVD: parameters before 426485 after 426485
SVD: parameters before 383585 after 383585
SVD: parameters before 398419 after 398419
SVD: parameters before 399274 after 399274
SVD: parameters before 401029 after 401029
SVD: parameters before 366072 after 366072
SVD: parameters before 370908 after 370908
SVD: parameters before 374456 after 374456
SVD: parameters before 359496 after 359496
SVD: parameters before 341296 after 341296
SVD: parameters before 356804 after 356804
SVD: parameters before 355009 after 355009
SVD: parameters before 335204 after 335204
SVD: parameters before 333190 after 333190
SVD: parameters before 317410 after 317410
SVD: parameters before 322732 after 322732
SVD: parameters before 326161 after 326161
SVD: parameters before 307494 after 307494
SVD: parameters before 302023 after 302023
SVD: parameters before 312971 after 312971
SVD: parameters before 289618 after 289618
SVD: parameters before 274716 after 274716
SVD: parameters before 39582.2 after 39582.2
SVD: parameters before 46987.1 after 46987.1
SVD: parameters before 241891 after 241891
SVD: parameters before 257891 after 257891
SVD: parameters before 235072 after 235072
SVD: parameters before 247752 after 247752
SVD: parameters before 266884 after 266884
SVD: parameters before 268027 after 268027
SVD: parameters before 243814 after 243814
SVD: parameters before 267389 after 267389
SVD: parameters before 267038 after 267038
SVD: parameters before 239213 after 239213
SVD: parameters before 227896 after 227896
SVD: parameters before 218451 after 218451
SVD: parameters before 213178 after 213178
SVD: parameters before 105297 after 105297
SVD: parameters before 73063 after 73063
SVD: parameters before 87695.9 after 87695.9
SVD: parameters before 83455.9 after 83455.9
SVD: parameters before 96666.3 after 96666.3
SVD: parameters before 85240.1 after 85240.1
SVD: parameters before 79484.8 after 79484.8
SVD: parameters before 76095.4 after 76095.4
SVD: parameters before 75512.1 after 75512.1
SVD: parameters before 76116.5 after 76116.5
SVD: parameters before 216821 after 216821
SVD: parameters before 198259 after 198259
SVD: parameters before 195073 after 195073
SVD: parameters before 215821 after 215821
SVD: parameters before 103649 after 103649
SVD: parameters before 118316 after 118316
SVD: parameters before 181657 after 181657
SVD: parameters before 177050 after 177050
SVD: parameters before 174687 after 174687
SVD: parameters before 169760 after 169760
SVD: parameters before 171783 after 171783
SVD: parameters before 124562 after 124562
SVD: parameters before 128447 after 128447
SVD: parameters before 130300 after 130300
SVD: parameters before 131525 after 131525
SVD: parameters before 153000 after 153000
SVD: parameters before 146423 after 146423
SVD: parameters before 140969 after 140969
SVD: parameters before 140829 after 140829
SVD: parameters before 144471 after 144471
SVD: parameters before 149695 after 149695
SVD: parameters before 159284 after 159284
SVD: parameters before 161454 after 161454
SVD: parameters before 160066 after 160066
SVD: w-parameters
SVD: wmax = 1.39869e+22
SVD: sensible wmax = 2.59615e+33
SVD: tol * wmax = 1.39869e-05
SVD: Number of zeroes are 0
SVD: nparams = 635
SVD: smallest non Zero value is 39582.2


Results for PSR J0030+0451


RMS pre-fit residual = 1.767 (us), RMS post-fit residual = 1.737 (us)
Fit Chisq = 3.191e+04	Chisqr/nfree = 31913.25/29061 = 1.09815	pre/post = 1.017
Number of fit parameters: 46

Global fit:

Number of fit parameters in total, nt: 635

Number of points in fit (including constraint points) = 723
Number of constraints in fit = 9
Number of observations in fit = 714
Constraint EFACTOR = 1e+15
Offset: -3.77179e-07 4.47801e-07 offset_e*sqrt(n) = 1.19656e-05 n = 714


PARAMETER       Pre-fit                   Post-fit                  Uncertainty   Difference   Fit
---------------------------------------------------------------------------------------------------
RAJ (rad)       0.13289433817014          0.13289433817014          0             0             N
RAJ (hms)       00:30:27.4283276          00:30:27.4283276          0             0            
DECJ (rad)      0.0848409810592511        0.0848409810592511        0             0             N
DECJ (dms)      +04:51:39.70852           +04:51:39.70852           0             0            
F0 (s^-1)       205.530695938464          205.530695938464          1.4236e-12    2.8422e-13    Y
F1 (s^-2)       -4.29739852511301e-16     -4.29743970539988e-16     2.9718e-20    -4.118e-21    Y
PEPOCH (MJD)    55000                     55000                     0             0             N
POSEPOCH (MJD)  55000                     55000                     0             0             N
DMEPOCH (MJD)   55000                     55000                     0             0             N
DM (cm^-3 pc)   4.32604078799882          4.32604078799882          0             0             N
DM1 (cm^-3 pc y 3.54989620857706e-05      3.54989620857706e-05      0             0             N
PMRA (mas/yr)   -5.84650196310422         -5.84650196310422         0             0             N
PMDEC (mas/yr)  -0.410127313375431        -0.410127313375431        0             0             N
PX (mas)        2.75499182990078          2.75499182990078          0             0             N
START (MJD)     53331.8430131273          53332.8386529365          0             0.99564       N
FINISH (MJD)    55925.7441830491          55924.7430961336          0             -1.0011       N
TZRMJD          54624.3032076966          54624.3032076966          0             0             N
TZRFRQ (MHz)    1397.987                  1397.987                  0             0             N
TZRSITE         ncy                      
TRES            1.74                      1.73712026260278          0             -0.0028797    N
EPHVER          TEMPO2                    TEMPO2                    0             0             N
IFUNC           2                         2                         0             0             G
NE_SW (cm^-3)   4                         4                         0             0             N
---------------------------------------------------------------------------------------------------
[textOutput.C:273] Notice: Parameter uncertainties multiplied by sqrt(red. chisq)


CONSTRAINTS:
IFUNC mean(C) = 0
IFUNC linear(C) = 0
IFUNC quadratic(C) = 0
IFUNC_YEAR C.sin(t) = 0
IFUNC_YEAR C.cos(t) = 0
IFUNC_YEAR C.t.sin(t) = 0
IFUNC_YEAR C.t.cos(t) = 0
IFUNC_YEAR C.sin(2t) = 0
IFUNC_YEAR C.cos(2t) = 0

Jump 1 ( -sys NRT.BON.2000 7.8860910953936e-06 1): 7.8832048680076e-06 5.8394627856452e-07 Y
Jump 2 ( -sys ao.ASP.L -0.00048192033571791 1): -0.00048192386806567 2.6216262858992e-07 Y
Jump 3 ( -sys EFF.EBPP.2639 -9.6004943713453e-06 1): -9.5986607651302e-06 1.264706153227e-06 Y
Jump 4 ( -sys NRT.BON.1600 3.2569166176681e-06 1): 3.3337286929816e-06 8.9266466107836e-07 Y
Jump 5 ( -sys EFF.EBPP.1360 -2.0167516073622e-05 1): -2.0171250265138e-05 8.5233294454972e-07 Y
Jump 6 ( -sys EFF.EBPP.1410 -2.1258500501971e-05 1): -2.1256371474087e-05 4.9916136590136e-07 Y
Interpolated function
49400.00 -2.271280746e-07 5.444259494e-07 0.027
49582.62 -1.620766185e-06 5.5864125e-07 0.027
49765.25 -8.501197955e-07 3.920520416e-07 0.027
49947.88 3.898638086e-07 3.498597457e-07 0.027
50130.50 6.041523978e-07 3.495294735e-07 0.027
50313.12 1.000226456e-06 3.027404732e-07 0.027
50495.75 4.558242494e-07 3.180954399e-07 0.027
50678.38 8.273517762e-07 3.138493681e-07 0.027
50861.00 2.685807489e-07 2.681458582e-07 0.027
51043.62 3.399581279e-07 2.517565294e-07 0.027
51226.25 2.103350356e-07 2.395883405e-07 0.027
51408.88 1.643744267e-07 2.436415035e-07 0.027
51591.50 1.467384711e-07 2.244695918e-07 0.027
51774.12 -1.770967649e-07 2.221286287e-07 0.027
51956.75 -1.230134092e-07 2.185448028e-07 0.027
52139.38 -3.125113111e-07 2.126050251e-07 0.027
52322.00 9.141745837e-08 2.097768893e-07 0.027
52504.62 -2.16281827e-07 2.141438674e-07 0.027
52687.25 -1.863891149e-07 2.087564508e-07 0.027
52869.88 -1.221215706e-07 1.987990673e-07 0.027
53052.50 -1.846317838e-07 1.937270993e-07 0.027
53235.12 -6.909049794e-08 1.793113091e-07 0.027
53417.75 -1.502744078e-08 1.717568483e-07 0.027
53600.38 -3.33994302e-07 1.62214035e-07 0.027
53783.00 -2.398791562e-07 1.614891199e-07 0.027
53965.62 -7.0385228e-08 1.55751466e-07 0.027
54148.25 -1.916437676e-07 1.524279789e-07 0.027
54330.88 -1.427436603e-07 1.430649174e-07 0.027
54513.50 -1.05457185e-07 1.348833844e-07 0.027
54696.12 -1.676328547e-07 1.254348894e-07 0.027
54878.75 -5.57294531e-08 1.15593942e-07 0.027
55061.38 4.665775295e-08 1.025713685e-07 0.027
55244.00 8.567570844e-08 9.999583412e-08 0.027
55426.62 1.537033884e-07 1.093437011e-07 0.027
55609.25 2.950729242e-07 1.361144743e-07 0.027
55791.88 3.104884647e-07 1.77192498e-07 0.027
55974.50 2.122218678e-08 1.930313109e-07 0.027

Derived parameters:

P0 (s)      = 0.00486545328635193       3.37e-17     
P1          = 1.01731724509887e-20      7.0349e-25   
tau_c (Myr) = 7582.8
bs (G)      = 2.2513e+08

Total proper motion = 5.8609 +/- 0 mas/yr
Total time span = 2591.902 days = 7.096 years

Tempo2 usage
Units:                 TCB (tempo2)
Time ephemeris:        IF99 (tempo2)
Troposphere corr.?     Yes (tempo2)
Dilate freq?           Yes (tempo2)
Electron density (1AU) 4
Solar system ephem     DE421
Time scale             TT(TAI)
Binary model           NONE


Results for PSR J0034-0534


RMS pre-fit residual = 11.233 (us), RMS post-fit residual = 11.238 (us)
Fit Chisq = 3.191e+04	Chisqr/nfree = 31913.25/29061 = 1.09815	pre/post = 0.999529
Number of fit parameters: 40

Global fit:

Number of fit parameters in total, nt: 635

Number of points in fit (including constraint points) = 57
Number of constraints in fit = 9
Number of observations in fit = 48
Constraint EFACTOR = 1e+15
Offset: 2.50935e-06 5.99886e-06 offset_e*sqrt(n) = 4.15613e-05 n = 48


PARAMETER       Pre-fit                   Post-fit                  Uncertainty   Difference   Fit
---------------------------------------------------------------------------------------------------
RAJ (rad)       0.149940821464958         0.149940821464958         0             0             N
RAJ (hms)       00:34:21.8342992          00:34:21.8342992          0             0            
DECJ (rad)      -0.0973347025374215       -0.0973347025374215       0             0             N
DECJ (dms)      -05:34:36.72356           -05:34:36.72356           0             0            
F0 (s^-1)       532.713429395236          532.713429395236          5.5403e-11    4.5475e-13    Y
F1 (s^-2)       -1.41181118520314e-15     -1.41181198503658e-15     1.4579e-18    -7.9983e-22   Y
PEPOCH (MJD)    55000                     55000                     0             0             N
POSEPOCH (MJD)  55000                     55000                     0             0             N
DMEPOCH (MJD)   55000                     55000                     0             0             N
DM (cm^-3 pc)   13.7650895740243          13.7650895740243          0             0             N
DM1 (cm^-3 pc y -3.49439751470437e-05     -3.49439751470437e-05     0             0             N
PMRA (mas/yr)   7.8303636713588           7.8303636713588           0             0             N
PMDEC (mas/yr)  -9.15246596879657         -9.15246596879657         0             0             N
PB (d)          1.5892818252723           1.5892818252723           0             0             N
A1 (lt-s)       1.43776642666615          1.43776642666615          0             0             N
TASC (MJD)      48765.5995020508          48765.5995020508          0             0             N
EPS1            -2.95445333788617e-06     -2.95445333788617e-06     0             0             N
EPS2            2.75014040053205e-06      2.75014040053205e-06      0             0             N
START (MJD)     53668.9225194169          53669.9185930658          0             0.99607       N
FINISH (MJD)    55809.0745155106          55808.0663146149          0             -1.0082       N
TZRMJD          54745.9736937597          54745.9736937597          0             0             N
TZRFRQ (MHz)    1399.233                  1399.233                  0             0             N
TZRSITE         ncy                      
TRES            11.237                    11.2383225386195          0             0.0013225     N
EPHVER          TEMPO2                    TEMPO2                    0             0             N
IFUNC           2                         2                         0             0             G
NE_SW (cm^-3)   4                         4                         0             0             N
---------------------------------------------------------------------------------------------------
[textOutput.C:273] Notice: Parameter uncertainties multiplied by sqrt(red. chisq)


CONSTRAINTS:
IFUNC mean(C) = 0
IFUNC linear(C) = 0
IFUNC quadratic(C) = 0
IFUNC_YEAR C.sin(t) = 0
IFUNC_YEAR C.cos(t) = 0
IFUNC_YEAR C.t.sin(t) = 0
IFUNC_YEAR C.t.cos(t) = 0
IFUNC_YEAR C.sin(2t) = 0
IFUNC_YEAR C.cos(2t) = 0

Interpolated function
49400.00 -2.271280746e-07 5.444259494e-07 0.027
49582.62 -1.620766185e-06 5.5864125e-07 0.027
49765.25 -8.501197955e-07 3.920520416e-07 0.027
49947.88 3.898638086e-07 3.498597457e-07 0.027
50130.50 6.041523978e-07 3.495294735e-07 0.027
50313.12 1.000226456e-06 3.027404732e-07 0.027
50495.75 4.558242494e-07 3.180954399e-07 0.027
50678.38 8.273517762e-07 3.138493681e-07 0.027
50861.00 2.685807489e-07 2.681458582e-07 0.027
51043.62 3.399581279e-07 2.517565294e-07 0.027
51226.25 2.103350356e-07 2.395883405e-07 0.027
51408.88 1.643744267e-07 2.436415035e-07 0.027
51591.50 1.467384711e-07 2.244695918e-07 0.027
51774.12 -1.770967649e-07 2.221286287e-07 0.027
51956.75 -1.230134092e-07 2.185448028e-07 0.027
52139.38 -3.125113111e-07 2.126050251e-07 0.027
52322.00 9.141745837e-08 2.097768893e-07 0.027
52504.62 -2.16281827e-07 2.141438674e-07 0.027
52687.25 -1.863891149e-07 2.087564508e-07 0.027
52869.88 -1.221215706e-07 1.987990673e-07 0.027
53052.50 -1.846317838e-07 1.937270993e-07 0.027
53235.12 -6.909049794e-08 1.793113091e-07 0.027
53417.75 -1.502744078e-08 1.717568483e-07 0.027
53600.38 -3.33994302e-07 1.62214035e-07 0.027
53783.00 -2.398791562e-07 1.614891199e-07 0.027
53965.62 -7.0385228e-08 1.55751466e-07 0.027
54148.25 -1.916437676e-07 1.524279789e-07 0.027
54330.88 -1.427436603e-07 1.430649174e-07 0.027
54513.50 -1.05457185e-07 1.348833844e-07 0.027
54696.12 -1.676328547e-07 1.254348894e-07 0.027
54878.75 -5.57294531e-08 1.15593942e-07 0.027
55061.38 4.665775295e-08 1.025713685e-07 0.027
55244.00 8.567570844e-08 9.999583412e-08 0.027
55426.62 1.537033884e-07 1.093437011e-07 0.027
55609.25 2.950729242e-07 1.361144743e-07 0.027
55791.88 3.104884647e-07 1.77192498e-07 0.027
55974.50 2.122218678e-08 1.930313109e-07 0.027

Derived parameters:

P0 (s)      = 0.00187718188583166       1.9523e-16   
P1          = 4.97495977812946e-21      5.1374e-24   
tau_c (Myr) = 5982.5
bs (G)      = 9.7791e+07

Binary model: T2
Mass function                  = 0.001263414646 
Minimum, median and maximum companion mass: 0.1411 < 0.1646 < 0.3538 solar masses

Conversion from ELL1 parameters: 
------------------------------------
ECC = 4.0363432396645e-06 +/- 0
OM  = 312.948799163074 +/- 0 degrees
T0  = 48766.9810682696 +/- 0
------------------------------------
Total proper motion = 12.045 +/- 0 mas/yr
Total time span = 2138.146 days = 5.854 years

Tempo2 usage
Units:                 TCB (tempo2)
Time ephemeris:        IF99 (tempo2)
Troposphere corr.?     Yes (tempo2)
Dilate freq?           Yes (tempo2)
Electron density (1AU) 4
Solar system ephem     DE421
Time scale             TT(TAI)
Binary model           T2


Results for PSR J0218+4232


RMS pre-fit residual = 8.333 (us), RMS post-fit residual = 8.329 (us)
Fit Chisq = 3.191e+04	Chisqr/nfree = 31913.25/29061 = 1.09815	pre/post = 1.00043
Number of fit parameters: 48

Global fit:

Number of fit parameters in total, nt: 635

Number of points in fit (including constraint points) = 757
Number of constraints in fit = 9
Number of observations in fit = 748
Constraint EFACTOR = 1e+15
Offset: 7.76247e-07 2.63464e-06 offset_e*sqrt(n) = 7.20563e-05 n = 748


PARAMETER       Pre-fit                   Post-fit                  Uncertainty   Difference   Fit
---------------------------------------------------------------------------------------------------
RAJ (rad)       0.602600906240396         0.602600906240396         0             0             N
RAJ (hms)       02:18:06.3572780          02:18:06.3572780          0             0            
DECJ (rad)      0.742430983628627         0.742430983628627         0             0             N
DECJ (dms)      +42:32:17.38299           +42:32:17.38299           0             0            
F0 (s^-1)       430.461054545746          430.461054545747          1.2547e-11    3.979e-13     Y
F1 (s^-2)       -1.43411503400845e-14     -1.43411659699785e-14     9.0249e-20    -1.563e-20    Y
PEPOCH (MJD)    55000                     55000                     0             0             N
POSEPOCH (MJD)  55000                     55000                     0             0             N
DMEPOCH (MJD)   55000                     55000                     0             0             N
DM (cm^-3 pc)   61.2533076033451          61.2533076033451          0             0             N
DM1 (cm^-3 pc y -0.000894408866342797     -0.000894408866342797     0             0             N
PMRA (mas/yr)   5.6594034515635           5.6594034515635           0             0             N
PMDEC (mas/yr)  -3.87912017212758         -3.87912017212758         0             0             N
PB (d)          2.02884611537844          2.02884611537844          0             0             N
T0 (MJD)        49150.9031002886          49150.9031002886          0             0             N
A1 (lt-s)       1.98443447505464          1.98443447505464          0             0             N
OM (deg)        52.1999931326747          52.1999931326747          0             0             N
ECC             6.92011949786699e-06      6.92011949786699e-06      0             0             N
START (MJD)     50370.9934388587          50370.9934388587          0             0             N
FINISH (MJD)    55924.816795576           55924.816795576           0             0             N
TZRMJD          53156.4261573987          53156.4261573987          0             0             N
TZRFRQ (MHz)    1380                      1380                      0             0             N
TZRSITE         wsrt                     
TRES            8.332                     8.32946552041276          0             -0.0025345    N
EPHVER          TEMPO2                    TEMPO2                    0             0             N
IFUNC           2                         2                         0             0             G
NE_SW (cm^-3)   4                         4                         0             0             N
---------------------------------------------------------------------------------------------------
[textOutput.C:273] Notice: Parameter uncertainties multiplied by sqrt(red. chisq)


CONSTRAINTS:
IFUNC mean(C) = 0
IFUNC linear(C) = 0
IFUNC quadratic(C) = 0
IFUNC_YEAR C.sin(t) = 0
IFUNC_YEAR C.cos(t) = 0
IFUNC_YEAR C.t.sin(t) = 0
IFUNC_YEAR C.t.cos(t) = 0
IFUNC_YEAR C.sin(2t) = 0
IFUNC_YEAR C.cos(2t) = 0

Jump 1 ( -sys NRT.BON.1400 0.00017172596275321 1): 0.00017171616277935 1.8974227150948e-06 Y
Jump 2 ( -sys WSRT.P1.1380 0.00062701465307464 1): 0.00062702299664176 3.4697058853705e-06 Y
Jump 3 ( -sys NRT.BON.2000 0.00016117126618621 1): 0.00016115696470339 1.2258975912641e-05 Y
Jump 4 ( -sys WSRT.P1.1380.C 0.00061548573579084 1): 0.00061547300294871 7.239869615718e-06 Y
Jump 5 ( -sys NRT.BON.1600 0.00016474291218079 1): 0.00016477700837964 3.5053229187433e-06 Y
Jump 6 ( -sys EFF.EBPP.1360 -2.0255971959844e-06 1): -2.0337977419812e-06 3.120773063617e-06 Y
Jump 7 ( -sys JBO.DFB.1520 0.00022253037678051 1): 0.00022252698245714 3.6097864776012e-06 Y
Jump 8 ( -sys JBO.DFB.1400 0.00020371087161481 1): 0.0002036973390951 8.2756561110604e-06 Y
Interpolated function
49400.00 -2.271280746e-07 5.444259494e-07 0.027
49582.62 -1.620766185e-06 5.5864125e-07 0.027
49765.25 -8.501197955e-07 3.920520416e-07 0.027
49947.88 3.898638086e-07 3.498597457e-07 0.027
50130.50 6.041523978e-07 3.495294735e-07 0.027
50313.12 1.000226456e-06 3.027404732e-07 0.027
50495.75 4.558242494e-07 3.180954399e-07 0.027
50678.38 8.273517762e-07 3.138493681e-07 0.027
50861.00 2.685807489e-07 2.681458582e-07 0.027
51043.62 3.399581279e-07 2.517565294e-07 0.027
51226.25 2.103350356e-07 2.395883405e-07 0.027
51408.88 1.643744267e-07 2.436415035e-07 0.027
51591.50 1.467384711e-07 2.244695918e-07 0.027
51774.12 -1.770967649e-07 2.221286287e-07 0.027
51956.75 -1.230134092e-07 2.185448028e-07 0.027
52139.38 -3.125113111e-07 2.126050251e-07 0.027
52322.00 9.141745837e-08 2.097768893e-07 0.027
52504.62 -2.16281827e-07 2.141438674e-07 0.027
52687.25 -1.863891149e-07 2.087564508e-07 0.027
52869.88 -1.221215706e-07 1.987990673e-07 0.027
53052.50 -1.846317838e-07 1.937270993e-07 0.027
53235.12 -6.909049794e-08 1.793113091e-07 0.027
53417.75 -1.502744078e-08 1.717568483e-07 0.027
53600.38 -3.33994302e-07 1.62214035e-07 0.027
53783.00 -2.398791562e-07 1.614891199e-07 0.027
53965.62 -7.0385228e-08 1.55751466e-07 0.027
54148.25 -1.916437676e-07 1.524279789e-07 0.027
54330.88 -1.427436603e-07 1.430649174e-07 0.027
54513.50 -1.05457185e-07 1.348833844e-07 0.027
54696.12 -1.676328547e-07 1.254348894e-07 0.027
54878.75 -5.57294531e-08 1.15593942e-07 0.027
55061.38 4.665775295e-08 1.025713685e-07 0.027
55244.00 8.567570844e-08 9.999583412e-08 0.027
55426.62 1.537033884e-07 1.093437011e-07 0.027
55609.25 2.950729242e-07 1.361144743e-07 0.027
55791.88 3.104884647e-07 1.77192498e-07 0.027
55974.50 2.122218678e-08 1.930313109e-07 0.027

Derived parameters:

P0 (s)      = 0.00232309053151224       6.7715e-17   
P1          = 7.73956819644462e-20      4.8705e-25   
tau_c (Myr) = 475.9
bs (G)      = 4.2908e+08

Binary model: T2
Mass function                  = 0.002038425300 
Minimum, median and maximum companion mass: 0.1674 < 0.1957 < 0.4267 solar masses
Total proper motion = 6.8612 +/- 0 mas/yr
Total time span = 5553.821 days = 15.206 years

Tempo2 usage
Units:                 TCB (tempo2)
Time ephemeris:        IF99 (tempo2)
Troposphere corr.?     Yes (tempo2)
Dilate freq?           Yes (tempo2)
Electron density (1AU) 4
Solar system ephem     DE421
Time scale             TT(TAI)
Binary model           T2


Results for PSR J0437-4715


RMS pre-fit residual = 0.833 (us), RMS post-fit residual = 0.257 (us)
Fit Chisq = 3.191e+04	Chisqr/nfree = 31913.25/29061 = 1.09815	pre/post = 3.24717
Number of fit parameters: 53

Global fit:

Number of fit parameters in total, nt: 635

Number of points in fit (including constraint points) = 4320
Number of constraints in fit = 19
Number of observations in fit = 4301
Constraint EFACTOR = 1e+15
Offset: -1.06477e-06 8.68751e-07 offset_e*sqrt(n) = 5.69745e-05 n = 4301


PARAMETER       Pre-fit                   Post-fit                  Uncertainty   Difference   Fit
---------------------------------------------------------------------------------------------------
RAJ (rad)       1.2097965093864           1.2097965093864           0             0             N
RAJ (hms)       04:37:15.8961738          04:37:15.8961738          0             0            
DECJ (rad)      -0.824712241535847        -0.824712241535847        0             0             N
DECJ (dms)      -47:15:09.11071           -47:15:09.11071           0             0            
F0 (s^-1)       173.687945812184          173.687945812185          5.0496e-13    4.5475e-13    Y
F1 (s^-2)       -1.728360547819e-15       -1.72836941596949e-15     4.5274e-21    -8.8682e-21   Y
PEPOCH (MJD)    54500                     54500                     0             0             N
POSEPOCH (MJD)  54500                     54500                     0             0             N
DMEPOCH (MJD)   54500                     54500                     0             0             N
DM (cm^-3 pc)   2.64498345632061          2.64498345632061          0             0             N
PMRA (mas/yr)   121.438406939331          121.438406939331          0             0             N
PMDEC (mas/yr)  -71.4742905589143         -71.4742905589143         0             0             N
PX (mas)        6.34726610403969          6.34726610403969          0             0             N
SINI            0.675271062476511         0.675271062476511         0             0             N
PB (d)          5.74104572197585          5.74104572197585          0             0             N
T0 (MJD)        54501.4668408287          54501.4668408287          0             0             N
A1 (lt-s)       3.36671439413904          3.36671439413904          0             0             N
OM (deg)        1.3469799597858           1.3469799597858           0             0             N
ECC             1.91827284135701e-05      1.91827284135701e-05      0             0             N
PBDOT           3.73001304900072e-12      3.73001304900072e-12      0             0             N
OMDOT (deg/yr)  0.013016295201689         0.013016295201689         0             0             N
M2              0.230056358792472         0.230056358792472         0             0             N
START (MJD)     50190.9955725647          50190.9985725647          0             0.003         N
FINISH (MJD)    55619.2006770473          55619.1976770473          0             -0.003        N
TZRMJD          52904.7710197126          52904.7710197126          0             0             N
TZRFRQ (MHz)    1405                      1405                      0             0             N
TZRSITE         PKS                      
KOM             208.580704931581          208.580704931581          0             0             N
KIN             137.524796700096          137.524796700096          0             0             N
TRES            0.322                     0.256588383057491         0             -0.065412     N
EPHVER          TEMPO2                    TEMPO2                    0             0             N
IFUNC           2                         2                         0             0             G
DMMODEL         2.64498345632061          2.64498345632061          0             0             N
NE_SW (cm^-3)   4                         4                         0             0             N
---------------------------------------------------------------------------------------------------
[textOutput.C:273] Notice: Parameter uncertainties multiplied by sqrt(red. chisq)


CONSTRAINTS:
DMMODEL mean(DM) = 0
DMMODEL mean(C) = 0
DMMODEL linear(C) = 0
DMMODEL quadratic(C) = 0
DMMODEL_YEAR C.sin(t) = 0
DMMODEL_YEAR C.cos(t) = 0
DMMODEL_YEAR C.t.sin(t) = 0
DMMODEL_YEAR C.t.cos(t) = 0
DMMODEL_YEAR C.cos(2t) = 0
DMMODEL_YEAR C.sin(2t) = 0
IFUNC mean(C) = 0
IFUNC linear(C) = 0
IFUNC quadratic(C) = 0
IFUNC_YEAR C.sin(t) = 0
IFUNC_YEAR C.cos(t) = 0
IFUNC_YEAR C.t.sin(t) = 0
IFUNC_YEAR C.t.cos(t) = 0
IFUNC_YEAR C.sin(2t) = 0
IFUNC_YEAR C.cos(2t) = 0

Jump 1 ( -B 20CM 4.9380039928404e-06 0): 4.9380039928404e-06 0 N
Jump 2 ( -B 40CM 7.7635461589442e-06 0): 7.7635461589442e-06 0 N
Jump 3 ( -B 50CM 6.4462111911992e-06 0): 6.4462111911992e-06 0 N
Jump 4 ( -sys MULTI_fptm1 -0.0001483944622996 1): -0.00014785969742905 6.7416789392472e-07 Y
Jump 5 ( -sys H-OH_fptm1 -0.00014851833960903 1): -0.00014800075008185 6.753808277845e-07 Y
Jump 6 ( -sys MULTI_s21 0.00010049821714627 1): 0.00010077829337811 6.1056305187929e-07 Y
Jump 7 ( -sys H-OH_s21 0.00010077646997544 1): 0.00010112175136108 5.2053321945739e-07 Y
Jump 8 ( -sys H-OH_s22 0.00013785592353474 1): 0.00013808626406278 4.4110438967324e-07 Y
Jump 9 ( -sys H-OH_cpsr11 4.1991490749139e-06 1): 4.2200010780893e-06 3.1754222801251e-07 Y
Jump 10 ( -sys MULTI_cpsr12 4.3714595556922e-06 1): 4.3987285089118e-06 3.6221939141914e-07 Y
Jump 11 ( -sys H-OH_cpsr12 4.5411547203616e-06 1): 4.5685937990482e-06 3.4877552952586e-07 Y
Jump 12 ( -sys MULTI_cpsr1 0.00014360668483032 1): 0.00014366218103971 2.6115685865851e-07 Y
Jump 13 ( -sys MULTI_cpsr2m -5.326736811538e-06 1): -5.3240328802481e-06 2.0254618748877e-08 Y
Jump 14 ( -sys H-OH_cpsr2m -5.208017240031e-06 1): -5.2014549421007e-06 4.4584266355067e-08 Y
Jump 15 ( -sys MULTI_cpsr2n -5.3441542425335e-06 1): -5.3403282622426e-06 2.1767036744302e-08 Y
Jump 16 ( -sys H-OH_cpsr2n -5.177055056171e-06 1): -5.1702783381987e-06 4.7175133570405e-08 Y

Dispersion measure values:
_DM	  53432.0  -0.000167          0  0.03
_DM	  53492.0  -6.19e-05          0  0.03
_DM	  53552.0   0.000122          0  0.03
_DM	  53612.0   0.000164          0  0.03
_DM	  53672.0   0.000319          0  0.03
_DM	  53732.0   0.000393          0  0.03
_DM	  53792.0   0.000226          0  0.03
_DM	  53852.0   0.000344          0  0.03
_DM	  53912.0   0.000342          0  0.03
_DM	  53972.0   0.000376          0  0.03
_DM	  54032.0   0.000316          0  0.03
_DM	  54092.0   0.000307          0  0.03
_DM	  54152.0   0.000311          0  0.03
_DM	  54212.0   0.000357          0  0.03
_DM	  54272.0   0.000284          0  0.03
_DM	  54332.0   0.000271          0  0.03
_DM	  54392.0   0.000275          0  0.03
_DM	  54452.0   0.000214          0  0.03
_DM	  54512.0   0.000233          0  0.03
_DM	  54572.0   0.000162          0  0.03
_DM	  54632.0   4.41e-05          0  0.03
_DM	  54692.0   5.04e-05          0  0.03
_DM	  54752.0  -5.07e-05          0  0.03
_DM	  54812.0  -0.000141          0  0.03
_DM	  54872.0  -0.000281          0  0.03
_DM	  54932.0   -0.00038          0  0.03
_DM	  54992.0  -0.000323          0  0.03
_DM	  55052.0  -0.000263          0  0.03
_DM	  55112.0  -0.000166          0  0.03
_DM	  55172.0  -0.000242          0  0.03
_DM	  55232.0  -0.000212          0  0.03
_DM	  55292.0  -0.000336          0  0.03
_DM	  55352.0  -0.000389          0  0.03
_DM	  55412.0  -0.000407          0  0.03
_DM	  55472.0  -0.000412          0  0.03
_DM	  55532.0  -0.000445          0  0.03
_DM	  55592.0  -0.000423          0  0.03
_DM	  55652.0   -0.00041          0  0.03
Mean DMOFF = -1.66767e-18
_CM	  53432.0          0          0  0.03
_CM	  53492.0          0          0  0.03
_CM	  53552.0          0          0  0.03
_CM	  53612.0          0          0  0.03
_CM	  53672.0          0          0  0.03
_CM	  53732.0          0          0  0.03
_CM	  53792.0          0          0  0.03
_CM	  53852.0          0          0  0.03
_CM	  53912.0          0          0  0.03
_CM	  53972.0          0          0  0.03
_CM	  54032.0          0          0  0.03
_CM	  54092.0          0          0  0.03
_CM	  54152.0          0          0  0.03
_CM	  54212.0          0          0  0.03
_CM	  54272.0          0          0  0.03
_CM	  54332.0          0          0  0.03
_CM	  54392.0          0          0  0.03
_CM	  54452.0          0          0  0.03
_CM	  54512.0          0          0  0.03
_CM	  54572.0          0          0  0.03
_CM	  54632.0          0          0  0.03
_CM	  54692.0          0          0  0.03
_CM	  54752.0          0          0  0.03
_CM	  54812.0          0          0  0.03
_CM	  54872.0          0          0  0.03
_CM	  54932.0          0          0  0.03
_CM	  54992.0          0          0  0.03
_CM	  55052.0          0          0  0.03
_CM	  55112.0          0          0  0.03
_CM	  55172.0          0          0  0.03
_CM	  55232.0          0          0  0.03
_CM	  55292.0          0          0  0.03
_CM	  55352.0          0          0  0.03
_CM	  55412.0          0          0  0.03
_CM	  55472.0          0          0  0.03
_CM	  55532.0          0          0  0.03
_CM	  55592.0          0          0  0.03
_CM	  55652.0          0          0  0.03
CM white PSD estimate: 0
Interpolated function
49400.00 -2.271280746e-07 5.444259494e-07 0.027
49582.62 -1.620766185e-06 5.5864125e-07 0.027
49765.25 -8.501197955e-07 3.920520416e-07 0.027
49947.88 3.898638086e-07 3.498597457e-07 0.027
50130.50 6.041523978e-07 3.495294735e-07 0.027
50313.12 1.000226456e-06 3.027404732e-07 0.027
50495.75 4.558242494e-07 3.180954399e-07 0.027
50678.38 8.273517762e-07 3.138493681e-07 0.027
50861.00 2.685807489e-07 2.681458582e-07 0.027
51043.62 3.399581279e-07 2.517565294e-07 0.027
51226.25 2.103350356e-07 2.395883405e-07 0.027
51408.88 1.643744267e-07 2.436415035e-07 0.027
51591.50 1.467384711e-07 2.244695918e-07 0.027
51774.12 -1.770967649e-07 2.221286287e-07 0.027
51956.75 -1.230134092e-07 2.185448028e-07 0.027
52139.38 -3.125113111e-07 2.126050251e-07 0.027
52322.00 9.141745837e-08 2.097768893e-07 0.027
52504.62 -2.16281827e-07 2.141438674e-07 0.027
52687.25 -1.863891149e-07 2.087564508e-07 0.027
52869.88 -1.221215706e-07 1.987990673e-07 0.027
53052.50 -1.846317838e-07 1.937270993e-07 0.027
53235.12 -6.909049794e-08 1.793113091e-07 0.027
53417.75 -1.502744078e-08 1.717568483e-07 0.027
53600.38 -3.33994302e-07 1.62214035e-07 0.027
53783.00 -2.398791562e-07 1.614891199e-07 0.027
53965.62 -7.0385228e-08 1.55751466e-07 0.027
54148.25 -1.916437676e-07 1.524279789e-07 0.027
54330.88 -1.427436603e-07 1.430649174e-07 0.027
54513.50 -1.05457185e-07 1.348833844e-07 0.027
54696.12 -1.676328547e-07 1.254348894e-07 0.027
54878.75 -5.57294531e-08 1.15593942e-07 0.027
55061.38 4.665775295e-08 1.025713685e-07 0.027
55244.00 8.567570844e-08 9.999583412e-08 0.027
55426.62 1.537033884e-07 1.093437011e-07 0.027
55609.25 2.950729242e-07 1.361144743e-07 0.027
55791.88 3.104884647e-07 1.77192498e-07 0.027
55974.50 2.122218678e-08 1.930313109e-07 0.027

Derived parameters:

P0 (s)      = 0.00575745193671263       1.6738e-17   
P1          = 5.7292426338491e-20       1.5008e-25   
tau_c (Myr) = 1593.3
bs (G)      = 5.8118e+08

Binary model: T2
Mass function                  = 0.001243138574 
Minimum, median and maximum companion mass: 0.1403 < 0.1637 < 0.3516 solar masses
Pulsar Mass (annual orbital parallax): 1.50658 (+/- 0) Msun.

Parallax distance is 157.548 (+/- 0) pc.
Pbdot distance is 155.9 (+/- 0) pc.
MTOT derived from sin i and m2 = 1.7366895976573
Total proper motion = 140.91 +/- 0 mas/yr
Total time span = 5428.197 days = 14.862 years

Tempo2 usage
Units:                 TCB (tempo2)
Time ephemeris:        IF99 (tempo2)
Troposphere corr.?     Yes (tempo2)
Dilate freq?           Yes (tempo2)
Electron density (1AU) 4
Solar system ephem     DE421
Time scale             TT(TAI)
Binary model           T2


Results for PSR J0610-2100


RMS pre-fit residual = 5.050 (us), RMS post-fit residual = 5.031 (us)
Fit Chisq = 3.191e+04	Chisqr/nfree = 31913.25/29061 = 1.09815	pre/post = 1.00393
Number of fit parameters: 42

Global fit:

Number of fit parameters in total, nt: 635

Number of points in fit (including constraint points) = 347
Number of constraints in fit = 9
Number of observations in fit = 338
Constraint EFACTOR = 1e+15
Offset: 1.2042e-07 1.21241e-06 offset_e*sqrt(n) = 2.22898e-05 n = 338


PARAMETER       Pre-fit                   Post-fit                  Uncertainty   Difference   Fit
---------------------------------------------------------------------------------------------------
RAJ (rad)       1.61541824786792          1.61541824786792          0             0             N
RAJ (hms)       06:10:13.5954603          06:10:13.5954603          0             0            
DECJ (rad)      -0.366654558506704        -0.366654558506704        0             0             N
DECJ (dms)      -21:00:27.93147           -21:00:27.93147           0             0            
F0 (s^-1)       258.978475148115          258.978475148116          4.7294e-12    3.979e-13     Y
F1 (s^-2)       -8.27184942421824e-16     -8.27176717853768e-16     2.0933e-19    8.2246e-21    Y
PEPOCH (MJD)    55000                     55000                     0             0             N
POSEPOCH (MJD)  55000                     55000                     0             0             N
DMEPOCH (MJD)   55000                     55000                     0             0             N
DM (cm^-3 pc)   60.6409625587351          60.6409625587351          0             0             N
PMRA (mas/yr)   8.94016956683695          8.94016956683695          0             0             N
PMDEC (mas/yr)  16.9089763116583          16.9089763116583          0             0             N
PB (d)          0.28601600896808          0.28601600896808          0             0             N
A1 (lt-s)       0.0734885859523868        0.0734885859523868        0             0             N
PBDOT           -1.14677358502125e-12     -1.14677358502125e-12     0             0             N
TASC (MJD)      52814.2495734364          52814.2495734364          0             0             N
EPS1            2.00320333389855e-05      2.00320333389855e-05      0             0             N
EPS2            1.20390879719358e-05      1.20390879719358e-05      0             0             N
START (MJD)     54269.4903003596          54270.4935440246          0             1.0032        N
FINISH (MJD)    55926.988149969           55925.9831363555          0             -1.005        N
TZRMJD          55094.2719338421          55094.2719338421          0             0             N
TZRFRQ (MHz)    1399.844                  1399.844                  0             0             N
TZRSITE         ncy                      
TRES            5.036                     5.03070697119273          0             -0.005293     N
EPHVER          TEMPO2                    TEMPO2                    0             0             N
IFUNC           2                         2                         0             0             G
NE_SW (cm^-3)   4                         4                         0             0             N
---------------------------------------------------------------------------------------------------
[textOutput.C:273] Notice: Parameter uncertainties multiplied by sqrt(red. chisq)


CONSTRAINTS:
IFUNC mean(C) = 0
IFUNC linear(C) = 0
IFUNC quadratic(C) = 0
IFUNC_YEAR C.sin(t) = 0
IFUNC_YEAR C.cos(t) = 0
IFUNC_YEAR C.t.sin(t) = 0
IFUNC_YEAR C.t.cos(t) = 0
IFUNC_YEAR C.sin(2t) = 0
IFUNC_YEAR C.cos(2t) = 0

Jump 1 ( -sys JBO.DFB.1520 8.4714251649651e-05 1): 8.4724235820935e-05 8.8919272793287e-07 Y
Jump 2 ( -sys NRT.BON.1600 1.5573976816659e-05 1): 1.5606887545138e-05 2.1824326159067e-06 Y
Interpolated function
49400.00 -2.271280746e-07 5.444259494e-07 0.027
49582.62 -1.620766185e-06 5.5864125e-07 0.027
49765.25 -8.501197955e-07 3.920520416e-07 0.027
49947.88 3.898638086e-07 3.498597457e-07 0.027
50130.50 6.041523978e-07 3.495294735e-07 0.027
50313.12 1.000226456e-06 3.027404732e-07 0.027
50495.75 4.558242494e-07 3.180954399e-07 0.027
50678.38 8.273517762e-07 3.138493681e-07 0.027
50861.00 2.685807489e-07 2.681458582e-07 0.027
51043.62 3.399581279e-07 2.517565294e-07 0.027
51226.25 2.103350356e-07 2.395883405e-07 0.027
51408.88 1.643744267e-07 2.436415035e-07 0.027
51591.50 1.467384711e-07 2.244695918e-07 0.027
51774.12 -1.770967649e-07 2.221286287e-07 0.027
51956.75 -1.230134092e-07 2.185448028e-07 0.027
52139.38 -3.125113111e-07 2.126050251e-07 0.027
52322.00 9.141745837e-08 2.097768893e-07 0.027
52504.62 -2.16281827e-07 2.141438674e-07 0.027
52687.25 -1.863891149e-07 2.087564508e-07 0.027
52869.88 -1.221215706e-07 1.987990673e-07 0.027
53052.50 -1.846317838e-07 1.937270993e-07 0.027
53235.12 -6.909049794e-08 1.793113091e-07 0.027
53417.75 -1.502744078e-08 1.717568483e-07 0.027
53600.38 -3.33994302e-07 1.62214035e-07 0.027
53783.00 -2.398791562e-07 1.614891199e-07 0.027
53965.62 -7.0385228e-08 1.55751466e-07 0.027
54148.25 -1.916437676e-07 1.524279789e-07 0.027
54330.88 -1.427436603e-07 1.430649174e-07 0.027
54513.50 -1.05457185e-07 1.348833844e-07 0.027
54696.12 -1.676328547e-07 1.254348894e-07 0.027
54878.75 -5.57294531e-08 1.15593942e-07 0.027
55061.38 4.665775295e-08 1.025713685e-07 0.027
55244.00 8.567570844e-08 9.999583412e-08 0.027
55426.62 1.537033884e-07 1.093437011e-07 0.027
55609.25 2.950729242e-07 1.361144743e-07 0.027
55791.88 3.104884647e-07 1.77192498e-07 0.027
55974.50 2.122218678e-08 1.930313109e-07 0.027

Derived parameters:

P0 (s)      = 0.00386132476619177       7.0515e-17   
P1          = 1.2333063374627e-20       3.1211e-24   
tau_c (Myr) = 4964
bs (G)      = 2.2083e+08

Binary model: T2
Mass function                  = 0.000005209088 
Minimum, median and maximum companion mass: 0.0214 < 0.0247 < 0.0498 solar masses
Pbdot distance is -52216.8 (+/- 0) pc.

Conversion from ELL1 parameters: 
------------------------------------
ECC = 2.33713927460525e-05 +/- 0
OM  = 58.9944775446049 +/- 0 degrees
T0  = 52814.2964438948 +/- 0
------------------------------------
Total proper motion = 19.127 +/- 0 mas/yr
Total time span = 1655.488 days = 4.532 years

Tempo2 usage
Units:                 TCB (tempo2)
Time ephemeris:        IF99 (tempo2)
Troposphere corr.?     Yes (tempo2)
Dilate freq?           Yes (tempo2)
Electron density (1AU) 4
Solar system ephem     DE421
Time scale             TT(TAI)
Binary model           T2


Results for PSR J0613-0200


RMS pre-fit residual = 2.065 (us), RMS post-fit residual = 1.832 (us)
Fit Chisq = 3.191e+04	Chisqr/nfree = 31913.25/29061 = 1.09815	pre/post = 1.12692
Number of fit parameters: 63

Global fit:

Number of fit parameters in total, nt: 635

Number of points in fit (including constraint points) = 1460
Number of constraints in fit = 19
Number of observations in fit = 1441
Constraint EFACTOR = 1e+15
Offset: -2.5561e-07 1.12687e-06 offset_e*sqrt(n) = 4.27766e-05 n = 1441


PARAMETER       Pre-fit                   Post-fit                  Uncertainty   Difference   Fit
---------------------------------------------------------------------------------------------------
RAJ (rad)       1.63071751666426          1.63071751666426          0             0             N
RAJ (hms)       06:13:43.9755079          06:13:43.9755079          0             0            
DECJ (rad)      -0.0351354718328349       -0.0351354718328349       0             0             N
DECJ (dms)      -02:00:47.21129           -02:00:47.21129           0             0            
F0 (s^-1)       326.600562067675          326.600562067676          3.3721e-12    1.0232e-12    Y
F1 (s^-2)       -1.02298853811243e-15     -1.02299696733135e-15     2.9968e-20    -8.4292e-21   Y
PEPOCH (MJD)    54500                     54500                     0             0             N
POSEPOCH (MJD)  54500                     54500                     0             0             N
DMEPOCH (MJD)   54500                     54500                     0             0             N
DM (cm^-3 pc)   38.7751331569785          38.7751331569785          0             0             N
DM1 (cm^-3 pc y -0.00016673206608845      -0.00016673206608845      0             0             N
PMRA (mas/yr)   1.84745865438028          1.84745865438028          0             0             N
PMDEC (mas/yr)  -10.3333909156285         -10.3333909156285         0             0             N
PX (mas)        0.858619869529442         0.858619869529442         0             0             N
PB (d)          1.19851257522156          1.19851257522156          0             0             N
A1 (lt-s)       1.0914442028839           1.0914442028839           0             0             N
TASC (MJD)      50315.2694910624          50315.2694910624          0             0             N
EPS1            3.88447424204251e-06      3.88447424204251e-06      0             0             N
EPS2            3.62147582856662e-06      3.62147582856662e-06      0             0             N
START (MJD)     50930.7043817328          50931.7085197393          0             1.0041        N
FINISH (MJD)    55927.951104389           55926.9430099666          0             -1.0081       N
TZRMJD          53431.3149256883          53431.3149256883          0             0             N
TZRFRQ (MHz)    1341.556                  1341.556                  0             0             N
TZRSITE         PKS                      
TRES            1.876                     1.83248984214093          0             -0.04351      N
EPHVER          TEMPO2                    TEMPO2                    0             0             N
IFUNC           2                         2                         0             0             G
DMMODEL         38.7751331569785          38.7751331569785          0             0             N
DM_S1YR (cm^-3  -0.000102140047947412     -0.000102140047947412     0             0             N
DM_C1YR (cm^-3  -0.00010169681486958      -0.00010169681486958      0             0             N
NE_SW (cm^-3)   4                         4                         0             0             N
---------------------------------------------------------------------------------------------------
[textOutput.C:273] Notice: Parameter uncertainties multiplied by sqrt(red. chisq)


CONSTRAINTS:
DMMODEL mean(DM) = 0
DMMODEL mean(C) = 0
DMMODEL linear(C) = 0
DMMODEL quadratic(C) = 0
DMMODEL_YEAR C.sin(t) = 0
DMMODEL_YEAR C.cos(t) = 0
DMMODEL_YEAR C.t.sin(t) = 0
DMMODEL_YEAR C.t.cos(t) = 0
DMMODEL_YEAR C.cos(2t) = 0
DMMODEL_YEAR C.sin(2t) = 0
IFUNC mean(C) = 0
IFUNC linear(C) = 0
IFUNC quadratic(C) = 0
IFUNC_YEAR C.sin(t) = 0
IFUNC_YEAR C.cos(t) = 0
IFUNC_YEAR C.t.sin(t) = 0
IFUNC_YEAR C.t.cos(t) = 0
IFUNC_YEAR C.sin(2t) = 0
IFUNC_YEAR C.cos(2t) = 0

Jump 1 ( -sys NRT.BON.1400 0.0001345553171809 1): 0.00013455160332642 2.2885876691798e-07 Y
Jump 2 ( -sys NRT.BON.1600 0.00013438634909432 1): 0.00013438940617973 4.4958950704082e-07 Y
Jump 3 ( -sys WSRT.P1.1380 -0.0013501939301194 1): -0.0013501967679302 3.2209375557705e-07 Y
Jump 4 ( -sys EFF.EBPP.2639 9.6310214810796e-05 1): 9.6308031798213e-05 8.3733684647839e-07 Y
Jump 5 ( -sys PKS.MULTI.CPSR2m.20CM -0.0013174281155881 1): -0.001317429046542 3.0198992383346e-07 Y
Jump 6 ( -sys PKS.MULTI.CPSR2n.20CM -0.0013169398311546 1): -0.001316942536412 3.1344773563746e-07 Y
Jump 7 ( -sys WSRT.P1.1380.C -0.001352577727674 1): -0.0013525791911896 4.7532022798284e-07 Y
Jump 8 ( -sys NRT.BON.2000 0.00037064531563513 1): 0.00037064100126968 4.7604067949474e-07 Y
Jump 9 ( -sys gbt.GASP.L -0.0014514958168175 1): -0.0014514981175179 2.4213704872331e-07 Y
Jump 10 ( -sys EFF.EBPP.1360 6.3144159969825e-07 1): 6.2806501085519e-07 3.5719220394402e-07 Y
Jump 11 ( -sys PKS.MULTI.PDFB2.20CM -0.001316966907489 1): -0.0013169706856747 2.8685958449879e-07 Y
Jump 12 ( -sys PKS.10CM.PDFB2.10CM -0.0013353697620767 1): -0.00133537326132 5.8195511150443e-07 Y
Jump 13 ( -sys JBO.DFB.1520 0.00019754716907065 1): 0.00019754837793598 3.8818613652376e-07 Y
Jump 14 ( -sys PKS.MULTI.PDFB1.20CM -0.0013174492156002 1): -0.001317450075101 2.7285959552564e-07 Y
Jump 15 ( -sys PKS.10CM.PDFB4.10CM -0.0013350731514261 1): -0.0013350765134603 4.2495537876462e-07 Y
Jump 16 ( -sys PKS.MULTI.PDFB3.20CM -0.0013164897217591 1): -0.0013164922417669 2.9501713059696e-07 Y
Jump 17 ( -sys PKS.MULTI.PDFB4.20CM -0.0013160877981985 1): -0.0013160911283921 3.2024951943386e-07 Y
Jump 18 ( -sys PKS.MULTI.AFB.20cm_legacy -0.00069590155409998 1): -0.00069588739715878 4.01576934414e-07 Y
Jump 19 ( -sys PKS.10CM.PDFB1.10CM -0.0013358085997842 1): -0.0013358085403392 5.8682051459374e-07 Y
Jump 20 ( -sys PKS.MULTI.fptm.20cm_legacy -0.00066593160678833 1): -0.00066591897943889 7.0639204117882e-07 Y
Jump 21 ( -sys PKS.10CM.WBCORR.10CM -0.0013376887615089 1): -0.0013376890510992 1.3351187572826e-06 Y
Jump 22 ( -sys JBO.DFB.1400 0.00017506293577619 1): 0.00017505885314571 1.1688127215641e-06 Y
Jump 23 ( -sys PKS.H-OH.PDFB1.20CM -0.0013176407224945 1): -0.0013176394593479 3.9906637230507e-07 Y
Jump 24 ( -nband b2 -1.7578288457109e-06 0): -1.7578288457109e-06 0 N
Jump 25 ( -nband b3 -1.7307199612517e-06 0): -1.7307199612517e-06 0 N
Jump 26 ( -nband b4 -1.8470957074085e-06 0): -1.8470957074085e-06 0 N
Jump 27 ( -nband b5 -1.5014117182843e-06 0): -1.5014117182843e-06 0 N
Jump 28 ( -nband b6 -1.8802901105331e-06 0): -1.8802901105331e-06 0 N
Jump 29 ( -nband b7 -1.6844255326363e-06 0): -1.6844255326363e-06 0 N

Dispersion measure values:
_DM	  52370.0  -0.000886          0  0.03
_DM	  52470.0   0.000124          0  0.03
_DM	  52570.0  -0.000571          0  0.03
_DM	  52670.0  -0.000237          0  0.03
_DM	  52770.0   2.06e-05          0  0.03
_DM	  52870.0  -0.000751          0  0.03
_DM	  52970.0  -0.000336          0  0.03
_DM	  53070.0   0.000197          0  0.03
_DM	  53170.0  -0.000344          0  0.03
_DM	  53270.0  -9.38e-05          0  0.03
_DM	  53370.0  -0.000262          0  0.03
_DM	  53470.0   7.25e-06          0  0.03
_DM	  53570.0  -1.27e-05          0  0.03
_DM	  53670.0  -8.32e-05          0  0.03
_DM	  53770.0   9.41e-05          0  0.03
_DM	  53870.0    5.3e-05          0  0.03
_DM	  53970.0   0.000163          0  0.03
_DM	  54070.0    0.00023          0  0.03
_DM	  54170.0   0.000244          0  0.03
_DM	  54270.0   0.000508          0  0.03
_DM	  54370.0   0.000457          0  0.03
_DM	  54470.0   0.000523          0  0.03
_DM	  54570.0     0.0005          0  0.03
_DM	  54670.0   0.000656          0  0.03
_DM	  54770.0    0.00069          0  0.03
_DM	  54870.0   0.000702          0  0.03
_DM	  54970.0   0.000586          0  0.03
_DM	  55070.0   0.000536          0  0.03
_DM	  55170.0   0.000679          0  0.03
_DM	  55270.0   0.000875          0  0.03
_DM	  55370.0   0.000532          0  0.03
_DM	  55470.0   0.000782          0  0.03
_DM	  55570.0   0.000986          0  0.03
_DM	  55670.0   0.000784          0  0.03
_DM	  55770.0  -0.000945          0  0.03
_DM	  55870.0   -0.00146          0  0.03
_DM	  55970.0   -0.00495          0  0.03
Mean DMOFF = -1.40653e-19
_CM	  52370.0          0          0  0.03
_CM	  52470.0          0          0  0.03
_CM	  52570.0          0          0  0.03
_CM	  52670.0          0          0  0.03
_CM	  52770.0          0          0  0.03
_CM	  52870.0          0          0  0.03
_CM	  52970.0          0          0  0.03
_CM	  53070.0          0          0  0.03
_CM	  53170.0          0          0  0.03
_CM	  53270.0          0          0  0.03
_CM	  53370.0          0          0  0.03
_CM	  53470.0          0          0  0.03
_CM	  53570.0          0          0  0.03
_CM	  53670.0          0          0  0.03
_CM	  53770.0          0          0  0.03
_CM	  53870.0          0          0  0.03
_CM	  53970.0          0          0  0.03
_CM	  54070.0          0          0  0.03
_CM	  54170.0          0          0  0.03
_CM	  54270.0          0          0  0.03
_CM	  54370.0          0          0  0.03
_CM	  54470.0          0          0  0.03
_CM	  54570.0          0          0  0.03
_CM	  54670.0          0          0  0.03
_CM	  54770.0          0          0  0.03
_CM	  54870.0          0          0  0.03
_CM	  54970.0          0          0  0.03
_CM	  55070.0          0          0  0.03
_CM	  55170.0          0          0  0.03
_CM	  55270.0          0          0  0.03
_CM	  55370.0          0          0  0.03
_CM	  55470.0          0          0  0.03
_CM	  55570.0          0          0  0.03
_CM	  55670.0          0          0  0.03
_CM	  55770.0          0          0  0.03
_CM	  55870.0          0          0  0.03
_CM	  55970.0          0          0  0.03
CM white PSD estimate: 0
Interpolated function
49400.00 -2.271280746e-07 5.444259494e-07 0.027
49582.62 -1.620766185e-06 5.5864125e-07 0.027
49765.25 -8.501197955e-07 3.920520416e-07 0.027
49947.88 3.898638086e-07 3.498597457e-07 0.027
50130.50 6.041523978e-07 3.495294735e-07 0.027
50313.12 1.000226456e-06 3.027404732e-07 0.027
50495.75 4.558242494e-07 3.180954399e-07 0.027
50678.38 8.273517762e-07 3.138493681e-07 0.027
50861.00 2.685807489e-07 2.681458582e-07 0.027
51043.62 3.399581279e-07 2.517565294e-07 0.027
51226.25 2.103350356e-07 2.395883405e-07 0.027
51408.88 1.643744267e-07 2.436415035e-07 0.027
51591.50 1.467384711e-07 2.244695918e-07 0.027
51774.12 -1.770967649e-07 2.221286287e-07 0.027
51956.75 -1.230134092e-07 2.185448028e-07 0.027
52139.38 -3.125113111e-07 2.126050251e-07 0.027
52322.00 9.141745837e-08 2.097768893e-07 0.027
52504.62 -2.16281827e-07 2.141438674e-07 0.027
52687.25 -1.863891149e-07 2.087564508e-07 0.027
52869.88 -1.221215706e-07 1.987990673e-07 0.027
53052.50 -1.846317838e-07 1.937270993e-07 0.027
53235.12 -6.909049794e-08 1.793113091e-07 0.027
53417.75 -1.502744078e-08 1.717568483e-07 0.027
53600.38 -3.33994302e-07 1.62214035e-07 0.027
53783.00 -2.398791562e-07 1.614891199e-07 0.027
53965.62 -7.0385228e-08 1.55751466e-07 0.027
54148.25 -1.916437676e-07 1.524279789e-07 0.027
54330.88 -1.427436603e-07 1.430649174e-07 0.027
54513.50 -1.05457185e-07 1.348833844e-07 0.027
54696.12 -1.676328547e-07 1.254348894e-07 0.027
54878.75 -5.57294531e-08 1.15593942e-07 0.027
55061.38 4.665775295e-08 1.025713685e-07 0.027
55244.00 8.567570844e-08 9.999583412e-08 0.027
55426.62 1.537033884e-07 1.093437011e-07 0.027
55609.25 2.950729242e-07 1.361144743e-07 0.027
55791.88 3.104884647e-07 1.77192498e-07 0.027
55974.50 2.122218678e-08 1.930313109e-07 0.027

Derived parameters:

P0 (s)      = 0.00306184408768037       3.1613e-17   
P1          = 9.59048323832767e-21      2.8095e-25   
tau_c (Myr) = 5061.8
bs (G)      = 1.7341e+08

Binary model: T2
Mass function                  = 0.000971856518 
Minimum, median and maximum companion mass: 0.1286 < 0.1499 < 0.3198 solar masses

Parallax distance is 1164.66 (+/- 0) pc.

Conversion from ELL1 parameters: 
------------------------------------
ECC = 5.31076522866376e-06 +/- 0
OM  = 47.0067462287805 +/- 0 degrees
T0  = 50315.4259859971 +/- 0
------------------------------------
Total proper motion = 10.497 +/- 0 mas/yr
Total time span = 4995.232 days = 13.676 years

Tempo2 usage
Units:                 TCB (tempo2)
Time ephemeris:        IF99 (tempo2)
Troposphere corr.?     Yes (tempo2)
Dilate freq?           Yes (tempo2)
Electron density (1AU) 4
Solar system ephem     DE421
Time scale             TT(TAI)
Binary model           T2


Results for PSR J0621+1002


RMS pre-fit residual = 13.511 (us), RMS post-fit residual = 13.549 (us)
Fit Chisq = 3.191e+04	Chisqr/nfree = 31913.25/29061 = 1.09815	pre/post = 0.997246
Number of fit parameters: 47

Global fit:

Number of fit parameters in total, nt: 635

Number of points in fit (including constraint points) = 568
Number of constraints in fit = 9
Number of observations in fit = 559
Constraint EFACTOR = 1e+15
Offset: 1.59836e-06 8.47758e-06 offset_e*sqrt(n) = 0.000200437 n = 559


PARAMETER       Pre-fit                   Post-fit                  Uncertainty   Difference   Fit
---------------------------------------------------------------------------------------------------
RAJ (rad)       1.66403431544605          1.66403431544605          0             0             N
RAJ (hms)       06:21:22.1143776          06:21:22.1143776          0             0            
DECJ (rad)      0.175302491335741         0.175302491335741         0             0             N
DECJ (dms)      +10:02:38.73441           +10:02:38.73441           0             0            
F0 (s^-1)       34.6574066214103          34.6574066214103          3.4842e-12    3.5527e-14    Y
F1 (s^-2)       -5.68474271603816e-17     -5.68485657609362e-17     2.2213e-20    -1.1386e-21   Y
PEPOCH (MJD)    55000                     55000                     0             0             N
POSEPOCH (MJD)  55000                     55000                     0             0             N
DMEPOCH (MJD)   55000                     55000                     0             0             N
DM (cm^-3 pc)   36.4741988432879          36.4741988432879          0             0             N
DM1 (cm^-3 pc y -0.0110205298241679       -0.0110205298241679       0             0             N
PMRA (mas/yr)   3.37516481932822          3.37516481932822          0             0             N
PMDEC (mas/yr)  -0.134662365400824        -0.134662365400824        0             0             N
PB (d)          8.31868115186079          8.31868115186079          0             0             N
T0 (MJD)        49746.8667529454          49746.8667529454          0             0             N
A1 (lt-s)       12.032072881529           12.032072881529           0             0             N
OM (deg)        188.774235946814          188.774235946814          0             0             N
ECC             0.0024572677414729        0.0024572677414729        0             0             N
OMDOT (deg/yr)  0.0111912284771869        0.0111912284771869        0             0             N
START (MJD)     50692.215355064           50693.2178898193          0             1.0025        N
FINISH (MJD)    55922.9605660015          55921.9531185904          0             -1.0074       N
TZRMJD          53296.994225042           53296.994225042           0             0             N
TZRFRQ (MHz)    1409.999                  1409.999                  0             0             N
TZRSITE         eff                      
TRES            13.562                    13.5487514993872          0             -0.013249     N
EPHVER          TEMPO2                    TEMPO2                    0             0             N
IFUNC           2                         2                         0             0             G
NE_SW (cm^-3)   4                         4                         0             0             N
---------------------------------------------------------------------------------------------------
[textOutput.C:273] Notice: Parameter uncertainties multiplied by sqrt(red. chisq)


CONSTRAINTS:
IFUNC mean(C) = 0
IFUNC linear(C) = 0
IFUNC quadratic(C) = 0
IFUNC_YEAR C.sin(t) = 0
IFUNC_YEAR C.cos(t) = 0
IFUNC_YEAR C.t.sin(t) = 0
IFUNC_YEAR C.t.cos(t) = 0
IFUNC_YEAR C.sin(2t) = 0
IFUNC_YEAR C.cos(2t) = 0

Jump 1 ( -sys EFF.EBPP.2639 0.00019362841718079 1): 0.00019363081829245 6.8834383017544e-06 Y
Jump 2 ( -sys NRT.BON.1400 0.00014459075012319 1): 0.00014459140583182 4.5172318788052e-06 Y
Jump 3 ( -sys WSRT.P1.1380.C -0.00085585038130148 1): -0.00085584952000276 4.6347732582537e-06 Y
Jump 4 ( -sys NRT.BON.1600 0.00016543386471706 1): 0.00016543846984099 5.7616679707443e-06 Y
Jump 5 ( -sys JBO.DFB.1520 0.00023312745250215 1): 0.00023313101659789 4.7772000960018e-06 Y
Jump 6 ( -sys EFF.EBPP.1360 9.8354730943723e-06 1): 9.8371963324176e-06 4.8280857482801e-06 Y
Jump 7 ( -sys JBO.DFB.1400 0.00022082435173451 1): 0.00022082427933773 5.2359116095894e-06 Y
Interpolated function
49400.00 -2.271280746e-07 5.444259494e-07 0.027
49582.62 -1.620766185e-06 5.5864125e-07 0.027
49765.25 -8.501197955e-07 3.920520416e-07 0.027
49947.88 3.898638086e-07 3.498597457e-07 0.027
50130.50 6.041523978e-07 3.495294735e-07 0.027
50313.12 1.000226456e-06 3.027404732e-07 0.027
50495.75 4.558242494e-07 3.180954399e-07 0.027
50678.38 8.273517762e-07 3.138493681e-07 0.027
50861.00 2.685807489e-07 2.681458582e-07 0.027
51043.62 3.399581279e-07 2.517565294e-07 0.027
51226.25 2.103350356e-07 2.395883405e-07 0.027
51408.88 1.643744267e-07 2.436415035e-07 0.027
51591.50 1.467384711e-07 2.244695918e-07 0.027
51774.12 -1.770967649e-07 2.221286287e-07 0.027
51956.75 -1.230134092e-07 2.185448028e-07 0.027
52139.38 -3.125113111e-07 2.126050251e-07 0.027
52322.00 9.141745837e-08 2.097768893e-07 0.027
52504.62 -2.16281827e-07 2.141438674e-07 0.027
52687.25 -1.863891149e-07 2.087564508e-07 0.027
52869.88 -1.221215706e-07 1.987990673e-07 0.027
53052.50 -1.846317838e-07 1.937270993e-07 0.027
53235.12 -6.909049794e-08 1.793113091e-07 0.027
53417.75 -1.502744078e-08 1.717568483e-07 0.027
53600.38 -3.33994302e-07 1.62214035e-07 0.027
53783.00 -2.398791562e-07 1.614891199e-07 0.027
53965.62 -7.0385228e-08 1.55751466e-07 0.027
54148.25 -1.916437676e-07 1.524279789e-07 0.027
54330.88 -1.427436603e-07 1.430649174e-07 0.027
54513.50 -1.05457185e-07 1.348833844e-07 0.027
54696.12 -1.676328547e-07 1.254348894e-07 0.027
54878.75 -5.57294531e-08 1.15593942e-07 0.027
55061.38 4.665775295e-08 1.025713685e-07 0.027
55244.00 8.567570844e-08 9.999583412e-08 0.027
55426.62 1.537033884e-07 1.093437011e-07 0.027
55609.25 2.950729242e-07 1.361144743e-07 0.027
55791.88 3.104884647e-07 1.77192498e-07 0.027
55974.50 2.122218678e-08 1.930313109e-07 0.027

Derived parameters:

P0 (s)      = 0.0288538611940522        2.9007e-15   
P1          = 4.73290065660502e-20      1.8493e-23   
tau_c (Myr) = 9665.8
bs (G)      = 1.1825e+09

Binary model: T2
Mass function                  = 0.027026831331 
Minimum, median and maximum companion mass: 0.4429 < 0.5273 < 1.3275 solar masses
Total proper motion = 3.3779 +/- 0 mas/yr
Total time span = 5228.733 days = 14.315 years

Tempo2 usage
Units:                 TCB (tempo2)
Time ephemeris:        IF99 (tempo2)
Troposphere corr.?     Yes (tempo2)
Dilate freq?           Yes (tempo2)
Electron density (1AU) 4
Solar system ephem     DE421
Time scale             TT(TAI)
Binary model           T2


Results for PSR J0711-6830


RMS pre-fit residual = 1.918 (us), RMS post-fit residual = 1.874 (us)
Fit Chisq = 3.191e+04	Chisqr/nfree = 31913.25/29061 = 1.09815	pre/post = 1.02355
Number of fit parameters: 48

Global fit:

Number of fit parameters in total, nt: 635

Number of points in fit (including constraint points) = 427
Number of constraints in fit = 19
Number of observations in fit = 408
Constraint EFACTOR = 1e+15
Offset: -5.97131e-07 4.56521e-07 offset_e*sqrt(n) = 9.22128e-06 n = 408


PARAMETER       Pre-fit                   Post-fit                  Uncertainty   Difference   Fit
---------------------------------------------------------------------------------------------------
RAJ (rad)       1.88453301283176          1.88453301283176          0             0             N
RAJ (hms)       07:11:54.1891172          07:11:54.1891172          0             0            
DECJ (rad)      -1.19578040950198         -1.19578040950198         0             0             N
DECJ (dms)      -68:30:47.41448           -68:30:47.41448           0             0            
F0 (s^-1)       182.117234668578          182.117234668579          1.3066e-12    3.1264e-13    Y
F1 (s^-2)       -4.9441271048174e-16      -4.94418841486343e-16     1.2168e-20    -6.131e-21    Y
PEPOCH (MJD)    54500                     54500                     0             0             N
POSEPOCH (MJD)  54500                     54500                     0             0             N
DMEPOCH (MJD)   54500                     54500                     0             0             N
DM (cm^-3 pc)   18.4099188442968          18.4099188442968          0             0             N
DM1 (cm^-3 pc y 0.000103005011215453      0.000103005011215453      0             0             N
PMRA (mas/yr)   -15.5395273631387         -15.5395273631387         0             0             N
PMDEC (mas/yr)  14.2297758340718          14.2297758340718          0             0             N
START (MJD)     49373.5724009001          49589.077487892           0             215.51        N
FINISH (MJD)    55619.252251341           55619.249251341           0             -0.003        N
TZRMJD          52499.9735367956          52619.6125505915          0             119.64        N
TZRFRQ (MHz)    1390                      1341.091                  0             -48.909       N
TZRSITE         PKS                      
TRES            1.868                     1.87353594380831          0             0.0055359     N
EPHVER          TEMPO2                    TEMPO2                    0             0             N
IFUNC           2                         2                         0             0             G
DMMODEL         18.4099188442968          18.4099188442968          0             0             N
NE_SW (cm^-3)   4                         4                         0             0             N
---------------------------------------------------------------------------------------------------
[textOutput.C:273] Notice: Parameter uncertainties multiplied by sqrt(red. chisq)


CONSTRAINTS:
DMMODEL mean(DM) = 0
DMMODEL mean(C) = 0
DMMODEL linear(C) = 0
DMMODEL quadratic(C) = 0
DMMODEL_YEAR C.sin(t) = 0
DMMODEL_YEAR C.cos(t) = 0
DMMODEL_YEAR C.t.sin(t) = 0
DMMODEL_YEAR C.t.cos(t) = 0
DMMODEL_YEAR C.cos(2t) = 0
DMMODEL_YEAR C.sin(2t) = 0
IFUNC mean(C) = 0
IFUNC linear(C) = 0
IFUNC quadratic(C) = 0
IFUNC_YEAR C.sin(t) = 0
IFUNC_YEAR C.cos(t) = 0
IFUNC_YEAR C.t.sin(t) = 0
IFUNC_YEAR C.t.cos(t) = 0
IFUNC_YEAR C.sin(2t) = 0
IFUNC_YEAR C.cos(2t) = 0

Jump 1 ( -B 20CM -1.8371410286505e-06 0): -1.8371410286505e-06 0 N
Jump 2 ( -B 40CM 1.3632294997827e-05 0): 1.3632294997827e-05 0 N
Jump 3 ( -B 50CM 1.7079612172476e-05 0): 1.7079612172476e-05 0 N
Jump 4 ( -sys H-OH_AFB 2.8578647415917e-06 1): 3.9630246088341e-06 9.3550181784643e-06 Y
Jump 5 ( -sys MULTI_AFB -8.9674207179179e-06 1): -9.1117466831443e-06 1.783565979067e-06 Y
Jump 6 ( -sys MULTI_fptm 1.4823925098341e-05 1): 1.4487306353036e-05 3.2427301960434e-06 Y
Jump 7 ( -sys H-OH_fptm 1.6525905416192e-05 1): 1.6055432090841e-05 4.3095486690742e-06 Y
Jump 8 ( -sys MULTI_cpsr2m 1.9879801425284e-05 1): 1.9791100078778e-05 1.398543458967e-06 Y
Jump 9 ( -sys MULTI_cpsr2n 1.8111018768544e-05 1): 1.8024408178049e-05 1.4420554921772e-06 Y
Jump 10 ( -sys H-OH_cpsr2m 1.8590287652379e-05 1): 1.8555040212335e-05 1.6492915601127e-06 Y
Jump 11 ( -sys H-OH_cpsr2n 1.8894395335456e-05 1): 1.8847061068374e-05 1.5146396306497e-06 Y

Dispersion measure values:
_DM	  53430.0   0.000487          0  0.08
_DM	  53630.0   0.000293          0  0.08
_DM	  53830.0   2.71e-05          0  0.08
_DM	  54030.0  -0.000208          0  0.08
_DM	  54230.0  -0.000424          0  0.08
_DM	  54430.0  -0.000545          0  0.08
_DM	  54630.0  -0.000175          0  0.08
_DM	  54830.0   4.99e-05          0  0.08
_DM	  55030.0    4.8e-05          0  0.08
_DM	  55230.0  -0.000192          0  0.08
_DM	  55430.0   0.000278          0  0.08
_DM	  55630.0    0.00036          0  0.08
Mean DMOFF = -7.67977e-20
_CM	  53430.0          0          0  0.08
_CM	  53630.0          0          0  0.08
_CM	  53830.0          0          0  0.08
_CM	  54030.0          0          0  0.08
_CM	  54230.0          0          0  0.08
_CM	  54430.0          0          0  0.08
_CM	  54630.0          0          0  0.08
_CM	  54830.0          0          0  0.08
_CM	  55030.0          0          0  0.08
_CM	  55230.0          0          0  0.08
_CM	  55430.0          0          0  0.08
_CM	  55630.0          0          0  0.08
CM white PSD estimate: 0
Interpolated function
49400.00 -2.271280746e-07 5.444259494e-07 0.027
49582.62 -1.620766185e-06 5.5864125e-07 0.027
49765.25 -8.501197955e-07 3.920520416e-07 0.027
49947.88 3.898638086e-07 3.498597457e-07 0.027
50130.50 6.041523978e-07 3.495294735e-07 0.027
50313.12 1.000226456e-06 3.027404732e-07 0.027
50495.75 4.558242494e-07 3.180954399e-07 0.027
50678.38 8.273517762e-07 3.138493681e-07 0.027
50861.00 2.685807489e-07 2.681458582e-07 0.027
51043.62 3.399581279e-07 2.517565294e-07 0.027
51226.25 2.103350356e-07 2.395883405e-07 0.027
51408.88 1.643744267e-07 2.436415035e-07 0.027
51591.50 1.467384711e-07 2.244695918e-07 0.027
51774.12 -1.770967649e-07 2.221286287e-07 0.027
51956.75 -1.230134092e-07 2.185448028e-07 0.027
52139.38 -3.125113111e-07 2.126050251e-07 0.027
52322.00 9.141745837e-08 2.097768893e-07 0.027
52504.62 -2.16281827e-07 2.141438674e-07 0.027
52687.25 -1.863891149e-07 2.087564508e-07 0.027
52869.88 -1.221215706e-07 1.987990673e-07 0.027
53052.50 -1.846317838e-07 1.937270993e-07 0.027
53235.12 -6.909049794e-08 1.793113091e-07 0.027
53417.75 -1.502744078e-08 1.717568483e-07 0.027
53600.38 -3.33994302e-07 1.62214035e-07 0.027
53783.00 -2.398791562e-07 1.614891199e-07 0.027
53965.62 -7.0385228e-08 1.55751466e-07 0.027
54148.25 -1.916437676e-07 1.524279789e-07 0.027
54330.88 -1.427436603e-07 1.430649174e-07 0.027
54513.50 -1.05457185e-07 1.348833844e-07 0.027
54696.12 -1.676328547e-07 1.254348894e-07 0.027
54878.75 -5.57294531e-08 1.15593942e-07 0.027
55061.38 4.665775295e-08 1.025713685e-07 0.027
55244.00 8.567570844e-08 9.999583412e-08 0.027
55426.62 1.537033884e-07 1.093437011e-07 0.027
55609.25 2.950729242e-07 1.361144743e-07 0.027
55791.88 3.104884647e-07 1.77192498e-07 0.027
55974.50 2.122218678e-08 1.930313109e-07 0.027

Derived parameters:

P0 (s)      = 0.00549096850619231       3.9394e-17   
P1          = 1.49070915359007e-20      3.6688e-25   
tau_c (Myr) = 5840.1
bs (G)      = 2.8951e+08

Total proper motion = 21.07 +/- 0 mas/yr
Total time span = 6030.170 days = 16.510 years

Tempo2 usage
Units:                 TCB (tempo2)
Time ephemeris:        IF99 (tempo2)
Troposphere corr.?     Yes (tempo2)
Dilate freq?           Yes (tempo2)
Electron density (1AU) 4
Solar system ephem     DE421
Time scale             TT(TAI)
Binary model           NONE


Results for PSR J0751+1807


RMS pre-fit residual = 3.674 (us), RMS post-fit residual = 3.607 (us)
Fit Chisq = 3.191e+04	Chisqr/nfree = 31913.25/29061 = 1.09815	pre/post = 1.01859
Number of fit parameters: 48

Global fit:

Number of fit parameters in total, nt: 635

Number of points in fit (including constraint points) = 1124
Number of constraints in fit = 9
Number of observations in fit = 1115
Constraint EFACTOR = 1e+15
Offset: -4.55791e-07 1.14319e-06 offset_e*sqrt(n) = 3.81729e-05 n = 1115


PARAMETER       Pre-fit                   Post-fit                  Uncertainty   Difference   Fit
---------------------------------------------------------------------------------------------------
RAJ (rad)       2.05579098778015          2.05579098778015          0             0             N
RAJ (hms)       07:51:09.1553186          07:51:09.1553186          0             0            
DECJ (rad)      0.316382065449513         0.316382065449513         0             0             N
DECJ (dms)      +18:07:38.48543           +18:07:38.48543           0             0            
F0 (s^-1)       287.4578539951            287.457853995101          3.5953e-12    5.1159e-13    Y
F1 (s^-2)       -6.43506438771422e-16     -6.43515680198076e-16     1.929e-20     -9.2414e-21   Y
PEPOCH (MJD)    55000                     55000                     0             0             N
POSEPOCH (MJD)  55000                     55000                     0             0             N
DMEPOCH (MJD)   55000                     55000                     0             0             N
DM (cm^-3 pc)   30.2527098008198          30.2527098008198          0             0             N
DM1 (cm^-3 pc y -0.000217067643508872     -0.000217067643508872     0             0             N
PMRA (mas/yr)   -2.69947848408473         -2.69947848408473         0             0             N
PMDEC (mas/yr)  -13.289196607655          -13.289196607655          0             0             N
PX (mas)        0.68866715876327          0.68866715876327          0             0             N
PB (d)          0.263144270809371         0.263144270809371         0             0             N
A1 (lt-s)       0.396616095993204         0.396616095993204         0             0             N
PBDOT           -4.33427503598e-14        -4.33427503598e-14        0             0             N
XDOT            -1.01824634211065e-14     -1.01824634211065e-14     0             0             N
TASC (MJD)      51800.2158682622          51800.2158682622          0             0             N
EPS1            1.58318525362872e-06      1.58318525362872e-06      0             0             N
EPS2            5.61740124506526e-07      5.61740124506526e-07      0             0             N
START (MJD)     50362.2638420878          50363.2642662561          0             1.0004        N
FINISH (MJD)    55923.0304905252          55922.0241481584          0             -1.0063       N
TZRMJD          53135.7685301503          53135.7685301503          0             0             N
TZRFRQ (MHz)    1409.999                  1409.999                  0             0             N
TZRSITE         eff                      
TRES            3.609                     3.60738788675937          0             -0.0016121    N
EPHVER          TEMPO2                    TEMPO2                    0             0             N
IFUNC           2                         2                         0             0             G
NE_SW (cm^-3)   4                         4                         0             0             N
---------------------------------------------------------------------------------------------------
[textOutput.C:273] Notice: Parameter uncertainties multiplied by sqrt(red. chisq)


CONSTRAINTS:
IFUNC mean(C) = 0
IFUNC linear(C) = 0
IFUNC quadratic(C) = 0
IFUNC_YEAR C.sin(t) = 0
IFUNC_YEAR C.cos(t) = 0
IFUNC_YEAR C.t.sin(t) = 0
IFUNC_YEAR C.t.cos(t) = 0
IFUNC_YEAR C.sin(2t) = 0
IFUNC_YEAR C.cos(2t) = 0

Jump 1 ( -sys EFF.EBPP.1410 -9.8136309749799e-05 1): -9.8035736923135e-05 2.0460092169104e-06 Y
Jump 2 ( -sys NRT.BON.1400 3.3489864204692e-05 1): 3.3487341116545e-05 7.6487386300761e-07 Y
Jump 3 ( -sys WSRT.P1.1380.C 3.2334601443305e-05 1): 3.2329854731628e-05 1.2298779636459e-06 Y
Jump 4 ( -sys NRT.BON.2000 1.8483468092519e-05 1): 1.8481560200604e-05 2.1658303001587e-06 Y
Jump 5 ( -sys JBO.DFB.1520 0.00010383882911977 1): 0.00010384011622127 8.3714033971344e-07 Y
Jump 6 ( -sys EFF.EBPP.1360 -9.6921092618793e-05 1): -9.692689071805e-05 1.6205439119652e-06 Y
Jump 7 ( -sys NRT.BON.1600 2.9483528476071e-05 1): 2.9489774587368e-05 9.7852596078894e-07 Y
Jump 8 ( -sys JBO.DFB.1400 8.104763730484e-05 1): 8.1042514709233e-05 1.0564648513864e-06 Y
Interpolated function
49400.00 -2.271280746e-07 5.444259494e-07 0.027
49582.62 -1.620766185e-06 5.5864125e-07 0.027
49765.25 -8.501197955e-07 3.920520416e-07 0.027
49947.88 3.898638086e-07 3.498597457e-07 0.027
50130.50 6.041523978e-07 3.495294735e-07 0.027
50313.12 1.000226456e-06 3.027404732e-07 0.027
50495.75 4.558242494e-07 3.180954399e-07 0.027
50678.38 8.273517762e-07 3.138493681e-07 0.027
50861.00 2.685807489e-07 2.681458582e-07 0.027
51043.62 3.399581279e-07 2.517565294e-07 0.027
51226.25 2.103350356e-07 2.395883405e-07 0.027
51408.88 1.643744267e-07 2.436415035e-07 0.027
51591.50 1.467384711e-07 2.244695918e-07 0.027
51774.12 -1.770967649e-07 2.221286287e-07 0.027
51956.75 -1.230134092e-07 2.185448028e-07 0.027
52139.38 -3.125113111e-07 2.126050251e-07 0.027
52322.00 9.141745837e-08 2.097768893e-07 0.027
52504.62 -2.16281827e-07 2.141438674e-07 0.027
52687.25 -1.863891149e-07 2.087564508e-07 0.027
52869.88 -1.221215706e-07 1.987990673e-07 0.027
53052.50 -1.846317838e-07 1.937270993e-07 0.027
53235.12 -6.909049794e-08 1.793113091e-07 0.027
53417.75 -1.502744078e-08 1.717568483e-07 0.027
53600.38 -3.33994302e-07 1.62214035e-07 0.027
53783.00 -2.398791562e-07 1.614891199e-07 0.027
53965.62 -7.0385228e-08 1.55751466e-07 0.027
54148.25 -1.916437676e-07 1.524279789e-07 0.027
54330.88 -1.427436603e-07 1.430649174e-07 0.027
54513.50 -1.05457185e-07 1.348833844e-07 0.027
54696.12 -1.676328547e-07 1.254348894e-07 0.027
54878.75 -5.57294531e-08 1.15593942e-07 0.027
55061.38 4.665775295e-08 1.025713685e-07 0.027
55244.00 8.567570844e-08 9.999583412e-08 0.027
55426.62 1.537033884e-07 1.093437011e-07 0.027
55609.25 2.950729242e-07 1.361144743e-07 0.027
55791.88 3.104884647e-07 1.77192498e-07 0.027
55974.50 2.122218678e-08 1.930313109e-07 0.027

Derived parameters:

P0 (s)      = 0.00347877083927943       4.351e-17    
P1          = 7.78772801570517e-21      2.3344e-25   
tau_c (Myr) = 7082.4
bs (G)      = 1.6656e+08

Binary model: T2
Mass function                  = 0.000967399580 
Minimum, median and maximum companion mass: 0.1283 < 0.1496 < 0.3193 solar masses

Parallax distance is 1452.08 (+/- 0) pc.
Pbdot distance is -4267.55 (+/- 0) pc.

Conversion from ELL1 parameters: 
------------------------------------
ECC = 1.67988913764809e-06 +/- 0
OM  = 70.4644793359247 +/- 0 degrees
T0  = 51800.2673747178 +/- 0
------------------------------------
Total proper motion = 13.561 +/- 0 mas/yr
Total time span = 5558.758 days = 15.219 years

Tempo2 usage
Units:                 TCB (tempo2)
Time ephemeris:        IF99 (tempo2)
Troposphere corr.?     Yes (tempo2)
Dilate freq?           Yes (tempo2)
Electron density (1AU) 4
Solar system ephem     DE421
Time scale             TT(TAI)
Binary model           T2


Results for PSR J0900-3144


RMS pre-fit residual = 3.109 (us), RMS post-fit residual = 3.094 (us)
Fit Chisq = 3.191e+04	Chisqr/nfree = 31913.25/29061 = 1.09815	pre/post = 1.00458
Number of fit parameters: 44

Global fit:

Number of fit parameters in total, nt: 635

Number of points in fit (including constraint points) = 575
Number of constraints in fit = 9
Number of observations in fit = 566
Constraint EFACTOR = 1e+15
Offset: 1.68199e-07 1.3464e-06 offset_e*sqrt(n) = 3.20319e-05 n = 566


PARAMETER       Pre-fit                   Post-fit                  Uncertainty   Difference   Fit
---------------------------------------------------------------------------------------------------
RAJ (rad)       2.35939084912529          2.35939084912529          0             0             N
RAJ (hms)       09:00:43.9530904          09:00:43.9530904          0             0            
DECJ (rad)      -0.554000932874164        -0.554000932874164        0             0             N
DECJ (dms)      -31:44:30.89508           -31:44:30.89508           0             0            
F0 (s^-1)       90.0118419193551          90.0118419193552          1.7767e-12    1.4211e-13    Y
F1 (s^-2)       -3.95897845128504e-16     -3.95895155928818e-16     7.2803e-20    2.6892e-21    Y
PEPOCH (MJD)    55000                     55000                     0             0             N
POSEPOCH (MJD)  55000                     55000                     0             0             N
DMEPOCH (MJD)   55000                     55000                     0             0             N
DM (cm^-3 pc)   75.6952453262605          75.6952453262605          0             0             N
DM1 (cm^-3 pc y -6.22230502842443e-05     -6.22230502842443e-05     0             0             N
PMRA (mas/yr)   -0.958220056525287        -0.958220056525287        0             0             N
PMDEC (mas/yr)  1.88509564545909          1.88509564545909          0             0             N
PX (mas)        1.25744374543985          1.25744374543985          0             0             N
PB (d)          18.737636031146           18.737636031146           0             0             N
A1 (lt-s)       17.2488131137648          17.2488131137648          0             0             N
PBDOT           1.18234247552222e-11      1.18234247552222e-11      0             0             N
XDOT            -7.80529557585795e-15     -7.80529557585795e-15     0             0             N
TASC (MJD)      52678.6302899233          52678.6302899233          0             0             N
EPS1            9.91343313504146e-06      9.91343313504146e-06      0             0             N
EPS2            3.51185772525022e-06      3.51185772525022e-06      0             0             N
START (MJD)     54283.5650664372          54284.5687543311          0             1.0037        N
FINISH (MJD)    55923.0992646794          55922.0941085938          0             -1.0052       N
TZRMJD          55100.3404964549          55100.3404964549          0             0             N
TZRFRQ (MHz)    1399.869                  1399.869                  0             0             N
TZRSITE         ncy                      
TRES            3.096                     3.09439280103523          0             -0.0016072    N
EPHVER          TEMPO2                    TEMPO2                    0             0             N
IFUNC           2                         2                         0             0             G
NE_SW (cm^-3)   4                         4                         0             0             N
---------------------------------------------------------------------------------------------------
[textOutput.C:273] Notice: Parameter uncertainties multiplied by sqrt(red. chisq)


CONSTRAINTS:
IFUNC mean(C) = 0
IFUNC linear(C) = 0
IFUNC quadratic(C) = 0
IFUNC_YEAR C.sin(t) = 0
IFUNC_YEAR C.cos(t) = 0
IFUNC_YEAR C.t.sin(t) = 0
IFUNC_YEAR C.t.cos(t) = 0
IFUNC_YEAR C.sin(2t) = 0
IFUNC_YEAR C.cos(2t) = 0

Jump 1 ( -sys NRT.BON.2000 0.0018024482889897 1): 0.0018024492623293 6.0617007421981e-07 Y
Jump 2 ( -sys NRT.BON.1600 9.0832983890342e-07 1): 9.2334196908423e-07 5.9922924855026e-07 Y
Jump 3 ( -sys JBO.DFB.1520 3.9703646241763e-05 1): 3.9713955763747e-05 1.2859473155369e-06 Y
Jump 4 ( -sys JBO.DFB.1400 4.2922856116703e-05 1): 4.2923536281638e-05 3.9241678413211e-06 Y
Interpolated function
49400.00 -2.271280746e-07 5.444259494e-07 0.027
49582.62 -1.620766185e-06 5.5864125e-07 0.027
49765.25 -8.501197955e-07 3.920520416e-07 0.027
49947.88 3.898638086e-07 3.498597457e-07 0.027
50130.50 6.041523978e-07 3.495294735e-07 0.027
50313.12 1.000226456e-06 3.027404732e-07 0.027
50495.75 4.558242494e-07 3.180954399e-07 0.027
50678.38 8.273517762e-07 3.138493681e-07 0.027
50861.00 2.685807489e-07 2.681458582e-07 0.027
51043.62 3.399581279e-07 2.517565294e-07 0.027
51226.25 2.103350356e-07 2.395883405e-07 0.027
51408.88 1.643744267e-07 2.436415035e-07 0.027
51591.50 1.467384711e-07 2.244695918e-07 0.027
51774.12 -1.770967649e-07 2.221286287e-07 0.027
51956.75 -1.230134092e-07 2.185448028e-07 0.027
52139.38 -3.125113111e-07 2.126050251e-07 0.027
52322.00 9.141745837e-08 2.097768893e-07 0.027
52504.62 -2.16281827e-07 2.141438674e-07 0.027
52687.25 -1.863891149e-07 2.087564508e-07 0.027
52869.88 -1.221215706e-07 1.987990673e-07 0.027
53052.50 -1.846317838e-07 1.937270993e-07 0.027
53235.12 -6.909049794e-08 1.793113091e-07 0.027
53417.75 -1.502744078e-08 1.717568483e-07 0.027
53600.38 -3.33994302e-07 1.62214035e-07 0.027
53783.00 -2.398791562e-07 1.614891199e-07 0.027
53965.62 -7.0385228e-08 1.55751466e-07 0.027
54148.25 -1.916437676e-07 1.524279789e-07 0.027
54330.88 -1.427436603e-07 1.430649174e-07 0.027
54513.50 -1.05457185e-07 1.348833844e-07 0.027
54696.12 -1.676328547e-07 1.254348894e-07 0.027
54878.75 -5.57294531e-08 1.15593942e-07 0.027
55061.38 4.665775295e-08 1.025713685e-07 0.027
55244.00 8.567570844e-08 9.999583412e-08 0.027
55426.62 1.537033884e-07 1.093437011e-07 0.027
55609.25 2.950729242e-07 1.361144743e-07 0.027
55791.88 3.104884647e-07 1.77192498e-07 0.027
55974.50 2.122218678e-08 1.930313109e-07 0.027

Derived parameters:

P0 (s)      = 0.0111096493380942        2.1929e-16   
P1          = 4.88630858255276e-20      8.9856e-24   
tau_c (Myr) = 3604.8
bs (G)      = 7.4557e+08

Binary model: T2
Mass function                  = 0.015693896325 
Minimum, median and maximum companion mass: 0.3577 < 0.4236 < 1.0214 solar masses

Parallax distance is 795.264 (+/- 0) pc.
Pbdot distance is 672300 (+/- 0) pc.

Conversion from ELL1 parameters: 
------------------------------------
ECC = 1.05170956639815e-05 +/- 0
OM  = 70.4931856744745 +/- 0 degrees
T0  = 52682.2993889673 +/- 0
------------------------------------
Total proper motion = 2.1147 +/- 0 mas/yr
Total time span = 1637.523 days = 4.483 years

Tempo2 usage
Units:                 TCB (tempo2)
Time ephemeris:        IF99 (tempo2)
Troposphere corr.?     Yes (tempo2)
Dilate freq?           Yes (tempo2)
Electron density (1AU) 4
Solar system ephem     DE421
Time scale             TT(TAI)
Binary model           T2


Results for PSR J1012+5307


RMS pre-fit residual = 1.673 (us), RMS post-fit residual = 1.489 (us)
Fit Chisq = 3.191e+04	Chisqr/nfree = 31913.25/29061 = 1.09815	pre/post = 1.12315
Number of fit parameters: 51

Global fit:

Number of fit parameters in total, nt: 635

Number of points in fit (including constraint points) = 1117
Number of constraints in fit = 19
Number of observations in fit = 1098
Constraint EFACTOR = 1e+15
Offset: -5.49502e-07 4.51002e-07 offset_e*sqrt(n) = 1.49444e-05 n = 1098


PARAMETER       Pre-fit                   Post-fit                  Uncertainty   Difference   Fit
---------------------------------------------------------------------------------------------------
RAJ (rad)       2.67278540116322          2.67278540116322          0             0             N
RAJ (hms)       10:12:33.4375274          10:12:33.4375274          0             0            
DECJ (rad)      0.927071872168652         0.927071872168652         0             0             N
DECJ (dms)      +53:07:02.30009           +53:07:02.30009           0             0            
F0 (s^-1)       190.267834441553          190.267834441553          1.1143e-12    2.2737e-13    Y
F1 (s^-2)       -6.20057584128844e-16     -6.20063939209622e-16     7.2831e-21    -6.3551e-21   Y
PEPOCH (MJD)    55000                     55000                     0             0             N
POSEPOCH (MJD)  55000                     55000                     0             0             N
DMEPOCH (MJD)   55000                     55000                     0             0             N
DM (cm^-3 pc)   9.02121533120751          9.02121533120751          0             0             N
DM1 (cm^-3 pc y 3.43159080355245e-05      3.43159080355245e-05      0             0             N
PMRA (mas/yr)   2.62371225620251          2.62371225620251          0             0             N
PMDEC (mas/yr)  -25.4588089206744         -25.4588089206744         0             0             N
PX (mas)        0.916504325711142         0.916504325711142         0             0             N
PB (d)          0.60467272290475          0.60467272290475          0             0             N
A1 (lt-s)       0.581817072303015         0.581817072303015         0             0             N
PBDOT           6.05416448829504e-14      6.05416448829504e-14      0             0             N
XDOT            1.69040881145063e-15      1.69040881145063e-15      0             0             N
TASC (MJD)      50700.0817460311          50700.0817460311          0             0             N
EPS1            1.48620902284257e-06      1.48620902284257e-06      0             0             N
EPS2            2.14212728832132e-07      2.14212728832132e-07      0             0             N
START (MJD)     50646.1945874963          50647.2001805859          0             1.0056        N
FINISH (MJD)    55925.15908359            55924.1524327226          0             -1.0067       N
TZRMJD          53286.3905092827          53286.3905092827          0             0             N
TZRFRQ (MHz)    1380                      1380                      0             0             N
TZRSITE         wsrt                     
TRES            1.495                     1.48926925218603          0             -0.0057307    N
EPHVER          TEMPO2                    TEMPO2                    0             0             N
IFUNC           2                         2                         0             0             G
DMMODEL         9.02121533120751          9.02121533120751          0             0             N
NE_SW (cm^-3)   4                         4                         0             0             N
---------------------------------------------------------------------------------------------------
[textOutput.C:273] Notice: Parameter uncertainties multiplied by sqrt(red. chisq)


CONSTRAINTS:
DMMODEL mean(DM) = 0
DMMODEL mean(C) = 0
DMMODEL linear(C) = 0
DMMODEL quadratic(C) = 0
DMMODEL_YEAR C.sin(t) = 0
DMMODEL_YEAR C.cos(t) = 0
DMMODEL_YEAR C.t.sin(t) = 0
DMMODEL_YEAR C.t.cos(t) = 0
DMMODEL_YEAR C.cos(2t) = 0
DMMODEL_YEAR C.sin(2t) = 0
IFUNC mean(C) = 0
IFUNC linear(C) = 0
IFUNC quadratic(C) = 0
IFUNC_YEAR C.sin(t) = 0
IFUNC_YEAR C.cos(t) = 0
IFUNC_YEAR C.t.sin(t) = 0
IFUNC_YEAR C.t.cos(t) = 0
IFUNC_YEAR C.sin(2t) = 0
IFUNC_YEAR C.cos(2t) = 0

Jump 1 ( -sys NRT.BON.1400 3.043370877909e-05 1): 3.0432452246624e-05 2.1330541367681e-07 Y
Jump 2 ( -sys EFF.EBPP.2639 6.1387235899642e-06 1): 6.137602371101e-06 3.9756604157509e-07 Y
Jump 3 ( -sys gbt.GASP.L 9.7419268274282e-05 1): 9.741968454975e-05 1.8846645735798e-07 Y
Jump 4 ( -sys WSRT.P1.1380.2.C 2.7847101927033e-05 1): 2.7845916720031e-05 3.0840605646354e-07 Y
Jump 5 ( -sys NRT.BON.2000 0.00019373067233615 1): 0.00019373024442033 6.8008217777694e-07 Y
Jump 6 ( -sys WSRT.P1.1380.2 3.0705440418789e-05 1): 3.0703834235328e-05 2.3404270067163e-07 Y
Jump 7 ( -sys NRT.BON.1600 3.0254958322286e-05 1): 3.0276853531287e-05 4.5186601229137e-07 Y
Jump 8 ( -sys JBO.DFB.1520 5.531751237464e-05 1): 5.5320812709757e-05 5.7446742863292e-07 Y
Jump 9 ( -sys EFF.EBPP.1360 -0.00010202903059549 1): -0.00010202952632504 5.0092619504264e-07 Y
Jump 10 ( -sys WSRT.P1.1380.1 3.2211464052669e-05 1): 3.2212198984359e-05 6.2523221238945e-07 Y
Jump 11 ( -sys JBO.DFB.1400 5.7175898068617e-05 1): 5.7174438762617e-05 9.825075566286e-07 Y
Jump 12 ( -nband b2 5.1914772611999e-06 0): 5.1914772611999e-06 0 N
Jump 13 ( -nband b3 5.7670875548412e-06 0): 5.7670875548412e-06 0 N
Jump 14 ( -nband b4 5.8783865566012e-06 0): 5.8783865566012e-06 0 N
Jump 15 ( -nband b5 6.6130295783406e-06 0): 6.6130295783406e-06 0 N
Jump 16 ( -nband b6 5.9675159166622e-06 0): 5.9675159166622e-06 0 N

Dispersion measure values:
_DM	  51880.0   -0.00014          0  0.02
_DM	  51980.0  -4.64e-05          0  0.02
_DM	  52080.0   6.18e-05          0  0.02
_DM	  52180.0  -0.000117          0  0.02
_DM	  52280.0  -0.000141          0  0.02
_DM	  52380.0   7.46e-07          0  0.02
_DM	  52480.0  -0.000106          0  0.02
_DM	  52580.0   -0.00046          0  0.02
_DM	  52680.0  -0.000255          0  0.02
_DM	  52780.0  -0.000494          0  0.02
_DM	  52880.0  -0.000216          0  0.02
_DM	  52980.0  -0.000319          0  0.02
_DM	  53080.0   0.000256          0  0.02
_DM	  53180.0  -0.000389          0  0.02
_DM	  53280.0   -0.00012          0  0.02
_DM	  53380.0   0.000952          0  0.02
_DM	  53480.0  -0.000461          0  0.02
_DM	  53580.0   0.000141          0  0.02
_DM	  53680.0   0.000173          0  0.02
_DM	  53780.0   0.000332          0  0.02
_DM	  53880.0  -4.72e-05          0  0.02
_DM	  53980.0   0.000263          0  0.02
_DM	  54080.0   8.68e-05          0  0.02
_DM	  54180.0     0.0001          0  0.02
_DM	  54280.0   0.000206          0  0.02
_DM	  54380.0   5.96e-05          0  0.02
_DM	  54480.0    0.00025          0  0.02
_DM	  54580.0   0.000325          0  0.02
_DM	  54680.0   0.000268          0  0.02
_DM	  54780.0   0.000101          0  0.02
_DM	  54880.0   0.000662          0  0.02
_DM	  54980.0   0.000274          0  0.02
_DM	  55080.0    0.00029          0  0.02
_DM	  55180.0   0.000464          0  0.02
_DM	  55280.0   0.000384          0  0.02
_DM	  55380.0   0.000341          0  0.02
_DM	  55480.0    0.00133          0  0.02
_DM	  55580.0  -3.94e-05          0  0.02
_DM	  55680.0    0.00113          0  0.02
_DM	  55780.0   -0.00113          0  0.02
_DM	  55880.0  -0.000415          0  0.02
_DM	  55980.0   -0.00355          0  0.02
Mean DMOFF = 2.27166e-19
_CM	  51880.0          0          0  0.02
_CM	  51980.0          0          0  0.02
_CM	  52080.0          0          0  0.02
_CM	  52180.0          0          0  0.02
_CM	  52280.0          0          0  0.02
_CM	  52380.0          0          0  0.02
_CM	  52480.0          0          0  0.02
_CM	  52580.0          0          0  0.02
_CM	  52680.0          0          0  0.02
_CM	  52780.0          0          0  0.02
_CM	  52880.0          0          0  0.02
_CM	  52980.0          0          0  0.02
_CM	  53080.0          0          0  0.02
_CM	  53180.0          0          0  0.02
_CM	  53280.0          0          0  0.02
_CM	  53380.0          0          0  0.02
_CM	  53480.0          0          0  0.02
_CM	  53580.0          0          0  0.02
_CM	  53680.0          0          0  0.02
_CM	  53780.0          0          0  0.02
_CM	  53880.0          0          0  0.02
_CM	  53980.0          0          0  0.02
_CM	  54080.0          0          0  0.02
_CM	  54180.0          0          0  0.02
_CM	  54280.0          0          0  0.02
_CM	  54380.0          0          0  0.02
_CM	  54480.0          0          0  0.02
_CM	  54580.0          0          0  0.02
_CM	  54680.0          0          0  0.02
_CM	  54780.0          0          0  0.02
_CM	  54880.0          0          0  0.02
_CM	  54980.0          0          0  0.02
_CM	  55080.0          0          0  0.02
_CM	  55180.0          0          0  0.02
_CM	  55280.0          0          0  0.02
_CM	  55380.0          0          0  0.02
_CM	  55480.0          0          0  0.02
_CM	  55580.0          0          0  0.02
_CM	  55680.0          0          0  0.02
_CM	  55780.0          0          0  0.02
_CM	  55880.0          0          0  0.02
_CM	  55980.0          0          0  0.02
CM white PSD estimate: 0
Interpolated function
49400.00 -2.271280746e-07 5.444259494e-07 0.027
49582.62 -1.620766185e-06 5.5864125e-07 0.027
49765.25 -8.501197955e-07 3.920520416e-07 0.027
49947.88 3.898638086e-07 3.498597457e-07 0.027
50130.50 6.041523978e-07 3.495294735e-07 0.027
50313.12 1.000226456e-06 3.027404732e-07 0.027
50495.75 4.558242494e-07 3.180954399e-07 0.027
50678.38 8.273517762e-07 3.138493681e-07 0.027
50861.00 2.685807489e-07 2.681458582e-07 0.027
51043.62 3.399581279e-07 2.517565294e-07 0.027
51226.25 2.103350356e-07 2.395883405e-07 0.027
51408.88 1.643744267e-07 2.436415035e-07 0.027
51591.50 1.467384711e-07 2.244695918e-07 0.027
51774.12 -1.770967649e-07 2.221286287e-07 0.027
51956.75 -1.230134092e-07 2.185448028e-07 0.027
52139.38 -3.125113111e-07 2.126050251e-07 0.027
52322.00 9.141745837e-08 2.097768893e-07 0.027
52504.62 -2.16281827e-07 2.141438674e-07 0.027
52687.25 -1.863891149e-07 2.087564508e-07 0.027
52869.88 -1.221215706e-07 1.987990673e-07 0.027
53052.50 -1.846317838e-07 1.937270993e-07 0.027
53235.12 -6.909049794e-08 1.793113091e-07 0.027
53417.75 -1.502744078e-08 1.717568483e-07 0.027
53600.38 -3.33994302e-07 1.62214035e-07 0.027
53783.00 -2.398791562e-07 1.614891199e-07 0.027
53965.62 -7.0385228e-08 1.55751466e-07 0.027
54148.25 -1.916437676e-07 1.524279789e-07 0.027
54330.88 -1.427436603e-07 1.430649174e-07 0.027
54513.50 -1.05457185e-07 1.348833844e-07 0.027
54696.12 -1.676328547e-07 1.254348894e-07 0.027
54878.75 -5.57294531e-08 1.15593942e-07 0.027
55061.38 4.665775295e-08 1.025713685e-07 0.027
55244.00 8.567570844e-08 9.999583412e-08 0.027
55426.62 1.537033884e-07 1.093437011e-07 0.027
55609.25 2.950729242e-07 1.361144743e-07 0.027
55791.88 3.104884647e-07 1.77192498e-07 0.027
55974.50 2.122218678e-08 1.930313109e-07 0.027

Derived parameters:

P0 (s)      = 0.00525574910197017       3.0781e-17   
P1          = 1.71279633324788e-20      2.0118e-25   
tau_c (Myr) = 4865.1
bs (G)      = 3.0361e+08

Binary model: T2
Mass function                  = 0.000578364133 
Minimum, median and maximum companion mass: 0.1071 < 0.1246 < 0.2629 solar masses

Parallax distance is 1091.1 (+/- 0) pc.
Pbdot distance is 728.255 (+/- 0) pc.

Conversion from ELL1 parameters: 
------------------------------------
ECC = 1.5015672987823e-06 +/- 0
OM  = 81.7982348743968 +/- 0 degrees
T0  = 50700.2191381461 +/- 0
------------------------------------
Total proper motion = 25.594 +/- 0 mas/yr
Total time span = 5276.950 days = 14.448 years

Tempo2 usage
Units:                 TCB (tempo2)
Time ephemeris:        IF99 (tempo2)
Troposphere corr.?     Yes (tempo2)
Dilate freq?           Yes (tempo2)
Electron density (1AU) 4
Solar system ephem     DE421
Time scale             TT(TAI)
Binary model           T2


Results for PSR J1022+1001


RMS pre-fit residual = 2.032 (us), RMS post-fit residual = 1.991 (us)
Fit Chisq = 3.191e+04	Chisqr/nfree = 31913.25/29061 = 1.09815	pre/post = 1.02024
Number of fit parameters: 60

Global fit:

Number of fit parameters in total, nt: 635

Number of points in fit (including constraint points) = 1133
Number of constraints in fit = 19
Number of observations in fit = 1114
Constraint EFACTOR = 1e+15
Offset: -3.4951e-08 6.16323e-07 offset_e*sqrt(n) = 2.05708e-05 n = 1114


PARAMETER       Pre-fit                   Post-fit                  Uncertainty   Difference   Fit
---------------------------------------------------------------------------------------------------
RAJ (rad)       2.71820481558954          2.71820481558954          0             0             N
RAJ (hms)       10:22:57.9993085          10:22:57.9993085          0             0            
DECJ (rad)      0.175079425797625         0.175079425797625         0             0             N
DECJ (dms)      +10:01:52.72384           +10:01:52.72384           0             0            
F0 (s^-1)       60.779447963613           60.7794479636132          3.7968e-13    1.5632e-13    Y
F1 (s^-2)       -1.60096899442572e-16     -1.60098941050801e-16     3.0414e-21    -2.0416e-21   Y
PEPOCH (MJD)    54500                     54500                     0             0             N
POSEPOCH (MJD)  54500                     54500                     0             0             N
DMEPOCH (MJD)   54500                     54500                     0             0             N
DM (cm^-3 pc)   10.253110564796           10.253110564796           0             0             N
DM1 (cm^-3 pc y -4.27110670774043e-06     -4.27110670774043e-06     0             0             N
PMRA (mas/yr)   -17.0856612563261         -17.0856612563261         0             0             N
PX (mas)        1.1052679263111           1.1052679263111           0             0             N
SINI            0.690437577457908         0.690437577457908         0             0             N
PB (d)          7.80513596459731          7.80513596459731          0             0             N
T0 (MJD)        49778.4079595982          49778.4079595982          0             0             N
A1 (lt-s)       16.7653943763498          16.7653943763498          0             0             N
OM (deg)        97.6431524116972          97.6431524116972          0             0             N
ECC             9.68157697218934e-05      9.68157697218934e-05      0             0             N
PBDOT           5.5271932124475e-13       5.5271932124475e-13       0             0             N
XDOT            1.15436358555955e-14      1.15436358555955e-14      0             0             N
OMDOT (deg/yr)  0.0122690037986623        0.0122690037986623        0             0             N
M2              2.28250181068653          2.28250181068653          0             0             N
START (MJD)     50360.1907436109          50361.1954069533          0             1.0047        N
FINISH (MJD)    55924.2836107984          55923.2785971936          0             -1.005        N
TZRMJD          53135.792315255           53135.792315255           0             0             N
TZRFRQ (MHz)    1408.366                  1408.366                  0             0             N
TZRSITE         eff                      
TRES            1.988                     1.99130515914833          0             0.0033052     N
EPHVER          TEMPO2                    TEMPO2                    0             0             N
IFUNC           2                         2                         0             0             G
DMMODEL         10.253110564796           10.253110564796           0             0             N
NE_SW (cm^-3)   4                         4                         0             0             N
---------------------------------------------------------------------------------------------------
[textOutput.C:273] Notice: Parameter uncertainties multiplied by sqrt(red. chisq)


CONSTRAINTS:
DMMODEL mean(DM) = 0
DMMODEL mean(C) = 0
DMMODEL linear(C) = 0
DMMODEL quadratic(C) = 0
DMMODEL_YEAR C.sin(t) = 0
DMMODEL_YEAR C.cos(t) = 0
DMMODEL_YEAR C.t.sin(t) = 0
DMMODEL_YEAR C.t.cos(t) = 0
DMMODEL_YEAR C.cos(2t) = 0
DMMODEL_YEAR C.sin(2t) = 0
IFUNC mean(C) = 0
IFUNC linear(C) = 0
IFUNC quadratic(C) = 0
IFUNC_YEAR C.sin(t) = 0
IFUNC_YEAR C.cos(t) = 0
IFUNC_YEAR C.t.sin(t) = 0
IFUNC_YEAR C.t.cos(t) = 0
IFUNC_YEAR C.sin(2t) = 0
IFUNC_YEAR C.cos(2t) = 0

Jump 1 ( -sys NRT.BON.1400 0.00012934125266637 1): 0.00012933905961418 3.1263358382384e-07 Y
Jump 2 ( -sys EFF.EBPP.2639 0.00015357181775566 1): 0.0001535705659446 6.2081413488707e-07 Y
Jump 3 ( -sys WSRT.P1.1380.C 0.0020429935206108 1): 0.0020429918552843 3.7607241729009e-07 Y
Jump 4 ( -sys PKS.MULTI.CPSR2m.20CM 0.002039024290527 1): 0.002039017724398 3.847267593052e-07 Y
Jump 5 ( -sys PKS.MULTI.CPSR2n.20CM 0.0020397250071567 1): 0.0020397192059827 3.9013494296735e-07 Y
Jump 6 ( -sys EFF.EBPP.1360 1.7794897876938e-08 1): 1.669798937578e-08 4.5899758054861e-07 Y
Jump 7 ( -sys PKS.MULTI.PDFB2.20CM 0.0020392991640283 1): 0.0020392898957984 4.9522543955772e-07 Y
Jump 8 ( -sys PKS.MULTI.PDFB1.20CM 0.0020394024546347 1): 0.0020393992730174 3.7906090572557e-07 Y
Jump 9 ( -sys PKS.10CM.PDFB2.10CM 0.0020787076833179 1): 0.0020787000771537 4.9675045410768e-07 Y
Jump 10 ( -sys JBO.DFB.1520 0.00018446412613776 1): 0.00018446560292964 4.9541689063899e-07 Y
Jump 11 ( -sys PKS.10CM.PDFB4.10CM 0.0020786394671808 1): 0.0020786337148384 4.6465972731335e-07 Y
Jump 12 ( -sys PKS.MULTI.PDFB3.20CM 0.0020416701864496 1): 0.0020416644255025 6.1542018223078e-07 Y
Jump 13 ( -sys PKS.MULTI.PDFB4.20CM 0.0020404890641766 1): 0.0020404827313977 3.6323705141276e-07 Y
Jump 14 ( -sys PKS.10CM.PDFB1.10CM 0.0020788213817075 1): 0.002078817531482 6.2568756451352e-07 Y
Jump 15 ( -sys PKS.MULTI.cpsr2m.20cm_legacy 0.0026948914837742 1): 0.0026948864972046 4.7858777858236e-07 Y
Jump 16 ( -sys PKS.MULTI.cpsr2n.20cm_legacy 0.0026964487135064 1): 0.0026964428400963 5.8832516795946e-07 Y
Jump 17 ( -sys JBO.DFB.1400 0.00018323962141703 1): 0.00018323655242933 5.8525012914255e-07 Y
Jump 18 ( -sys NRT.BON.1600 0.00013415239047489 1): 0.00013415619078515 4.6195708338434e-07 Y
Jump 19 ( -sys PKS.10CM.WBCORR.10CM 0.0020765052327655 1): 0.0020764994024889 5.2214273179564e-07 Y
Jump 20 ( -sys PKS.H-OH.PDFB1.20CM 0.0020401350305024 1): 0.0020401301344721 3.9727305522875e-07 Y

Dispersion measure values:
_DM	  53430.0   6.85e-05          0  0.08
_DM	  53630.0    0.00011          0  0.08
_DM	  53830.0  -0.000176          0  0.08
_DM	  54030.0  -0.000118          0  0.08
_DM	  54230.0  -0.000245          0  0.08
_DM	  54430.0   0.000298          0  0.08
_DM	  54630.0  -0.000302          0  0.08
_DM	  54830.0  -0.000212          0  0.08
_DM	  55030.0  -0.000169          0  0.08
_DM	  55230.0   0.000245          0  0.08
_DM	  55430.0   0.000186          0  0.08
_DM	  55630.0   0.000316          0  0.08
Mean DMOFF = 2.24068e-18
_CM	  53430.0          0          0  0.08
_CM	  53630.0          0          0  0.08
_CM	  53830.0          0          0  0.08
_CM	  54030.0          0          0  0.08
_CM	  54230.0          0          0  0.08
_CM	  54430.0          0          0  0.08
_CM	  54630.0          0          0  0.08
_CM	  54830.0          0          0  0.08
_CM	  55030.0          0          0  0.08
_CM	  55230.0          0          0  0.08
_CM	  55430.0          0          0  0.08
_CM	  55630.0          0          0  0.08
CM white PSD estimate: 0
Interpolated function
49400.00 -2.271280746e-07 5.444259494e-07 0.027
49582.62 -1.620766185e-06 5.5864125e-07 0.027
49765.25 -8.501197955e-07 3.920520416e-07 0.027
49947.88 3.898638086e-07 3.498597457e-07 0.027
50130.50 6.041523978e-07 3.495294735e-07 0.027
50313.12 1.000226456e-06 3.027404732e-07 0.027
50495.75 4.558242494e-07 3.180954399e-07 0.027
50678.38 8.273517762e-07 3.138493681e-07 0.027
50861.00 2.685807489e-07 2.681458582e-07 0.027
51043.62 3.399581279e-07 2.517565294e-07 0.027
51226.25 2.103350356e-07 2.395883405e-07 0.027
51408.88 1.643744267e-07 2.436415035e-07 0.027
51591.50 1.467384711e-07 2.244695918e-07 0.027
51774.12 -1.770967649e-07 2.221286287e-07 0.027
51956.75 -1.230134092e-07 2.185448028e-07 0.027
52139.38 -3.125113111e-07 2.126050251e-07 0.027
52322.00 9.141745837e-08 2.097768893e-07 0.027
52504.62 -2.16281827e-07 2.141438674e-07 0.027
52687.25 -1.863891149e-07 2.087564508e-07 0.027
52869.88 -1.221215706e-07 1.987990673e-07 0.027
53052.50 -1.846317838e-07 1.937270993e-07 0.027
53235.12 -6.909049794e-08 1.793113091e-07 0.027
53417.75 -1.502744078e-08 1.717568483e-07 0.027
53600.38 -3.33994302e-07 1.62214035e-07 0.027
53783.00 -2.398791562e-07 1.614891199e-07 0.027
53965.62 -7.0385228e-08 1.55751466e-07 0.027
54148.25 -1.916437676e-07 1.524279789e-07 0.027
54330.88 -1.427436603e-07 1.430649174e-07 0.027
54513.50 -1.05457185e-07 1.348833844e-07 0.027
54696.12 -1.676328547e-07 1.254348894e-07 0.027
54878.75 -5.57294531e-08 1.15593942e-07 0.027
55061.38 4.665775295e-08 1.025713685e-07 0.027
55244.00 8.567570844e-08 9.999583412e-08 0.027
55426.62 1.537033884e-07 1.093437011e-07 0.027
55609.25 2.950729242e-07 1.361144743e-07 0.027
55791.88 3.104884647e-07 1.77192498e-07 0.027
55974.50 2.122218678e-08 1.930313109e-07 0.027

Derived parameters:

P0 (s)      = 0.0164529299541955        1.0278e-16   
P1          = 4.33386078864464e-20      8.233e-25    
tau_c (Myr) = 6019.1
bs (G)      = 8.5449e+08

Binary model: T2
Mass function                  = 0.083054487481 
Minimum, median and maximum companion mass: 0.7053 < 0.8530 < 2.4280 solar masses
Pulsar Mass (Shapiro Delay): 4.5822 (+/- 0) Msun.

Parallax distance is 904.758 (+/- 0) pc.
Pbdot distance is 1155.78 (+/- 0) pc.
MTOT derived from sin i and m2 = 6.8649152140233
Inclination angle (deg)        = 43.664756901999 (+ 0 - 0)
Total time span = 5562.081 days = 15.228 years

Tempo2 usage
Units:                 TCB (tempo2)
Time ephemeris:        IF99 (tempo2)
Troposphere corr.?     Yes (tempo2)
Dilate freq?           Yes (tempo2)
Electron density (1AU) 4
Solar system ephem     DE421
Time scale             TT(TAI)
Binary model           T2


Results for PSR J1024-0719


RMS pre-fit residual = 7.311 (us), RMS post-fit residual = 7.052 (us)
Fit Chisq = 3.191e+04	Chisqr/nfree = 31913.25/29061 = 1.09815	pre/post = 1.03674
Number of fit parameters: 65

Global fit:

Number of fit parameters in total, nt: 635

Number of points in fit (including constraint points) = 804
Number of constraints in fit = 9
Number of observations in fit = 795
Constraint EFACTOR = 1e+15
Offset: 1.49482e-05 2.2302e-05 offset_e*sqrt(n) = 0.000628822 n = 795


PARAMETER       Pre-fit                   Post-fit                  Uncertainty   Difference   Fit
---------------------------------------------------------------------------------------------------
RAJ (rad)       2.72552642279426          2.72552642279426          0             0             N
RAJ (hms)       10:24:38.6786346          10:24:38.6786346          0             0            
DECJ (rad)      -0.127793821542307        -0.127793821542307        0             0             N
DECJ (dms)      -07:19:19.36784           -07:19:19.36784           0             0            
F0 (s^-1)       193.715683478596          193.715683478597          2.4716e-11    1.1084e-12    Y
F1 (s^-2)       -6.95243568088146e-16     -6.95248873932489e-16     1.5589e-19    -5.3058e-21   Y
PEPOCH (MJD)    54500                     54500                     0             0             N
POSEPOCH (MJD)  54500                     54500                     0             0             N
DMEPOCH (MJD)   54500                     54500                     0             0             N
DM (cm^-3 pc)   6.48813618130394          6.48813618130394          0             0             N
DM1 (cm^-3 pc y 0.000130907471584975      0.000130907471584975      0             0             N
PMRA (mas/yr)   -35.3247860408839         -35.3247860408839         0             0             N
PMDEC (mas/yr)  -48.2633986783818         -48.2633986783818         0             0             N
PX (mas)        0.526356920145644         0.526356920145644         0             0             N
START (MJD)     50116.5246209871          50117.5188510826          0             0.99423       N
FINISH (MJD)    55923.1086522371          55922.1054258051          0             -1.0032       N
TZRMJD          52882.0551097593          52882.0551097593          0             7.276e-12     N
TZRFRQ (MHz)    1404.723                  1404.723                  0             0             N
TZRSITE         PKS                      
TRES            7.146                     7.0521580075307           0             -0.093842     N
EPHVER          TEMPO2                    TEMPO2                    0             0             N
IFUNC           2                         2                         0             0             G
NE_SW (cm^-3)   4                         4                         0             0             N
---------------------------------------------------------------------------------------------------
[textOutput.C:273] Notice: Parameter uncertainties multiplied by sqrt(red. chisq)


CONSTRAINTS:
IFUNC mean(C) = 0
IFUNC linear(C) = 0
IFUNC quadratic(C) = 0
IFUNC_YEAR C.sin(t) = 0
IFUNC_YEAR C.cos(t) = 0
IFUNC_YEAR C.t.sin(t) = 0
IFUNC_YEAR C.t.cos(t) = 0
IFUNC_YEAR C.sin(2t) = 0
IFUNC_YEAR C.cos(2t) = 0

Jump 1 ( -sys EFF.EBPP.2639 0.00035724756547753 1): 0.00035724833839916 1.1359032625075e-06 Y
Jump 2 ( -sys NRT.BON.1400 -0.00079679229216952 1): -0.00079679163195711 4.5911955980428e-07 Y
Jump 3 ( -sys PKS.MULTI.fptm.20cm_legacy 0.00067300071516792 1): 0.00067300449303303 2.3931899179375e-06 Y
Jump 4 ( -sys PKS.H-OH.fptm.20cm_legacy 0.00067092128107532 1): 0.00067093245434628 2.0302891980919e-06 Y
Jump 5 ( -sys EFF.EBPP.1360 9.6270970107983e-07 1): 9.6313530899316e-07 8.4132678586566e-07 Y
Jump 6 ( -sys NRT.BON.2000 -0.00077918289848643 1): -0.00077918258607318 1.0014919917226e-06 Y
Jump 7 ( -sys PKS.MULTI.CPSR2m.20CM -0.0019709799148395 1): -0.0019709851220575 7.1226583125575e-07 Y
Jump 8 ( -sys PKS.MULTI.CPSR2n.20CM -0.001969466066421 1): -0.0019694720128219 6.6724612467426e-07 Y
Jump 9 ( -sys NRT.BON.1600 -0.00079575681510741 1): -0.00079574879694476 7.821740532181e-07 Y
Jump 10 ( -sys PKS.10CM.PDFB2.10CM -0.0021894727749372 1): -0.0021894733579202 9.8253233647805e-07 Y
Jump 11 ( -sys WSRT.P1.1380.C -0.00080021560639696 1): -0.00080021560916672 8.5467601023351e-07 Y
Jump 12 ( -sys PKS.10CM.PDFB4.10CM -0.0021888062122007 1): -0.0021888083755435 7.6682786571376e-07 Y
Jump 13 ( -sys PKS.MULTI.PDFB1.20CM -0.0019718396054855 1): -0.0019718360002706 5.1609363113459e-07 Y
Jump 14 ( -sys JBO.DFB.1520 -0.0022485647849987 1): -0.002248560926868 7.4551733902748e-07 Y
Jump 15 ( -sys PKS.MULTI.PDFB4.20CM -0.0019709106123678 1): -0.0019709102689115 5.1821253548498e-07 Y
Jump 16 ( -sys PKS.MULTI.cpsr2n.20cm_legacy 0.00067470023968621 1): 0.00067468160235147 2.1952659201249e-06 Y
Jump 17 ( -sys PKS.MULTI.cpsr2m.20cm_legacy 0.00067737027545327 1): 0.00067735444869837 2.001282559493e-06 Y
Jump 18 ( -sys PKS.10CM.PDFB1.10CM -0.0021881006116306 1): -0.0021880969570676 1.2993136457472e-06 Y
Jump 19 ( -sys PKS.MULTI.PDFB3.20CM -0.0019706580183485 1): -0.0019706571980174 6.5675023213455e-07 Y
Jump 20 ( -sys PKS.MULTI.AFB.20cm_legacy 0.00064454382400478 1): 0.00064451554404988 2.3579013075737e-06 Y
Jump 21 ( -sys PKS.MULTI.PDFB2.20CM -0.0019714925854682 1): -0.0019714927163573 4.8794180482971e-07 Y
Jump 22 ( -sys PKS.10CM.WBCORR.10CM -0.0021879100799391 1): -0.0021879154831942 1.2159628579179e-06 Y
Jump 23 ( -sys PKS.MULTI.WBCORR.20CM -0.0019700800504624 1): -0.0019701074326022 1.080554599191e-06 Y
Jump 24 ( -sys PKS.H-OH.PDFB1.20CM -0.0019710694349131 1): -0.0019710650094142 5.9830312566971e-07 Y
Jump 25 ( -sys JBO.DFB.1400 -0.00077032083604567 1): -0.00077031892007624 8.5326100896441e-07 Y
Interpolated function
49400.00 -2.271280746e-07 5.444259494e-07 0.027
49582.62 -1.620766185e-06 5.5864125e-07 0.027
49765.25 -8.501197955e-07 3.920520416e-07 0.027
49947.88 3.898638086e-07 3.498597457e-07 0.027
50130.50 6.041523978e-07 3.495294735e-07 0.027
50313.12 1.000226456e-06 3.027404732e-07 0.027
50495.75 4.558242494e-07 3.180954399e-07 0.027
50678.38 8.273517762e-07 3.138493681e-07 0.027
50861.00 2.685807489e-07 2.681458582e-07 0.027
51043.62 3.399581279e-07 2.517565294e-07 0.027
51226.25 2.103350356e-07 2.395883405e-07 0.027
51408.88 1.643744267e-07 2.436415035e-07 0.027
51591.50 1.467384711e-07 2.244695918e-07 0.027
51774.12 -1.770967649e-07 2.221286287e-07 0.027
51956.75 -1.230134092e-07 2.185448028e-07 0.027
52139.38 -3.125113111e-07 2.126050251e-07 0.027
52322.00 9.141745837e-08 2.097768893e-07 0.027
52504.62 -2.16281827e-07 2.141438674e-07 0.027
52687.25 -1.863891149e-07 2.087564508e-07 0.027
52869.88 -1.221215706e-07 1.987990673e-07 0.027
53052.50 -1.846317838e-07 1.937270993e-07 0.027
53235.12 -6.909049794e-08 1.793113091e-07 0.027
53417.75 -1.502744078e-08 1.717568483e-07 0.027
53600.38 -3.33994302e-07 1.62214035e-07 0.027
53783.00 -2.398791562e-07 1.614891199e-07 0.027
53965.62 -7.0385228e-08 1.55751466e-07 0.027
54148.25 -1.916437676e-07 1.524279789e-07 0.027
54330.88 -1.427436603e-07 1.430649174e-07 0.027
54513.50 -1.05457185e-07 1.348833844e-07 0.027
54696.12 -1.676328547e-07 1.254348894e-07 0.027
54878.75 -5.57294531e-08 1.15593942e-07 0.027
55061.38 4.665775295e-08 1.025713685e-07 0.027
55244.00 8.567570844e-08 9.999583412e-08 0.027
55426.62 1.537033884e-07 1.093437011e-07 0.027
55609.25 2.950729242e-07 1.361144743e-07 0.027
55791.88 3.104884647e-07 1.77192498e-07 0.027
55974.50 2.122218678e-08 1.930313109e-07 0.027

Derived parameters:

P0 (s)      = 0.00516220463951484       6.5864e-16   
P1          = 1.85272400157951e-20      4.1543e-24   
tau_c (Myr) = 4417.6
bs (G)      = 3.1295e+08

Total proper motion = 59.81 +/- 0 mas/yr
Total time span = 5804.585 days = 15.892 years

Tempo2 usage
Units:                 TCB (tempo2)
Time ephemeris:        IF99 (tempo2)
Troposphere corr.?     Yes (tempo2)
Dilate freq?           Yes (tempo2)
Electron density (1AU) 4
Solar system ephem     DE421
Time scale             TT(TAI)
Binary model           NONE


Results for PSR J1045-4509


RMS pre-fit residual = 11.855 (us), RMS post-fit residual = 11.669 (us)
Fit Chisq = 3.191e+04	Chisqr/nfree = 31913.25/29061 = 1.09815	pre/post = 1.01587
Number of fit parameters: 47

Global fit:

Number of fit parameters in total, nt: 635

Number of points in fit (including constraint points) = 510
Number of constraints in fit = 19
Number of observations in fit = 491
Constraint EFACTOR = 1e+15
Offset: -7.94882e-06 1.26184e-05 offset_e*sqrt(n) = 0.000279605 n = 491


PARAMETER       Pre-fit                   Post-fit                  Uncertainty   Difference   Fit
---------------------------------------------------------------------------------------------------
RAJ (rad)       2.81799311813128          2.81799311813128          0             0             N
RAJ (hms)       10:45:50.1869678          10:45:50.1869678          0             0            
DECJ (rad)      -0.788278547990486        -0.788278547990486        0             0             N
DECJ (dms)      -45:09:54.12197           -45:09:54.12197           0             0            
F0 (s^-1)       133.793149554823          133.793149554824          1.1673e-11    4.5475e-13    Y
F1 (s^-2)       -3.16160333276396e-16     -3.16162710627264e-16     6.2411e-20    -2.3774e-21   Y
PEPOCH (MJD)    54500                     54500                     0             0             N
POSEPOCH (MJD)  54500                     54500                     0             0             N
DMEPOCH (MJD)   54500                     54500                     0             0             N
DM (cm^-3 pc)   58.1437533476539          58.1437533476539          0             0             N
DM1 (cm^-3 pc y -0.00365876483322259      -0.00365876483322259      0             0             N
PMRA (mas/yr)   -6.03771003409065         -6.03771003409065         0             0             N
PMDEC (mas/yr)  5.18961002788682          5.18961002788682          0             0             N
PX (mas)        2.13610169136524          2.13610169136524          0             0             N
PB (d)          4.08352925493182          4.08352925493182          0             0             N
A1 (lt-s)       3.01513145708613          3.01513145708613          0             0             N
TASC (MJD)      50273.5070044094          50273.5070044094          0             0             N
EPS1            -2.09704486959583e-05     -2.09704486959583e-05     0             0             N
EPS2            -1.09003200913203e-05     -1.09003200913203e-05     0             0             N
START (MJD)     49405.511648232           49405.514648232           0             0.003         N
FINISH (MJD)    55619.545312257           55619.542312257           0             -0.003        N
TZRMJD          52500.0223677848          52500.0223677848          0             7.276e-12     N
TZRFRQ (MHz)    1390                      1390                      0             0             N
TZRSITE         PKS                      
TRES            11.773                    11.6693078123656          0             -0.10369      N
EPHVER          TEMPO2                    TEMPO2                    0             0             N
IFUNC           2                         2                         0             0             G
DMMODEL         58.1437533476539          58.1437533476539          0             0             N
DM_S1YR (cm^-3  -0.000725831143775408     -0.000725831143775408     0             0             N
DM_C1YR (cm^-3  0.000186992791339752      0.000186992791339752      0             0             N
NE_SW (cm^-3)   4                         4                         0             0             N
---------------------------------------------------------------------------------------------------
[textOutput.C:273] Notice: Parameter uncertainties multiplied by sqrt(red. chisq)


CONSTRAINTS:
DMMODEL mean(DM) = 0
DMMODEL mean(C) = 0
DMMODEL linear(C) = 0
DMMODEL quadratic(C) = 0
DMMODEL_YEAR C.sin(t) = 0
DMMODEL_YEAR C.cos(t) = 0
DMMODEL_YEAR C.t.sin(t) = 0
DMMODEL_YEAR C.t.cos(t) = 0
DMMODEL_YEAR C.cos(2t) = 0
DMMODEL_YEAR C.sin(2t) = 0
IFUNC mean(C) = 0
IFUNC linear(C) = 0
IFUNC quadratic(C) = 0
IFUNC_YEAR C.sin(t) = 0
IFUNC_YEAR C.cos(t) = 0
IFUNC_YEAR C.t.sin(t) = 0
IFUNC_YEAR C.t.cos(t) = 0
IFUNC_YEAR C.sin(2t) = 0
IFUNC_YEAR C.cos(2t) = 0

Jump 1 ( -B 20CM 3.9941845535045e-05 0): 3.9941845535045e-05 0 N
Jump 2 ( -B 40CM 1.7022792647268e-05 0): 1.7022792647268e-05 0 N
Jump 3 ( -B 50CM 6.6116738039214e-06 0): 6.6116738039214e-06 0 N
Jump 4 ( -sys MULTI_AFB -0.0016397024143692 1): -0.001639759355014 3.5552454809627e-06 Y
Jump 5 ( -sys MULTI_fptm -0.0015926423392657 1): -0.0015928112586352 9.3522469365018e-06 Y
Jump 6 ( -sys H-OH_fptm -0.0016045931887917 1): -0.001604768869196 1.0056167518805e-05 Y
Jump 7 ( -sys H-OH_cpsr2n -0.0016069353002371 1): -0.0016069398168314 4.6830037505471e-06 Y
Jump 8 ( -sys H-OH_cpsr2m -0.0016047956605034 1): -0.0016047961429244 4.8235602101488e-06 Y
Jump 9 ( -sys MULTI_cpsr2n -0.0016057851936048 1): -0.0016058379821396 3.0598926011333e-06 Y
Jump 10 ( -sys MULTI_cpsr2m -0.0015983501940786 1): -0.0015984062638604 3.0264769999592e-06 Y

Dispersion measure values:
_DM	  53432.0     0.0038          0  0.08
_DM	  53614.6    0.00135          0  0.08
_DM	  53797.3    0.00146          0  0.08
_DM	  53979.9    -0.0039          0  0.08
_DM	  54162.5   -0.00201          0  0.08
_DM	  54345.1   -0.00056          0  0.08
_DM	  54527.8    0.00167          0  0.08
_DM	  54710.4   -0.00329          0  0.08
_DM	  54893.0   -0.00257          0  0.08
_DM	  55075.6   -0.00204          0  0.08
_DM	  55258.3    0.00199          0  0.08
_DM	  55440.9   -0.00112          0  0.08
_DM	  55623.5    0.00521          0  0.08
Mean DMOFF = 3.13585e-18
_CM	  53432.0          0          0  0.08
_CM	  53614.6          0          0  0.08
_CM	  53797.3          0          0  0.08
_CM	  53979.9          0          0  0.08
_CM	  54162.5          0          0  0.08
_CM	  54345.1          0          0  0.08
_CM	  54527.8          0          0  0.08
_CM	  54710.4          0          0  0.08
_CM	  54893.0          0          0  0.08
_CM	  55075.6          0          0  0.08
_CM	  55258.3          0          0  0.08
_CM	  55440.9          0          0  0.08
_CM	  55623.5          0          0  0.08
CM white PSD estimate: 0
Interpolated function
49400.00 -2.271280746e-07 5.444259494e-07 0.027
49582.62 -1.620766185e-06 5.5864125e-07 0.027
49765.25 -8.501197955e-07 3.920520416e-07 0.027
49947.88 3.898638086e-07 3.498597457e-07 0.027
50130.50 6.041523978e-07 3.495294735e-07 0.027
50313.12 1.000226456e-06 3.027404732e-07 0.027
50495.75 4.558242494e-07 3.180954399e-07 0.027
50678.38 8.273517762e-07 3.138493681e-07 0.027
50861.00 2.685807489e-07 2.681458582e-07 0.027
51043.62 3.399581279e-07 2.517565294e-07 0.027
51226.25 2.103350356e-07 2.395883405e-07 0.027
51408.88 1.643744267e-07 2.436415035e-07 0.027
51591.50 1.467384711e-07 2.244695918e-07 0.027
51774.12 -1.770967649e-07 2.221286287e-07 0.027
51956.75 -1.230134092e-07 2.185448028e-07 0.027
52139.38 -3.125113111e-07 2.126050251e-07 0.027
52322.00 9.141745837e-08 2.097768893e-07 0.027
52504.62 -2.16281827e-07 2.141438674e-07 0.027
52687.25 -1.863891149e-07 2.087564508e-07 0.027
52869.88 -1.221215706e-07 1.987990673e-07 0.027
53052.50 -1.846317838e-07 1.937270993e-07 0.027
53235.12 -6.909049794e-08 1.793113091e-07 0.027
53417.75 -1.502744078e-08 1.717568483e-07 0.027
53600.38 -3.33994302e-07 1.62214035e-07 0.027
53783.00 -2.398791562e-07 1.614891199e-07 0.027
53965.62 -7.0385228e-08 1.55751466e-07 0.027
54148.25 -1.916437676e-07 1.524279789e-07 0.027
54330.88 -1.427436603e-07 1.430649174e-07 0.027
54513.50 -1.05457185e-07 1.348833844e-07 0.027
54696.12 -1.676328547e-07 1.254348894e-07 0.027
54878.75 -5.57294531e-08 1.15593942e-07 0.027
55061.38 4.665775295e-08 1.025713685e-07 0.027
55244.00 8.567570844e-08 9.999583412e-08 0.027
55426.62 1.537033884e-07 1.093437011e-07 0.027
55609.25 2.950729242e-07 1.361144743e-07 0.027
55791.88 3.104884647e-07 1.77192498e-07 0.027
55974.50 2.122218678e-08 1.930313109e-07 0.027

Derived parameters:

P0 (s)      = 0.00747422422842535       6.521e-16    
P1          = 1.76621224611102e-20      3.4865e-24   
tau_c (Myr) = 6709.4
bs (G)      = 3.6767e+08

Binary model: T2
Mass function                  = 0.001764940786 
Minimum, median and maximum companion mass: 0.159 < 0.1857 < 0.4031 solar masses

Parallax distance is 468.143 (+/- 0) pc.

Conversion from ELL1 parameters: 
------------------------------------
ECC = 2.36342272266952e-05 +/- 0
OM  = 242.53484550411 +/- 0 degrees
T0  = 50276.2581103454 +/- 0
------------------------------------
Total proper motion = 7.9615 +/- 0 mas/yr
Total time span = 6214.026 days = 17.013 years

Tempo2 usage
Units:                 TCB (tempo2)
Time ephemeris:        IF99 (tempo2)
Troposphere corr.?     Yes (tempo2)
Dilate freq?           Yes (tempo2)
Electron density (1AU) 4
Solar system ephem     DE421
Time scale             TT(TAI)
Binary model           T2


Results for PSR J1455-3330


RMS pre-fit residual = 3.153 (us), RMS post-fit residual = 3.121 (us)
Fit Chisq = 3.191e+04	Chisqr/nfree = 31913.25/29061 = 1.09815	pre/post = 1.01035
Number of fit parameters: 43

Global fit:

Number of fit parameters in total, nt: 635

Number of points in fit (including constraint points) = 395
Number of constraints in fit = 9
Number of observations in fit = 386
Constraint EFACTOR = 1e+15
Offset: -2.01998e-07 2.10463e-06 offset_e*sqrt(n) = 4.13494e-05 n = 386


PARAMETER       Pre-fit                   Post-fit                  Uncertainty   Difference   Fit
---------------------------------------------------------------------------------------------------
RAJ (rad)       3.90866267047847          3.90866267047847          0             0             N
RAJ (hms)       14:55:47.9698941          14:55:47.9698941          0             0            
DECJ (rad)      -0.584910153627812        -0.584910153627812        0             0             N
DECJ (dms)      -33:30:46.37951           -33:30:46.37951           0             0            
F0 (s^-1)       125.200243245001          125.200243245001          3.3418e-12    2.9843e-13    Y
F1 (s^-2)       -3.8090980000252e-16      -3.809109940798e-16       7.3334e-20    -1.1941e-21   Y
PEPOCH (MJD)    55000                     55000                     0             0             N
POSEPOCH (MJD)  55000                     55000                     0             0             N
DMEPOCH (MJD)   55000                     55000                     0             0             N
DM (cm^-3 pc)   13.5589176756083          13.5589176756083          0             0             N
DM1 (cm^-3 pc y 0.000789858822219229      0.000789858822219229      0             0             N
PMRA (mas/yr)   7.95402124549694          7.95402124549694          0             0             N
PMDEC (mas/yr)  -1.84506915730834         -1.84506915730834         0             0             N
PX (mas)        1.52370802128601          1.52370802128601          0             0             N
PB (d)          76.1745686185889          76.1745686185889          0             0             N
A1 (lt-s)       32.3622225841828          32.3622225841828          0             0             N
XDOT            -2.00496199936051e-14     -2.00496199936051e-14     0             0             N
TASC (MJD)      48932.8498336621          48932.8498336621          0             0             N
EPS1            -0.000116675380775403     -0.000116675380775403     0             0             N
EPS2            -0.000123129908928939     -0.000123129908928939     0             0             N
START (MJD)     53374.3173001129          53375.3216057668          0             1.0043        N
FINISH (MJD)    55927.3394133941          55926.3401415109          0             -0.99927      N
TZRMJD          54646.8489875723          54646.8489875723          0             0             N
TZRFRQ (MHz)    1397.878                  1397.878                  0             0             N
TZRSITE         ncy                      
TRES            3.133                     3.121125911486            0             -0.011874     N
EPHVER          TEMPO2                    TEMPO2                    0             0             N
IFUNC           2                         2                         0             0             G
NE_SW (cm^-3)   4                         4                         0             0             N
---------------------------------------------------------------------------------------------------
[textOutput.C:273] Notice: Parameter uncertainties multiplied by sqrt(red. chisq)


CONSTRAINTS:
IFUNC mean(C) = 0
IFUNC linear(C) = 0
IFUNC quadratic(C) = 0
IFUNC_YEAR C.sin(t) = 0
IFUNC_YEAR C.cos(t) = 0
IFUNC_YEAR C.t.sin(t) = 0
IFUNC_YEAR C.t.cos(t) = 0
IFUNC_YEAR C.sin(2t) = 0
IFUNC_YEAR C.cos(2t) = 0

Jump 1 ( -sys NRT.BON.1600 3.7371871355357e-06 1): 3.7463570119929e-06 7.5871328222724e-07 Y
Jump 2 ( -sys JBO.DFB.1520 1.7975350583272e-05 1): 1.7977356065192e-05 8.8570056845702e-06 Y
Jump 3 ( -sys NRT.BON.1200 -7.3740168149989e-06 1): -7.3745612248207e-06 3.3483331570712e-06 Y
Interpolated function
49400.00 -2.271280746e-07 5.444259494e-07 0.027
49582.62 -1.620766185e-06 5.5864125e-07 0.027
49765.25 -8.501197955e-07 3.920520416e-07 0.027
49947.88 3.898638086e-07 3.498597457e-07 0.027
50130.50 6.041523978e-07 3.495294735e-07 0.027
50313.12 1.000226456e-06 3.027404732e-07 0.027
50495.75 4.558242494e-07 3.180954399e-07 0.027
50678.38 8.273517762e-07 3.138493681e-07 0.027
50861.00 2.685807489e-07 2.681458582e-07 0.027
51043.62 3.399581279e-07 2.517565294e-07 0.027
51226.25 2.103350356e-07 2.395883405e-07 0.027
51408.88 1.643744267e-07 2.436415035e-07 0.027
51591.50 1.467384711e-07 2.244695918e-07 0.027
51774.12 -1.770967649e-07 2.221286287e-07 0.027
51956.75 -1.230134092e-07 2.185448028e-07 0.027
52139.38 -3.125113111e-07 2.126050251e-07 0.027
52322.00 9.141745837e-08 2.097768893e-07 0.027
52504.62 -2.16281827e-07 2.141438674e-07 0.027
52687.25 -1.863891149e-07 2.087564508e-07 0.027
52869.88 -1.221215706e-07 1.987990673e-07 0.027
53052.50 -1.846317838e-07 1.937270993e-07 0.027
53235.12 -6.909049794e-08 1.793113091e-07 0.027
53417.75 -1.502744078e-08 1.717568483e-07 0.027
53600.38 -3.33994302e-07 1.62214035e-07 0.027
53783.00 -2.398791562e-07 1.614891199e-07 0.027
53965.62 -7.0385228e-08 1.55751466e-07 0.027
54148.25 -1.916437676e-07 1.524279789e-07 0.027
54330.88 -1.427436603e-07 1.430649174e-07 0.027
54513.50 -1.05457185e-07 1.348833844e-07 0.027
54696.12 -1.676328547e-07 1.254348894e-07 0.027
54878.75 -5.57294531e-08 1.15593942e-07 0.027
55061.38 4.665775295e-08 1.025713685e-07 0.027
55244.00 8.567570844e-08 9.999583412e-08 0.027
55426.62 1.537033884e-07 1.093437011e-07 0.027
55609.25 2.950729242e-07 1.361144743e-07 0.027
55791.88 3.104884647e-07 1.77192498e-07 0.027
55974.50 2.122218678e-08 1.930313109e-07 0.027

Derived parameters:

P0 (s)      = 0.00798720492933168       2.1319e-16   
P1          = 2.43003854521048e-20      4.6784e-24   
tau_c (Myr) = 5211.3
bs (G)      = 4.4581e+08

Binary model: T2
Mass function                  = 0.006271591191 
Minimum, median and maximum companion mass: 0.2525 < 0.2970 < 0.6778 solar masses

Parallax distance is 656.294 (+/- 0) pc.

Conversion from ELL1 parameters: 
------------------------------------
ECC = 0.000169629357576848 +/- 0
OM  = 223.458216014023 +/- 0 degrees
T0  = 48980.1327036875 +/- 0
------------------------------------
Total proper motion = 8.1652 +/- 0 mas/yr
Total time span = 2551.017 days = 6.984 years

Tempo2 usage
Units:                 TCB (tempo2)
Time ephemeris:        IF99 (tempo2)
Troposphere corr.?     Yes (tempo2)
Dilate freq?           Yes (tempo2)
Electron density (1AU) 4
Solar system ephem     DE421
Time scale             TT(TAI)
Binary model           T2


Results for PSR J1600-3053


RMS pre-fit residual = 0.813 (us), RMS post-fit residual = 0.808 (us)
Fit Chisq = 3.191e+04	Chisqr/nfree = 31913.25/29061 = 1.09815	pre/post = 1.00629
Number of fit parameters: 60

Global fit:

Number of fit parameters in total, nt: 635

Number of points in fit (including constraint points) = 999
Number of constraints in fit = 19
Number of observations in fit = 980
Constraint EFACTOR = 1e+15
Offset: -2.25502e-07 5.49457e-07 offset_e*sqrt(n) = 1.72007e-05 n = 980


PARAMETER       Pre-fit                   Post-fit                  Uncertainty   Difference   Fit
---------------------------------------------------------------------------------------------------
RAJ (rad)       4.19256473035217          4.19256473035217          0             0             N
RAJ (hms)       16:00:51.9034523          16:00:51.9034523          0             0            
DECJ (rad)      -0.539255180870516        -0.539255180870516        0             0             N
DECJ (dms)      -30:53:49.36540           -30:53:49.36540           0             0            
F0 (s^-1)       277.937707021311          277.937707021312          1.3088e-12    7.9581e-13    Y
F1 (s^-2)       -7.33833306829656e-16     -7.33838915238254e-16     2.9486e-20    -5.6084e-21   Y
PEPOCH (MJD)    54500                     54500                     0             0             N
POSEPOCH (MJD)  54500                     54500                     0             0             N
DMEPOCH (MJD)   54500                     54500                     0             0             N
DM (cm^-3 pc)   52.3256885509514          52.3256885509514          0             0             N
DM1 (cm^-3 pc y -0.000593931978800248     -0.000593931978800248     0             0             N
PMRA (mas/yr)   -0.986758123776646        -0.986758123776646        0             0             N
PMDEC (mas/yr)  -7.15794843054588         -7.15794843054588         0             0             N
PX (mas)        0.483754792243747         0.483754792243747         0             0             N
SINI            0.867908358953097         0.867908358953097         0             0             N
PB (d)          14.34845777236            14.34845777236            0             0             N
T0 (MJD)        53295.5391674465          53295.5391674465          0             0             N
A1 (lt-s)       8.80165356602106          8.80165356602106          0             0             N
OM (deg)        181.836295638899          181.836295638899          0             0             N
ECC             0.000173726394195552      0.000173726394195552      0             0             N
XDOT            -4.22089261116615e-15     -4.22089261116615e-15     0             0             N
M2              0.33897359112345          0.33897359112345          0             0             N
START (MJD)     52300.9760275437          52301.9776111138          0             1.0016        N
FINISH (MJD)    55920.3991701218          55919.4031444614          0             -0.99603      N
TZRMJD          54113.3556452463          54113.3556452463          0             0             N
TZRFRQ (MHz)    1397.953                  1397.953                  0             0             N
TZRSITE         ncy                      
TRES            0.803                     0.807749055892632         0             0.0047491     N
EPHVER          TEMPO2                    TEMPO2                    0             0             N
IFUNC           2                         2                         0             0             G
DMMODEL         52.3256885509514          52.3256885509514          0             0             N
NE_SW (cm^-3)   4                         4                         0             0             N
---------------------------------------------------------------------------------------------------
[textOutput.C:273] Notice: Parameter uncertainties multiplied by sqrt(red. chisq)


CONSTRAINTS:
DMMODEL mean(DM) = 0
DMMODEL mean(C) = 0
DMMODEL linear(C) = 0
DMMODEL quadratic(C) = 0
DMMODEL_YEAR C.sin(t) = 0
DMMODEL_YEAR C.cos(t) = 0
DMMODEL_YEAR C.t.sin(t) = 0
DMMODEL_YEAR C.t.cos(t) = 0
DMMODEL_YEAR C.cos(2t) = 0
DMMODEL_YEAR C.sin(2t) = 0
IFUNC mean(C) = 0
IFUNC linear(C) = 0
IFUNC quadratic(C) = 0
IFUNC_YEAR C.sin(t) = 0
IFUNC_YEAR C.cos(t) = 0
IFUNC_YEAR C.t.sin(t) = 0
IFUNC_YEAR C.t.cos(t) = 0
IFUNC_YEAR C.sin(2t) = 0
IFUNC_YEAR C.cos(2t) = 0

Jump 1 ( -sys PKS.MULTI.CPSR2n.20CM -7.254791247768e-08 1): -7.286504019816e-08 1.0175166020053e-07 Y
Jump 2 ( -sys NRT.BON.2000 0.0010443998251424 1): 0.0010444022500332 1.8234412824121e-07 Y
Jump 3 ( -sys NRT.BON.1400 0.00082824865086028 1): 0.00082825086440867 1.1615696102411e-07 Y
Jump 4 ( -sys PKS.MULTI.PDFB2.20CM -6.8734095361124e-08 1): -6.7567019280392e-08 1.4007115667429e-07 Y
Jump 5 ( -sys PKS.10CM.PDFB2.10CM -5.7501711275709e-06 1): -5.7484203963034e-06 1.7262952975021e-07 Y
Jump 6 ( -sys PKS.10CM.PDFB4.10CM -5.4464705018332e-06 1): -5.4451245506143e-06 1.705647087678e-07 Y
Jump 7 ( -sys PKS.MULTI.PDFB3.20CM 3.0467825054727e-07 1): 3.0603543196495e-07 1.4952449020171e-07 Y
Jump 8 ( -sys PKS.MULTI.PDFB4.20CM 4.5172624075265e-07 1): 4.5368018654154e-07 1.3292230594592e-07 Y
Jump 9 ( -sys PKS.10CM.PDFB1.10CM -6.5082198768606e-06 1): -6.5022260957975e-06 2.1334797866447e-07 Y
Jump 10 ( -sys gbt.GASP.L 4.3067363147281e-05 1): 4.3068943095094e-05 1.3911115614865e-07 Y
Jump 11 ( -sys PKS.MULTI.PDFB1.20CM -6.3858950377463e-07 1): -6.3037249946019e-07 1.7092326661973e-07 Y
Jump 12 ( -sys PKS.MULTI.cpsr2m.20cm_legacy 0.0016562399514868 1): 0.0016562127932231 5.6503829158392e-07 Y
Jump 13 ( -sys PKS.MULTI.cpsr2n.20cm_legacy 0.0016558268715116 1): 0.0016558004220201 5.2869063299979e-07 Y
Jump 14 ( -sys NRT.BON.1600 0.00082725094467272 1): 0.00082725795355204 1.8314180792629e-07 Y
Jump 15 ( -sys PKS.H-OH.cpsr2m.20cm_legacy 0.0016553328192106 1): 0.0016553276461336 6.396115261553e-07 Y
Jump 16 ( -sys PKS.H-OH.cpsr2n.20cm_legacy 0.0016549317538046 1): 0.001654926032321 6.2795038538076e-07 Y
Jump 17 ( -sys PKS.10CM.WBCORR.10CM -6.1288981291617e-06 1): -6.1257504666161e-06 3.3941051066173e-07 Y
Jump 18 ( -sys PKS.MULTI.AFB.20cm_legacy 0.0011423170786634 1): 0.001142129957559 1.601635737966e-06 Y
Jump 19 ( -sys JBO.DFB.1520 0.00089949435718068 1): 0.00089950621496783 4.5240683050144e-07 Y
Jump 20 ( -sys PKS.H-OH.PDFB1.20CM -2.4138256725268e-08 1): -1.7866147926049e-08 1.9275093471994e-07 Y
Jump 21 ( -nband b3 5.4373906530238e-07 0): 5.4373906530238e-07 0 N
Jump 22 ( -nband b4 7.7276246381762e-07 0): 7.7276246381762e-07 0 N
Jump 23 ( -nband b5 2.2357979174581e-07 0): 2.2357979174581e-07 0 N
Jump 24 ( -nband b7 9.0179764017137e-07 0): 9.0179764017137e-07 0 N

Dispersion measure values:
_DM	  53430.0   0.000472          0  0.04
_DM	  53530.0   0.000147          0  0.04
_DM	  53630.0  -1.57e-05          0  0.04
_DM	  53730.0  -0.000279          0  0.04
_DM	  53830.0   0.000461          0  0.04
_DM	  53930.0   0.000622          0  0.04
_DM	  54030.0   0.000434          0  0.04
_DM	  54130.0   7.22e-05          0  0.04
_DM	  54230.0   0.000364          0  0.04
_DM	  54330.0  -0.000294          0  0.04
_DM	  54430.0  -0.000453          0  0.04
_DM	  54530.0   5.55e-05          0  0.04
_DM	  54630.0   0.000121          0  0.04
_DM	  54730.0  -0.000586          0  0.04
_DM	  54830.0   -0.00054          0  0.04
_DM	  54930.0  -0.000711          0  0.04
_DM	  55030.0   -0.00087          0  0.04
_DM	  55130.0  -0.000582          0  0.04
_DM	  55230.0  -0.000814          0  0.04
_DM	  55330.0  -0.000376          0  0.04
_DM	  55430.0  -5.39e-05          0  0.04
_DM	  55530.0   0.000378          0  0.04
_DM	  55630.0   4.07e-05          0  0.04
_DM	  55730.0   0.000532          0  0.04
_DM	  55830.0   0.000526          0  0.04
_DM	  55930.0    0.00135          0  0.04
Mean DMOFF = -7.50602e-20
_CM	  53430.0          0          0  0.04
_CM	  53530.0          0          0  0.04
_CM	  53630.0          0          0  0.04
_CM	  53730.0          0          0  0.04
_CM	  53830.0          0          0  0.04
_CM	  53930.0          0          0  0.04
_CM	  54030.0          0          0  0.04
_CM	  54130.0          0          0  0.04
_CM	  54230.0          0          0  0.04
_CM	  54330.0          0          0  0.04
_CM	  54430.0          0          0  0.04
_CM	  54530.0          0          0  0.04
_CM	  54630.0          0          0  0.04
_CM	  54730.0          0          0  0.04
_CM	  54830.0          0          0  0.04
_CM	  54930.0          0          0  0.04
_CM	  55030.0          0          0  0.04
_CM	  55130.0          0          0  0.04
_CM	  55230.0          0          0  0.04
_CM	  55330.0          0          0  0.04
_CM	  55430.0          0          0  0.04
_CM	  55530.0          0          0  0.04
_CM	  55630.0          0          0  0.04
_CM	  55730.0          0          0  0.04
_CM	  55830.0          0          0  0.04
_CM	  55930.0          0          0  0.04
CM white PSD estimate: 0
Interpolated function
49400.00 -2.271280746e-07 5.444259494e-07 0.027
49582.62 -1.620766185e-06 5.5864125e-07 0.027
49765.25 -8.501197955e-07 3.920520416e-07 0.027
49947.88 3.898638086e-07 3.498597457e-07 0.027
50130.50 6.041523978e-07 3.495294735e-07 0.027
50313.12 1.000226456e-06 3.027404732e-07 0.027
50495.75 4.558242494e-07 3.180954399e-07 0.027
50678.38 8.273517762e-07 3.138493681e-07 0.027
50861.00 2.685807489e-07 2.681458582e-07 0.027
51043.62 3.399581279e-07 2.517565294e-07 0.027
51226.25 2.103350356e-07 2.395883405e-07 0.027
51408.88 1.643744267e-07 2.436415035e-07 0.027
51591.50 1.467384711e-07 2.244695918e-07 0.027
51774.12 -1.770967649e-07 2.221286287e-07 0.027
51956.75 -1.230134092e-07 2.185448028e-07 0.027
52139.38 -3.125113111e-07 2.126050251e-07 0.027
52322.00 9.141745837e-08 2.097768893e-07 0.027
52504.62 -2.16281827e-07 2.141438674e-07 0.027
52687.25 -1.863891149e-07 2.087564508e-07 0.027
52869.88 -1.221215706e-07 1.987990673e-07 0.027
53052.50 -1.846317838e-07 1.937270993e-07 0.027
53235.12 -6.909049794e-08 1.793113091e-07 0.027
53417.75 -1.502744078e-08 1.717568483e-07 0.027
53600.38 -3.33994302e-07 1.62214035e-07 0.027
53783.00 -2.398791562e-07 1.614891199e-07 0.027
53965.62 -7.0385228e-08 1.55751466e-07 0.027
54148.25 -1.916437676e-07 1.524279789e-07 0.027
54330.88 -1.427436603e-07 1.430649174e-07 0.027
54513.50 -1.05457185e-07 1.348833844e-07 0.027
54696.12 -1.676328547e-07 1.254348894e-07 0.027
54878.75 -5.57294531e-08 1.15593942e-07 0.027
55061.38 4.665775295e-08 1.025713685e-07 0.027
55244.00 8.567570844e-08 9.999583412e-08 0.027
55426.62 1.537033884e-07 1.093437011e-07 0.027
55609.25 2.950729242e-07 1.361144743e-07 0.027
55791.88 3.104884647e-07 1.77192498e-07 0.027
55974.50 2.122218678e-08 1.930313109e-07 0.027

Derived parameters:

P0 (s)      = 0.00359792850965458       1.6942e-17   
P1          = 9.49961048080191e-21      3.817e-25    
tau_c (Myr) = 6005
bs (G)      = 1.8708e+08

Binary model: T2
Mass function                  = 0.003556027335 
Minimum, median and maximum companion mass: 0.2049 < 0.2401 < 0.5342 solar masses
Pulsar Mass (Shapiro Delay): 2.33697 (+/- 0) Msun.

Parallax distance is 2067.16 (+/- 0) pc.
MTOT derived from sin i and m2 = 2.6760268138048
Inclination angle (deg)        = 60.21647962302 (+ 0 - 0)
Total proper motion = 7.2256 +/- 0 mas/yr
Total time span = 3617.424 days = 9.904 years

Tempo2 usage
Units:                 TCB (tempo2)
Time ephemeris:        IF99 (tempo2)
Troposphere corr.?     Yes (tempo2)
Dilate freq?           Yes (tempo2)
Electron density (1AU) 4
Solar system ephem     DE421
Time scale             TT(TAI)
Binary model           T2


Results for PSR J1603-7202


RMS pre-fit residual = 2.267 (us), RMS post-fit residual = 2.307 (us)
Fit Chisq = 3.191e+04	Chisqr/nfree = 31913.25/29061 = 1.09815	pre/post = 0.982885
Number of fit parameters: 47

Global fit:

Number of fit parameters in total, nt: 635

Number of points in fit (including constraint points) = 381
Number of constraints in fit = 19
Number of observations in fit = 362
Constraint EFACTOR = 1e+15
Offset: -1.90304e-06 3.34636e-06 offset_e*sqrt(n) = 6.36688e-05 n = 362


PARAMETER       Pre-fit                   Post-fit                  Uncertainty   Difference   Fit
---------------------------------------------------------------------------------------------------
RAJ (rad)       4.20447471782505          4.20447471782505          0             0             N
RAJ (hms)       16:03:35.6775362          16:03:35.6775362          0             0            
DECJ (rad)      -1.25737751640145         -1.25737751640145         0             0             N
DECJ (dms)      -72:02:32.72980           -72:02:32.72980           0             0            
F0 (s^-1)       67.3765811318439          67.376581131844           1.8884e-12    1.1369e-13    Y
F1 (s^-2)       -7.09549100054685e-17     -7.09579061122502e-17     1.0892e-20    -2.9961e-21   Y
PEPOCH (MJD)    54500                     54500                     0             0             N
POSEPOCH (MJD)  54500                     54500                     0             0             N
DMEPOCH (MJD)   54500                     54500                     0             0             N
DM (cm^-3 pc)   38.0489237415967          38.0489237415967          0             0             N
PMRA (mas/yr)   -2.45492701861525         -2.45492701861525         0             0             N
PMDEC (mas/yr)  -7.31695056223044         -7.31695056223044         0             0             N
PX (mas)        -0.127996996985977        -0.127996996985977        0             0             N
PB (d)          6.30862966865862          6.30862966865862          0             0             N
A1 (lt-s)       6.88065751263133          6.88065751263133          0             0             N
PBDOT           4.74823954946152e-13      4.74823954946152e-13      0             0             N
XDOT            1.44549158967439e-14      1.44549158967439e-14      0             0             N
TASC (MJD)      50426.2870240574          50426.2870240574          0             0             N
EPS1            1.56664041350595e-06      1.56664041350595e-06      0             0             N
EPS2            -9.23973058025913e-06     -9.23973058025913e-06     0             0             N
START (MJD)     50026.0711514254          50026.0741514254          0             0.003         N
FINISH (MJD)    55618.7548465036          55618.7515782206          0             -0.0032683    N
TZRMJD          52920.0613846166          52920.0613846166          0             0             N
TZRFRQ (MHz)    1404.75                   1404.75                   0             0             N
TZRSITE         PKS                      
TRES            2.324                     2.30659841911017          0             -0.017402     N
EPHVER          TEMPO2                    TEMPO2                    0             0             N
IFUNC           2                         2                         0             0             G
DMMODEL         38.0489237415967          38.0489237415967          0             0             N
NE_SW (cm^-3)   4                         4                         0             0             N
---------------------------------------------------------------------------------------------------
[textOutput.C:273] Notice: Parameter uncertainties multiplied by sqrt(red. chisq)


CONSTRAINTS:
DMMODEL mean(DM) = 0
DMMODEL mean(C) = 0
DMMODEL linear(C) = 0
DMMODEL quadratic(C) = 0
DMMODEL_YEAR C.sin(t) = 0
DMMODEL_YEAR C.cos(t) = 0
DMMODEL_YEAR C.t.sin(t) = 0
DMMODEL_YEAR C.t.cos(t) = 0
DMMODEL_YEAR C.cos(2t) = 0
DMMODEL_YEAR C.sin(2t) = 0
IFUNC mean(C) = 0
IFUNC linear(C) = 0
IFUNC quadratic(C) = 0
IFUNC_YEAR C.sin(t) = 0
IFUNC_YEAR C.cos(t) = 0
IFUNC_YEAR C.t.sin(t) = 0
IFUNC_YEAR C.t.cos(t) = 0
IFUNC_YEAR C.sin(2t) = 0
IFUNC_YEAR C.cos(2t) = 0

Jump 1 ( -B 20CM -3.1171880999598e-05 0): -3.1171880999598e-05 0 N
Jump 2 ( -B 40CM -3.2416679208283e-05 0): -3.2416679208283e-05 0 N
Jump 3 ( -B 50CM -3.080132615323e-05 0): -3.080132615323e-05 0 N
Jump 4 ( -sys MULTI_cpsr2n -0.0044801595093526 1): -0.0044801687143902 1.2811439440331e-06 Y
Jump 5 ( -sys MULTI_cpsr2m -0.0044810051434222 1): -0.0044810201969714 1.2133797075336e-06 Y
Jump 6 ( -sys H-OH_cpsr2m -0.0044811462205859 1): -0.0044811098338394 1.8092437353606e-06 Y
Jump 7 ( -sys H-OH_cpsr2n -0.0044788401904709 1): -0.0044788095164161 1.7844729019989e-06 Y
Jump 8 ( -sys MULTI_AFB -0.0045343221455133 1): -0.0045342807057931 3.7073733628465e-06 Y
Jump 9 ( -sys MULTI_fptm -0.0044911886505992 1): -0.0044911458733924 3.9751077149312e-06 Y
Jump 10 ( -sys H-OH_fptm -0.0044845536973616 1): -0.0044844848334066 4.3602056342748e-06 Y

Dispersion measure values:
_DM	  53400.0   0.000107          0  0.04
_DM	  53500.0   -0.00197          0  0.04
_DM	  53600.0  -0.000899          0  0.04
_DM	  53700.0   -0.00146          0  0.04
_DM	  53800.0    0.00015          0  0.04
_DM	  53900.0    0.00205          0  0.04
_DM	  54000.0    0.00156          0  0.04
_DM	  54100.0   -0.00049          0  0.04
_DM	  54200.0  -0.000533          0  0.04
_DM	  54300.0  -0.000241          0  0.04
_DM	  54400.0   0.000182          0  0.04
_DM	  54500.0  -0.000119          0  0.04
_DM	  54600.0   0.000261          0  0.04
_DM	  54700.0   0.000399          0  0.04
_DM	  54800.0  -0.000246          0  0.04
_DM	  54900.0  -0.000322          0  0.04
_DM	  55000.0   0.000528          0  0.04
_DM	  55100.0   0.000271          0  0.04
_DM	  55200.0   0.000359          0  0.04
_DM	  55300.0   1.48e-05          0  0.04
_DM	  55400.0   0.000187          0  0.04
_DM	  55500.0   0.000439          0  0.04
_DM	  55600.0  -0.000225          0  0.04
Mean DMOFF = 2.74586e-19
_CM	  53400.0          0          0  0.04
_CM	  53500.0          0          0  0.04
_CM	  53600.0          0          0  0.04
_CM	  53700.0          0          0  0.04
_CM	  53800.0          0          0  0.04
_CM	  53900.0          0          0  0.04
_CM	  54000.0          0          0  0.04
_CM	  54100.0          0          0  0.04
_CM	  54200.0          0          0  0.04
_CM	  54300.0          0          0  0.04
_CM	  54400.0          0          0  0.04
_CM	  54500.0          0          0  0.04
_CM	  54600.0          0          0  0.04
_CM	  54700.0          0          0  0.04
_CM	  54800.0          0          0  0.04
_CM	  54900.0          0          0  0.04
_CM	  55000.0          0          0  0.04
_CM	  55100.0          0          0  0.04
_CM	  55200.0          0          0  0.04
_CM	  55300.0          0          0  0.04
_CM	  55400.0          0          0  0.04
_CM	  55500.0          0          0  0.04
_CM	  55600.0          0          0  0.04
CM white PSD estimate: 0
Interpolated function
49400.00 -2.271280746e-07 5.444259494e-07 0.027
49582.62 -1.620766185e-06 5.5864125e-07 0.027
49765.25 -8.501197955e-07 3.920520416e-07 0.027
49947.88 3.898638086e-07 3.498597457e-07 0.027
50130.50 6.041523978e-07 3.495294735e-07 0.027
50313.12 1.000226456e-06 3.027404732e-07 0.027
50495.75 4.558242494e-07 3.180954399e-07 0.027
50678.38 8.273517762e-07 3.138493681e-07 0.027
50861.00 2.685807489e-07 2.681458582e-07 0.027
51043.62 3.399581279e-07 2.517565294e-07 0.027
51226.25 2.103350356e-07 2.395883405e-07 0.027
51408.88 1.643744267e-07 2.436415035e-07 0.027
51591.50 1.467384711e-07 2.244695918e-07 0.027
51774.12 -1.770967649e-07 2.221286287e-07 0.027
51956.75 -1.230134092e-07 2.185448028e-07 0.027
52139.38 -3.125113111e-07 2.126050251e-07 0.027
52322.00 9.141745837e-08 2.097768893e-07 0.027
52504.62 -2.16281827e-07 2.141438674e-07 0.027
52687.25 -1.863891149e-07 2.087564508e-07 0.027
52869.88 -1.221215706e-07 1.987990673e-07 0.027
53052.50 -1.846317838e-07 1.937270993e-07 0.027
53235.12 -6.909049794e-08 1.793113091e-07 0.027
53417.75 -1.502744078e-08 1.717568483e-07 0.027
53600.38 -3.33994302e-07 1.62214035e-07 0.027
53783.00 -2.398791562e-07 1.614891199e-07 0.027
53965.62 -7.0385228e-08 1.55751466e-07 0.027
54148.25 -1.916437676e-07 1.524279789e-07 0.027
54330.88 -1.427436603e-07 1.430649174e-07 0.027
54513.50 -1.05457185e-07 1.348833844e-07 0.027
54696.12 -1.676328547e-07 1.254348894e-07 0.027
54878.75 -5.57294531e-08 1.15593942e-07 0.027
55061.38 4.665775295e-08 1.025713685e-07 0.027
55244.00 8.567570844e-08 9.999583412e-08 0.027
55426.62 1.537033884e-07 1.093437011e-07 0.027
55609.25 2.950729242e-07 1.361144743e-07 0.027
55791.88 3.104884647e-07 1.77192498e-07 0.027
55974.50 2.122218678e-08 1.930313109e-07 0.027

Derived parameters:

P0 (s)      = 0.0148419522510823        4.1599e-16   
P1          = 1.56308592193771e-20      2.3993e-24   
tau_c (Myr) = 15055
bs (G)      = 4.874e+08

Binary model: T2
Mass function                  = 0.008788251604 
Minimum, median and maximum companion mass: 0.2866 < 0.3378 < 0.7850 solar masses

Parallax distance is -7812.68 (+/- 0) pc.
Pbdot distance is 6020.39 (+/- 0) pc.

Conversion from ELL1 parameters: 
------------------------------------
ECC = 9.37160516565897e-06 +/- 0
OM  = 170.376749659438 +/- 0 degrees
T0  = 50429.2727013289 +/- 0
------------------------------------
Total proper motion = 7.7178 +/- 0 mas/yr
Total time span = 5592.675 days = 15.312 years

Tempo2 usage
Units:                 TCB (tempo2)
Time ephemeris:        IF99 (tempo2)
Troposphere corr.?     Yes (tempo2)
Dilate freq?           Yes (tempo2)
Electron density (1AU) 4
Solar system ephem     DE421
Time scale             TT(TAI)
Binary model           T2


Results for PSR J1640+2224


RMS pre-fit residual = 2.288 (us), RMS post-fit residual = 2.207 (us)
Fit Chisq = 3.191e+04	Chisqr/nfree = 31913.25/29061 = 1.09815	pre/post = 1.03674
Number of fit parameters: 48

Global fit:

Number of fit parameters in total, nt: 635

Number of points in fit (including constraint points) = 532
Number of constraints in fit = 9
Number of observations in fit = 523
Constraint EFACTOR = 1e+15
Offset: 4.73438e-08 6.45389e-07 offset_e*sqrt(n) = 1.47595e-05 n = 523


PARAMETER       Pre-fit                   Post-fit                  Uncertainty   Difference   Fit
---------------------------------------------------------------------------------------------------
RAJ (rad)       4.36454084899019          4.36454084899019          0             0             N
RAJ (hms)       16:40:16.7448383          16:40:16.7448383          0             0            
DECJ (rad)      0.390996614824277         0.390996614824277         0             0             N
DECJ (dms)      +22:24:08.84100           +22:24:08.84100           0             0            
F0 (s^-1)       316.123979331858          316.123979331858          2.4083e-12    3.4106e-13    Y
F1 (s^-2)       -2.81509520371514e-16     -2.81519914475323e-16     1.5128e-20    -1.0394e-20   Y
PEPOCH (MJD)    55000                     55000                     0             0             N
POSEPOCH (MJD)  55000                     55000                     0             0             N
DMEPOCH (MJD)   55000                     55000                     0             0             N
DM (cm^-3 pc)   18.4228475361648          18.4228475361648          0             0             N
DM1 (cm^-3 pc y 0.000149701784268052      0.000149701784268052      0             0             N
PMRA (mas/yr)   2.10546952748011          2.10546952748011          0             0             N
PMDEC (mas/yr)  -11.3382665636999         -11.3382665636999         0             0             N
PB (d)          175.460664598723          175.460664598723          0             0             N
T0 (MJD)        51626.1800497905          51626.1800497905          0             0             N
A1 (lt-s)       55.3297222074604          55.3297222074604          0             0             N
OM (deg)        50.733674061026           50.733674061026           0             0             N
ECC             0.000797294712478022      0.000797294712478022      0             0             N
XDOT            9.42915627936014e-15      9.42915627936014e-15      0             0             N
START (MJD)     50458.226966365           50459.2289483501          0             1.002         N
FINISH (MJD)    55925.3778921462          55924.3803098598          0             -0.99758      N
TZRMJD          53223.780775898           53223.780775898           0             0             N
TZRFRQ (MHz)    1408.366                  1408.366                  0             0             N
TZRSITE         eff                      
TRES            2.206                     2.20683355232442          0             0.00083355    N
EPHVER          TEMPO2                    TEMPO2                    0             0             N
IFUNC           2                         2                         0             0             G
NE_SW (cm^-3)   4                         4                         0             0             N
---------------------------------------------------------------------------------------------------
[textOutput.C:273] Notice: Parameter uncertainties multiplied by sqrt(red. chisq)


CONSTRAINTS:
IFUNC mean(C) = 0
IFUNC linear(C) = 0
IFUNC quadratic(C) = 0
IFUNC_YEAR C.sin(t) = 0
IFUNC_YEAR C.cos(t) = 0
IFUNC_YEAR C.t.sin(t) = 0
IFUNC_YEAR C.t.cos(t) = 0
IFUNC_YEAR C.sin(2t) = 0
IFUNC_YEAR C.cos(2t) = 0

Jump 1 ( -sys NRT.BON.1400 0.00013460405652634 1): 0.00013459714207477 4.6113953563096e-07 Y
Jump 2 ( -sys EFF.EBPP.2639 0.00012076775476492 1): 0.00012076074075189 7.2899098257781e-07 Y
Jump 3 ( -sys ao.ASP.L 0.0010036300459402 1): 0.0010036321639728 6.2736932215011e-07 Y
Jump 4 ( -sys WSRT.P1.1380.C 0.00099350053097905 1): 0.00099349464966549 7.7328356994798e-07 Y
Jump 5 ( -sys EFF.EBPP.1360 0.00010282346072087 1): 0.00010280378581546 7.8042598630168e-07 Y
Jump 6 ( -sys JBO.DFB.1520 0.00020189615481602 1): 0.00020187650810905 7.3915225616677e-07 Y
Jump 7 ( -sys NRT.BON.1600 0.00013690435609814 1): 0.00013688910652037 1.1784049491614e-06 Y
Jump 8 ( -sys JBO.DFB.1400 0.00017596581162462 1): 0.00017595896984072 7.9487293248402e-07 Y
Interpolated function
49400.00 -2.271280746e-07 5.444259494e-07 0.027
49582.62 -1.620766185e-06 5.5864125e-07 0.027
49765.25 -8.501197955e-07 3.920520416e-07 0.027
49947.88 3.898638086e-07 3.498597457e-07 0.027
50130.50 6.041523978e-07 3.495294735e-07 0.027
50313.12 1.000226456e-06 3.027404732e-07 0.027
50495.75 4.558242494e-07 3.180954399e-07 0.027
50678.38 8.273517762e-07 3.138493681e-07 0.027
50861.00 2.685807489e-07 2.681458582e-07 0.027
51043.62 3.399581279e-07 2.517565294e-07 0.027
51226.25 2.103350356e-07 2.395883405e-07 0.027
51408.88 1.643744267e-07 2.436415035e-07 0.027
51591.50 1.467384711e-07 2.244695918e-07 0.027
51774.12 -1.770967649e-07 2.221286287e-07 0.027
51956.75 -1.230134092e-07 2.185448028e-07 0.027
52139.38 -3.125113111e-07 2.126050251e-07 0.027
52322.00 9.141745837e-08 2.097768893e-07 0.027
52504.62 -2.16281827e-07 2.141438674e-07 0.027
52687.25 -1.863891149e-07 2.087564508e-07 0.027
52869.88 -1.221215706e-07 1.987990673e-07 0.027
53052.50 -1.846317838e-07 1.937270993e-07 0.027
53235.12 -6.909049794e-08 1.793113091e-07 0.027
53417.75 -1.502744078e-08 1.717568483e-07 0.027
53600.38 -3.33994302e-07 1.62214035e-07 0.027
53783.00 -2.398791562e-07 1.614891199e-07 0.027
53965.62 -7.0385228e-08 1.55751466e-07 0.027
54148.25 -1.916437676e-07 1.524279789e-07 0.027
54330.88 -1.427436603e-07 1.430649174e-07 0.027
54513.50 -1.05457185e-07 1.348833844e-07 0.027
54696.12 -1.676328547e-07 1.254348894e-07 0.027
54878.75 -5.57294531e-08 1.15593942e-07 0.027
55061.38 4.665775295e-08 1.025713685e-07 0.027
55244.00 8.567570844e-08 9.999583412e-08 0.027
55426.62 1.537033884e-07 1.093437011e-07 0.027
55609.25 2.950729242e-07 1.361144743e-07 0.027
55791.88 3.104884647e-07 1.77192498e-07 0.027
55974.50 2.122218678e-08 1.930313109e-07 0.027

Derived parameters:

P0 (s)      = 0.00316331586776031       2.4099e-17   
P1          = 2.81704796463875e-21      1.5138e-25   
tau_c (Myr) = 17804
bs (G)      = 9.5525e+07

Binary model: T2
Mass function                  = 0.005907430975 
Minimum, median and maximum companion mass: 0.247 < 0.2903 < 0.6607 solar masses
Total proper motion = 11.532 +/- 0 mas/yr
Total time span = 5465.149 days = 14.963 years

Tempo2 usage
Units:                 TCB (tempo2)
Time ephemeris:        IF99 (tempo2)
Troposphere corr.?     Yes (tempo2)
Dilate freq?           Yes (tempo2)
Electron density (1AU) 4
Solar system ephem     DE421
Time scale             TT(TAI)
Binary model           T2


Results for PSR J1643-1224


RMS pre-fit residual = 3.283 (us), RMS post-fit residual = 3.050 (us)
Fit Chisq = 3.191e+04	Chisqr/nfree = 31913.25/29061 = 1.09815	pre/post = 1.07624
Number of fit parameters: 65

Global fit:

Number of fit parameters in total, nt: 635

Number of points in fit (including constraint points) = 1066
Number of constraints in fit = 19
Number of observations in fit = 1047
Constraint EFACTOR = 1e+15
Offset: -8.41646e-07 3.75847e-06 offset_e*sqrt(n) = 0.000121614 n = 1047


PARAMETER       Pre-fit                   Post-fit                  Uncertainty   Difference   Fit
---------------------------------------------------------------------------------------------------
RAJ (rad)       4.37918824358683          4.37918824358683          0             0             N
RAJ (hms)       16:43:38.1609722          16:43:38.1609722          0             0            
DECJ (rad)      -0.21670530980672         -0.21670530980672         0             0             N
DECJ (dms)      -12:24:58.67874           -12:24:58.67874           0             0            
F0 (s^-1)       216.373337179974          216.373337179975          6.1454e-12    1.0232e-12    Y
F1 (s^-2)       -8.64323372211498e-16     -8.6432629963637e-16      3.5547e-20    -2.9274e-21   Y
PEPOCH (MJD)    54500                     54500                     0             0             N
POSEPOCH (MJD)  54500                     54500                     0             0             N
DMEPOCH (MJD)   54500                     54500                     0             0             N
DM (cm^-3 pc)   62.41428917181            62.41428917181            0             0             N
DM1 (cm^-3 pc y -0.00117830476672204      -0.00117830476672204      0             0             N
PMRA (mas/yr)   5.94309570809955          5.94309570809955          0             0             N
PMDEC (mas/yr)  3.94305128474994          3.94305128474994          0             0             N
PX (mas)        1.27291053207141          1.27291053207141          0             0             N
PB (d)          147.017283644682          147.017283644682          0             0             N
T0 (MJD)        49577.9720166134          49577.9720166134          0             0             N
A1 (lt-s)       25.0726150539687          25.0726150539687          0             0             N
OM (deg)        321.857472629571          321.857472629571          0             0             N
ECC             0.000505746507772845      0.000505746507772845      0             0             N
XDOT            -5.25180094300347e-14     -5.25180094300347e-14     0             0             N
OMDOT (deg/yr)  -0.000694507563507515     -0.000694507563507515     0             0             N
START (MJD)     49420.8459215987          49421.8442165064          0             0.99829       N
FINISH (MJD)    55920.3264372237          55919.3307539513          0             -0.99568      N
TZRMJD          52664.3729514057          52664.3729514057          0             0             N
TZRFRQ (MHz)    1409.999                  1409.999                  0             0             N
TZRSITE         eff                      
TRES            3.158                     3.05017321685346          0             -0.10783      N
EPHVER          TEMPO2                    TEMPO2                    0             0             N
IFUNC           2                         2                         0             0             G
DMMODEL         62.41428917181            62.41428917181            0             0             N
DM_S1YR (cm^-3  -0.000285621515618916     -0.000285621515618916     0             0             N
DM_C1YR (cm^-3  -0.00058781440579772      -0.00058781440579772      0             0             N
NE_SW (cm^-3)   4                         4                         0             0             N
---------------------------------------------------------------------------------------------------
[textOutput.C:273] Notice: Parameter uncertainties multiplied by sqrt(red. chisq)


CONSTRAINTS:
DMMODEL mean(DM) = 0
DMMODEL mean(C) = 0
DMMODEL linear(C) = 0
DMMODEL quadratic(C) = 0
DMMODEL_YEAR C.sin(t) = 0
DMMODEL_YEAR C.cos(t) = 0
DMMODEL_YEAR C.t.sin(t) = 0
DMMODEL_YEAR C.t.cos(t) = 0
DMMODEL_YEAR C.cos(2t) = 0
DMMODEL_YEAR C.sin(2t) = 0
IFUNC mean(C) = 0
IFUNC linear(C) = 0
IFUNC quadratic(C) = 0
IFUNC_YEAR C.sin(t) = 0
IFUNC_YEAR C.cos(t) = 0
IFUNC_YEAR C.t.sin(t) = 0
IFUNC_YEAR C.t.cos(t) = 0
IFUNC_YEAR C.sin(2t) = 0
IFUNC_YEAR C.cos(2t) = 0

Jump 1 ( -sys NRT.BON.1400 0.00017170651357089 1): 0.00017170069261578 6.4430809028254e-07 Y
Jump 2 ( -sys PKS.MULTI.CPSR2m.20CM 0.00021380591215544 1): 0.00021380295377784 9.5971840057194e-07 Y
Jump 3 ( -sys PKS.MULTI.CPSR2n.20CM 0.00021451763639065 1): 0.00021451468114515 1.0681184310936e-06 Y
Jump 4 ( -sys EFF.EBPP.2639.90 0.00014764335096086 1): 0.00014763709219116 8.1076862517194e-07 Y
Jump 5 ( -sys gbt.GASP.L 0.00026623515291622 1): 0.00026622990835609 6.4181228253189e-07 Y
Jump 6 ( -sys NRT.BON.2000 0.00032733276474104 1): 0.00032732758817506 7.472285425465e-07 Y
Jump 7 ( -sys PKS.H-OH.fptm.20cm_legacy -0.00090418823826869 1): -0.0009042400826021 1.921359444041e-06 Y
Jump 8 ( -sys PKS.MULTI.fptm.20cm_legacy -0.00089743302628057 1): -0.00089747241074281 2.0508382417042e-06 Y
Jump 9 ( -sys WSRT.P1.1380.C 0.00021274660978774 1): 0.00021274129461153 7.24837936666e-07 Y
Jump 10 ( -sys NRT.BON.1600 0.00017072502530713 1): 0.00017072700904475 7.9625994897451e-07 Y
Jump 11 ( -sys PKS.10CM.PDFB2.10CM 0.00022647121130329 1): 0.00022646515889395 7.1482044015793e-07 Y
Jump 12 ( -sys PKS.MULTI.PDFB2.20CM 0.00021362485729761 1): 0.00021361835102059 6.6169070614088e-07 Y
Jump 13 ( -sys JBO.DFB.1520 0.00019511061886449 1): 0.00019510688753243 8.9293640584165e-07 Y
Jump 14 ( -sys PKS.10CM.PDFB4.10CM 0.00022397780575484 1): 0.00022397225734151 7.1002034735017e-07 Y
Jump 15 ( -sys EFF.EBPP.1360 -1.4379518637835e-06 1): -1.4439152577308e-06 8.5416138663837e-07 Y
Jump 16 ( -sys PKS.MULTI.PDFB3.20CM 0.0002125602177824 1): 0.00021255477747282 6.8897462356083e-07 Y
Jump 17 ( -sys PKS.10CM.PDFB1.10CM 0.00022728019670332 1): 0.00022727696710657 8.3158447369629e-07 Y
Jump 18 ( -sys PKS.MULTI.PDFB1.20CM 0.00021348946364739 1): 0.00021348300370512 6.5832314735445e-07 Y
Jump 19 ( -sys PKS.MULTI.PDFB4.20CM 0.00021256723660556 1): 0.00021256170045745 7.0336296164584e-07 Y
Jump 20 ( -sys PKS.MULTI.cpsr2m.20cm_legacy -0.00089500843024284 1): -0.00089501263006387 1.3280583779722e-06 Y
Jump 21 ( -sys PKS.MULTI.cpsr2n.20cm_legacy -0.0008987091098693 1): -0.00089871631977592 1.0832652350812e-06 Y
Jump 22 ( -sys PKS.MULTI.AFB.20cm_legacy -0.00093392328202706 1): -0.00093388307662824 9.0719932401515e-07 Y
Jump 23 ( -sys PKS.10CM.WBCORR.10CM 0.00022563499605634 1): 0.00022563167585112 1.0490384119977e-06 Y
Jump 24 ( -sys PKS.H-OH.PDFB1.20CM 0.00021252935365219 1): 0.00021252761926121 7.0247133077476e-07 Y
Jump 25 ( -sys JBO.DFB.1400 0.00019949923930393 1): 0.00019949487926704 1.5159862469063e-06 Y

Dispersion measure values:
_DM	  53430.0    0.00051          0  0.14
_DM	  53795.3  -0.000285          0  0.14
_DM	  54160.5  -4.01e-05          0  0.14
_DM	  54525.8  -0.000892          0  0.14
_DM	  54891.0   0.000912          0  0.14
_DM	  55256.3  -0.000626          0  0.14
_DM	  55621.5    0.00042          0  0.14
Mean DMOFF = 2.55562e-19
_CM	  53430.0          0          0  0.14
_CM	  53795.3          0          0  0.14
_CM	  54160.5          0          0  0.14
_CM	  54525.8          0          0  0.14
_CM	  54891.0          0          0  0.14
_CM	  55256.3          0          0  0.14
_CM	  55621.5          0          0  0.14
CM white PSD estimate: 0
Interpolated function
49400.00 -2.271280746e-07 5.444259494e-07 0.027
49582.62 -1.620766185e-06 5.5864125e-07 0.027
49765.25 -8.501197955e-07 3.920520416e-07 0.027
49947.88 3.898638086e-07 3.498597457e-07 0.027
50130.50 6.041523978e-07 3.495294735e-07 0.027
50313.12 1.000226456e-06 3.027404732e-07 0.027
50495.75 4.558242494e-07 3.180954399e-07 0.027
50678.38 8.273517762e-07 3.138493681e-07 0.027
50861.00 2.685807489e-07 2.681458582e-07 0.027
51043.62 3.399581279e-07 2.517565294e-07 0.027
51226.25 2.103350356e-07 2.395883405e-07 0.027
51408.88 1.643744267e-07 2.436415035e-07 0.027
51591.50 1.467384711e-07 2.244695918e-07 0.027
51774.12 -1.770967649e-07 2.221286287e-07 0.027
51956.75 -1.230134092e-07 2.185448028e-07 0.027
52139.38 -3.125113111e-07 2.126050251e-07 0.027
52322.00 9.141745837e-08 2.097768893e-07 0.027
52504.62 -2.16281827e-07 2.141438674e-07 0.027
52687.25 -1.863891149e-07 2.087564508e-07 0.027
52869.88 -1.221215706e-07 1.987990673e-07 0.027
53052.50 -1.846317838e-07 1.937270993e-07 0.027
53235.12 -6.909049794e-08 1.793113091e-07 0.027
53417.75 -1.502744078e-08 1.717568483e-07 0.027
53600.38 -3.33994302e-07 1.62214035e-07 0.027
53783.00 -2.398791562e-07 1.614891199e-07 0.027
53965.62 -7.0385228e-08 1.55751466e-07 0.027
54148.25 -1.916437676e-07 1.524279789e-07 0.027
54330.88 -1.427436603e-07 1.430649174e-07 0.027
54513.50 -1.05457185e-07 1.348833844e-07 0.027
54696.12 -1.676328547e-07 1.254348894e-07 0.027
54878.75 -5.57294531e-08 1.15593942e-07 0.027
55061.38 4.665775295e-08 1.025713685e-07 0.027
55244.00 8.567570844e-08 9.999583412e-08 0.027
55426.62 1.537033884e-07 1.093437011e-07 0.027
55609.25 2.950729242e-07 1.361144743e-07 0.027
55791.88 3.104884647e-07 1.77192498e-07 0.027
55974.50 2.122218678e-08 1.930313109e-07 0.027

Derived parameters:

P0 (s)      = 0.00462164152493624       1.3126e-16   
P1          = 1.84616384327025e-20      7.5927e-25   
tau_c (Myr) = 3969.1
bs (G)      = 2.9559e+08

Binary model: T2
Mass function                  = 0.000782969485 
Minimum, median and maximum companion mass: 0.1191 < 0.1388 < 0.2946 solar masses

Parallax distance is 785.601 (+/- 0) pc.
Total proper motion = 7.1322 +/- 0 mas/yr
Total time span = 6497.485 days = 17.789 years

Tempo2 usage
Units:                 TCB (tempo2)
Time ephemeris:        IF99 (tempo2)
Troposphere corr.?     Yes (tempo2)
Dilate freq?           Yes (tempo2)
Electron density (1AU) 4
Solar system ephem     DE421
Time scale             TT(TAI)
Binary model           T2


Results for PSR J1713+0747


RMS pre-fit residual = 0.951 (us), RMS post-fit residual = 0.464 (us)
Fit Chisq = 3.191e+04	Chisqr/nfree = 31913.25/29061 = 1.09815	pre/post = 2.04907
Number of fit parameters: 78

Global fit:

Number of fit parameters in total, nt: 635

Number of points in fit (including constraint points) = 1928
Number of constraints in fit = 9
Number of observations in fit = 1919
Constraint EFACTOR = 1e+15
Offset: -3.44161e-07 6.08652e-07 offset_e*sqrt(n) = 2.66629e-05 n = 1919


PARAMETER       Pre-fit                   Post-fit                  Uncertainty   Difference   Fit
---------------------------------------------------------------------------------------------------
RAJ (rad)       4.51091491450495          4.51091491450495          0             0             N
RAJ (hms)       17:13:49.5327225          17:13:49.5327225          0             0            
DECJ (rad)      0.136026588590146         0.136026588590146         0             0             N
DECJ (dms)      +07:47:37.49794           +07:47:37.49794           0             0            
F0 (s^-1)       218.811840434801          218.811840434802          8.872e-13     1.1937e-12    Y
F1 (s^-2)       -4.0838359777424e-16      -4.08385481713655e-16     5.1508e-21    -1.8839e-21   Y
PEPOCH (MJD)    54500                     54500                     0             0             N
POSEPOCH (MJD)  54500                     54500                     0             0             N
DMEPOCH (MJD)   54500                     54500                     0             0             N
DM (cm^-3 pc)   15.9903024410416          15.9903024410416          0             0             N
DM1 (cm^-3 pc y 2.69221162097623e-05      2.69221162097623e-05      0             0             N
PMRA (mas/yr)   4.91625155979774          4.91625155979774          0             0             N
PMDEC (mas/yr)  -3.90020637644724         -3.90020637644724         0             0             N
PX (mas)        0.868780146694712         0.868780146694712         0             0             N
SINI            0.934291940732354         0.934291940732354         0             0             N
PB (d)          67.825130978566           67.825130978566           0             0             N
T0 (MJD)        51997.5806644642          51997.5806644642          0             0             N
A1 (lt-s)       32.3424210014385          32.3424210014385          0             0             N
OM (deg)        176.202713851812          176.202713851812          0             0             N
ECC             7.4939776938322e-05       7.4939776938322e-05       0             0             N
PBDOT           1.73306976132007e-12      1.73306976132007e-12      0             0             N
M2              0.340092848007609         0.340092848007609         0             0             N
START (MJD)     49420.8614513275          49421.8603870792          0             0.99894       N
FINISH (MJD)    55927.43474039            55926.4382816216          0             -0.99646      N
TZRMJD          52677.895378749           52677.895378749           0             7.276e-12     N
TZRFRQ (MHz)    1415.749                  1415.749                  0             0             N
TZRSITE         PKS                      
KOM             99.4382108754887          99.4382108754887          0             0             N
KIN             69.1140525152142          69.1140525152142          0             0             N
TRES            0.472                     0.464165239939955         0             -0.0078348    N
EPHVER          TEMPO2                    TEMPO2                    0             0             N
IFUNC           2                         2                         0             0             G
DMMODEL         15.9903024410416          15.9903024410416          0             0             N
NE_SW (cm^-3)   4                         4                         0             0             N
---------------------------------------------------------------------------------------------------
[textOutput.C:273] Notice: Parameter uncertainties multiplied by sqrt(red. chisq)


CONSTRAINTS:
IFUNC mean(C) = 0
IFUNC linear(C) = 0
IFUNC quadratic(C) = 0
IFUNC_YEAR C.sin(t) = 0
IFUNC_YEAR C.cos(t) = 0
IFUNC_YEAR C.t.sin(t) = 0
IFUNC_YEAR C.t.cos(t) = 0
IFUNC_YEAR C.sin(2t) = 0
IFUNC_YEAR C.cos(2t) = 0

Jump 1 ( -sys L-wide_ASP -0.00048406458973842 1): -0.0004840651055925 4.8718062124497e-08 Y
Jump 2 ( -sys NRT.BON.2000 0.00013717960078731 1): 0.00013717839485273 5.1645605968643e-08 Y
Jump 3 ( -sys S-wide_ASP -0.00047169874066932 1): -0.00047169695063444 5.3516674763576e-08 Y
Jump 4 ( -sys NRT.BON.1400 0.00013427493639611 1): 0.0001342746487548 4.9834344439883e-08 Y
Jump 5 ( -sys L-band_ABPP -0.00048183450271842 1): -0.00048183085979486 4.8215646778401e-08 Y
Jump 6 ( -sys PKS.H-OH.fptm.20cm_legacy -0.001117593284037 1): -0.0011176834222335 1.9054174589082e-07 Y
Jump 7 ( -sys L-band_Mark4 -0.00048631399525068 1): -0.00048630877351823 5.0768663501391e-08 Y
Jump 8 ( -sys EFF.EBPP.2639 0.00011959944794573 1): 0.00011959859438738 6.8074367315188e-08 Y
Jump 9 ( -sys PKS.MULTI.CPSR2m.20CM -0.00045596787633023 1): -0.00045596849562292 6.3969412857052e-08 Y
Jump 10 ( -sys PKS.MULTI.CPSR2n.20CM -0.00045573891763399 1): -0.00045574457625593 6.208451235973e-08 Y
Jump 11 ( -sys Rcvr1_2_GASP -0.00049421339366583 1): -0.00049421278957395 5.14387487678e-08 Y
Jump 12 ( -sys WSRT.P1.1380.2.C -0.00047343725546918 1): -0.00047343610527386 1.2162962539705e-07 Y
Jump 13 ( -sys PKS.MULTI.fptm.20cm_legacy -0.0011171587695674 1): -0.001117183663372 1.4879819599661e-07 Y
Jump 14 ( -sys S-band_Mark4 -0.0004674276703546 1): -0.00046741810626243 6.3741053066458e-08 Y
Jump 15 ( -sys S-band_ABPP -0.00047386194627464 1): -0.00047385577330682 5.4459241540004e-08 Y
Jump 16 ( -sys WSRT.P1.1380.2 -0.00047023163732539 1): -0.00047022483033369 1.175231389751e-07 Y
Jump 17 ( -sys EFF.EBPP.1360 4.5334369754737e-07 1): 4.5574354882047e-07 1.0338554568142e-07 Y
Jump 18 ( -sys WSRT.P1.2273.C -0.00046681329790719 1): -0.00046681342943501 2.9639691341245e-07 Y
Jump 19 ( -sys NRT.BON.1600 0.00013512193272589 1): 0.00013512365690982 5.5915932429808e-08 Y
Jump 20 ( -sys PKS.10CM.PDFB2.10CM -0.00044897547493595 1): -0.0004489752275031 9.4996413513851e-08 Y
Jump 21 ( -sys PKS.MULTI.cpsr2n.20cm_legacy -0.00088004872466995 1): -0.00088005402802965 4.8153461142541e-08 Y
Jump 22 ( -sys PKS.MULTI.cpsr2m.20cm_legacy -0.0008803325446514 1): -0.00088033681975101 5.9766942420541e-08 Y
Jump 23 ( -sys PKS.MULTI.PDFB2.20CM -0.00045564372083616 1): -0.00045564488170296 5.4843733954414e-08 Y
Jump 24 ( -sys JBO.DFB.1520 0.00015834721642999 1): 0.00015834853998232 7.6680278574368e-08 Y
Jump 25 ( -sys PKS.MULTI.PDFB1.20CM -0.00045604229482109 1): -0.00045604196179276 5.6788561183202e-08 Y
Jump 26 ( -sys PKS.MULTI.PDFB4.20CM -0.00045578209032075 1): -0.00045578237787533 8.6787236964923e-08 Y
Jump 27 ( -sys PKS.10CM.PDFB4.10CM -0.00044893189433404 1): -0.00044893171380118 6.8494053473502e-08 Y
Jump 28 ( -sys PKS.MULTI.AFB.20cm_legacy -0.0011464360498341 1): -0.0011464195513112 1.7785326200663e-07 Y
Jump 29 ( -sys PKS.MULTI.PDFB3.20CM -0.00045575720129447 1): -0.00045575570558071 6.8282029123858e-08 Y
Jump 30 ( -sys PKS.10CM.PDFB1.10CM -0.00044832649558498 1): -0.00044832215255867 7.4959218589177e-08 Y
Jump 31 ( -sys JBO.DFB.1400 0.00016009989015382 1): 0.00016010028288813 1.7416412962837e-07 Y
Jump 32 ( -sys Rcvr1_2_GUPPI -0.00049382474123379 1): -0.00049382516211776 1.2111114615199e-07 Y
Jump 33 ( -sys WSRT.P1.1380.1 -0.00047019771322771 1): -0.00047020085621065 1.5793202738369e-07 Y
Jump 34 ( -sys PKS.10CM.WBCORR.10CM -0.0004489126430474 1): -0.00044891192406809 1.6083893561181e-07 Y
Jump 35 ( -sys PKS.H-OH.cpsr2n.20cm_legacy -0.00087994786758287 1): -0.00087994390520726 8.2937002822773e-08 Y
Jump 36 ( -sys PKS.H-OH.cpsr2m.20cm_legacy -0.00088031059587318 1): -0.00088030966323186 7.6434053028733e-08 Y
Jump 37 ( -sys PKS.H-OH.PDFB1.20CM -0.0004557742333847 1): -0.00045577148870665 7.1359472130575e-08 Y
Jump 38 ( -sys PKS.MULTI.WBCORR.20CM -0.00045598023555569 1): -0.0004559726714448 8.1438916295421e-08 Y
Jump 39 ( -nband b3 0 0): 0 0 N
Jump 40 ( -nband b4 0 0): 0 0 N
Jump 41 ( -nband b5 0 0): 0 0 N
Jump 42 ( -nband b6 0 0): 0 0 N
Jump 43 ( -nband b7 0 0): 0 0 N

Dispersion measure values:
_DM	  49400.0          0          0  0.02
_DM	  51400.0          0          0  0.02
_DM	  51500.0          0          0  0.02
_DM	  51600.0          0          0  0.02
_DM	  51700.0          0          0  0.02
_DM	  51800.0          0          0  0.02
_DM	  51900.0          0          0  0.02
_DM	  52000.0          0          0  0.02
_DM	  52100.0          0          0  0.02
_DM	  52200.0          0          0  0.02
_DM	  52300.0          0          0  0.02
_DM	  52400.0          0          0  0.02
_DM	  52500.0          0          0  0.02
_DM	  52600.0          0          0  0.02
_DM	  52700.0          0          0  0.02
_DM	  52800.0          0          0  0.02
_DM	  52900.0          0          0  0.02
_DM	  53000.0          0          0  0.02
_DM	  53100.0          0          0  0.02
_DM	  53200.0          0          0  0.02
_DM	  53300.0          0          0  0.02
_DM	  53400.0          0          0  0.02
_DM	  53500.0          0          0  0.02
_DM	  53600.0          0          0  0.02
_DM	  53700.0          0          0  0.02
_DM	  53800.0          0          0  0.02
_DM	  53900.0          0          0  0.02
_DM	  54000.0          0          0  0.02
_DM	  54100.0          0          0  0.02
_DM	  54200.0          0          0  0.02
_DM	  54300.0          0          0  0.02
_DM	  54400.0          0          0  0.02
_DM	  54500.0          0          0  0.02
_DM	  54600.0          0          0  0.02
_DM	  54700.0          0          0  0.02
_DM	  54800.0          0          0  0.02
_DM	  54900.0          0          0  0.02
_DM	  55000.0          0          0  0.02
_DM	  55100.0          0          0  0.02
_DM	  55200.0          0          0  0.02
_DM	  55300.0          0          0  0.02
_DM	  55400.0          0          0  0.02
_DM	  55500.0          0          0  0.02
_DM	  55600.0          0          0  0.02
_DM	  55700.0          0          0  0.02
_DM	  55800.0          0          0  0.02
_DM	  55900.0          0          0  0.02
_DM	  56000.0          0          0  0.02
Mean DMOFF = 0
_CM	  49400.0          0          0  0.02
_CM	  51400.0          0          0  0.02
_CM	  51500.0          0          0  0.02
_CM	  51600.0          0          0  0.02
_CM	  51700.0          0          0  0.02
_CM	  51800.0          0          0  0.02
_CM	  51900.0          0          0  0.02
_CM	  52000.0          0          0  0.02
_CM	  52100.0          0          0  0.02
_CM	  52200.0          0          0  0.02
_CM	  52300.0          0          0  0.02
_CM	  52400.0          0          0  0.02
_CM	  52500.0          0          0  0.02
_CM	  52600.0          0          0  0.02
_CM	  52700.0          0          0  0.02
_CM	  52800.0          0          0  0.02
_CM	  52900.0          0          0  0.02
_CM	  53000.0          0          0  0.02
_CM	  53100.0          0          0  0.02
_CM	  53200.0          0          0  0.02
_CM	  53300.0          0          0  0.02
_CM	  53400.0          0          0  0.02
_CM	  53500.0          0          0  0.02
_CM	  53600.0          0          0  0.02
_CM	  53700.0          0          0  0.02
_CM	  53800.0          0          0  0.02
_CM	  53900.0          0          0  0.02
_CM	  54000.0          0          0  0.02
_CM	  54100.0          0          0  0.02
_CM	  54200.0          0          0  0.02
_CM	  54300.0          0          0  0.02
_CM	  54400.0          0          0  0.02
_CM	  54500.0          0          0  0.02
_CM	  54600.0          0          0  0.02
_CM	  54700.0          0          0  0.02
_CM	  54800.0          0          0  0.02
_CM	  54900.0          0          0  0.02
_CM	  55000.0          0          0  0.02
_CM	  55100.0          0          0  0.02
_CM	  55200.0          0          0  0.02
_CM	  55300.0          0          0  0.02
_CM	  55400.0          0          0  0.02
_CM	  55500.0          0          0  0.02
_CM	  55600.0          0          0  0.02
_CM	  55700.0          0          0  0.02
_CM	  55800.0          0          0  0.02
_CM	  55900.0          0          0  0.02
_CM	  56000.0          0          0  0.02
CM white PSD estimate: 0
Interpolated function
49400.00 -2.271280746e-07 5.444259494e-07 0.027
49582.62 -1.620766185e-06 5.5864125e-07 0.027
49765.25 -8.501197955e-07 3.920520416e-07 0.027
49947.88 3.898638086e-07 3.498597457e-07 0.027
50130.50 6.041523978e-07 3.495294735e-07 0.027
50313.12 1.000226456e-06 3.027404732e-07 0.027
50495.75 4.558242494e-07 3.180954399e-07 0.027
50678.38 8.273517762e-07 3.138493681e-07 0.027
50861.00 2.685807489e-07 2.681458582e-07 0.027
51043.62 3.399581279e-07 2.517565294e-07 0.027
51226.25 2.103350356e-07 2.395883405e-07 0.027
51408.88 1.643744267e-07 2.436415035e-07 0.027
51591.50 1.467384711e-07 2.244695918e-07 0.027
51774.12 -1.770967649e-07 2.221286287e-07 0.027
51956.75 -1.230134092e-07 2.185448028e-07 0.027
52139.38 -3.125113111e-07 2.126050251e-07 0.027
52322.00 9.141745837e-08 2.097768893e-07 0.027
52504.62 -2.16281827e-07 2.141438674e-07 0.027
52687.25 -1.863891149e-07 2.087564508e-07 0.027
52869.88 -1.221215706e-07 1.987990673e-07 0.027
53052.50 -1.846317838e-07 1.937270993e-07 0.027
53235.12 -6.909049794e-08 1.793113091e-07 0.027
53417.75 -1.502744078e-08 1.717568483e-07 0.027
53600.38 -3.33994302e-07 1.62214035e-07 0.027
53783.00 -2.398791562e-07 1.614891199e-07 0.027
53965.62 -7.0385228e-08 1.55751466e-07 0.027
54148.25 -1.916437676e-07 1.524279789e-07 0.027
54330.88 -1.427436603e-07 1.430649174e-07 0.027
54513.50 -1.05457185e-07 1.348833844e-07 0.027
54696.12 -1.676328547e-07 1.254348894e-07 0.027
54878.75 -5.57294531e-08 1.15593942e-07 0.027
55061.38 4.665775295e-08 1.025713685e-07 0.027
55244.00 8.567570844e-08 9.999583412e-08 0.027
55426.62 1.537033884e-07 1.093437011e-07 0.027
55609.25 2.950729242e-07 1.361144743e-07 0.027
55791.88 3.104884647e-07 1.77192498e-07 0.027
55974.50 2.122218678e-08 1.930313109e-07 0.027

Derived parameters:

P0 (s)      = 0.004570136597786         1.853e-17    
P1          = 8.52959982547268e-21      1.0758e-25   
tau_c (Myr) = 8495
bs (G)      = 1.9979e+08

Binary model: T2
Mass function                  = 0.007896216046 
Minimum, median and maximum companion mass: 0.2753 < 0.3242 < 0.7489 solar masses
Pulsar Mass (annual orbital parallax): 1.67554 (+/- 0) Msun.

Parallax distance is 1151.04 (+/- 0) pc.
Pbdot distance is 3091.37 (+/- 0) pc.
MTOT derived from sin i and m2 = 2.0156914057629
Total proper motion = 6.2754 +/- 0 mas/yr
Total time span = 6504.576 days = 17.809 years

Tempo2 usage
Units:                 TCB (tempo2)
Time ephemeris:        IF99 (tempo2)
Troposphere corr.?     Yes (tempo2)
Dilate freq?           Yes (tempo2)
Electron density (1AU) 4
Solar system ephem     DE421
Time scale             TT(TAI)
Binary model           T2


Results for PSR J1721-2457


RMS pre-fit residual = 24.822 (us), RMS post-fit residual = 24.812 (us)
Fit Chisq = 3.191e+04	Chisqr/nfree = 31913.25/29061 = 1.09815	pre/post = 1.00038
Number of fit parameters: 42

Global fit:

Number of fit parameters in total, nt: 635

Number of points in fit (including constraint points) = 152
Number of constraints in fit = 9
Number of observations in fit = 143
Constraint EFACTOR = 1e+15
Offset: -2.33014e-07 7.20525e-06 offset_e*sqrt(n) = 8.61622e-05 n = 143


PARAMETER       Pre-fit                   Post-fit                  Uncertainty   Difference   Fit
---------------------------------------------------------------------------------------------------
RAJ (rad)       4.54261920409988          4.54261920409988          0             0             N
RAJ (hms)       17:21:05.4979992          17:21:05.4979992          0             0            
DECJ (rad)      -0.435489612669997        -0.435489612669997        0             0             N
DECJ (dms)      -24:57:06.18058           -24:57:06.18058           0             0            
F0 (s^-1)       285.989343444688          285.989343444689          3.7228e-11    2.8422e-13    Y
F1 (s^-2)       -4.53078253680844e-16     -4.53087191731887e-16     4.6222e-19    -8.9381e-21   Y
PEPOCH (MJD)    55000                     55000                     0             0             N
POSEPOCH (MJD)  55000                     55000                     0             0             N
DMEPOCH (MJD)   55000                     55000                     0             0             N
DM (cm^-3 pc)   48.6237189769812          48.6237189769812          0             0             N
PMRA (mas/yr)   -0.767385545439246        -0.767385545439246        0             0             N
PMDEC (mas/yr)  -65.4025693347245         -65.4025693347245         0             0             N
START (MJD)     52075.0540673832          52076.0472639264          0             0.9932        N
FINISH (MJD)    55854.637610352           55853.6399381558          0             -0.99767      N
TZRMJD          53967.7967048858          53967.7967048858          0             0             N
TZRFRQ (MHz)    1397.876                  1397.876                  0             0             N
TZRSITE         f                        
TRES            24.815                    24.8124204583985          0             -0.0025795    N
EPHVER          TEMPO2                    TEMPO2                    0             0             N
IFUNC           2                         2                         0             0             G
NE_SW (cm^-3)   4                         4                         0             0             N
---------------------------------------------------------------------------------------------------
[textOutput.C:273] Notice: Parameter uncertainties multiplied by sqrt(red. chisq)


CONSTRAINTS:
IFUNC mean(C) = 0
IFUNC linear(C) = 0
IFUNC quadratic(C) = 0
IFUNC_YEAR C.sin(t) = 0
IFUNC_YEAR C.cos(t) = 0
IFUNC_YEAR C.t.sin(t) = 0
IFUNC_YEAR C.t.cos(t) = 0
IFUNC_YEAR C.sin(2t) = 0
IFUNC_YEAR C.cos(2t) = 0

Jump 1 ( -sys WSRT.P1.1380.C 2.3839589054061e-05 1): 2.385553360269e-05 6.9066214570635e-06 Y
Jump 2 ( -sys WSRT.P1.1380 1.8918181917894e-05 1): 1.8907097741415e-05 2.6447774365508e-05 Y
Interpolated function
49400.00 -2.271280746e-07 5.444259494e-07 0.027
49582.62 -1.620766185e-06 5.5864125e-07 0.027
49765.25 -8.501197955e-07 3.920520416e-07 0.027
49947.88 3.898638086e-07 3.498597457e-07 0.027
50130.50 6.041523978e-07 3.495294735e-07 0.027
50313.12 1.000226456e-06 3.027404732e-07 0.027
50495.75 4.558242494e-07 3.180954399e-07 0.027
50678.38 8.273517762e-07 3.138493681e-07 0.027
50861.00 2.685807489e-07 2.681458582e-07 0.027
51043.62 3.399581279e-07 2.517565294e-07 0.027
51226.25 2.103350356e-07 2.395883405e-07 0.027
51408.88 1.643744267e-07 2.436415035e-07 0.027
51591.50 1.467384711e-07 2.244695918e-07 0.027
51774.12 -1.770967649e-07 2.221286287e-07 0.027
51956.75 -1.230134092e-07 2.185448028e-07 0.027
52139.38 -3.125113111e-07 2.126050251e-07 0.027
52322.00 9.141745837e-08 2.097768893e-07 0.027
52504.62 -2.16281827e-07 2.141438674e-07 0.027
52687.25 -1.863891149e-07 2.087564508e-07 0.027
52869.88 -1.221215706e-07 1.987990673e-07 0.027
53052.50 -1.846317838e-07 1.937270993e-07 0.027
53235.12 -6.909049794e-08 1.793113091e-07 0.027
53417.75 -1.502744078e-08 1.717568483e-07 0.027
53600.38 -3.33994302e-07 1.62214035e-07 0.027
53783.00 -2.398791562e-07 1.614891199e-07 0.027
53965.62 -7.0385228e-08 1.55751466e-07 0.027
54148.25 -1.916437676e-07 1.524279789e-07 0.027
54330.88 -1.427436603e-07 1.430649174e-07 0.027
54513.50 -1.05457185e-07 1.348833844e-07 0.027
54696.12 -1.676328547e-07 1.254348894e-07 0.027
54878.75 -5.57294531e-08 1.15593942e-07 0.027
55061.38 4.665775295e-08 1.025713685e-07 0.027
55244.00 8.567570844e-08 9.999583412e-08 0.027
55426.62 1.537033884e-07 1.093437011e-07 0.027
55609.25 2.950729242e-07 1.361144743e-07 0.027
55791.88 3.104884647e-07 1.77192498e-07 0.027
55974.50 2.122218678e-08 1.930313109e-07 0.027

Derived parameters:

P0 (s)      = 0.00349663378346614       4.5517e-16   
P1          = 5.53964690566144e-21      5.6513e-24   
tau_c (Myr) = 10008
bs (G)      = 1.4084e+08

Total proper motion = 65.407 +/- 0 mas/yr
Total time span = 3777.591 days = 10.342 years

Tempo2 usage
Units:                 TCB (tempo2)
Time ephemeris:        IF99 (tempo2)
Troposphere corr.?     Yes (tempo2)
Dilate freq?           Yes (tempo2)
Electron density (1AU) 4
Solar system ephem     DE421
Time scale             TT(TAI)
Binary model           NONE


Results for PSR J1730-2304


RMS pre-fit residual = 2.781 (us), RMS post-fit residual = 2.508 (us)
Fit Chisq = 3.191e+04	Chisqr/nfree = 31913.25/29061 = 1.09815	pre/post = 1.10895
Number of fit parameters: 65

Global fit:

Number of fit parameters in total, nt: 635

Number of points in fit (including constraint points) = 480
Number of constraints in fit = 19
Number of observations in fit = 461
Constraint EFACTOR = 1e+15
Offset: 6.36412e-07 1.52005e-06 offset_e*sqrt(n) = 3.26368e-05 n = 461


PARAMETER       Pre-fit                   Post-fit                  Uncertainty   Difference   Fit
---------------------------------------------------------------------------------------------------
RAJ (rad)       4.58306490114238          4.58306490114238          0             0             N
RAJ (hms)       17:30:21.6662568          17:30:21.6662568          0             0            
DECJ (rad)      -0.402740501307258        -0.402740501307258        0             0             N
DECJ (dms)      -23:04:31.19147           -23:04:31.19147           0             0            
F0 (s^-1)       123.110287160587          123.110287160588          1.9072e-12    4.2633e-13    Y
F1 (s^-2)       -3.05913427563106e-16     -3.05916459949126e-16     1.0746e-20    -3.0324e-21   Y
PEPOCH (MJD)    54500                     54500                     0             0             N
POSEPOCH (MJD)  54500                     54500                     0             0             N
DMEPOCH (MJD)   54500                     54500                     0             0             N
DM (cm^-3 pc)   9.61280770178952          9.61280770178952          0             0             N
DM1 (cm^-3 pc y 3.85889591793844e-05      3.85889591793844e-05      0             0             N
PMRA (mas/yr)   20.2636960555169          20.2636960555169          0             0             N
PX (mas)        1.4706837448599           1.4706837448599           0             0             N
START (MJD)     49420.8847443747          49421.8844025495          0             0.99966       N
FINISH (MJD)    55921.4980724997          55920.5025828979          0             -0.99549      N
TZRMJD          52650.0399804737          52650.0399804737          0             0             N
TZRFRQ (MHz)    1404.75                   1404.75                   0             0             N
TZRSITE         PKS                      
TRES            2.523                     2.50776594644484          0             -0.015234     N
EPHVER          TEMPO2                    TEMPO2                    0             0             N
IFUNC           2                         2                         0             0             G
DMMODEL         9.61280770178952          9.61280770178952          0             0             N
NE_SW (cm^-3)   4                         4                         0             0             N
---------------------------------------------------------------------------------------------------
[textOutput.C:273] Notice: Parameter uncertainties multiplied by sqrt(red. chisq)


CONSTRAINTS:
DMMODEL mean(DM) = 0
DMMODEL mean(C) = 0
DMMODEL linear(C) = 0
DMMODEL quadratic(C) = 0
DMMODEL_YEAR C.sin(t) = 0
DMMODEL_YEAR C.cos(t) = 0
DMMODEL_YEAR C.t.sin(t) = 0
DMMODEL_YEAR C.t.cos(t) = 0
DMMODEL_YEAR C.cos(2t) = 0
DMMODEL_YEAR C.sin(2t) = 0
IFUNC mean(C) = 0
IFUNC linear(C) = 0
IFUNC quadratic(C) = 0
IFUNC_YEAR C.sin(t) = 0
IFUNC_YEAR C.cos(t) = 0
IFUNC_YEAR C.t.sin(t) = 0
IFUNC_YEAR C.t.cos(t) = 0
IFUNC_YEAR C.sin(2t) = 0
IFUNC_YEAR C.cos(2t) = 0

Jump 1 ( -sys PKS.MULTI.CPSR2m.20CM -0.0038346952356834 1): -0.003834694958488 1.016238894543e-06 Y
Jump 2 ( -sys PKS.MULTI.WBCORR.20CM -0.0038342462674524 1): -0.0038342168133416 5.6595981480778e-07 Y
Jump 3 ( -sys PKS.MULTI.cpsr2m.20cm_legacy -0.0013852310616402 1): -0.0013851827373192 1.3702084425408e-06 Y
Jump 4 ( -sys PKS.MULTI.cpsr2n.20cm_legacy -0.0013856329603426 1): -0.0013855865007702 1.2519933202786e-06 Y
Jump 5 ( -sys PKS.MULTI.AFB.20cm_legacy -0.0014117489562446 1): -0.0014117807519582 2.5727346295117e-06 Y
Jump 6 ( -sys PKS.H-OH.cpsr2m.20cm_legacy -0.001385783783707 1): -0.0013856887881137 2.2034554862668e-06 Y
Jump 7 ( -sys PKS.H-OH.cpsr2n.20cm_legacy -0.0013845232283217 1): -0.0013844299545965 1.9252557707636e-06 Y
Jump 8 ( -sys PKS.MULTI.fptm.20cm_legacy -0.0013867932710152 1): -0.0013868786569595 3.109990080918e-06 Y
Jump 9 ( -sys PKS.H-OH.fptm.20cm_legacy -0.001381809092289 1): -0.0013818571263948 3.4600054468992e-06 Y
Jump 10 ( -sys EFF.EBPP.1410 -0.00012353246708152 1): -0.00012354453534318 3.4674135271568e-06 Y
Jump 11 ( -sys PKS.MULTI.PDFB1.20CM -0.0038346483427219 1): -0.0038346434624602 5.6409757772472e-07 Y
Jump 12 ( -sys PKS.MULTI.PDFB2.20CM -0.0038323155293108 1): -0.0038323183204295 5.1575721196206e-07 Y
Jump 13 ( -sys PKS.MULTI.CPSR2n.20CM -0.0038329548625288 1): -0.0038329552504398 5.2961709132632e-07 Y
Jump 14 ( -sys PKS.H-OH.PDFB1.20CM -0.0038341965742514 1): -0.0038341722793329 7.1738089888555e-07 Y
Jump 15 ( -sys PKS.MULTI.PDFB3.20CM -0.0038360606064459 1): -0.0038360611149522 3.751861879143e-07 Y
Jump 16 ( -sys JBO.DFB.1520 2.8279719702094e-05 1): 2.8282913975105e-05 6.2423563908746e-07 Y
Jump 17 ( -sys EFF.EBPP.1360 -0.00013845206901072 1): -0.00013845512582879 1.1261474970228e-06 Y
Jump 18 ( -sys PKS.MULTI.PDFB4.20CM -0.0038369997902432 1): -0.0038370003769568 3.116934830249e-07 Y
Jump 19 ( -sys NRT.BON.2000 2.2251284276816e-06 1): 2.2256350633186e-06 1.2019105128294e-06 Y
Jump 20 ( -sys PKS.10CM.PDFB1.10CM -0.003856078007359 1): -0.0038560685557763 7.9255801184396e-07 Y
Jump 21 ( -sys PKS.10CM.PDFB2.10CM -0.0038548067145952 1): -0.0038548073178715 6.3005111841203e-07 Y
Jump 22 ( -sys PKS.10CM.PDFB4.10CM -0.0038566104861443 1): -0.0038566106581796 3.1655776745781e-07 Y
Jump 23 ( -sys JBO.DFB.1400 3.337433009988e-05 1): 3.3372352250672e-05 3.1261044018102e-06 Y
Jump 24 ( -sys EFF.EBPP.2639 -2.7899417095534e-05 1): -2.7901847048242e-05 1.0110337291094e-05 Y
Jump 25 ( -sys PKS.10CM.WBCORR.10CM -0.0038572684161887 1): -0.0038572505100491 1.0729564026742e-06 Y
Jump 26 ( -nband b3 2.0237812924815e-05 0): 2.0237812924815e-05 0 N
Jump 27 ( -nband b4 2.2098804091988e-05 0): 2.2098804091988e-05 0 N
Jump 28 ( -nband b5 2.4153551770185e-05 0): 2.4153551770185e-05 0 N
Jump 29 ( -nband b6 2.5982509965916e-05 0): 2.5982509965916e-05 0 N
Jump 30 ( -nband b7 2.6334339923804e-05 0): 2.6334339923804e-05 0 N

Dispersion measure values:
_DM	  53450.0   -0.00153          0  0.04
_DM	  53550.0   0.000345          0  0.04
_DM	  53650.0   -0.00123          0  0.04
_DM	  53750.0  -0.000422          0  0.04
_DM	  53850.0  -0.000405          0  0.04
_DM	  53950.0  -0.000291          0  0.04
_DM	  54050.0  -0.000108          0  0.04
_DM	  54150.0  -0.000157          0  0.04
_DM	  54250.0  -0.000446          0  0.04
_DM	  54350.0   0.000176          0  0.04
_DM	  54450.0  -0.000233          0  0.04
_DM	  54550.0   0.000114          0  0.04
_DM	  54650.0   0.000373          0  0.04
_DM	  54750.0   0.000777          0  0.04
_DM	  54850.0    0.00122          0  0.04
_DM	  54950.0    0.00207          0  0.04
_DM	  55050.0   0.000297          0  0.04
_DM	  55150.0    0.00101          0  0.04
_DM	  55250.0   0.000796          0  0.04
_DM	  55350.0   0.000986          0  0.04
_DM	  55450.0     0.0014          0  0.04
_DM	  55550.0    0.00188          0  0.04
_DM	  55650.0    0.00116          0  0.04
_DM	  55750.0    0.00233          0  0.04
_DM	  55850.0   3.84e-05          0  0.04
_DM	  55950.0    -0.0102          0  0.04
Mean DMOFF = -1.46784e-18
_CM	  53450.0          0          0  0.04
_CM	  53550.0          0          0  0.04
_CM	  53650.0          0          0  0.04
_CM	  53750.0          0          0  0.04
_CM	  53850.0          0          0  0.04
_CM	  53950.0          0          0  0.04
_CM	  54050.0          0          0  0.04
_CM	  54150.0          0          0  0.04
_CM	  54250.0          0          0  0.04
_CM	  54350.0          0          0  0.04
_CM	  54450.0          0          0  0.04
_CM	  54550.0          0          0  0.04
_CM	  54650.0          0          0  0.04
_CM	  54750.0          0          0  0.04
_CM	  54850.0          0          0  0.04
_CM	  54950.0          0          0  0.04
_CM	  55050.0          0          0  0.04
_CM	  55150.0          0          0  0.04
_CM	  55250.0          0          0  0.04
_CM	  55350.0          0          0  0.04
_CM	  55450.0          0          0  0.04
_CM	  55550.0          0          0  0.04
_CM	  55650.0          0          0  0.04
_CM	  55750.0          0          0  0.04
_CM	  55850.0          0          0  0.04
_CM	  55950.0          0          0  0.04
CM white PSD estimate: 0
Interpolated function
49400.00 -2.271280746e-07 5.444259494e-07 0.027
49582.62 -1.620766185e-06 5.5864125e-07 0.027
49765.25 -8.501197955e-07 3.920520416e-07 0.027
49947.88 3.898638086e-07 3.498597457e-07 0.027
50130.50 6.041523978e-07 3.495294735e-07 0.027
50313.12 1.000226456e-06 3.027404732e-07 0.027
50495.75 4.558242494e-07 3.180954399e-07 0.027
50678.38 8.273517762e-07 3.138493681e-07 0.027
50861.00 2.685807489e-07 2.681458582e-07 0.027
51043.62 3.399581279e-07 2.517565294e-07 0.027
51226.25 2.103350356e-07 2.395883405e-07 0.027
51408.88 1.643744267e-07 2.436415035e-07 0.027
51591.50 1.467384711e-07 2.244695918e-07 0.027
51774.12 -1.770967649e-07 2.221286287e-07 0.027
51956.75 -1.230134092e-07 2.185448028e-07 0.027
52139.38 -3.125113111e-07 2.126050251e-07 0.027
52322.00 9.141745837e-08 2.097768893e-07 0.027
52504.62 -2.16281827e-07 2.141438674e-07 0.027
52687.25 -1.863891149e-07 2.087564508e-07 0.027
52869.88 -1.221215706e-07 1.987990673e-07 0.027
53052.50 -1.846317838e-07 1.937270993e-07 0.027
53235.12 -6.909049794e-08 1.793113091e-07 0.027
53417.75 -1.502744078e-08 1.717568483e-07 0.027
53600.38 -3.33994302e-07 1.62214035e-07 0.027
53783.00 -2.398791562e-07 1.614891199e-07 0.027
53965.62 -7.0385228e-08 1.55751466e-07 0.027
54148.25 -1.916437676e-07 1.524279789e-07 0.027
54330.88 -1.427436603e-07 1.430649174e-07 0.027
54513.50 -1.05457185e-07 1.348833844e-07 0.027
54696.12 -1.676328547e-07 1.254348894e-07 0.027
54878.75 -5.57294531e-08 1.15593942e-07 0.027
55061.38 4.665775295e-08 1.025713685e-07 0.027
55244.00 8.567570844e-08 9.999583412e-08 0.027
55426.62 1.537033884e-07 1.093437011e-07 0.027
55609.25 2.950729242e-07 1.361144743e-07 0.027
55791.88 3.104884647e-07 1.77192498e-07 0.027
55974.50 2.122218678e-08 1.930313109e-07 0.027

Derived parameters:

P0 (s)      = 0.00812279804607699       1.2584e-16   
P1          = 2.01843215579231e-20      7.0904e-25   
tau_c (Myr) = 6380.5
bs (G)      = 4.0974e+08

Total time span = 6498.616 days = 17.792 years

Tempo2 usage
Units:                 TCB (tempo2)
Time ephemeris:        IF99 (tempo2)
Troposphere corr.?     Yes (tempo2)
Dilate freq?           Yes (tempo2)
Electron density (1AU) 4
Solar system ephem     DE421
Time scale             TT(TAI)
Binary model           NONE


Results for PSR J1732-5049


RMS pre-fit residual = 2.838 (us), RMS post-fit residual = 2.859 (us)
Fit Chisq = 3.191e+04	Chisqr/nfree = 31913.25/29061 = 1.09815	pre/post = 0.992607
Number of fit parameters: 45

Global fit:

Number of fit parameters in total, nt: 635

Number of points in fit (including constraint points) = 190
Number of constraints in fit = 9
Number of observations in fit = 181
Constraint EFACTOR = 1e+15
Offset: -5.81502e-07 1.92333e-06 offset_e*sqrt(n) = 2.58757e-05 n = 181


PARAMETER       Pre-fit                   Post-fit                  Uncertainty   Difference   Fit
---------------------------------------------------------------------------------------------------
RAJ (rad)       4.59368962815409          4.59368962815409          0             0             N
RAJ (hms)       17:32:47.7667407          17:32:47.7667407          0             0            
DECJ (rad)      -0.886919077803537        -0.886919077803537        0             0             N
DECJ (dms)      -50:49:00.19174           -50:49:00.19174           0             0            
F0 (s^-1)       188.233512213289          188.23351221329           3.9946e-12    2.2737e-13    Y
F1 (s^-2)       -5.02977171172148e-16     -5.02980539729106e-16     7.1048e-20    -3.3686e-21   Y
PEPOCH (MJD)    54500                     54500                     0             0             N
POSEPOCH (MJD)  54500                     54500                     0             0             N
DMEPOCH (MJD)   54500                     54500                     0             0             N
DM (cm^-3 pc)   56.8364587783152          56.8364587783152          0             0             N
DM1 (cm^-3 pc y 0.000884998987820589      0.000884998987820589      0             0             N
PMRA (mas/yr)   -0.375154352224803        -0.375154352224803        0             0             N
PMDEC (mas/yr)  -9.80503303311865         -9.80503303311865         0             0             N
PB (d)          5.26299721829967          5.26299721829967          0             0             N
A1 (lt-s)       3.98287034392647          3.98287034392647          0             0             N
TASC (MJD)      51396.3661224484          51396.3661224484          0             0             N
EPS1            2.03156411908607e-06      2.03156411908607e-06      0             0             N
EPS2            -8.18158124382482e-06     -8.18158124382482e-06     0             0             N
START (MJD)     52647.1106943171          52647.1136943171          0             0.003         N
FINISH (MJD)    55582.2010075322          55582.1977591382          0             -0.0032484    N
TZRMJD          54121.809252877           54121.809252877           0             0             N
TZRFRQ (MHz)    1430.632                  1430.632                  0             0             N
TZRSITE         PKS                      
TRES            2.855                     2.85906754014341          0             0.0040675     N
EPHVER          TEMPO2                    TEMPO2                    0             0             N
IFUNC           2                         2                         0             0             G
NE_SW (cm^-3)   4                         4                         0             0             N
---------------------------------------------------------------------------------------------------
[textOutput.C:273] Notice: Parameter uncertainties multiplied by sqrt(red. chisq)


CONSTRAINTS:
IFUNC mean(C) = 0
IFUNC linear(C) = 0
IFUNC quadratic(C) = 0
IFUNC_YEAR C.sin(t) = 0
IFUNC_YEAR C.cos(t) = 0
IFUNC_YEAR C.t.sin(t) = 0
IFUNC_YEAR C.t.cos(t) = 0
IFUNC_YEAR C.sin(2t) = 0
IFUNC_YEAR C.cos(2t) = 0

Jump 1 ( -B 20CM -5.2309836306207e-06 0): -5.2309836306207e-06 0 N
Jump 2 ( -B 40CM 6.0856554601754e-05 0): 6.0856554601754e-05 0 N
Jump 3 ( -B 50CM 6.3750417024729e-05 0): 6.3750417024729e-05 0 N
Jump 4 ( -sys MULTI_AFB -0.0020584859490167 1): -0.0020587822846189 3.826719216161e-06 Y
Jump 5 ( -sys MULTI_cpsr2n -0.0020205466476742 1): -0.0020208361575826 3.6555555528146e-06 Y
Jump 6 ( -sys MULTI_cpsr2m -0.0020181135906588 1): -0.0020184053659781 3.6196544175343e-06 Y
Jump 7 ( -sys H-OH_cpsr2n -0.0020189849283122 1): -0.0020191987943893 3.995250089084e-06 Y
Jump 8 ( -sys H-OH_cpsr2m -0.0020164955150203 1): -0.00201672803692 3.8328996101943e-06 Y
Interpolated function
49400.00 -2.271280746e-07 5.444259494e-07 0.027
49582.62 -1.620766185e-06 5.5864125e-07 0.027
49765.25 -8.501197955e-07 3.920520416e-07 0.027
49947.88 3.898638086e-07 3.498597457e-07 0.027
50130.50 6.041523978e-07 3.495294735e-07 0.027
50313.12 1.000226456e-06 3.027404732e-07 0.027
50495.75 4.558242494e-07 3.180954399e-07 0.027
50678.38 8.273517762e-07 3.138493681e-07 0.027
50861.00 2.685807489e-07 2.681458582e-07 0.027
51043.62 3.399581279e-07 2.517565294e-07 0.027
51226.25 2.103350356e-07 2.395883405e-07 0.027
51408.88 1.643744267e-07 2.436415035e-07 0.027
51591.50 1.467384711e-07 2.244695918e-07 0.027
51774.12 -1.770967649e-07 2.221286287e-07 0.027
51956.75 -1.230134092e-07 2.185448028e-07 0.027
52139.38 -3.125113111e-07 2.126050251e-07 0.027
52322.00 9.141745837e-08 2.097768893e-07 0.027
52504.62 -2.16281827e-07 2.141438674e-07 0.027
52687.25 -1.863891149e-07 2.087564508e-07 0.027
52869.88 -1.221215706e-07 1.987990673e-07 0.027
53052.50 -1.846317838e-07 1.937270993e-07 0.027
53235.12 -6.909049794e-08 1.793113091e-07 0.027
53417.75 -1.502744078e-08 1.717568483e-07 0.027
53600.38 -3.33994302e-07 1.62214035e-07 0.027
53783.00 -2.398791562e-07 1.614891199e-07 0.027
53965.62 -7.0385228e-08 1.55751466e-07 0.027
54148.25 -1.916437676e-07 1.524279789e-07 0.027
54330.88 -1.427436603e-07 1.430649174e-07 0.027
54513.50 -1.05457185e-07 1.348833844e-07 0.027
54696.12 -1.676328547e-07 1.254348894e-07 0.027
54878.75 -5.57294531e-08 1.15593942e-07 0.027
55061.38 4.665775295e-08 1.025713685e-07 0.027
55244.00 8.567570844e-08 9.999583412e-08 0.027
55426.62 1.537033884e-07 1.093437011e-07 0.027
55609.25 2.950729242e-07 1.361144743e-07 0.027
55791.88 3.104884647e-07 1.77192498e-07 0.027
55974.50 2.122218678e-08 1.930313109e-07 0.027

Derived parameters:

P0 (s)      = 0.00531255029055022       1.1274e-16   
P1          = 1.41957156356471e-20      2.0052e-24   
tau_c (Myr) = 5933.5
bs (G)      = 2.7789e+08

Binary model: T2
Mass function                  = 0.002449091168 
Minimum, median and maximum companion mass: 0.1789 < 0.2093 < 0.4591 solar masses

Conversion from ELL1 parameters: 
------------------------------------
ECC = 8.43003703546218e-06 +/- 0
OM  = 166.054955194729 +/- 0 degrees
T0  = 51398.7937523575 +/- 0
------------------------------------
Total proper motion = 9.8122 +/- 0 mas/yr
Total time span = 2935.082 days = 8.036 years

Tempo2 usage
Units:                 TCB (tempo2)
Time ephemeris:        IF99 (tempo2)
Troposphere corr.?     Yes (tempo2)
Dilate freq?           Yes (tempo2)
Electron density (1AU) 4
Solar system ephem     DE421
Time scale             TT(TAI)
Binary model           T2


Results for PSR J1738+0333


RMS pre-fit residual = 3.483 (us), RMS post-fit residual = 3.465 (us)
Fit Chisq = 3.191e+04	Chisqr/nfree = 31913.25/29061 = 1.09815	pre/post = 1.0052
Number of fit parameters: 41

Global fit:

Number of fit parameters in total, nt: 635

Number of points in fit (including constraint points) = 206
Number of constraints in fit = 9
Number of observations in fit = 197
Constraint EFACTOR = 1e+15
Offset: -7.15627e-07 9.95387e-07 offset_e*sqrt(n) = 1.39709e-05 n = 197


PARAMETER       Pre-fit                   Post-fit                  Uncertainty   Difference   Fit
---------------------------------------------------------------------------------------------------
RAJ (rad)       4.62032041740478          4.62032041740478          0             0             N
RAJ (hms)       17:38:53.9663797          17:38:53.9663797          0             0            
DECJ (rad)      0.0620118986982059        0.0620118986982059        0             0             N
DECJ (dms)      +03:33:10.87227           +03:33:10.87227           0             0            
F0 (s^-1)       170.93736988711           170.93736988711           2.4342e-12    1.9895e-13    Y
F1 (s^-2)       -7.04621018405572e-16     -7.04620005266179e-16     1.1231e-19    1.0131e-21    Y
PEPOCH (MJD)    55000                     55000                     0             0             N
POSEPOCH (MJD)  55000                     55000                     0             0             N
DMEPOCH (MJD)   55000                     55000                     0             0             N
DM (cm^-3 pc)   33.7942698843434          33.7942698843434          0             0             N
PMRA (mas/yr)   7.0469287032427           7.0469287032427           0             0             N
PMDEC (mas/yr)  4.66455198809871          4.66455198809871          0             0             N
PB (d)          0.354790739821672         0.354790739821672         0             0             N
A1 (lt-s)       0.343430580284819         0.343430580284819         0             0             N
TASC (MJD)      52500.1940111491          52500.1940111491          0             0             N
EPS1            6.13254679750076e-06      6.13254679750076e-06      0             0             N
EPS2            2.47487306833681e-06      2.47487306833681e-06      0             0             N
START (MJD)     54102.445634458           54103.4495124801          0             1.0039        N
FINISH (MJD)    55906.5129420752          55905.5170388992          0             -0.9959       N
TZRMJD          54984.0513819793          54984.0513819793          0             0             N
TZRFRQ (MHz)    1398.291                  1398.291                  0             0             N
TZRSITE         ncy                      
TRES            3.464                     3.46518166240446          0             0.0011817     N
EPHVER          TEMPO2                    TEMPO2                    0             0             N
IFUNC           2                         2                         0             0             G
NE_SW (cm^-3)   4                         4                         0             0             N
---------------------------------------------------------------------------------------------------
[textOutput.C:273] Notice: Parameter uncertainties multiplied by sqrt(red. chisq)


CONSTRAINTS:
IFUNC mean(C) = 0
IFUNC linear(C) = 0
IFUNC quadratic(C) = 0
IFUNC_YEAR C.sin(t) = 0
IFUNC_YEAR C.cos(t) = 0
IFUNC_YEAR C.t.sin(t) = 0
IFUNC_YEAR C.t.cos(t) = 0
IFUNC_YEAR C.sin(2t) = 0
IFUNC_YEAR C.cos(2t) = 0

Jump 1 ( -sys NRT.BON.1600 -1.1980125967737e-05 1): -1.1905849691033e-05 1.8059419207266e-06 Y
Interpolated function
49400.00 -2.271280746e-07 5.444259494e-07 0.027
49582.62 -1.620766185e-06 5.5864125e-07 0.027
49765.25 -8.501197955e-07 3.920520416e-07 0.027
49947.88 3.898638086e-07 3.498597457e-07 0.027
50130.50 6.041523978e-07 3.495294735e-07 0.027
50313.12 1.000226456e-06 3.027404732e-07 0.027
50495.75 4.558242494e-07 3.180954399e-07 0.027
50678.38 8.273517762e-07 3.138493681e-07 0.027
50861.00 2.685807489e-07 2.681458582e-07 0.027
51043.62 3.399581279e-07 2.517565294e-07 0.027
51226.25 2.103350356e-07 2.395883405e-07 0.027
51408.88 1.643744267e-07 2.436415035e-07 0.027
51591.50 1.467384711e-07 2.244695918e-07 0.027
51774.12 -1.770967649e-07 2.221286287e-07 0.027
51956.75 -1.230134092e-07 2.185448028e-07 0.027
52139.38 -3.125113111e-07 2.126050251e-07 0.027
52322.00 9.141745837e-08 2.097768893e-07 0.027
52504.62 -2.16281827e-07 2.141438674e-07 0.027
52687.25 -1.863891149e-07 2.087564508e-07 0.027
52869.88 -1.221215706e-07 1.987990673e-07 0.027
53052.50 -1.846317838e-07 1.937270993e-07 0.027
53235.12 -6.909049794e-08 1.793113091e-07 0.027
53417.75 -1.502744078e-08 1.717568483e-07 0.027
53600.38 -3.33994302e-07 1.62214035e-07 0.027
53783.00 -2.398791562e-07 1.614891199e-07 0.027
53965.62 -7.0385228e-08 1.55751466e-07 0.027
54148.25 -1.916437676e-07 1.524279789e-07 0.027
54330.88 -1.427436603e-07 1.430649174e-07 0.027
54513.50 -1.05457185e-07 1.348833844e-07 0.027
54696.12 -1.676328547e-07 1.254348894e-07 0.027
54878.75 -5.57294531e-08 1.15593942e-07 0.027
55061.38 4.665775295e-08 1.025713685e-07 0.027
55244.00 8.567570844e-08 9.999583412e-08 0.027
55426.62 1.537033884e-07 1.093437011e-07 0.027
55609.25 2.950729242e-07 1.361144743e-07 0.027
55791.88 3.104884647e-07 1.77192498e-07 0.027
55974.50 2.122218678e-08 1.930313109e-07 0.027

Derived parameters:

P0 (s)      = 0.00585009586060917       8.3309e-17   
P1          = 2.41146484167411e-20      3.8436e-24   
tau_c (Myr) = 3846.3
bs (G)      = 3.8008e+08

Binary model: T2
Mass function                  = 0.000345505580 
Minimum, median and maximum companion mass: 0.08946 < 0.1040 < 0.2172 solar masses

Conversion from ELL1 parameters: 
------------------------------------
ECC = 6.613102670299e-06 +/- 0
OM  = 68.0227872493119 +/- 0 degrees
T0  = 52500.2610496353 +/- 0
------------------------------------
Total proper motion = 8.4509 +/- 0 mas/yr
Total time span = 1802.066 days = 4.934 years

Tempo2 usage
Units:                 TCB (tempo2)
Time ephemeris:        IF99 (tempo2)
Troposphere corr.?     Yes (tempo2)
Dilate freq?           Yes (tempo2)
Electron density (1AU) 4
Solar system ephem     DE421
Time scale             TT(TAI)
Binary model           T2


Results for PSR J1744-1134


RMS pre-fit residual = 0.761 (us), RMS post-fit residual = 0.521 (us)
Fit Chisq = 3.191e+04	Chisqr/nfree = 31913.25/29061 = 1.09815	pre/post = 1.46137
Number of fit parameters: 66

Global fit:

Number of fit parameters in total, nt: 635

Number of points in fit (including constraint points) = 823
Number of constraints in fit = 19
Number of observations in fit = 804
Constraint EFACTOR = 1e+15
Offset: -4.74344e-07 1.98671e-07 offset_e*sqrt(n) = 5.63328e-06 n = 804


PARAMETER       Pre-fit                   Post-fit                  Uncertainty   Difference   Fit
---------------------------------------------------------------------------------------------------
RAJ (rad)       4.64471425963384          4.64471425963384          0             0             N
RAJ (hms)       17:44:29.4057891          17:44:29.4057891          0             0            
DECJ (rad)      -0.202141519043494        -0.202141519043494        0             0             N
DECJ (dms)      -11:34:54.68126           -11:34:54.68126           0             0            
F0 (s^-1)       245.426119713055          245.426119713055          4.1733e-13    5.6843e-13    Y
F1 (s^-2)       -5.38181204558517e-16     -5.3819047580217e-16      3.2876e-21    -9.2712e-21   Y
PEPOCH (MJD)    54500                     54500                     0             0             N
POSEPOCH (MJD)  54500                     54500                     0             0             N
DMEPOCH (MJD)   54500                     54500                     0             0             N
DM (cm^-3 pc)   3.13695119973304          3.13695119973304          0             0             N
DM1 (cm^-3 pc y -0.000169132281518427     -0.000169132281518427     0             0             N
PMRA (mas/yr)   18.8023967844816          18.8023967844816          0             0             N
PMDEC (mas/yr)  -9.37577968588006         -9.37577968588006         0             0             N
PX (mas)        2.46055387741943          2.46055387741943          0             0             N
START (MJD)     49919.5995707792          49920.5939660064          0             0.9944        N
FINISH (MJD)    55926.4555746854          55925.4600675369          0             -0.99551      N
TZRMJD          52920.28139684            52920.28139684            0             0             N
TZRFRQ (MHz)    1404.428                  1404.428                  0             0             N
TZRSITE         PKS                      
TRES            0.52                      0.520747598907639         0             0.0007476     N
EPHVER          TEMPO2                    TEMPO2                    0             0             N
IFUNC           2                         2                         0             0             G
DMMODEL         3.13695119973304          3.13695119973304          0             0             N
NE_SW (cm^-3)   4                         4                         0             0             N
---------------------------------------------------------------------------------------------------
[textOutput.C:273] Notice: Parameter uncertainties multiplied by sqrt(red. chisq)


CONSTRAINTS:
DMMODEL mean(DM) = 0
DMMODEL mean(C) = 0
DMMODEL linear(C) = 0
DMMODEL quadratic(C) = 0
DMMODEL_YEAR C.sin(t) = 0
DMMODEL_YEAR C.cos(t) = 0
DMMODEL_YEAR C.t.sin(t) = 0
DMMODEL_YEAR C.t.cos(t) = 0
DMMODEL_YEAR C.cos(2t) = 0
DMMODEL_YEAR C.sin(2t) = 0
IFUNC mean(C) = 0
IFUNC linear(C) = 0
IFUNC quadratic(C) = 0
IFUNC_YEAR C.sin(t) = 0
IFUNC_YEAR C.cos(t) = 0
IFUNC_YEAR C.t.sin(t) = 0
IFUNC_YEAR C.t.cos(t) = 0
IFUNC_YEAR C.sin(2t) = 0
IFUNC_YEAR C.cos(2t) = 0

Jump 1 ( -sys NRT.BON.1400 2.0420483850319e-05 1): 2.0396846032079e-05 1.8598190668465e-07 Y
Jump 2 ( -sys EFF.EBPP.2639 -6.0555840167911e-08 1): -8.6162765259881e-08 2.3291424542571e-07 Y
Jump 3 ( -sys PKS.MULTI.CPSR2m.20CM -0.00077446653637337 1): -0.00077447814797832 2.529616979762e-07 Y
Jump 4 ( -sys PKS.MULTI.CPSR2n.20CM -0.00077424271801301 1): -0.00077425414630092 2.3320742369382e-07 Y
Jump 5 ( -sys PKS.H-OH.fptm2.20cm_legacy -0.00078149270503607 1): -0.00078158390509822 2.9718748985874e-07 Y
Jump 6 ( -sys PKS.10CM.PDFB2.10CM -0.00077635071908213 1): -0.00077638125410929 2.7698114600516e-07 Y
Jump 7 ( -sys EFF.EBPP.1360 1.0267552709561e-06 1): 1.0067648160444e-06 2.1608928562403e-07 Y
Jump 8 ( -sys JBO.DFB.1520 0.00010183463055416 1): 0.00010182547589312 2.5821695474773e-07 Y
Jump 9 ( -sys PKS.MULTI.PDFB4.20CM -0.00077418702433383 1): -0.00077421156291744 1.955703264436e-07 Y
Jump 10 ( -sys PKS.MULTI.PDFB3.20CM -0.0007738816543478 1): -0.00077390538268174 2.0916100518194e-07 Y
Jump 11 ( -sys PKS.10CM.PDFB4.10CM -0.00077590236944863 1): -0.00077592653525494 2.0812825251099e-07 Y
Jump 12 ( -sys PKS.MULTI.cpsr2m.20cm_legacy 0.0013042801980165 1): 0.0013042427188712 4.0521747302563e-07 Y
Jump 13 ( -sys PKS.MULTI.cpsr2n.20cm_legacy 0.0013050897302987 1): 0.0013050762811065 3.6978738781563e-07 Y
Jump 14 ( -sys PKS.MULTI.PDFB1.20CM -0.00077469920468973 1): -0.00077472060737947 2.2133189185717e-07 Y
Jump 15 ( -sys NRT.BON.2000 2.3958544880543e-05 1): 2.3934981890081e-05 2.3298075676019e-07 Y
Jump 16 ( -sys PKS.MULTI.PDFB2.20CM -0.00077478351568746 1): -0.00077481445794422 2.0921229724891e-07 Y
Jump 17 ( -sys PKS.10CM.PDFB1.10CM -0.00077665500672447 1): -0.00077667209931626 3.1921094137458e-07 Y
Jump 18 ( -sys PKS.MULTI.AFB.20cm_legacy 0.0012785316143967 1): 0.0012785356559638 5.6808036389457e-07 Y
Jump 19 ( -sys PKS.MULTI.fptm.20cm_legacy -0.00078130294770936 1): -0.0007812795282642 3.1298807889972e-07 Y
Jump 20 ( -sys PKS.MULTI.fptm2.20cm_legacy -0.00078103192118965 1): -0.00078113741104672 3.650660561475e-07 Y
Jump 21 ( -sys NRT.BON.1600 2.0736086097652e-05 1): 2.0774999476168e-05 2.6945467160553e-07 Y
Jump 22 ( -sys PKS.10CM.WBCORR.10CM -0.00077644111881692 1): -0.000776437996119 5.2772069402539e-07 Y
Jump 23 ( -sys PKS.H-OH.cpsr2m.20cm_legacy 0.0013048256434921 1): 0.0013048220712939 3.1119931517188e-07 Y
Jump 24 ( -sys PKS.H-OH.cpsr2n.20cm_legacy 0.001304717591311 1): 0.0013047190941056 3.7167531310411e-07 Y
Jump 25 ( -sys PKS.H-OH.PDFB1.20CM -0.00077431786897582 1): -0.00077432716962101 2.6873272652619e-07 Y
Jump 26 ( -sys PKS.MULTI.WBCORR.20CM -0.00077511488271975 1): -0.00077510566142001 3.8039413419265e-07 Y
Jump 27 ( -nband b2 1.1572909907311e-08 0): 1.1572909907311e-08 0 N
Jump 28 ( -nband b3 -6.4984153328762e-07 0): -6.4984153328762e-07 0 N
Jump 29 ( -nband b4 -6.5534840040578e-07 0): -6.5534840040578e-07 0 N
Jump 30 ( -nband b5 -8.1807291397571e-07 0): -8.1807291397571e-07 0 N
Jump 31 ( -nband b6 -8.8208703490219e-07 0): -8.8208703490219e-07 0 N
Jump 32 ( -nband b7 -7.3729949986179e-07 0): -7.3729949986179e-07 0 N

Dispersion measure values:
_DM	  53458.0  -0.000124          0  0.04
_DM	  53558.0  -0.000329          0  0.04
_DM	  53658.0   4.33e-05          0  0.04
_DM	  53758.0  -8.46e-05          0  0.04
_DM	  53858.0    0.00026          0  0.04
_DM	  53958.0  -0.000166          0  0.04
_DM	  54058.0   7.94e-05          0  0.04
_DM	  54158.0    3.3e-05          0  0.04
_DM	  54258.0   3.36e-05          0  0.04
_DM	  54358.0  -1.64e-05          0  0.04
_DM	  54458.0   2.08e-05          0  0.04
_DM	  54558.0   1.73e-05          0  0.04
_DM	  54658.0      5e-05          0  0.04
_DM	  54758.0   8.08e-05          0  0.04
_DM	  54858.0   3.58e-05          0  0.04
_DM	  54958.0  -5.48e-05          0  0.04
_DM	  55058.0   5.19e-05          0  0.04
_DM	  55158.0   0.000192          0  0.04
_DM	  55258.0   7.61e-05          0  0.04
_DM	  55358.0   0.000245          0  0.04
_DM	  55458.0   0.000302          0  0.04
_DM	  55558.0    0.00019          0  0.04
_DM	  55658.0    6.1e-05          0  0.04
_DM	  55758.0   -0.00033          0  0.04
_DM	  55858.0  -0.000522          0  0.04
_DM	  55958.0  -0.000146          0  0.04
Mean DMOFF = 2.085e-21
_CM	  53458.0          0          0  0.04
_CM	  53558.0          0          0  0.04
_CM	  53658.0          0          0  0.04
_CM	  53758.0          0          0  0.04
_CM	  53858.0          0          0  0.04
_CM	  53958.0          0          0  0.04
_CM	  54058.0          0          0  0.04
_CM	  54158.0          0          0  0.04
_CM	  54258.0          0          0  0.04
_CM	  54358.0          0          0  0.04
_CM	  54458.0          0          0  0.04
_CM	  54558.0          0          0  0.04
_CM	  54658.0          0          0  0.04
_CM	  54758.0          0          0  0.04
_CM	  54858.0          0          0  0.04
_CM	  54958.0          0          0  0.04
_CM	  55058.0          0          0  0.04
_CM	  55158.0          0          0  0.04
_CM	  55258.0          0          0  0.04
_CM	  55358.0          0          0  0.04
_CM	  55458.0          0          0  0.04
_CM	  55558.0          0          0  0.04
_CM	  55658.0          0          0  0.04
_CM	  55758.0          0          0  0.04
_CM	  55858.0          0          0  0.04
_CM	  55958.0          0          0  0.04
CM white PSD estimate: 0
Interpolated function
49400.00 -2.271280746e-07 5.444259494e-07 0.027
49582.62 -1.620766185e-06 5.5864125e-07 0.027
49765.25 -8.501197955e-07 3.920520416e-07 0.027
49947.88 3.898638086e-07 3.498597457e-07 0.027
50130.50 6.041523978e-07 3.495294735e-07 0.027
50313.12 1.000226456e-06 3.027404732e-07 0.027
50495.75 4.558242494e-07 3.180954399e-07 0.027
50678.38 8.273517762e-07 3.138493681e-07 0.027
50861.00 2.685807489e-07 2.681458582e-07 0.027
51043.62 3.399581279e-07 2.517565294e-07 0.027
51226.25 2.103350356e-07 2.395883405e-07 0.027
51408.88 1.643744267e-07 2.436415035e-07 0.027
51591.50 1.467384711e-07 2.244695918e-07 0.027
51774.12 -1.770967649e-07 2.221286287e-07 0.027
51956.75 -1.230134092e-07 2.185448028e-07 0.027
52139.38 -3.125113111e-07 2.126050251e-07 0.027
52322.00 9.141745837e-08 2.097768893e-07 0.027
52504.62 -2.16281827e-07 2.141438674e-07 0.027
52687.25 -1.863891149e-07 2.087564508e-07 0.027
52869.88 -1.221215706e-07 1.987990673e-07 0.027
53052.50 -1.846317838e-07 1.937270993e-07 0.027
53235.12 -6.909049794e-08 1.793113091e-07 0.027
53417.75 -1.502744078e-08 1.717568483e-07 0.027
53600.38 -3.33994302e-07 1.62214035e-07 0.027
53783.00 -2.398791562e-07 1.614891199e-07 0.027
53965.62 -7.0385228e-08 1.55751466e-07 0.027
54148.25 -1.916437676e-07 1.524279789e-07 0.027
54330.88 -1.427436603e-07 1.430649174e-07 0.027
54513.50 -1.05457185e-07 1.348833844e-07 0.027
54696.12 -1.676328547e-07 1.254348894e-07 0.027
54878.75 -5.57294531e-08 1.15593942e-07 0.027
55061.38 4.665775295e-08 1.025713685e-07 0.027
55244.00 8.567570844e-08 9.999583412e-08 0.027
55426.62 1.537033884e-07 1.093437011e-07 0.027
55609.25 2.950729242e-07 1.361144743e-07 0.027
55791.88 3.104884647e-07 1.77192498e-07 0.027
55974.50 2.122218678e-08 1.930313109e-07 0.027

Derived parameters:

P0 (s)      = 0.0040745459414392        6.9284e-18   
P1          = 8.93499771525874e-21      5.4581e-26   
tau_c (Myr) = 7230.2
bs (G)      = 1.9308e+08

Total proper motion = 21.01 +/- 0 mas/yr
Total time span = 6004.864 days = 16.440 years

Tempo2 usage
Units:                 TCB (tempo2)
Time ephemeris:        IF99 (tempo2)
Troposphere corr.?     Yes (tempo2)
Dilate freq?           Yes (tempo2)
Electron density (1AU) 4
Solar system ephem     DE421
Time scale             TT(TAI)
Binary model           NONE


Results for PSR J1751-2857


RMS pre-fit residual = 2.620 (us), RMS post-fit residual = 2.620 (us)
Fit Chisq = 3.191e+04	Chisqr/nfree = 31913.25/29061 = 1.09815	pre/post = 1.00008
Number of fit parameters: 40

Global fit:

Number of fit parameters in total, nt: 635

Number of points in fit (including constraint points) = 78
Number of constraints in fit = 9
Number of observations in fit = 69
Constraint EFACTOR = 1e+15
Offset: -4.01223e-07 1.92756e-06 offset_e*sqrt(n) = 1.60115e-05 n = 69


PARAMETER       Pre-fit                   Post-fit                  Uncertainty   Difference   Fit
---------------------------------------------------------------------------------------------------
RAJ (rad)       4.67549658866526          4.67549658866526          0             0             N
RAJ (hms)       17:51:32.6931980          17:51:32.6931980          0             0            
DECJ (rad)      -0.505498366769817        -0.505498366769817        0             0             N
DECJ (dms)      -28:57:46.52268           -28:57:46.52268           0             0            
F0 (s^-1)       255.436110885678          255.436110885678          6.9563e-12    3.4106e-13    Y
F1 (s^-2)       -7.32785115187339e-16     -7.32784024936006e-16     2.0768e-19    1.0903e-21    Y
PEPOCH (MJD)    55000                     55000                     0             0             N
POSEPOCH (MJD)  55000                     55000                     0             0             N
DMEPOCH (MJD)   55000                     55000                     0             0             N
DM (cm^-3 pc)   42.8900908777271          42.8900908777271          0             0             N
PMRA (mas/yr)   -7.49584307611615         -7.49584307611615         0             0             N
PMDEC (mas/yr)  -5.80497278579021         -5.80497278579021         0             0             N
PB (d)          110.746460844785          110.746460844785          0             0             N
T0 (MJD)        52491.5694305933          52491.5694305933          0             0             N
A1 (lt-s)       32.5282190422392          32.5282190422392          0             0             N
OM (deg)        45.4932565080681          45.4932565080681          0             0             N
ECC             0.000127918262431863      0.000127918262431863      0             0             N
XDOT            5.83030845064164e-14      5.83030845064164e-14      0             0             N
START (MJD)     53745.4239495046          53746.4282840444          0             1.0043        N
FINISH (MJD)    55837.7103733327          55836.7104609096          0             -0.99991      N
TZRMJD          54811.5139351511          54811.5139351511          0             0             N
TZRFRQ (MHz)    1399.66                   1399.66                   0             0             N
TZRSITE         ncy                      
TRES            2.617                     2.61961186899687          0             0.0026119     N
EPHVER          TEMPO2                    TEMPO2                    0             0             N
IFUNC           2                         2                         0             0             G
NE_SW (cm^-3)   4                         4                         0             0             N
---------------------------------------------------------------------------------------------------
[textOutput.C:273] Notice: Parameter uncertainties multiplied by sqrt(red. chisq)


CONSTRAINTS:
IFUNC mean(C) = 0
IFUNC linear(C) = 0
IFUNC quadratic(C) = 0
IFUNC_YEAR C.sin(t) = 0
IFUNC_YEAR C.cos(t) = 0
IFUNC_YEAR C.t.sin(t) = 0
IFUNC_YEAR C.t.cos(t) = 0
IFUNC_YEAR C.sin(2t) = 0
IFUNC_YEAR C.cos(2t) = 0

Interpolated function
49400.00 -2.271280746e-07 5.444259494e-07 0.027
49582.62 -1.620766185e-06 5.5864125e-07 0.027
49765.25 -8.501197955e-07 3.920520416e-07 0.027
49947.88 3.898638086e-07 3.498597457e-07 0.027
50130.50 6.041523978e-07 3.495294735e-07 0.027
50313.12 1.000226456e-06 3.027404732e-07 0.027
50495.75 4.558242494e-07 3.180954399e-07 0.027
50678.38 8.273517762e-07 3.138493681e-07 0.027
50861.00 2.685807489e-07 2.681458582e-07 0.027
51043.62 3.399581279e-07 2.517565294e-07 0.027
51226.25 2.103350356e-07 2.395883405e-07 0.027
51408.88 1.643744267e-07 2.436415035e-07 0.027
51591.50 1.467384711e-07 2.244695918e-07 0.027
51774.12 -1.770967649e-07 2.221286287e-07 0.027
51956.75 -1.230134092e-07 2.185448028e-07 0.027
52139.38 -3.125113111e-07 2.126050251e-07 0.027
52322.00 9.141745837e-08 2.097768893e-07 0.027
52504.62 -2.16281827e-07 2.141438674e-07 0.027
52687.25 -1.863891149e-07 2.087564508e-07 0.027
52869.88 -1.221215706e-07 1.987990673e-07 0.027
53052.50 -1.846317838e-07 1.937270993e-07 0.027
53235.12 -6.909049794e-08 1.793113091e-07 0.027
53417.75 -1.502744078e-08 1.717568483e-07 0.027
53600.38 -3.33994302e-07 1.62214035e-07 0.027
53783.00 -2.398791562e-07 1.614891199e-07 0.027
53965.62 -7.0385228e-08 1.55751466e-07 0.027
54148.25 -1.916437676e-07 1.524279789e-07 0.027
54330.88 -1.427436603e-07 1.430649174e-07 0.027
54513.50 -1.05457185e-07 1.348833844e-07 0.027
54696.12 -1.676328547e-07 1.254348894e-07 0.027
54878.75 -5.57294531e-08 1.15593942e-07 0.027
55061.38 4.665775295e-08 1.025713685e-07 0.027
55244.00 8.567570844e-08 9.999583412e-08 0.027
55426.62 1.537033884e-07 1.093437011e-07 0.027
55609.25 2.950729242e-07 1.361144743e-07 0.027
55791.88 3.104884647e-07 1.77192498e-07 0.027
55974.50 2.122218678e-08 1.930313109e-07 0.027

Derived parameters:

P0 (s)      = 0.00391487325943337       1.0661e-16   
P1          = 1.1230818439159e-20       3.1829e-24   
tau_c (Myr) = 5526.7
bs (G)      = 2.1218e+08

Binary model: T2
Mass function                  = 0.003013032883 
Minimum, median and maximum companion mass: 0.1928 < 0.2258 < 0.4992 solar masses
Total proper motion = 9.4808 +/- 0 mas/yr
Total time span = 2090.280 days = 5.723 years

Tempo2 usage
Units:                 TCB (tempo2)
Time ephemeris:        IF99 (tempo2)
Troposphere corr.?     Yes (tempo2)
Dilate freq?           Yes (tempo2)
Electron density (1AU) 4
Solar system ephem     DE421
Time scale             TT(TAI)
Binary model           T2


Results for PSR J1801-1417


RMS pre-fit residual = 3.825 (us), RMS post-fit residual = 3.867 (us)
Fit Chisq = 3.191e+04	Chisqr/nfree = 31913.25/29061 = 1.09815	pre/post = 0.989001
Number of fit parameters: 42

Global fit:

Number of fit parameters in total, nt: 635

Number of points in fit (including constraint points) = 86
Number of constraints in fit = 9
Number of observations in fit = 77
Constraint EFACTOR = 1e+15
Offset: -3.53363e-07 6.57894e-06 offset_e*sqrt(n) = 5.773e-05 n = 77


PARAMETER       Pre-fit                   Post-fit                  Uncertainty   Difference   Fit
---------------------------------------------------------------------------------------------------
RAJ (rad)       4.72046646174137          4.72046646174137          0             0             N
RAJ (hms)       18:01:51.0733418          18:01:51.0733418          0             0            
DECJ (rad)      -0.249458596821213        -0.249458596821213        0             0             N
DECJ (dms)      -14:17:34.52914           -14:17:34.52914           0             0            
F0 (s^-1)       275.854708996892          275.854708996893          2.1989e-11    6.2528e-13    Y
F1 (s^-2)       -4.03631010919654e-16     -4.0361141250241e-16      8.1307e-19    1.9598e-20    Y
PEPOCH (MJD)    55000                     55000                     0             0             N
POSEPOCH (MJD)  55000                     55000                     0             0             N
DMEPOCH (MJD)   55000                     55000                     0             0             N
DM (cm^-3 pc)   57.2133197754876          57.2133197754876          0             0             N
PMRA (mas/yr)   -10.913979410618          -10.913979410618          0             0             N
PMDEC (mas/yr)  -3.97796475051668         -3.97796475051668         0             0             N
START (MJD)     54183.235145609           54184.2358932544          0             1.0007        N
FINISH (MJD)    55921.5514483434          55920.5540711402          0             -0.99738      N
TZRMJD          55041.8902249304          55041.8902249304          0             0             N
TZRFRQ (MHz)    1398                      1398                      0             0             N
TZRSITE         ncy                      
TRES            3.857                     3.86742488289476          0             0.010425      N
EPHVER          TEMPO2                    TEMPO2                    0             0             N
IFUNC           2                         2                         0             0             G
NE_SW (cm^-3)   4                         4                         0             0             N
---------------------------------------------------------------------------------------------------
[textOutput.C:273] Notice: Parameter uncertainties multiplied by sqrt(red. chisq)


CONSTRAINTS:
IFUNC mean(C) = 0
IFUNC linear(C) = 0
IFUNC quadratic(C) = 0
IFUNC_YEAR C.sin(t) = 0
IFUNC_YEAR C.cos(t) = 0
IFUNC_YEAR C.t.sin(t) = 0
IFUNC_YEAR C.t.cos(t) = 0
IFUNC_YEAR C.sin(2t) = 0
IFUNC_YEAR C.cos(2t) = 0

Jump 1 ( -sys NRT.BON.1600 1.1367913210945e-05 1): 1.136787366809e-05 8.2388561977791e-07 Y
Jump 2 ( -sys JBO.DFB.1520 8.1256999015254e-05 1): 8.1255635785228e-05 1.400787782309e-06 Y
Interpolated function
49400.00 -2.271280746e-07 5.444259494e-07 0.027
49582.62 -1.620766185e-06 5.5864125e-07 0.027
49765.25 -8.501197955e-07 3.920520416e-07 0.027
49947.88 3.898638086e-07 3.498597457e-07 0.027
50130.50 6.041523978e-07 3.495294735e-07 0.027
50313.12 1.000226456e-06 3.027404732e-07 0.027
50495.75 4.558242494e-07 3.180954399e-07 0.027
50678.38 8.273517762e-07 3.138493681e-07 0.027
50861.00 2.685807489e-07 2.681458582e-07 0.027
51043.62 3.399581279e-07 2.517565294e-07 0.027
51226.25 2.103350356e-07 2.395883405e-07 0.027
51408.88 1.643744267e-07 2.436415035e-07 0.027
51591.50 1.467384711e-07 2.244695918e-07 0.027
51774.12 -1.770967649e-07 2.221286287e-07 0.027
51956.75 -1.230134092e-07 2.185448028e-07 0.027
52139.38 -3.125113111e-07 2.126050251e-07 0.027
52322.00 9.141745837e-08 2.097768893e-07 0.027
52504.62 -2.16281827e-07 2.141438674e-07 0.027
52687.25 -1.863891149e-07 2.087564508e-07 0.027
52869.88 -1.221215706e-07 1.987990673e-07 0.027
53052.50 -1.846317838e-07 1.937270993e-07 0.027
53235.12 -6.909049794e-08 1.793113091e-07 0.027
53417.75 -1.502744078e-08 1.717568483e-07 0.027
53600.38 -3.33994302e-07 1.62214035e-07 0.027
53783.00 -2.398791562e-07 1.614891199e-07 0.027
53965.62 -7.0385228e-08 1.55751466e-07 0.027
54148.25 -1.916437676e-07 1.524279789e-07 0.027
54330.88 -1.427436603e-07 1.430649174e-07 0.027
54513.50 -1.05457185e-07 1.348833844e-07 0.027
54696.12 -1.676328547e-07 1.254348894e-07 0.027
54878.75 -5.57294531e-08 1.15593942e-07 0.027
55061.38 4.665775295e-08 1.025713685e-07 0.027
55244.00 8.567570844e-08 9.999583412e-08 0.027
55426.62 1.537033884e-07 1.093437011e-07 0.027
55609.25 2.950729242e-07 1.361144743e-07 0.027
55791.88 3.104884647e-07 1.77192498e-07 0.027
55974.50 2.122218678e-08 1.930313109e-07 0.027

Derived parameters:

P0 (s)      = 0.00362509671716811       2.8896e-16   
P1          = 5.303989233298e-21        1.0685e-23   
tau_c (Myr) = 10836
bs (G)      = 1.4032e+08

Total proper motion = 11.616 +/- 0 mas/yr
Total time span = 1736.316 days = 4.754 years

Tempo2 usage
Units:                 TCB (tempo2)
Time ephemeris:        IF99 (tempo2)
Troposphere corr.?     Yes (tempo2)
Dilate freq?           Yes (tempo2)
Electron density (1AU) 4
Solar system ephem     DE421
Time scale             TT(TAI)
Binary model           NONE


Results for PSR J1802-2124


RMS pre-fit residual = 4.018 (us), RMS post-fit residual = 4.014 (us)
Fit Chisq = 3.191e+04	Chisqr/nfree = 31913.25/29061 = 1.09815	pre/post = 1.00119
Number of fit parameters: 43

Global fit:

Number of fit parameters in total, nt: 635

Number of points in fit (including constraint points) = 433
Number of constraints in fit = 9
Number of observations in fit = 424
Constraint EFACTOR = 1e+15
Offset: 2.89026e-07 4.29781e-06 offset_e*sqrt(n) = 8.84974e-05 n = 424


PARAMETER       Pre-fit                   Post-fit                  Uncertainty   Difference   Fit
---------------------------------------------------------------------------------------------------
RAJ (rad)       4.72150361543905          4.72150361543905          0             0             N
RAJ (hms)       18:02:05.3352289          18:02:05.3352289          0             0            
DECJ (rad)      -0.373518192375024        -0.373518192375024        0             0             N
DECJ (dms)      -21:24:03.65758           -21:24:03.65758           0             0            
F0 (s^-1)       79.066422943049           79.0664229430492          4.355e-12     1.5632e-13    Y
F1 (s^-2)       -4.56014750711101e-16     -4.56010690859229e-16     1.7595e-19    4.0599e-21    Y
PEPOCH (MJD)    55000                     55000                     0             0             N
POSEPOCH (MJD)  55000                     55000                     0             0             N
DMEPOCH (MJD)   55000                     55000                     0             0             N
DM (cm^-3 pc)   149.624056190408          149.624056190408          0             0             N
DM1 (cm^-3 pc y 0.000332066053841006      0.000332066053841006      0             0             N
PMRA (mas/yr)   -0.802082096489973        -0.802082096489973        0             0             N
PMDEC (mas/yr)  -1.77273622071389         -1.77273622071389         0             0             N
SINI            0.974295711386721         0.974295711386721         0             0             N
PB (d)          0.698889254202534         0.698889254202534         0             0             N
A1 (lt-s)       3.71885348003655          3.71885348003655          0             0             N
TASC (MJD)      52595.7952250622          52595.7952250622          0             0             N
EPS1            1.2653934258856e-06       1.2653934258856e-06       0             0             N
EPS2            2.68781670262479e-06      2.68781670262479e-06      0             0             N
M2              0.83125583670045          0.83125583670045          0             0             N
START (MJD)     54187.2180790718          54188.2184267987          0             1.0003        N
FINISH (MJD)    55903.5490302437          55902.5515371792          0             -0.99749      N
TZRMJD          55050.8493086427          55050.8493086427          0             0             N
TZRFRQ (MHz)    1398                      1398                      0             0             N
TZRSITE         ncy                      
TRES            4.012                     4.01363349567698          0             0.0016335     N
EPHVER          TEMPO2                    TEMPO2                    0             0             N
IFUNC           2                         2                         0             0             G
NE_SW (cm^-3)   4                         4                         0             0             N
---------------------------------------------------------------------------------------------------
[textOutput.C:273] Notice: Parameter uncertainties multiplied by sqrt(red. chisq)


CONSTRAINTS:
IFUNC mean(C) = 0
IFUNC linear(C) = 0
IFUNC quadratic(C) = 0
IFUNC_YEAR C.sin(t) = 0
IFUNC_YEAR C.cos(t) = 0
IFUNC_YEAR C.t.sin(t) = 0
IFUNC_YEAR C.t.cos(t) = 0
IFUNC_YEAR C.sin(2t) = 0
IFUNC_YEAR C.cos(2t) = 0

Jump 1 ( -sys NRT.BON.1600 -7.724941207068e-06 1): -7.7239986099406e-06 9.5609837295183e-07 Y
Jump 2 ( -sys NRT.BON.2000 -6.0119346087869e-06 1): -6.0146754085039e-06 1.4307753630257e-06 Y
Jump 3 ( -sys JBO.DFB.1520 3.5201460342833e-05 1): 3.5199856600196e-05 1.9863808028466e-06 Y
Interpolated function
49400.00 -2.271280746e-07 5.444259494e-07 0.027
49582.62 -1.620766185e-06 5.5864125e-07 0.027
49765.25 -8.501197955e-07 3.920520416e-07 0.027
49947.88 3.898638086e-07 3.498597457e-07 0.027
50130.50 6.041523978e-07 3.495294735e-07 0.027
50313.12 1.000226456e-06 3.027404732e-07 0.027
50495.75 4.558242494e-07 3.180954399e-07 0.027
50678.38 8.273517762e-07 3.138493681e-07 0.027
50861.00 2.685807489e-07 2.681458582e-07 0.027
51043.62 3.399581279e-07 2.517565294e-07 0.027
51226.25 2.103350356e-07 2.395883405e-07 0.027
51408.88 1.643744267e-07 2.436415035e-07 0.027
51591.50 1.467384711e-07 2.244695918e-07 0.027
51774.12 -1.770967649e-07 2.221286287e-07 0.027
51956.75 -1.230134092e-07 2.185448028e-07 0.027
52139.38 -3.125113111e-07 2.126050251e-07 0.027
52322.00 9.141745837e-08 2.097768893e-07 0.027
52504.62 -2.16281827e-07 2.141438674e-07 0.027
52687.25 -1.863891149e-07 2.087564508e-07 0.027
52869.88 -1.221215706e-07 1.987990673e-07 0.027
53052.50 -1.846317838e-07 1.937270993e-07 0.027
53235.12 -6.909049794e-08 1.793113091e-07 0.027
53417.75 -1.502744078e-08 1.717568483e-07 0.027
53600.38 -3.33994302e-07 1.62214035e-07 0.027
53783.00 -2.398791562e-07 1.614891199e-07 0.027
53965.62 -7.0385228e-08 1.55751466e-07 0.027
54148.25 -1.916437676e-07 1.524279789e-07 0.027
54330.88 -1.427436603e-07 1.430649174e-07 0.027
54513.50 -1.05457185e-07 1.348833844e-07 0.027
54696.12 -1.676328547e-07 1.254348894e-07 0.027
54878.75 -5.57294531e-08 1.15593942e-07 0.027
55061.38 4.665775295e-08 1.025713685e-07 0.027
55244.00 8.567570844e-08 9.999583412e-08 0.027
55426.62 1.537033884e-07 1.093437011e-07 0.027
55609.25 2.950729242e-07 1.361144743e-07 0.027
55791.88 3.104884647e-07 1.77192498e-07 0.027
55974.50 2.122218678e-08 1.930313109e-07 0.027

Derived parameters:

P0 (s)      = 0.0126475937923775        6.9664e-16   
P1          = 7.294421283132e-20        2.8144e-23   
tau_c (Myr) = 2749
bs (G)      = 9.7196e+08

Binary model: T2
Mass function                  = 0.113055892815 
Minimum, median and maximum companion mass: 0.8073 < 0.9818 < 2.9195 solar masses
Pulsar Mass (Shapiro Delay): 1.33641 (+/- 0) Msun.
MTOT derived from sin i and m2 = 2.1677293053589
Inclination angle (deg)        = 76.981075479817 (+ 0 - 0)

Conversion from ELL1 parameters: 
------------------------------------
ECC = 2.97078763111457e-06 +/- 0
OM  = 25.2105209640877 +/- 0 degrees
T0  = 52595.8441677349 +/- 0
------------------------------------
Total proper motion = 1.9457 +/- 0 mas/yr
Total time span = 1714.331 days = 4.694 years

Tempo2 usage
Units:                 TCB (tempo2)
Time ephemeris:        IF99 (tempo2)
Troposphere corr.?     Yes (tempo2)
Dilate freq?           Yes (tempo2)
Electron density (1AU) 4
Solar system ephem     DE421
Time scale             TT(TAI)
Binary model           T2


Results for PSR J1804-2717


RMS pre-fit residual = 3.974 (us), RMS post-fit residual = 3.974 (us)
Fit Chisq = 3.191e+04	Chisqr/nfree = 31913.25/29061 = 1.09815	pre/post = 0.99984
Number of fit parameters: 41

Global fit:

Number of fit parameters in total, nt: 635

Number of points in fit (including constraint points) = 76
Number of constraints in fit = 9
Number of observations in fit = 67
Constraint EFACTOR = 1e+15
Offset: -5.05126e-07 2.73169e-06 offset_e*sqrt(n) = 2.23598e-05 n = 67


PARAMETER       Pre-fit                   Post-fit                  Uncertainty   Difference   Fit
---------------------------------------------------------------------------------------------------
RAJ (rad)       4.73137911217095          4.73137911217095          0             0             N
RAJ (hms)       18:04:21.1330569          18:04:21.1330569          0             0            
DECJ (rad)      -0.476335900571904        -0.476335900571904        0             0             N
DECJ (dms)      -27:17:31.33224           -27:17:31.33224           0             0            
F0 (s^-1)       107.031649219536          107.031649219536          4.1398e-12    1.5632e-13    Y
F1 (s^-2)       -4.67898691467195e-16     -4.67898039372729e-16     1.335e-19     6.5209e-22    Y
PEPOCH (MJD)    55000                     55000                     0             0             N
POSEPOCH (MJD)  55000                     55000                     0             0             N
DMEPOCH (MJD)   55000                     55000                     0             0             N
DM (cm^-3 pc)   24.6313138804868          24.6313138804868          0             0             N
PMRA (mas/yr)   2.45016981531117          2.45016981531117          0             0             N
PMDEC (mas/yr)  -23.2214179757607         -23.2214179757607         0             0             N
PX (mas)        1.11606071293427          1.11606071293427          0             0             N
PB (d)          11.1287119626346          11.1287119626346          0             0             N
T0 (MJD)        49615.076812856           49615.076812856           0             0             N
A1 (lt-s)       7.281446597447            7.281446597447            0             0             N
OM (deg)        158.568025573374          158.568025573374          0             0             N
ECC             3.399494720714e-05        3.399494720714e-05        0             0             N
XDOT            7.72769582662236e-15      7.72769582662236e-15      0             0             N
START (MJD)     53746.4296010721          53747.4359915427          0             1.0064        N
FINISH (MJD)    55915.5234916971          55914.5261715775          0             -0.99732      N
TZRMJD          54770.6227491626          54770.6227491626          0             0             N
TZRFRQ (MHz)    1398                      1398                      0             0             N
TZRSITE         ncy                      
TRES            3.969                     3.97435348393167          0             0.0053535     N
EPHVER          TEMPO2                    TEMPO2                    0             0             N
IFUNC           2                         2                         0             0             G
NE_SW (cm^-3)   4                         4                         0             0             N
---------------------------------------------------------------------------------------------------
[textOutput.C:273] Notice: Parameter uncertainties multiplied by sqrt(red. chisq)


CONSTRAINTS:
IFUNC mean(C) = 0
IFUNC linear(C) = 0
IFUNC quadratic(C) = 0
IFUNC_YEAR C.sin(t) = 0
IFUNC_YEAR C.cos(t) = 0
IFUNC_YEAR C.t.sin(t) = 0
IFUNC_YEAR C.t.cos(t) = 0
IFUNC_YEAR C.sin(2t) = 0
IFUNC_YEAR C.cos(2t) = 0

Jump 1 ( -sys JBO.DFB.1520 4.2349942900324e-05 1): 4.2351839554747e-05 1.7715437051989e-06 Y
Interpolated function
49400.00 -2.271280746e-07 5.444259494e-07 0.027
49582.62 -1.620766185e-06 5.5864125e-07 0.027
49765.25 -8.501197955e-07 3.920520416e-07 0.027
49947.88 3.898638086e-07 3.498597457e-07 0.027
50130.50 6.041523978e-07 3.495294735e-07 0.027
50313.12 1.000226456e-06 3.027404732e-07 0.027
50495.75 4.558242494e-07 3.180954399e-07 0.027
50678.38 8.273517762e-07 3.138493681e-07 0.027
50861.00 2.685807489e-07 2.681458582e-07 0.027
51043.62 3.399581279e-07 2.517565294e-07 0.027
51226.25 2.103350356e-07 2.395883405e-07 0.027
51408.88 1.643744267e-07 2.436415035e-07 0.027
51591.50 1.467384711e-07 2.244695918e-07 0.027
51774.12 -1.770967649e-07 2.221286287e-07 0.027
51956.75 -1.230134092e-07 2.185448028e-07 0.027
52139.38 -3.125113111e-07 2.126050251e-07 0.027
52322.00 9.141745837e-08 2.097768893e-07 0.027
52504.62 -2.16281827e-07 2.141438674e-07 0.027
52687.25 -1.863891149e-07 2.087564508e-07 0.027
52869.88 -1.221215706e-07 1.987990673e-07 0.027
53052.50 -1.846317838e-07 1.937270993e-07 0.027
53235.12 -6.909049794e-08 1.793113091e-07 0.027
53417.75 -1.502744078e-08 1.717568483e-07 0.027
53600.38 -3.33994302e-07 1.62214035e-07 0.027
53783.00 -2.398791562e-07 1.614891199e-07 0.027
53965.62 -7.0385228e-08 1.55751466e-07 0.027
54148.25 -1.916437676e-07 1.524279789e-07 0.027
54330.88 -1.427436603e-07 1.430649174e-07 0.027
54513.50 -1.05457185e-07 1.348833844e-07 0.027
54696.12 -1.676328547e-07 1.254348894e-07 0.027
54878.75 -5.57294531e-08 1.15593942e-07 0.027
55061.38 4.665775295e-08 1.025713685e-07 0.027
55244.00 8.567570844e-08 9.999583412e-08 0.027
55426.62 1.537033884e-07 1.093437011e-07 0.027
55609.25 2.950729242e-07 1.361144743e-07 0.027
55791.88 3.104884647e-07 1.77192498e-07 0.027
55974.50 2.122218678e-08 1.930313109e-07 0.027

Derived parameters:

P0 (s)      = 0.009343030844539         3.6137e-16   
P1          = 4.08438610993655e-20      1.1654e-23   
tau_c (Myr) = 3626.8
bs (G)      = 6.2511e+08

Binary model: T2
Mass function                  = 0.003346924601 
Minimum, median and maximum companion mass: 0.2004 < 0.2348 < 0.5211 solar masses

Parallax distance is 896.009 (+/- 0) pc.
Total proper motion = 23.35 +/- 0 mas/yr
Total time span = 2167.088 days = 5.933 years

Tempo2 usage
Units:                 TCB (tempo2)
Time ephemeris:        IF99 (tempo2)
Troposphere corr.?     Yes (tempo2)
Dilate freq?           Yes (tempo2)
Electron density (1AU) 4
Solar system ephem     DE421
Time scale             TT(TAI)
Binary model           T2


Results for PSR J1824-2452A


RMS pre-fit residual = 6.879 (us), RMS post-fit residual = 7.095 (us)
Fit Chisq = 3.191e+04	Chisqr/nfree = 31913.25/29061 = 1.09815	pre/post = 0.96948
Number of fit parameters: 40

Global fit:

Number of fit parameters in total, nt: 635

Number of points in fit (including constraint points) = 234
Number of constraints in fit = 19
Number of observations in fit = 215
Constraint EFACTOR = 1e+15
Offset: 1.26133e-06 1.19495e-05 offset_e*sqrt(n) = 0.000175214 n = 215


PARAMETER       Pre-fit                   Post-fit                  Uncertainty   Difference   Fit
---------------------------------------------------------------------------------------------------
RAJ (rad)       4.81943641503793          4.81943641503793          0             0             N
RAJ (hms)       18:24:32.0078912          18:24:32.0078912          0             0            
DECJ (rad)      -0.434057737812751        -0.434057737812751        0             0             N
DECJ (dms)      -24:52:10.83519           -24:52:10.83519           0             0            
F0 (s^-1)       327.405590480071          327.405590480072          3.5968e-11    7.9581e-13    Y
F1 (s^-2)       -1.73529875258141e-13     -1.73529893743683e-13     1.0036e-18    -1.8486e-20   Y
PEPOCH (MJD)    54500                     54500                     0             0             N
POSEPOCH (MJD)  54500                     54500                     0             0             N
DMEPOCH (MJD)   54500                     54500                     0             0             N
DM (cm^-3 pc)   119.891686174081          119.891686174081          0             0             N
DM1 (cm^-3 pc y 0.00114779392430431       0.00114779392430431       0             0             N
PMRA (mas/yr)   -0.605895642412642        -0.605895642412642        0             0             N
START (MJD)     53518.8323018612          53518.8353018612          0             0.003         N
FINISH (MJD)    55619.0880263829          55619.0850263829          0             -0.003        N
TZRMJD          54568.943753671           54568.943753671           0             0             N
TZRFRQ (MHz)    1405.094                  1405.094                  0             0             N
TZRSITE         PKS                      
TRES            7.069                     7.09508615508863          0             0.026086      N
EPHVER          TEMPO2                    TEMPO2                    0             0             N
IFUNC           2                         2                         0             0             G
DMMODEL         119.891686174081          119.891686174081          0             0             N
NE_SW (cm^-3)   4                         4                         0             0             N
---------------------------------------------------------------------------------------------------
[textOutput.C:273] Notice: Parameter uncertainties multiplied by sqrt(red. chisq)


CONSTRAINTS:
DMMODEL mean(DM) = 0
DMMODEL mean(C) = 0
DMMODEL linear(C) = 0
DMMODEL quadratic(C) = 0
DMMODEL_YEAR C.sin(t) = 0
DMMODEL_YEAR C.cos(t) = 0
DMMODEL_YEAR C.t.sin(t) = 0
DMMODEL_YEAR C.t.cos(t) = 0
DMMODEL_YEAR C.cos(2t) = 0
DMMODEL_YEAR C.sin(2t) = 0
IFUNC mean(C) = 0
IFUNC linear(C) = 0
IFUNC quadratic(C) = 0
IFUNC_YEAR C.sin(t) = 0
IFUNC_YEAR C.cos(t) = 0
IFUNC_YEAR C.t.sin(t) = 0
IFUNC_YEAR C.t.cos(t) = 0
IFUNC_YEAR C.sin(2t) = 0
IFUNC_YEAR C.cos(2t) = 0

Jump 1 ( -B 20CM 4.2847369175382e-06 0): 4.2847369175382e-06 0 N
Jump 2 ( -B 40CM -6.5393631308128e-06 0): -6.5393631308128e-06 0 N
Jump 3 ( -B 50CM -1.2053458925351e-05 0): -1.2053458925351e-05 0 N

Dispersion measure values:
_DM	  53519.0   -0.00677          0  0.04
_DM	  53684.0   -0.00645          0  0.04
_DM	  53766.5   -0.00368          0  0.04
_DM	  53849.0    -0.0032          0  0.04
_DM	  53931.5   -0.00229          0  0.04
_DM	  54014.0   -0.00189          0  0.04
_DM	  54096.5  -0.000486          0  0.04
_DM	  54179.0   0.000157          0  0.04
_DM	  54261.5    0.00035          0  0.04
_DM	  54344.0   7.29e-05          0  0.04
_DM	  54426.5    0.00204          0  0.04
_DM	  54509.0    0.00139          0  0.04
_DM	  54591.5    0.00157          0  0.04
_DM	  54674.0    0.00201          0  0.04
_DM	  54756.5    0.00286          0  0.04
_DM	  54839.0    0.00223          0  0.04
_DM	  54921.5    0.00453          0  0.04
_DM	  55004.0    0.00306          0  0.04
_DM	  55086.5  -0.000992          0  0.04
_DM	  55169.0  -0.000259          0  0.04
_DM	  55251.5  -0.000613          0  0.04
_DM	  55334.0   -0.00223          0  0.04
_DM	  55416.5    0.00103          0  0.04
_DM	  55499.0  -0.000745          0  0.04
_DM	  55664.0     0.0083          0  0.04
Mean DMOFF = -6.93889e-20
_CM	  53519.0          0          0  0.04
_CM	  53684.0          0          0  0.04
_CM	  53766.5          0          0  0.04
_CM	  53849.0          0          0  0.04
_CM	  53931.5          0          0  0.04
_CM	  54014.0          0          0  0.04
_CM	  54096.5          0          0  0.04
_CM	  54179.0          0          0  0.04
_CM	  54261.5          0          0  0.04
_CM	  54344.0          0          0  0.04
_CM	  54426.5          0          0  0.04
_CM	  54509.0          0          0  0.04
_CM	  54591.5          0          0  0.04
_CM	  54674.0          0          0  0.04
_CM	  54756.5          0          0  0.04
_CM	  54839.0          0          0  0.04
_CM	  54921.5          0          0  0.04
_CM	  55004.0          0          0  0.04
_CM	  55086.5          0          0  0.04
_CM	  55169.0          0          0  0.04
_CM	  55251.5          0          0  0.04
_CM	  55334.0          0          0  0.04
_CM	  55416.5          0          0  0.04
_CM	  55499.0          0          0  0.04
_CM	  55664.0          0          0  0.04
CM white PSD estimate: 0
Interpolated function
49400.00 -2.271280746e-07 5.444259494e-07 0.027
49582.62 -1.620766185e-06 5.5864125e-07 0.027
49765.25 -8.501197955e-07 3.920520416e-07 0.027
49947.88 3.898638086e-07 3.498597457e-07 0.027
50130.50 6.041523978e-07 3.495294735e-07 0.027
50313.12 1.000226456e-06 3.027404732e-07 0.027
50495.75 4.558242494e-07 3.180954399e-07 0.027
50678.38 8.273517762e-07 3.138493681e-07 0.027
50861.00 2.685807489e-07 2.681458582e-07 0.027
51043.62 3.399581279e-07 2.517565294e-07 0.027
51226.25 2.103350356e-07 2.395883405e-07 0.027
51408.88 1.643744267e-07 2.436415035e-07 0.027
51591.50 1.467384711e-07 2.244695918e-07 0.027
51774.12 -1.770967649e-07 2.221286287e-07 0.027
51956.75 -1.230134092e-07 2.185448028e-07 0.027
52139.38 -3.125113111e-07 2.126050251e-07 0.027
52322.00 9.141745837e-08 2.097768893e-07 0.027
52504.62 -2.16281827e-07 2.141438674e-07 0.027
52687.25 -1.863891149e-07 2.087564508e-07 0.027
52869.88 -1.221215706e-07 1.987990673e-07 0.027
53052.50 -1.846317838e-07 1.937270993e-07 0.027
53235.12 -6.909049794e-08 1.793113091e-07 0.027
53417.75 -1.502744078e-08 1.717568483e-07 0.027
53600.38 -3.33994302e-07 1.62214035e-07 0.027
53783.00 -2.398791562e-07 1.614891199e-07 0.027
53965.62 -7.0385228e-08 1.55751466e-07 0.027
54148.25 -1.916437676e-07 1.524279789e-07 0.027
54330.88 -1.427436603e-07 1.430649174e-07 0.027
54513.50 -1.05457185e-07 1.348833844e-07 0.027
54696.12 -1.676328547e-07 1.254348894e-07 0.027
54878.75 -5.57294531e-08 1.15593942e-07 0.027
55061.38 4.665775295e-08 1.025713685e-07 0.027
55244.00 8.567570844e-08 9.999583412e-08 0.027
55426.62 1.537033884e-07 1.093437011e-07 0.027
55609.25 2.950729242e-07 1.361144743e-07 0.027
55791.88 3.104884647e-07 1.77192498e-07 0.027
55974.50 2.122218678e-08 1.930313109e-07 0.027

Derived parameters:

P0 (s)      = 0.00305431559227107       3.3554e-16   
P1          = 1.61883326246603e-18      9.3625e-24   
tau_c (Myr) = 29.914
bs (G)      = 2.2501e+09

Total time span = 2100.248 days = 5.750 years

Tempo2 usage
Units:                 TCB (tempo2)
Time ephemeris:        IF99 (tempo2)
Troposphere corr.?     Yes (tempo2)
Dilate freq?           Yes (tempo2)
Electron density (1AU) 4
Solar system ephem     DE421
Time scale             TT(TAI)
Binary model           NONE


Results for PSR J1843-1113


RMS pre-fit residual = 1.872 (us), RMS post-fit residual = 1.865 (us)
Fit Chisq = 3.191e+04	Chisqr/nfree = 31913.25/29061 = 1.09815	pre/post = 1.00337
Number of fit parameters: 44

Global fit:

Number of fit parameters in total, nt: 635

Number of points in fit (including constraint points) = 174
Number of constraints in fit = 9
Number of observations in fit = 165
Constraint EFACTOR = 1e+15
Offset: -8.42518e-07 2.45391e-06 offset_e*sqrt(n) = 3.1521e-05 n = 165


PARAMETER       Pre-fit                   Post-fit                  Uncertainty   Difference   Fit
---------------------------------------------------------------------------------------------------
RAJ (rad)       4.9030125258983           4.9030125258983           0             0             N
RAJ (hms)       18:43:41.2619121          18:43:41.2619121          0             0            
DECJ (rad)      -0.195918387219142        -0.195918387219142        0             0             N
DECJ (dms)      -11:13:31.06818           -11:13:31.06818           0             0            
F0 (s^-1)       541.809745036184          541.809745036186          1.3503e-11    2.0464e-12    Y
F1 (s^-2)       -2.80544731420963e-15     -2.80543232750726e-15     2.6008e-19    1.4987e-20    Y
PEPOCH (MJD)    55000                     55000                     0             0             N
POSEPOCH (MJD)  55000                     55000                     0             0             N
DMEPOCH (MJD)   55000                     55000                     0             0             N
DM (cm^-3 pc)   59.9651682632185          59.9651682632185          0             0             N
PMRA (mas/yr)   -1.85612422396068         -1.85612422396068         0             0             N
PMDEC (mas/yr)  -3.75512220395563         -3.75512220395563         0             0             N
PX (mas)        0.307506468867845         0.307506468867845         0             0             N
START (MJD)     53155.2172652722          53156.2113842977          0             0.99412       N
FINISH (MJD)    55924.5022242566          55923.5068501792          0             -0.99537      N
TZRMJD          54530.3206812484          54530.3206812484          0             0             N
TZRFRQ (MHz)    1397.949                  1397.949                  0             0             N
TZRSITE         f                        
TRES            1.846                     1.8653005561233           0             0.019301      N
EPHVER          TEMPO2                    TEMPO2                    0             0             N
IFUNC           2                         2                         0             0             G
NE_SW (cm^-3)   4                         4                         0             0             N
---------------------------------------------------------------------------------------------------
[textOutput.C:273] Notice: Parameter uncertainties multiplied by sqrt(red. chisq)


CONSTRAINTS:
IFUNC mean(C) = 0
IFUNC linear(C) = 0
IFUNC quadratic(C) = 0
IFUNC_YEAR C.sin(t) = 0
IFUNC_YEAR C.cos(t) = 0
IFUNC_YEAR C.t.sin(t) = 0
IFUNC_YEAR C.t.cos(t) = 0
IFUNC_YEAR C.sin(2t) = 0
IFUNC_YEAR C.cos(2t) = 0

Jump 1 ( -sys NRT.BON.1400 0.000453485778158 1): 0.00045347420881117 9.7115372821887e-07 Y
Jump 2 ( -sys JBO.DFB.1520 4.174674399104e-05 1): 4.1733733347996e-05 1.5368575468298e-06 Y
Jump 3 ( -sys NRT.BON.1600 0.00045455485165061 1): 0.00045454894353775 1.0324453692914e-06 Y
Jump 4 ( -sys WSRT.P1.1380 -2.4938936594265e-06 1): -2.7011805664168e-06 2.8636289699109e-06 Y
Interpolated function
49400.00 -2.271280746e-07 5.444259494e-07 0.027
49582.62 -1.620766185e-06 5.5864125e-07 0.027
49765.25 -8.501197955e-07 3.920520416e-07 0.027
49947.88 3.898638086e-07 3.498597457e-07 0.027
50130.50 6.041523978e-07 3.495294735e-07 0.027
50313.12 1.000226456e-06 3.027404732e-07 0.027
50495.75 4.558242494e-07 3.180954399e-07 0.027
50678.38 8.273517762e-07 3.138493681e-07 0.027
50861.00 2.685807489e-07 2.681458582e-07 0.027
51043.62 3.399581279e-07 2.517565294e-07 0.027
51226.25 2.103350356e-07 2.395883405e-07 0.027
51408.88 1.643744267e-07 2.436415035e-07 0.027
51591.50 1.467384711e-07 2.244695918e-07 0.027
51774.12 -1.770967649e-07 2.221286287e-07 0.027
51956.75 -1.230134092e-07 2.185448028e-07 0.027
52139.38 -3.125113111e-07 2.126050251e-07 0.027
52322.00 9.141745837e-08 2.097768893e-07 0.027
52504.62 -2.16281827e-07 2.141438674e-07 0.027
52687.25 -1.863891149e-07 2.087564508e-07 0.027
52869.88 -1.221215706e-07 1.987990673e-07 0.027
53052.50 -1.846317838e-07 1.937270993e-07 0.027
53235.12 -6.909049794e-08 1.793113091e-07 0.027
53417.75 -1.502744078e-08 1.717568483e-07 0.027
53600.38 -3.33994302e-07 1.62214035e-07 0.027
53783.00 -2.398791562e-07 1.614891199e-07 0.027
53965.62 -7.0385228e-08 1.55751466e-07 0.027
54148.25 -1.916437676e-07 1.524279789e-07 0.027
54330.88 -1.427436603e-07 1.430649174e-07 0.027
54513.50 -1.05457185e-07 1.348833844e-07 0.027
54696.12 -1.676328547e-07 1.254348894e-07 0.027
54878.75 -5.57294531e-08 1.15593942e-07 0.027
55061.38 4.665775295e-08 1.025713685e-07 0.027
55244.00 8.567570844e-08 9.999583412e-08 0.027
55426.62 1.537033884e-07 1.093437011e-07 0.027
55609.25 2.950729242e-07 1.361144743e-07 0.027
55791.88 3.104884647e-07 1.77192498e-07 0.027
55974.50 2.122218678e-08 1.930313109e-07 0.027

Derived parameters:

P0 (s)      = 0.00184566632320948       4.5998e-17   
P1          = 9.5566608322586e-21       8.8594e-25   
tau_c (Myr) = 3062
bs (G)      = 1.3439e+08

Total proper motion = 4.1888 +/- 0 mas/yr
Total time span = 2767.293 days = 7.576 years

Tempo2 usage
Units:                 TCB (tempo2)
Time ephemeris:        IF99 (tempo2)
Troposphere corr.?     Yes (tempo2)
Dilate freq?           Yes (tempo2)
Electron density (1AU) 4
Solar system ephem     DE421
Time scale             TT(TAI)
Binary model           NONE


Results for PSR J1853+1303


RMS pre-fit residual = 1.141 (us), RMS post-fit residual = 1.132 (us)
Fit Chisq = 3.191e+04	Chisqr/nfree = 31913.25/29061 = 1.09815	pre/post = 1.00766
Number of fit parameters: 42

Global fit:

Number of fit parameters in total, nt: 635

Number of points in fit (including constraint points) = 102
Number of constraints in fit = 9
Number of observations in fit = 93
Constraint EFACTOR = 1e+15
Offset: -8.22466e-07 5.26958e-07 offset_e*sqrt(n) = 5.0818e-06 n = 93


PARAMETER       Pre-fit                   Post-fit                  Uncertainty   Difference   Fit
---------------------------------------------------------------------------------------------------
RAJ (rad)       4.94781344467419          4.94781344467419          0             0             N
RAJ (hms)       18:53:57.3187675          18:53:57.3187675          0             0            
DECJ (rad)      0.227979119587019         0.227979119587019         0             0             N
DECJ (dms)      +13:03:44.06893           +13:03:44.06893           0             0            
F0 (s^-1)       244.39137403106           244.39137403106           2.4744e-12    2.558e-13     Y
F1 (s^-2)       -5.20598133901562e-16     -5.20603693980698e-16     4.6575e-20    -5.5601e-21   Y
PEPOCH (MJD)    55000                     55000                     0             0             N
POSEPOCH (MJD)  55000                     55000                     0             0             N
DMEPOCH (MJD)   55000                     55000                     0             0             N
DM (cm^-3 pc)   30.5482086392774          30.5482086392774          0             0             N
PMRA (mas/yr)   -1.60286691639857         -1.60286691639857         0             0             N
PMDEC (mas/yr)  -2.86228619921635         -2.86228619921635         0             0             N
PB (d)          115.653788245487          115.653788245487          0             0             N
T0 (MJD)        52890.2427814171          52890.2427814171          0             0             N
A1 (lt-s)       40.7695179737813          40.7695179737813          0             0             N
OM (deg)        346.611363117069          346.611363117069          0             0             N
ECC             2.36792277690372e-05      2.36792277690372e-05      0             0             N
XDOT            2.19006939979025e-14      2.19006939979025e-14      0             0             N
START (MJD)     53369.660000954           53370.6646435147          0             1.0046        N
FINISH (MJD)    55923.8019404071          55922.8045387571          0             -0.9974       N
TZRMJD          54630.2103076543          54630.2103076543          0             0             N
TZRFRQ (MHz)    1406                      1406                      0             0             N
TZRSITE         ao                       
TRES            1.119                     1.13221882080213          0             0.013219      N
EPHVER          TEMPO2                    TEMPO2                    0             0             N
IFUNC           2                         2                         0             0             G
NE_SW (cm^-3)   4                         4                         0             0             N
---------------------------------------------------------------------------------------------------
[textOutput.C:273] Notice: Parameter uncertainties multiplied by sqrt(red. chisq)


CONSTRAINTS:
IFUNC mean(C) = 0
IFUNC linear(C) = 0
IFUNC quadratic(C) = 0
IFUNC_YEAR C.sin(t) = 0
IFUNC_YEAR C.cos(t) = 0
IFUNC_YEAR C.t.sin(t) = 0
IFUNC_YEAR C.t.cos(t) = 0
IFUNC_YEAR C.sin(2t) = 0
IFUNC_YEAR C.cos(2t) = 0

Jump 1 ( -sys ao.ASP.L -0.0010394767723745 1): -0.0010394793350211 5.023719903866e-07 Y
Jump 2 ( -sys JBO.DFB.1520 8.7992203407496e-05 1): 8.798918891083e-05 1.7185283512594e-06 Y
Interpolated function
49400.00 -2.271280746e-07 5.444259494e-07 0.027
49582.62 -1.620766185e-06 5.5864125e-07 0.027
49765.25 -8.501197955e-07 3.920520416e-07 0.027
49947.88 3.898638086e-07 3.498597457e-07 0.027
50130.50 6.041523978e-07 3.495294735e-07 0.027
50313.12 1.000226456e-06 3.027404732e-07 0.027
50495.75 4.558242494e-07 3.180954399e-07 0.027
50678.38 8.273517762e-07 3.138493681e-07 0.027
50861.00 2.685807489e-07 2.681458582e-07 0.027
51043.62 3.399581279e-07 2.517565294e-07 0.027
51226.25 2.103350356e-07 2.395883405e-07 0.027
51408.88 1.643744267e-07 2.436415035e-07 0.027
51591.50 1.467384711e-07 2.244695918e-07 0.027
51774.12 -1.770967649e-07 2.221286287e-07 0.027
51956.75 -1.230134092e-07 2.185448028e-07 0.027
52139.38 -3.125113111e-07 2.126050251e-07 0.027
52322.00 9.141745837e-08 2.097768893e-07 0.027
52504.62 -2.16281827e-07 2.141438674e-07 0.027
52687.25 -1.863891149e-07 2.087564508e-07 0.027
52869.88 -1.221215706e-07 1.987990673e-07 0.027
53052.50 -1.846317838e-07 1.937270993e-07 0.027
53235.12 -6.909049794e-08 1.793113091e-07 0.027
53417.75 -1.502744078e-08 1.717568483e-07 0.027
53600.38 -3.33994302e-07 1.62214035e-07 0.027
53783.00 -2.398791562e-07 1.614891199e-07 0.027
53965.62 -7.0385228e-08 1.55751466e-07 0.027
54148.25 -1.916437676e-07 1.524279789e-07 0.027
54330.88 -1.427436603e-07 1.430649174e-07 0.027
54513.50 -1.05457185e-07 1.348833844e-07 0.027
54696.12 -1.676328547e-07 1.254348894e-07 0.027
54878.75 -5.57294531e-08 1.15593942e-07 0.027
55061.38 4.665775295e-08 1.025713685e-07 0.027
55244.00 8.567570844e-08 9.999583412e-08 0.027
55426.62 1.537033884e-07 1.093437011e-07 0.027
55609.25 2.950729242e-07 1.361144743e-07 0.027
55791.88 3.104884647e-07 1.77192498e-07 0.027
55974.50 2.122218678e-08 1.930313109e-07 0.027

Derived parameters:

P0 (s)      = 0.00409179744565333       4.1428e-17   
P1          = 8.71636682625787e-21      7.798e-25    
tau_c (Myr) = 7442.9
bs (G)      = 1.9111e+08

Binary model: T2
Mass function                  = 0.005439634648 
Minimum, median and maximum companion mass: 0.2395 < 0.2814 < 0.6379 solar masses
Total proper motion = 3.2805 +/- 0 mas/yr
Total time span = 2552.138 days = 6.987 years

Tempo2 usage
Units:                 TCB (tempo2)
Time ephemeris:        IF99 (tempo2)
Troposphere corr.?     Yes (tempo2)
Dilate freq?           Yes (tempo2)
Electron density (1AU) 4
Solar system ephem     DE421
Time scale             TT(TAI)
Binary model           T2


Results for PSR J1857+0943


RMS pre-fit residual = 1.338 (us), RMS post-fit residual = 1.339 (us)
Fit Chisq = 3.191e+04	Chisqr/nfree = 31913.25/29061 = 1.09815	pre/post = 0.999517
Number of fit parameters: 65

Global fit:

Number of fit parameters in total, nt: 635

Number of points in fit (including constraint points) = 625
Number of constraints in fit = 9
Number of observations in fit = 616
Constraint EFACTOR = 1e+15
Offset: -3.94547e-07 7.45839e-07 offset_e*sqrt(n) = 1.85112e-05 n = 616


PARAMETER       Pre-fit                   Post-fit                  Uncertainty   Difference   Fit
---------------------------------------------------------------------------------------------------
RAJ (rad)       4.96374481647866          4.96374481647866          0             0             N
RAJ (hms)       18:57:36.3908554          18:57:36.3908554          0             0            
DECJ (rad)      0.16967128424262          0.16967128424262          0             0             N
DECJ (dms)      +09:43:17.21457           +09:43:17.21457           0             0            
F0 (s^-1)       186.494078404781          186.494078404782          1.1382e-12    5.4001e-13    Y
F1 (s^-2)       -6.20504344754531e-16     -6.2051047322202e-16      8.6984e-21    -6.1285e-21   Y
PEPOCH (MJD)    54500                     54500                     0             0             N
POSEPOCH (MJD)  54500                     54500                     0             0             N
DMEPOCH (MJD)   54500                     54500                     0             0             N
DM (cm^-3 pc)   13.2982922032337          13.2982922032337          0             0             N
DM1 (cm^-3 pc y 0.000364440465827366      0.000364440465827366      0             0             N
PMRA (mas/yr)   -2.65340834725729         -2.65340834725729         0             0             N
PMDEC (mas/yr)  -5.43319098674414         -5.43319098674414         0             0             N
PX (mas)        0.646914752216943         0.646914752216943         0             0             N
SINI            0.99880663059004          0.99880663059004          0             0             N
PB (d)          12.3271713828409          12.3271713828409          0             0             N
A1 (lt-s)       9.23078033846647          9.23078033846647          0             0             N
TASC (MJD)      47520.4323450724          47520.4323450724          0             0             N
EPS1            -2.15923571138948e-05     -2.15923571138948e-05     0             0             N
EPS2            2.47272617962049e-06      2.47272617962049e-06      0             0             N
M2              0.254677523885467         0.254677523885467         0             0             N
START (MJD)     50457.5770078611          50458.58097973            0             1.004         N
FINISH (MJD)    55917.3573281736          55916.3609540646          0             -0.99637      N
TZRMJD          53181.7218770041          53181.7218770041          0             0             N
TZRFRQ (MHz)    1404.255                  1404.255                  0             0             N
TZRSITE         PKS                      
TRES            1.321                     1.33867340489276          0             0.017673      N
EPHVER          TEMPO2                    TEMPO2                    0             0             N
IFUNC           2                         2                         0             0             G
NE_SW (cm^-3)   4                         4                         0             0             N
---------------------------------------------------------------------------------------------------
[textOutput.C:273] Notice: Parameter uncertainties multiplied by sqrt(red. chisq)


CONSTRAINTS:
IFUNC mean(C) = 0
IFUNC linear(C) = 0
IFUNC quadratic(C) = 0
IFUNC_YEAR C.sin(t) = 0
IFUNC_YEAR C.cos(t) = 0
IFUNC_YEAR C.t.sin(t) = 0
IFUNC_YEAR C.t.cos(t) = 0
IFUNC_YEAR C.sin(2t) = 0
IFUNC_YEAR C.cos(2t) = 0

Jump 1 ( -sys NRT.BON.1400 -0.00022354529193747 1): -0.00022355772120914 4.019687556678e-07 Y
Jump 2 ( -sys ao.ASP.L 0.0018047843388855 1): 0.0018047769639775 3.9699616131065e-07 Y
Jump 3 ( -sys WSRT.P1.1380.C -0.00022650364784534 1): -0.0002265161330372 5.5551117458002e-07 Y
Jump 4 ( -sys EFF.EBPP.1360 -0.00035712999632847 1): -0.00035713948188581 8.9042570483653e-07 Y
Jump 5 ( -sys EFF.EBPP.2639 -0.00024207871779332 1): -0.00024208843549601 4.6283359499397e-07 Y
Jump 6 ( -sys PKS.MULTI.CPSR2m.20CM 0.001722157373416 1): 0.0017221627842173 4.8548689350504e-07 Y
Jump 7 ( -sys PKS.MULTI.CPSR2n.20CM 0.0017210512824757 1): 0.0017210559151191 6.7157584747085e-07 Y
Jump 8 ( -sys PKS.MULTI.PDFB2.20CM 0.0017215827917012 1): 0.0017215682534473 4.9825597070251e-07 Y
Jump 9 ( -sys PKS.10CM.PDFB2.10CM 0.0017199809003613 1): 0.0017199661063104 1.2059857899851e-06 Y
Jump 10 ( -sys JBO.DFB.1520 -0.00019751394235078 1): -0.00019750047608463 6.5702658257795e-07 Y
Jump 11 ( -sys PKS.10CM.PDFB4.10CM 0.0017208632264038 1): 0.001720851320319 5.0760884639481e-07 Y
Jump 12 ( -sys PKS.MULTI.PDFB4.20CM 0.0017221247279573 1): 0.0017221123345308 4.3663193409916e-07 Y
Jump 13 ( -sys PKS.MULTI.PDFB3.20CM 0.0017221016771009 1): 0.001722088837243 4.5002445996729e-07 Y
Jump 14 ( -sys PKS.MULTI.PDFB1.20CM 0.0017223863766855 1): 0.00172237547514 4.5933526973123e-07 Y
Jump 15 ( -sys NRT.BON.2000 -0.00021960568710989 1): -0.0002195911900476 6.9286414635356e-07 Y
Jump 16 ( -sys PKS.10CM.PDFB1.10CM 0.0017221482489284 1): 0.0017221470286891 7.4066652570078e-07 Y
Jump 17 ( -sys NRT.BON.1600 -0.00022274127520073 1): -0.00022273566131665 7.7138703594192e-07 Y
Jump 18 ( -sys PKS.10CM.WBCORR.10CM 0.0017202680325137 1): 0.0017202692464968 7.1007594897591e-07 Y
Jump 19 ( -sys PKS.MULTI.WBCORR.20CM 0.0017223876041089 1): 0.0017223982453082 4.8958751498796e-07 Y
Jump 20 ( -sys PKS.H-OH.cpsr2m.20cm_legacy -0.00045464554235077 1): -0.00045461323623677 1.1035654430054e-06 Y
Jump 21 ( -sys PKS.H-OH.cpsr2n.20cm_legacy -0.00045765194258429 1): -0.00045760935397048 1.1127795245564e-06 Y
Jump 22 ( -sys PKS.MULTI.cpsr2m.20cm_legacy -0.00045725209628655 1): -0.00045728234468738 1.1926727378182e-06 Y
Jump 23 ( -sys PKS.MULTI.cpsr2n.20cm_legacy -0.00045980009391212 1): -0.00045982755554426 1.2469289778503e-06 Y
Jump 24 ( -sys PKS.H-OH.PDFB1.20CM 0.0017220398894724 1): 0.0017220384703751 6.2855041245684e-07 Y
Jump 25 ( -sys JBO.DFB.1400 -0.00019673559430332 1): -0.00019675005417576 4.377406355044e-06 Y
Interpolated function
49400.00 -2.271280746e-07 5.444259494e-07 0.027
49582.62 -1.620766185e-06 5.5864125e-07 0.027
49765.25 -8.501197955e-07 3.920520416e-07 0.027
49947.88 3.898638086e-07 3.498597457e-07 0.027
50130.50 6.041523978e-07 3.495294735e-07 0.027
50313.12 1.000226456e-06 3.027404732e-07 0.027
50495.75 4.558242494e-07 3.180954399e-07 0.027
50678.38 8.273517762e-07 3.138493681e-07 0.027
50861.00 2.685807489e-07 2.681458582e-07 0.027
51043.62 3.399581279e-07 2.517565294e-07 0.027
51226.25 2.103350356e-07 2.395883405e-07 0.027
51408.88 1.643744267e-07 2.436415035e-07 0.027
51591.50 1.467384711e-07 2.244695918e-07 0.027
51774.12 -1.770967649e-07 2.221286287e-07 0.027
51956.75 -1.230134092e-07 2.185448028e-07 0.027
52139.38 -3.125113111e-07 2.126050251e-07 0.027
52322.00 9.141745837e-08 2.097768893e-07 0.027
52504.62 -2.16281827e-07 2.141438674e-07 0.027
52687.25 -1.863891149e-07 2.087564508e-07 0.027
52869.88 -1.221215706e-07 1.987990673e-07 0.027
53052.50 -1.846317838e-07 1.937270993e-07 0.027
53235.12 -6.909049794e-08 1.793113091e-07 0.027
53417.75 -1.502744078e-08 1.717568483e-07 0.027
53600.38 -3.33994302e-07 1.62214035e-07 0.027
53783.00 -2.398791562e-07 1.614891199e-07 0.027
53965.62 -7.0385228e-08 1.55751466e-07 0.027
54148.25 -1.916437676e-07 1.524279789e-07 0.027
54330.88 -1.427436603e-07 1.430649174e-07 0.027
54513.50 -1.05457185e-07 1.348833844e-07 0.027
54696.12 -1.676328547e-07 1.254348894e-07 0.027
54878.75 -5.57294531e-08 1.15593942e-07 0.027
55061.38 4.665775295e-08 1.025713685e-07 0.027
55244.00 8.567570844e-08 9.999583412e-08 0.027
55426.62 1.537033884e-07 1.093437011e-07 0.027
55609.25 2.950729242e-07 1.361144743e-07 0.027
55791.88 3.104884647e-07 1.77192498e-07 0.027
55974.50 2.122218678e-08 1.930313109e-07 0.027

Derived parameters:

P0 (s)      = 0.0053621005479301        3.2724e-17   
P1          = 1.78409930058929e-20      2.501e-25    
tau_c (Myr) = 4765.2
bs (G)      = 3.1299e+08

Binary model: T2
Mass function                  = 0.005557392974 
Minimum, median and maximum companion mass: 0.2414 < 0.2837 < 0.6437 solar masses
Pulsar Mass (Shapiro Delay): 1.46629 (+/- 0) Msun.

Parallax distance is 1545.8 (+/- 0) pc.
MTOT derived from sin i and m2 = 1.7210199407156
Inclination angle (deg)        = 87.200578589856 (+ 0 - 0)

Conversion from ELL1 parameters: 
------------------------------------
ECC = 2.17334824750509e-05 +/- 0
OM  = 276.532971881702 +/- 0 degrees
T0  = 47529.9014265652 +/- 0
------------------------------------
Total proper motion = 6.0465 +/- 0 mas/yr
Total time span = 5457.778 days = 14.943 years

Tempo2 usage
Units:                 TCB (tempo2)
Time ephemeris:        IF99 (tempo2)
Troposphere corr.?     Yes (tempo2)
Dilate freq?           Yes (tempo2)
Electron density (1AU) 4
Solar system ephem     DE421
Time scale             TT(TAI)
Binary model           T2


Results for PSR J1909-3744


RMS pre-fit residual = 0.504 (us), RMS post-fit residual = 0.244 (us)
Fit Chisq = 3.191e+04	Chisqr/nfree = 31913.25/29061 = 1.09815	pre/post = 2.07099
Number of fit parameters: 61

Global fit:

Number of fit parameters in total, nt: 635

Number of points in fit (including constraint points) = 1398
Number of constraints in fit = 19
Number of observations in fit = 1379
Constraint EFACTOR = 1e+15
Offset: -3.94824e-07 2.27544e-07 offset_e*sqrt(n) = 8.44982e-06 n = 1379


PARAMETER       Pre-fit                   Post-fit                  Uncertainty   Difference   Fit
---------------------------------------------------------------------------------------------------
RAJ (rad)       5.01690782326356          5.01690782326356          0             0             N
RAJ (hms)       19:09:47.4346750          19:09:47.4346750          0             0            
DECJ (rad)      -0.658641041202406        -0.658641041202406        0             0             N
DECJ (dms)      -37:44:14.46675           -37:44:14.46675           0             0            
F0 (s^-1)       339.315687288244          339.315687288245          6.141e-13     9.6634e-13    Y
F1 (s^-2)       -1.61482160955295e-15     -1.61482782656696e-15     1.2598e-20    -6.217e-21    Y
PEPOCH (MJD)    54500                     54500                     0             0             N
POSEPOCH (MJD)  54500                     54500                     0             0             N
DMEPOCH (MJD)   54500                     54500                     0             0             N
DM (cm^-3 pc)   10.3927118469279          10.3927118469279          0             0             N
DM1 (cm^-3 pc y -0.000309467720413789     -0.000309467720413789     0             0             N
PMRA (mas/yr)   -9.51334570680648         -9.51334570680648         0             0             N
PMDEC (mas/yr)  -35.8061710750027         -35.8061710750027         0             0             N
PX (mas)        0.829114938491748         0.829114938491748         0             0             N
SINI            0.998110811072999         0.998110811072999         0             0             N
PB (d)          1.53344947440779          1.53344947440779          0             0             N
T0 (MJD)        53631.3916047528          53631.3916047528          0             0             N
A1 (lt-s)       1.8979911685581           1.8979911685581           0             0             N
OM (deg)        156.914428817199          156.914428817199          0             0             N
ECC             1.13845184465498e-07      1.13845184465498e-07      0             0             N
PBDOT           5.03460719239541e-13      5.03460719239541e-13      0             0             N
M2              0.206683106179968         0.206683106179968         0             0             N
START (MJD)     52617.3623363457          52618.3683778537          0             1.006         N
FINISH (MJD)    55914.5492445488          55913.5514608777          0             -0.99778      N
TZRMJD          54264.8617749667          54264.8617749667          0             0             N
TZRFRQ (MHz)    1341.062                  1341.062                  0             0             N
TZRSITE         PKS                      
KOM             38.5719901001812          38.5719901001812          0             0             N
KIN             93.5224409525142          93.5224409525142          0             0             N
TRES            0.255                     0.243603037757769         0             -0.011397     N
EPHVER          TEMPO2                    TEMPO2                    0             0             N
IFUNC           2                         2                         0             0             G
DMMODEL         10.3927118469279          10.3927118469279          0             0             N
NE_SW (cm^-3)   4                         4                         0             0             N
---------------------------------------------------------------------------------------------------
[textOutput.C:273] Notice: Parameter uncertainties multiplied by sqrt(red. chisq)


CONSTRAINTS:
DMMODEL mean(DM) = 0
DMMODEL mean(C) = 0
DMMODEL linear(C) = 0
DMMODEL quadratic(C) = 0
DMMODEL_YEAR C.sin(t) = 0
DMMODEL_YEAR C.cos(t) = 0
DMMODEL_YEAR C.t.sin(t) = 0
DMMODEL_YEAR C.t.cos(t) = 0
DMMODEL_YEAR C.cos(2t) = 0
DMMODEL_YEAR C.sin(2t) = 0
IFUNC mean(C) = 0
IFUNC linear(C) = 0
IFUNC quadratic(C) = 0
IFUNC_YEAR C.sin(t) = 0
IFUNC_YEAR C.cos(t) = 0
IFUNC_YEAR C.t.sin(t) = 0
IFUNC_YEAR C.t.cos(t) = 0
IFUNC_YEAR C.sin(2t) = 0
IFUNC_YEAR C.cos(2t) = 0

Jump 1 ( -sys MULTI_CPSR2n 1.1448165804346e-07 1): 1.1443247898474e-07 1.384520167638e-08 Y
Jump 2 ( -sys NRT.BON.2000 -9.3101507129412e-05 1): -9.3101402550999e-05 8.9172480053241e-08 Y
Jump 3 ( -sys NRT.BON.1400 -9.341066407432e-05 1): -9.3410731482826e-05 2.6072079435831e-08 Y
Jump 4 ( -sys gbt.GASP.L -2.0635466259782e-05 1): -2.0635244589379e-05 4.0241198302804e-08 Y
Jump 5 ( -sys 10CM_CPSR2 -9.2106199501676e-07 1): -9.2027728751555e-07 7.8026463530827e-08 Y
Jump 6 ( -sys H-OH_CPSR2m -6.2035114479775e-08 1): -5.1313294855269e-08 5.286250928606e-08 Y
Jump 7 ( -sys H-OH_CPSR2n 2.0369679745063e-08 1): 3.1311147090541e-08 5.3272261398187e-08 Y
Jump 8 ( -sys MULTI_PDFB2 4.5036399096275e-08 1): 4.4914442997824e-08 3.8421279652525e-08 Y
Jump 9 ( -sys MULTI_PDFB1 -1.6655105968699e-07 1): -1.622903761553e-07 4.6031094006944e-08 Y
Jump 10 ( -sys 10CM_PDFB2 2.5343394841347e-07 1): 2.5224372918931e-07 3.6849013061641e-08 Y
Jump 11 ( -sys MULTI_PDFB4 6.5969377515789e-08 1): 6.5798858890052e-08 3.6629768148309e-08 Y
Jump 12 ( -sys MULTI_PDFB3 3.2511546403572e-08 1): 3.2006043921682e-08 4.340823627401e-08 Y
Jump 13 ( -sys 10CM_WBCORR 8.6447622770013e-07 1): 8.6917331362543e-07 6.6888899041965e-08 Y
Jump 14 ( -sys 10CM_PDFB1 3.9474807966692e-07 1): 4.0154077935093e-07 4.7995913462683e-08 Y
Jump 15 ( -sys 10CM_PDFB4 1.8494627947275e-07 1): 1.8546623611421e-07 3.8194216987913e-08 Y
Jump 16 ( -sys NRT.BON.1600 -9.3370560735919e-05 1): -9.3362532869482e-05 6.829442330679e-08 Y
Jump 17 ( -sys 10CM_PDFB4a 5.5022211080746e-07 1): 5.5055228139966e-07 4.0970397837739e-08 Y
Jump 18 ( -sys MULTI_WBCORR -9.6438477906075e-08 1): -9.8798842773413e-08 5.0164966109518e-08 Y
Jump 19 ( -sys 10CM_PDFB3 1.5499720013803e-06 1): 1.5493647435514e-06 1.1643128561278e-07 Y
Jump 20 ( -sys H-OH_WBCORR 4.8305029807623e-07 1): 4.9393176434418e-07 1.6388694591024e-07 Y
Jump 21 ( -sys H-OH_PDFB1 -1.5775342403881e-07 1): -1.4755733000579e-07 7.3159008600369e-08 Y
Jump 22 ( -nband b3 3.8345863325708e-08 0): 3.8345863325708e-08 0 N
Jump 23 ( -nband b4 7.7589036821138e-08 0): 7.7589036821138e-08 0 N
Jump 24 ( -nband b5 9.2165102758709e-08 0): 9.2165102758709e-08 0 N
Jump 25 ( -nband b7 5.6345312222993e-08 0): 5.6345312222993e-08 0 N

Dispersion measure values:
_DM	  52600.0   7.75e-05          0  0.03
_DM	  52700.0   2.88e-05          0  0.03
_DM	  52800.0   1.74e-06          0  0.03
_DM	  52900.0   8.47e-05          0  0.03
_DM	  53000.0  -9.78e-05          0  0.03
_DM	  53100.0   5.37e-05          0  0.03
_DM	  53200.0  -3.28e-05          0  0.03
_DM	  53300.0   6.73e-05          0  0.03
_DM	  53400.0   0.000119          0  0.03
_DM	  53500.0  -1.73e-05          0  0.03
_DM	  53600.0   2.42e-05          0  0.03
_DM	  53700.0   3.74e-05          0  0.03
_DM	  53800.0  -2.71e-05          0  0.03
_DM	  53900.0  -0.000108          0  0.03
_DM	  54000.0   -0.00013          0  0.03
_DM	  54100.0   -0.00014          0  0.03
_DM	  54200.0   -0.00014          0  0.03
_DM	  54300.0  -8.06e-05          0  0.03
_DM	  54400.0   8.88e-06          0  0.03
_DM	  54500.0  -1.34e-05          0  0.03
_DM	  54600.0  -5.37e-07          0  0.03
_DM	  54700.0   1.15e-05          0  0.03
_DM	  54800.0   3.16e-05          0  0.03
_DM	  54900.0  -2.49e-05          0  0.03
_DM	  55000.0  -1.65e-06          0  0.03
_DM	  55100.0    8.6e-05          0  0.03
_DM	  55200.0   9.98e-05          0  0.03
_DM	  55300.0  -4.82e-05          0  0.03
_DM	  55400.0  -5.72e-05          0  0.03
_DM	  55500.0   0.000105          0  0.03
_DM	  55600.0   0.000123          0  0.03
_DM	  55700.0   1.56e-06          0  0.03
_DM	  55800.0  -2.17e-05          0  0.03
_DM	  55900.0   6.51e-05          0  0.03
_DM	  56000.0   -8.6e-05          0  0.03
Mean DMOFF = -3.48494e-20
_CM	  52600.0          0          0  0.03
_CM	  52700.0          0          0  0.03
_CM	  52800.0          0          0  0.03
_CM	  52900.0          0          0  0.03
_CM	  53000.0          0          0  0.03
_CM	  53100.0          0          0  0.03
_CM	  53200.0          0          0  0.03
_CM	  53300.0          0          0  0.03
_CM	  53400.0          0          0  0.03
_CM	  53500.0          0          0  0.03
_CM	  53600.0          0          0  0.03
_CM	  53700.0          0          0  0.03
_CM	  53800.0          0          0  0.03
_CM	  53900.0          0          0  0.03
_CM	  54000.0          0          0  0.03
_CM	  54100.0          0          0  0.03
_CM	  54200.0          0          0  0.03
_CM	  54300.0          0          0  0.03
_CM	  54400.0          0          0  0.03
_CM	  54500.0          0          0  0.03
_CM	  54600.0          0          0  0.03
_CM	  54700.0          0          0  0.03
_CM	  54800.0          0          0  0.03
_CM	  54900.0          0          0  0.03
_CM	  55000.0          0          0  0.03
_CM	  55100.0          0          0  0.03
_CM	  55200.0          0          0  0.03
_CM	  55300.0          0          0  0.03
_CM	  55400.0          0          0  0.03
_CM	  55500.0          0          0  0.03
_CM	  55600.0          0          0  0.03
_CM	  55700.0          0          0  0.03
_CM	  55800.0          0          0  0.03
_CM	  55900.0          0          0  0.03
_CM	  56000.0          0          0  0.03
CM white PSD estimate: 0
Interpolated function
49400.00 -2.271280746e-07 5.444259494e-07 0.027
49582.62 -1.620766185e-06 5.5864125e-07 0.027
49765.25 -8.501197955e-07 3.920520416e-07 0.027
49947.88 3.898638086e-07 3.498597457e-07 0.027
50130.50 6.041523978e-07 3.495294735e-07 0.027
50313.12 1.000226456e-06 3.027404732e-07 0.027
50495.75 4.558242494e-07 3.180954399e-07 0.027
50678.38 8.273517762e-07 3.138493681e-07 0.027
50861.00 2.685807489e-07 2.681458582e-07 0.027
51043.62 3.399581279e-07 2.517565294e-07 0.027
51226.25 2.103350356e-07 2.395883405e-07 0.027
51408.88 1.643744267e-07 2.436415035e-07 0.027
51591.50 1.467384711e-07 2.244695918e-07 0.027
51774.12 -1.770967649e-07 2.221286287e-07 0.027
51956.75 -1.230134092e-07 2.185448028e-07 0.027
52139.38 -3.125113111e-07 2.126050251e-07 0.027
52322.00 9.141745837e-08 2.097768893e-07 0.027
52504.62 -2.16281827e-07 2.141438674e-07 0.027
52687.25 -1.863891149e-07 2.087564508e-07 0.027
52869.88 -1.221215706e-07 1.987990673e-07 0.027
53052.50 -1.846317838e-07 1.937270993e-07 0.027
53235.12 -6.909049794e-08 1.793113091e-07 0.027
53417.75 -1.502744078e-08 1.717568483e-07 0.027
53600.38 -3.33994302e-07 1.62214035e-07 0.027
53783.00 -2.398791562e-07 1.614891199e-07 0.027
53965.62 -7.0385228e-08 1.55751466e-07 0.027
54148.25 -1.916437676e-07 1.524279789e-07 0.027
54330.88 -1.427436603e-07 1.430649174e-07 0.027
54513.50 -1.05457185e-07 1.348833844e-07 0.027
54696.12 -1.676328547e-07 1.254348894e-07 0.027
54878.75 -5.57294531e-08 1.15593942e-07 0.027
55061.38 4.665775295e-08 1.025713685e-07 0.027
55244.00 8.567570844e-08 9.999583412e-08 0.027
55426.62 1.537033884e-07 1.093437011e-07 0.027
55609.25 2.950729242e-07 1.361144743e-07 0.027
55791.88 3.104884647e-07 1.77192498e-07 0.027
55974.50 2.122218678e-08 1.930313109e-07 0.027

Derived parameters:

P0 (s)      = 0.00294710806916071       5.3337e-18   
P1          = 1.40254998406188e-20      1.0942e-25   
tau_c (Myr) = 3331.5
bs (G)      = 2.0573e+08

Binary model: T2
Mass function                  = 0.003121952898 
Minimum, median and maximum companion mass: 0.1954 < 0.2288 < 0.5065 solar masses
Pulsar Mass (annual orbital parallax): 1.47024 (+/- 0) Msun.

Parallax distance is 1206.11 (+/- 0) pc.
Pbdot distance is 1139.65 (+/- 0) pc.
MTOT derived from sin i and m2 = 1.6769721063634
Total proper motion = 37.048 +/- 0 mas/yr
Total time span = 3295.181 days = 9.022 years

Tempo2 usage
Units:                 TCB (tempo2)
Time ephemeris:        IF99 (tempo2)
Troposphere corr.?     Yes (tempo2)
Dilate freq?           Yes (tempo2)
Electron density (1AU) 4
Solar system ephem     DE421
Time scale             TT(TAI)
Binary model           T2


Results for PSR J1910+1256


RMS pre-fit residual = 1.834 (us), RMS post-fit residual = 1.818 (us)
Fit Chisq = 3.191e+04	Chisqr/nfree = 31913.25/29061 = 1.09815	pre/post = 1.00853
Number of fit parameters: 43

Global fit:

Number of fit parameters in total, nt: 635

Number of points in fit (including constraint points) = 106
Number of constraints in fit = 9
Number of observations in fit = 97
Constraint EFACTOR = 1e+15
Offset: -4.47764e-07 1.25441e-06 offset_e*sqrt(n) = 1.23545e-05 n = 97


PARAMETER       Pre-fit                   Post-fit                  Uncertainty   Difference   Fit
---------------------------------------------------------------------------------------------------
RAJ (rad)       5.01852710741861          5.01852710741861          0             0             N
RAJ (hms)       19:10:09.7014305          19:10:09.7014305          0             0            
DECJ (rad)      0.225852815260169         0.225852815260169         0             0             N
DECJ (dms)      +12:56:25.48718           +12:56:25.48718           0             0            
F0 (s^-1)       200.658802230156          200.658802230156          3.9237e-12    3.1264e-13    Y
F1 (s^-2)       -3.89737911679676e-16     -3.89744024456852e-16     7.9353e-20    -6.1128e-21   Y
PEPOCH (MJD)    55000                     55000                     0             0             N
POSEPOCH (MJD)  55000                     55000                     0             0             N
DMEPOCH (MJD)   55000                     55000                     0             0             N
DM (cm^-3 pc)   38.092129555957           38.092129555957           0             0             N
DM1 (cm^-3 pc y 0.0038402021404335        0.0038402021404335        0             0             N
PMRA (mas/yr)   0.250610128015271         0.250610128015271         0             0             N
PMDEC (mas/yr)  -6.93472135778358         -6.93472135778358         0             0             N
PB (d)          58.4667429629589          58.4667429629589          0             0             N
T0 (MJD)        54079.3168055712          54079.3168055712          0             0             N
A1 (lt-s)       21.1291035837368          21.1291035837368          0             0             N
OM (deg)        106.007887365471          106.007887365471          0             0             N
ECC             0.000230249592776628      0.000230249592776628      0             0             N
XDOT            -1.61832454673945e-14     -1.61832454673945e-14     0             0             N
START (MJD)     53369.7252966173          53370.7288976309          0             1.0036        N
FINISH (MJD)    55887.875245836           55886.8772117086          0             -0.99803      N
TZRMJD          54630.2338530679          54630.2338530679          0             0             N
TZRFRQ (MHz)    1406                      1406                      0             0             N
TZRSITE         ao                       
TRES            1.818                     1.81822907345208          0             0.00022907    N
EPHVER          TEMPO2                    TEMPO2                    0             0             N
IFUNC           2                         2                         0             0             G
NE_SW (cm^-3)   4                         4                         0             0             N
---------------------------------------------------------------------------------------------------
[textOutput.C:273] Notice: Parameter uncertainties multiplied by sqrt(red. chisq)


CONSTRAINTS:
IFUNC mean(C) = 0
IFUNC linear(C) = 0
IFUNC quadratic(C) = 0
IFUNC_YEAR C.sin(t) = 0
IFUNC_YEAR C.cos(t) = 0
IFUNC_YEAR C.t.sin(t) = 0
IFUNC_YEAR C.t.cos(t) = 0
IFUNC_YEAR C.sin(2t) = 0
IFUNC_YEAR C.cos(2t) = 0

Jump 1 ( -sys ao.ASP.L 9.2590688637343e-05 1): 9.2591742661071e-05 4.7508219814136e-07 Y
Jump 2 ( -sys JBO.DFB.1520 1.4266175283836e-05 1): 1.4266152731973e-05 1.0737417956786e-06 Y
Jump 3 ( -sys ao.ASP.S 4.2841305588145e-05 1): 4.2837602267773e-05 6.7677353885574e-07 Y
Interpolated function
49400.00 -2.271280746e-07 5.444259494e-07 0.027
49582.62 -1.620766185e-06 5.5864125e-07 0.027
49765.25 -8.501197955e-07 3.920520416e-07 0.027
49947.88 3.898638086e-07 3.498597457e-07 0.027
50130.50 6.041523978e-07 3.495294735e-07 0.027
50313.12 1.000226456e-06 3.027404732e-07 0.027
50495.75 4.558242494e-07 3.180954399e-07 0.027
50678.38 8.273517762e-07 3.138493681e-07 0.027
50861.00 2.685807489e-07 2.681458582e-07 0.027
51043.62 3.399581279e-07 2.517565294e-07 0.027
51226.25 2.103350356e-07 2.395883405e-07 0.027
51408.88 1.643744267e-07 2.436415035e-07 0.027
51591.50 1.467384711e-07 2.244695918e-07 0.027
51774.12 -1.770967649e-07 2.221286287e-07 0.027
51956.75 -1.230134092e-07 2.185448028e-07 0.027
52139.38 -3.125113111e-07 2.126050251e-07 0.027
52322.00 9.141745837e-08 2.097768893e-07 0.027
52504.62 -2.16281827e-07 2.141438674e-07 0.027
52687.25 -1.863891149e-07 2.087564508e-07 0.027
52869.88 -1.221215706e-07 1.987990673e-07 0.027
53052.50 -1.846317838e-07 1.937270993e-07 0.027
53235.12 -6.909049794e-08 1.793113091e-07 0.027
53417.75 -1.502744078e-08 1.717568483e-07 0.027
53600.38 -3.33994302e-07 1.62214035e-07 0.027
53783.00 -2.398791562e-07 1.614891199e-07 0.027
53965.62 -7.0385228e-08 1.55751466e-07 0.027
54148.25 -1.916437676e-07 1.524279789e-07 0.027
54330.88 -1.427436603e-07 1.430649174e-07 0.027
54513.50 -1.05457185e-07 1.348833844e-07 0.027
54696.12 -1.676328547e-07 1.254348894e-07 0.027
54878.75 -5.57294531e-08 1.15593942e-07 0.027
55061.38 4.665775295e-08 1.025713685e-07 0.027
55244.00 8.567570844e-08 9.999583412e-08 0.027
55426.62 1.537033884e-07 1.093437011e-07 0.027
55609.25 2.950729242e-07 1.361144743e-07 0.027
55791.88 3.104884647e-07 1.77192498e-07 0.027
55974.50 2.122218678e-08 1.930313109e-07 0.027

Derived parameters:

P0 (s)      = 0.00498358401867164       9.7451e-17   
P1          = 9.67972533508939e-21      1.9708e-24   
tau_c (Myr) = 8162.9
bs (G)      = 2.2226e+08

Binary model: T2
Mass function                  = 0.002962839603 
Minimum, median and maximum companion mass: 0.1917 < 0.2245 < 0.4958 solar masses
Total proper motion = 6.9392 +/- 0 mas/yr
Total time span = 2516.146 days = 6.889 years

Tempo2 usage
Units:                 TCB (tempo2)
Time ephemeris:        IF99 (tempo2)
Troposphere corr.?     Yes (tempo2)
Dilate freq?           Yes (tempo2)
Electron density (1AU) 4
Solar system ephem     DE421
Time scale             TT(TAI)
Binary model           T2


Results for PSR J1911-1114


RMS pre-fit residual = 3.935 (us), RMS post-fit residual = 3.928 (us)
Fit Chisq = 3.191e+04	Chisqr/nfree = 31913.25/29061 = 1.09815	pre/post = 1.00179
Number of fit parameters: 42

Global fit:

Number of fit parameters in total, nt: 635

Number of points in fit (including constraint points) = 81
Number of constraints in fit = 9
Number of observations in fit = 72
Constraint EFACTOR = 1e+15
Offset: 1.75353e-06 9.17586e-07 offset_e*sqrt(n) = 7.78598e-06 n = 72


PARAMETER       Pre-fit                   Post-fit                  Uncertainty   Difference   Fit
---------------------------------------------------------------------------------------------------
RAJ (rad)       5.02576883407415          5.02576883407415          0             0             N
RAJ (hms)       19:11:49.2823202          19:11:49.2823202          0             0            
DECJ (rad)      -0.196167634926182        -0.196167634926182        0             0             N
DECJ (dms)      -11:14:22.47921           -11:14:22.47921           0             0            
F0 (s^-1)       275.805338043679          275.805338043679          4.6711e-12    4.5475e-13    Y
F1 (s^-2)       -1.06523741720691e-15     -1.06523891293205e-15     1.4342e-19    -1.4957e-21   Y
PEPOCH (MJD)    55000                     55000                     0             0             N
POSEPOCH (MJD)  55000                     55000                     0             0             N
DMEPOCH (MJD)   55000                     55000                     0             0             N
DM (cm^-3 pc)   31.0705113926065          31.0705113926065          0             0             N
PMRA (mas/yr)   -13.9479353812495         -13.9479353812495         0             0             N
PMDEC (mas/yr)  -8.14930946772799         -8.14930946772799         0             0             N
PB (d)          2.71655766098389          2.71655766098389          0             0             N
A1 (lt-s)       1.76287402629511          1.76287402629511          0             0             N
TASC (MJD)      50455.6117861267          50455.6117861267          0             0             N
EPS1            1.10110073030484e-06      1.10110073030484e-06      0             0             N
EPS2            -2.23063030387669e-06     -2.23063030387669e-06     0             0             N
START (MJD)     53814.2957381413          53815.2965094468          0             1.0008        N
FINISH (MJD)    55881.5091639226          55880.5114052277          0             -0.99776      N
TZRMJD          54854.5513232954          54854.5513232954          0             0             N
TZRFRQ (MHz)    1400                      1400                      0             0             N
TZRSITE         jb                       
TRES            3.927                     3.92772241817446          0             0.00072242    N
EPHVER          TEMPO2                    TEMPO2                    0             0             N
IFUNC           2                         2                         0             0             G
NE_SW (cm^-3)   4                         4                         0             0             N
---------------------------------------------------------------------------------------------------
[textOutput.C:273] Notice: Parameter uncertainties multiplied by sqrt(red. chisq)


CONSTRAINTS:
IFUNC mean(C) = 0
IFUNC linear(C) = 0
IFUNC quadratic(C) = 0
IFUNC_YEAR C.sin(t) = 0
IFUNC_YEAR C.cos(t) = 0
IFUNC_YEAR C.t.sin(t) = 0
IFUNC_YEAR C.t.cos(t) = 0
IFUNC_YEAR C.sin(2t) = 0
IFUNC_YEAR C.cos(2t) = 0

Jump 1 ( -sys JBO.DFB.1520 -0.00094358835160005 1): -0.00094362295188964 4.2296764562858e-06 Y
Jump 2 ( -sys JBO.DFB.1400 -0.00093237646012591 1): -0.00093237703366973 5.7684263399999e-06 Y
Interpolated function
49400.00 -2.271280746e-07 5.444259494e-07 0.027
49582.62 -1.620766185e-06 5.5864125e-07 0.027
49765.25 -8.501197955e-07 3.920520416e-07 0.027
49947.88 3.898638086e-07 3.498597457e-07 0.027
50130.50 6.041523978e-07 3.495294735e-07 0.027
50313.12 1.000226456e-06 3.027404732e-07 0.027
50495.75 4.558242494e-07 3.180954399e-07 0.027
50678.38 8.273517762e-07 3.138493681e-07 0.027
50861.00 2.685807489e-07 2.681458582e-07 0.027
51043.62 3.399581279e-07 2.517565294e-07 0.027
51226.25 2.103350356e-07 2.395883405e-07 0.027
51408.88 1.643744267e-07 2.436415035e-07 0.027
51591.50 1.467384711e-07 2.244695918e-07 0.027
51774.12 -1.770967649e-07 2.221286287e-07 0.027
51956.75 -1.230134092e-07 2.185448028e-07 0.027
52139.38 -3.125113111e-07 2.126050251e-07 0.027
52322.00 9.141745837e-08 2.097768893e-07 0.027
52504.62 -2.16281827e-07 2.141438674e-07 0.027
52687.25 -1.863891149e-07 2.087564508e-07 0.027
52869.88 -1.221215706e-07 1.987990673e-07 0.027
53052.50 -1.846317838e-07 1.937270993e-07 0.027
53235.12 -6.909049794e-08 1.793113091e-07 0.027
53417.75 -1.502744078e-08 1.717568483e-07 0.027
53600.38 -3.33994302e-07 1.62214035e-07 0.027
53783.00 -2.398791562e-07 1.614891199e-07 0.027
53965.62 -7.0385228e-08 1.55751466e-07 0.027
54148.25 -1.916437676e-07 1.524279789e-07 0.027
54330.88 -1.427436603e-07 1.430649174e-07 0.027
54513.50 -1.05457185e-07 1.348833844e-07 0.027
54696.12 -1.676328547e-07 1.254348894e-07 0.027
54878.75 -5.57294531e-08 1.15593942e-07 0.027
55061.38 4.665775295e-08 1.025713685e-07 0.027
55244.00 8.567570844e-08 9.999583412e-08 0.027
55426.62 1.537033884e-07 1.093437011e-07 0.027
55609.25 2.950729242e-07 1.361144743e-07 0.027
55791.88 3.104884647e-07 1.77192498e-07 0.027
55974.50 2.122218678e-08 1.930313109e-07 0.027

Derived parameters:

P0 (s)      = 0.00362574563310892       6.1407e-17   
P1          = 1.40036641936546e-20      1.8854e-24   
tau_c (Myr) = 4105.1
bs (G)      = 2.2802e+08

Binary model: T2
Mass function                  = 0.000797092473 
Minimum, median and maximum companion mass: 0.1199 < 0.1396 < 0.2966 solar masses

Conversion from ELL1 parameters: 
------------------------------------
ECC = 2.4875961028372e-06 +/- 0
OM  = 153.727781031064 +/- 0 degrees
T0  = 50456.7718149635 +/- 0
------------------------------------
Total proper motion = 16.154 +/- 0 mas/yr
Total time span = 2065.213 days = 5.654 years

Tempo2 usage
Units:                 TCB (tempo2)
Time ephemeris:        IF99 (tempo2)
Troposphere corr.?     Yes (tempo2)
Dilate freq?           Yes (tempo2)
Electron density (1AU) 4
Solar system ephem     DE421
Time scale             TT(TAI)
Binary model           T2


Results for PSR J1911+1347


RMS pre-fit residual = 0.834 (us), RMS post-fit residual = 0.843 (us)
Fit Chisq = 3.191e+04	Chisqr/nfree = 31913.25/29061 = 1.09815	pre/post = 0.989372
Number of fit parameters: 40

Global fit:

Number of fit parameters in total, nt: 635

Number of points in fit (including constraint points) = 45
Number of constraints in fit = 9
Number of observations in fit = 36
Constraint EFACTOR = 1e+15
Offset: 1.35503e-07 4.60581e-07 offset_e*sqrt(n) = 2.76349e-06 n = 36


PARAMETER       Pre-fit                   Post-fit                  Uncertainty   Difference   Fit
---------------------------------------------------------------------------------------------------
RAJ (rad)       5.02619952034883          5.02619952034883          0             0             N
RAJ (hms)       19:11:55.2046816          19:11:55.2046816          0             0            
DECJ (rad)      0.240731246369369         0.240731246369369         0             0             N
DECJ (dms)      +13:47:34.38389           +13:47:34.38389           0             0            
F0 (s^-1)       216.171227371986          216.171227371986          1.5513e-12    3.1264e-13    Y
F1 (s^-2)       -7.90967643729629e-16     -7.90966517398277e-16     6.2165e-20    1.1263e-21    Y
PEPOCH (MJD)    55000                     55000                     0             0             N
POSEPOCH (MJD)  55000                     55000                     0             0             N
DMEPOCH (MJD)   55000                     55000                     0             0             N
DM (cm^-3 pc)   30.9832740469537          30.9832740469537          0             0             N
PMRA (mas/yr)   -2.85068185802528         -2.85068185802528         0             0             N
PMDEC (mas/yr)  -3.74774051447665         -3.74774051447665         0             0             N
START (MJD)     54091.5488370551          54092.5522761914          0             1.0034        N
FINISH (MJD)    55869.6782784614          55868.6787990352          0             -0.99948      N
TZRMJD          54979.11206903            54979.11206903            0             0             N
TZRFRQ (MHz)    1399.621                  1399.621                  0             0             N
TZRSITE         ncy                      
TRES            0.831                     0.843064427934828         0             0.012064      N
EPHVER          TEMPO2                    TEMPO2                    0             0             N
IFUNC           2                         2                         0             0             G
NE_SW (cm^-3)   4                         4                         0             0             N
---------------------------------------------------------------------------------------------------
[textOutput.C:273] Notice: Parameter uncertainties multiplied by sqrt(red. chisq)


CONSTRAINTS:
IFUNC mean(C) = 0
IFUNC linear(C) = 0
IFUNC quadratic(C) = 0
IFUNC_YEAR C.sin(t) = 0
IFUNC_YEAR C.cos(t) = 0
IFUNC_YEAR C.t.sin(t) = 0
IFUNC_YEAR C.t.cos(t) = 0
IFUNC_YEAR C.sin(2t) = 0
IFUNC_YEAR C.cos(2t) = 0

Interpolated function
49400.00 -2.271280746e-07 5.444259494e-07 0.027
49582.62 -1.620766185e-06 5.5864125e-07 0.027
49765.25 -8.501197955e-07 3.920520416e-07 0.027
49947.88 3.898638086e-07 3.498597457e-07 0.027
50130.50 6.041523978e-07 3.495294735e-07 0.027
50313.12 1.000226456e-06 3.027404732e-07 0.027
50495.75 4.558242494e-07 3.180954399e-07 0.027
50678.38 8.273517762e-07 3.138493681e-07 0.027
50861.00 2.685807489e-07 2.681458582e-07 0.027
51043.62 3.399581279e-07 2.517565294e-07 0.027
51226.25 2.103350356e-07 2.395883405e-07 0.027
51408.88 1.643744267e-07 2.436415035e-07 0.027
51591.50 1.467384711e-07 2.244695918e-07 0.027
51774.12 -1.770967649e-07 2.221286287e-07 0.027
51956.75 -1.230134092e-07 2.185448028e-07 0.027
52139.38 -3.125113111e-07 2.126050251e-07 0.027
52322.00 9.141745837e-08 2.097768893e-07 0.027
52504.62 -2.16281827e-07 2.141438674e-07 0.027
52687.25 -1.863891149e-07 2.087564508e-07 0.027
52869.88 -1.221215706e-07 1.987990673e-07 0.027
53052.50 -1.846317838e-07 1.937270993e-07 0.027
53235.12 -6.909049794e-08 1.793113091e-07 0.027
53417.75 -1.502744078e-08 1.717568483e-07 0.027
53600.38 -3.33994302e-07 1.62214035e-07 0.027
53783.00 -2.398791562e-07 1.614891199e-07 0.027
53965.62 -7.0385228e-08 1.55751466e-07 0.027
54148.25 -1.916437676e-07 1.524279789e-07 0.027
54330.88 -1.427436603e-07 1.430649174e-07 0.027
54513.50 -1.05457185e-07 1.348833844e-07 0.027
54696.12 -1.676328547e-07 1.254348894e-07 0.027
54878.75 -5.57294531e-08 1.15593942e-07 0.027
55061.38 4.665775295e-08 1.025713685e-07 0.027
55244.00 8.567570844e-08 9.999583412e-08 0.027
55426.62 1.537033884e-07 1.093437011e-07 0.027
55609.25 2.950729242e-07 1.361144743e-07 0.027
55791.88 3.104884647e-07 1.77192498e-07 0.027
55974.50 2.122218678e-08 1.930313109e-07 0.027

Derived parameters:

P0 (s)      = 0.00462596253977503       3.3196e-17   
P1          = 1.69263112588262e-20      1.3303e-24   
tau_c (Myr) = 4333.1
bs (G)      = 2.8316e+08

Total proper motion = 4.7087 +/- 0 mas/yr
Total time span = 1776.125 days = 4.863 years

Tempo2 usage
Units:                 TCB (tempo2)
Time ephemeris:        IF99 (tempo2)
Troposphere corr.?     Yes (tempo2)
Dilate freq?           Yes (tempo2)
Electron density (1AU) 4
Solar system ephem     DE421
Time scale             TT(TAI)
Binary model           NONE


Results for PSR J1918-0642


RMS pre-fit residual = 1.886 (us), RMS post-fit residual = 1.849 (us)
Fit Chisq = 3.191e+04	Chisqr/nfree = 31913.25/29061 = 1.09815	pre/post = 1.01974
Number of fit parameters: 45

Global fit:

Number of fit parameters in total, nt: 635

Number of points in fit (including constraint points) = 265
Number of constraints in fit = 9
Number of observations in fit = 256
Constraint EFACTOR = 1e+15
Offset: -5.12049e-07 6.12574e-07 offset_e*sqrt(n) = 9.80118e-06 n = 256


PARAMETER       Pre-fit                   Post-fit                  Uncertainty   Difference   Fit
---------------------------------------------------------------------------------------------------
RAJ (rad)       5.05622125150195          5.05622125150195          0             0             N
RAJ (hms)       19:18:48.0331189          19:18:48.0331189          0             0            
DECJ (rad)      -0.117106209486186        -0.117106209486186        0             0             N
DECJ (dms)      -06:42:34.88961           -06:42:34.88961           0             0            
F0 (s^-1)       130.789514123377          130.789514123377          1.3067e-12    1.7053e-13    Y
F1 (s^-2)       -4.39448550106557e-16     -4.39452436686788e-16     1.3447e-20    -3.8866e-21   Y
PEPOCH (MJD)    55000                     55000                     0             0             N
POSEPOCH (MJD)  55000                     55000                     0             0             N
DMEPOCH (MJD)   55000                     55000                     0             0             N
DM (cm^-3 pc)   26.6109102489485          26.6109102489485          0             0             N
PMRA (mas/yr)   -7.13816257068699         -7.13816257068699         0             0             N
PMDEC (mas/yr)  -5.92179332539193         -5.92179332539193         0             0             N
SINI            0.985387596793242         0.985387596793242         0             0             N
PB (d)          10.9131777487479          10.9131777487479          0             0             N
T0 (MJD)        51575.7792758671          51575.7792758671          0             0             N
A1 (lt-s)       8.35046485459975          8.35046485459975          0             0             N
OM (deg)        219.756495563351          219.756495563351          0             0             N
ECC             2.03486059903842e-05      2.03486059903842e-05      0             0             N
M2              0.332694891012754         0.332694891012754         0             0             N
START (MJD)     52094.1132139417          52095.1066389775          0             0.99343       N
FINISH (MJD)    55915.6308389417          55914.634968152           0             -0.99587      N
TZRMJD          54009.8769318036          54009.8769318036          0             0             N
TZRFRQ (MHz)    1372                      1372                      0             0             N
TZRSITE         gbt                      
TRES            1.855                     1.84937113251121          0             -0.0056289    N
EPHVER          TEMPO2                    TEMPO2                    0             0             N
IFUNC           2                         2                         0             0             G
NE_SW (cm^-3)   4                         4                         0             0             N
---------------------------------------------------------------------------------------------------
[textOutput.C:273] Notice: Parameter uncertainties multiplied by sqrt(red. chisq)


CONSTRAINTS:
IFUNC mean(C) = 0
IFUNC linear(C) = 0
IFUNC quadratic(C) = 0
IFUNC_YEAR C.sin(t) = 0
IFUNC_YEAR C.cos(t) = 0
IFUNC_YEAR C.t.sin(t) = 0
IFUNC_YEAR C.t.cos(t) = 0
IFUNC_YEAR C.sin(2t) = 0
IFUNC_YEAR C.cos(2t) = 0

Jump 1 ( -sys gbt.GASP.L -7.867395120328e-05 1): -7.8679296446553e-05 3.8305378304488e-07 Y
Jump 2 ( -sys WSRT.P1.1380.C -0.00021233822040212 1): -0.00021232664441079 5.4648701479359e-07 Y
Jump 3 ( -sys WSRT.P1.1380 -0.00020983000798923 1): -0.00020983281971056 6.9567030269876e-07 Y
Jump 4 ( -sys JBO.DFB.1520 2.7207258875583e-05 1): 2.7201881297022e-05 4.5415046501757e-07 Y
Jump 5 ( -sys JBO.DFB.1400 3.1799937072058e-05 1): 3.1798314439749e-05 2.3263188579214e-06 Y
Interpolated function
49400.00 -2.271280746e-07 5.444259494e-07 0.027
49582.62 -1.620766185e-06 5.5864125e-07 0.027
49765.25 -8.501197955e-07 3.920520416e-07 0.027
49947.88 3.898638086e-07 3.498597457e-07 0.027
50130.50 6.041523978e-07 3.495294735e-07 0.027
50313.12 1.000226456e-06 3.027404732e-07 0.027
50495.75 4.558242494e-07 3.180954399e-07 0.027
50678.38 8.273517762e-07 3.138493681e-07 0.027
50861.00 2.685807489e-07 2.681458582e-07 0.027
51043.62 3.399581279e-07 2.517565294e-07 0.027
51226.25 2.103350356e-07 2.395883405e-07 0.027
51408.88 1.643744267e-07 2.436415035e-07 0.027
51591.50 1.467384711e-07 2.244695918e-07 0.027
51774.12 -1.770967649e-07 2.221286287e-07 0.027
51956.75 -1.230134092e-07 2.185448028e-07 0.027
52139.38 -3.125113111e-07 2.126050251e-07 0.027
52322.00 9.141745837e-08 2.097768893e-07 0.027
52504.62 -2.16281827e-07 2.141438674e-07 0.027
52687.25 -1.863891149e-07 2.087564508e-07 0.027
52869.88 -1.221215706e-07 1.987990673e-07 0.027
53052.50 -1.846317838e-07 1.937270993e-07 0.027
53235.12 -6.909049794e-08 1.793113091e-07 0.027
53417.75 -1.502744078e-08 1.717568483e-07 0.027
53600.38 -3.33994302e-07 1.62214035e-07 0.027
53783.00 -2.398791562e-07 1.614891199e-07 0.027
53965.62 -7.0385228e-08 1.55751466e-07 0.027
54148.25 -1.916437676e-07 1.524279789e-07 0.027
54330.88 -1.427436603e-07 1.430649174e-07 0.027
54513.50 -1.05457185e-07 1.348833844e-07 0.027
54696.12 -1.676328547e-07 1.254348894e-07 0.027
54878.75 -5.57294531e-08 1.15593942e-07 0.027
55061.38 4.665775295e-08 1.025713685e-07 0.027
55244.00 8.567570844e-08 9.999583412e-08 0.027
55426.62 1.537033884e-07 1.093437011e-07 0.027
55609.25 2.950729242e-07 1.361144743e-07 0.027
55791.88 3.104884647e-07 1.77192498e-07 0.027
55974.50 2.122218678e-08 1.930313109e-07 0.027

Derived parameters:

P0 (s)      = 0.00764587288746004       7.639e-17    
P1          = 2.56901135653903e-20      7.861e-25    
tau_c (Myr) = 4718.7
bs (G)      = 4.4848e+08

Binary model: T2
Mass function                  = 0.005249430937 
Minimum, median and maximum companion mass: 0.2364 < 0.2777 < 0.6283 solar masses
Pulsar Mass (Shapiro Delay): 2.25804 (+/- 0) Msun.
MTOT derived from sin i and m2 = 2.5908193050698
Inclination angle (deg)        = 80.193168419842 (+ 0 - 0)
Total proper motion = 9.2748 +/- 0 mas/yr
Total time span = 3819.526 days = 10.457 years

Tempo2 usage
Units:                 TCB (tempo2)
Time ephemeris:        IF99 (tempo2)
Troposphere corr.?     Yes (tempo2)
Dilate freq?           Yes (tempo2)
Electron density (1AU) 4
Solar system ephem     DE421
Time scale             TT(TAI)
Binary model           T2


Results for PSR J1955+2908


RMS pre-fit residual = 5.117 (us), RMS post-fit residual = 5.104 (us)
Fit Chisq = 3.191e+04	Chisqr/nfree = 31913.25/29061 = 1.09815	pre/post = 1.00241
Number of fit parameters: 43

Global fit:

Number of fit parameters in total, nt: 635

Number of points in fit (including constraint points) = 132
Number of constraints in fit = 9
Number of observations in fit = 123
Constraint EFACTOR = 1e+15
Offset: 2.71368e-06 2.17919e-06 offset_e*sqrt(n) = 2.41684e-05 n = 123


PARAMETER       Pre-fit                   Post-fit                  Uncertainty   Difference   Fit
---------------------------------------------------------------------------------------------------
RAJ (rad)       5.21619832059521          5.21619832059521          0             0             N
RAJ (hms)       19:55:27.8757296          19:55:27.8757296          0             0            
DECJ (rad)      0.50868328411928          0.50868328411928          0             0             N
DECJ (dms)      +29:08:43.45904           +29:08:43.45904           0             0            
F0 (s^-1)       163.047910506898          163.047910506898          5.0525e-12    2.558e-13     Y
F1 (s^-2)       -7.90300733660418e-16     -7.90300973496335e-16     1.676e-19     -2.3984e-22   Y
PEPOCH (MJD)    55000                     55000                     0             0             N
POSEPOCH (MJD)  55000                     55000                     0             0             N
DMEPOCH (MJD)   55000                     55000                     0             0             N
DM (cm^-3 pc)   104.466024229673          104.466024229673          0             0             N
PMRA (mas/yr)   -0.691583130973371        -0.691583130973371        0             0             N
PMDEC (mas/yr)  -3.90045120527389         -3.90045120527389         0             0             N
PB (d)          117.349099107664          117.349099107664          0             0             N
T0 (MJD)        46112.47305379            46112.47305379            0             0             N
A1 (lt-s)       31.4126914056129          31.4126914056129          0             0             N
OM (deg)        29.4618136729062          29.4618136729062          0             0             N
ECC             0.000330198820024256      0.000330198820024256      0             0             N
START (MJD)     53797.3606665132          53798.3638531981          0             1.0032        N
FINISH (MJD)    55919.7833676851          55918.7843892981          0             -0.99898      N
TZRMJD          54852.7703601733          54852.7703601733          0             0             N
TZRFRQ (MHz)    1400                      1400                      0             0             N
TZRSITE         jb                       
TRES            5.103                     5.10439168588662          0             0.0013917     N
EPHVER          TEMPO2                    TEMPO2                    0             0             N
IFUNC           2                         2                         0             0             G
NE_SW (cm^-3)   4                         4                         0             0             N
---------------------------------------------------------------------------------------------------
[textOutput.C:273] Notice: Parameter uncertainties multiplied by sqrt(red. chisq)


CONSTRAINTS:
IFUNC mean(C) = 0
IFUNC linear(C) = 0
IFUNC quadratic(C) = 0
IFUNC_YEAR C.sin(t) = 0
IFUNC_YEAR C.cos(t) = 0
IFUNC_YEAR C.t.sin(t) = 0
IFUNC_YEAR C.t.cos(t) = 0
IFUNC_YEAR C.sin(2t) = 0
IFUNC_YEAR C.cos(2t) = 0

Jump 1 ( -sys ao.ASP.L -0.0027518427798662 1): -0.0027518433780335 1.3125194768825e-06 Y
Jump 2 ( -sys JBO.DFB.1520 2.6830311378853e-05 1): 2.6826319840586e-05 3.9143938467786e-06 Y
Jump 3 ( -sys JBO.DFB.1400 2.9457379668595e-05 1): 2.9458776624522e-05 6.4846575924447e-06 Y
Interpolated function
49400.00 -2.271280746e-07 5.444259494e-07 0.027
49582.62 -1.620766185e-06 5.5864125e-07 0.027
49765.25 -8.501197955e-07 3.920520416e-07 0.027
49947.88 3.898638086e-07 3.498597457e-07 0.027
50130.50 6.041523978e-07 3.495294735e-07 0.027
50313.12 1.000226456e-06 3.027404732e-07 0.027
50495.75 4.558242494e-07 3.180954399e-07 0.027
50678.38 8.273517762e-07 3.138493681e-07 0.027
50861.00 2.685807489e-07 2.681458582e-07 0.027
51043.62 3.399581279e-07 2.517565294e-07 0.027
51226.25 2.103350356e-07 2.395883405e-07 0.027
51408.88 1.643744267e-07 2.436415035e-07 0.027
51591.50 1.467384711e-07 2.244695918e-07 0.027
51774.12 -1.770967649e-07 2.221286287e-07 0.027
51956.75 -1.230134092e-07 2.185448028e-07 0.027
52139.38 -3.125113111e-07 2.126050251e-07 0.027
52322.00 9.141745837e-08 2.097768893e-07 0.027
52504.62 -2.16281827e-07 2.141438674e-07 0.027
52687.25 -1.863891149e-07 2.087564508e-07 0.027
52869.88 -1.221215706e-07 1.987990673e-07 0.027
53052.50 -1.846317838e-07 1.937270993e-07 0.027
53235.12 -6.909049794e-08 1.793113091e-07 0.027
53417.75 -1.502744078e-08 1.717568483e-07 0.027
53600.38 -3.33994302e-07 1.62214035e-07 0.027
53783.00 -2.398791562e-07 1.614891199e-07 0.027
53965.62 -7.0385228e-08 1.55751466e-07 0.027
54148.25 -1.916437676e-07 1.524279789e-07 0.027
54330.88 -1.427436603e-07 1.430649174e-07 0.027
54513.50 -1.05457185e-07 1.348833844e-07 0.027
54696.12 -1.676328547e-07 1.254348894e-07 0.027
54878.75 -5.57294531e-08 1.15593942e-07 0.027
55061.38 4.665775295e-08 1.025713685e-07 0.027
55244.00 8.567570844e-08 9.999583412e-08 0.027
55426.62 1.537033884e-07 1.093437011e-07 0.027
55609.25 2.950729242e-07 1.361144743e-07 0.027
55791.88 3.104884647e-07 1.77192498e-07 0.027
55974.50 2.122218678e-08 1.930313109e-07 0.027

Derived parameters:

P0 (s)      = 0.00613316660661955       1.9005e-16   
P1          = 2.97277501119622e-20      6.3046e-24   
tau_c (Myr) = 3271
bs (G)      = 4.3209e+08

Binary model: T2
Mass function                  = 0.002416788526 
Minimum, median and maximum companion mass: 0.178 < 0.2083 < 0.4567 solar masses
Total proper motion = 3.9613 +/- 0 mas/yr
Total time span = 2120.419 days = 5.805 years

Tempo2 usage
Units:                 TCB (tempo2)
Time ephemeris:        IF99 (tempo2)
Troposphere corr.?     Yes (tempo2)
Dilate freq?           Yes (tempo2)
Electron density (1AU) 4
Solar system ephem     DE421
Time scale             TT(TAI)
Binary model           T2


Results for PSR J2010-1323


RMS pre-fit residual = 2.007 (us), RMS post-fit residual = 2.010 (us)
Fit Chisq = 3.191e+04	Chisqr/nfree = 31913.25/29061 = 1.09815	pre/post = 0.998374
Number of fit parameters: 44

Global fit:

Number of fit parameters in total, nt: 635

Number of points in fit (including constraint points) = 296
Number of constraints in fit = 9
Number of observations in fit = 287
Constraint EFACTOR = 1e+15
Offset: -1.58764e-07 5.61444e-07 offset_e*sqrt(n) = 9.51146e-06 n = 287


PARAMETER       Pre-fit                   Post-fit                  Uncertainty   Difference   Fit
---------------------------------------------------------------------------------------------------
RAJ (rad)       5.28296043022046          5.28296043022046          0             0             N
RAJ (hms)       20:10:45.9206367          20:10:45.9206367          0             0            
DECJ (rad)      -0.23385505233605         -0.23385505233605         0             0             N
DECJ (dms)      -13:23:56.06706           -13:23:56.06706           0             0            
F0 (s^-1)       191.450909092638          191.450909092638          1.4202e-12    2.558e-13     Y
F1 (s^-2)       -1.76876193831485e-16     -1.76875302085711e-16     5.5911e-20    8.9175e-22    Y
PEPOCH (MJD)    55000                     55000                     0             0             N
POSEPOCH (MJD)  55000                     55000                     0             0             N
DMEPOCH (MJD)   55000                     55000                     0             0             N
DM (cm^-3 pc)   22.1842171294724          22.1842171294724          0             0             N
DM1 (cm^-3 pc y 0.000547124757968869      0.000547124757968869      0             0             N
PMRA (mas/yr)   2.54487784751635          2.54487784751635          0             0             N
PMDEC (mas/yr)  -5.98294675374957         -5.98294675374957         0             0             N
START (MJD)     54086.5981443002          54086.5981443002          0             0             N
FINISH (MJD)    55917.517953492           55917.517953492           0             0             N
TZRMJD          55004.0881393121          55004.0881393121          0             0             N
TZRFRQ (MHz)    1399.56                   1399.56                   0             0             N
TZRSITE         ncy                      
TRES            2.009                     2.01040075228163          0             0.0014008     N
EPHVER          TEMPO2                    TEMPO2                    0             0             N
IFUNC           2                         2                         0             0             G
NE_SW (cm^-3)   4                         4                         0             0             N
---------------------------------------------------------------------------------------------------
[textOutput.C:273] Notice: Parameter uncertainties multiplied by sqrt(red. chisq)


CONSTRAINTS:
IFUNC mean(C) = 0
IFUNC linear(C) = 0
IFUNC quadratic(C) = 0
IFUNC_YEAR C.sin(t) = 0
IFUNC_YEAR C.cos(t) = 0
IFUNC_YEAR C.t.sin(t) = 0
IFUNC_YEAR C.t.cos(t) = 0
IFUNC_YEAR C.sin(2t) = 0
IFUNC_YEAR C.cos(2t) = 0

Jump 1 ( -sys NRT.BON.2000 -0.00096239130242785 1): -0.00096238797404615 1.1647607191072e-06 Y
Jump 2 ( -sys JBO.DFB.1520 1.9480101774196e-05 1): 1.9479267794717e-05 8.4196628639439e-07 Y
Jump 3 ( -sys NRT.BON.1600 -8.8883073508831e-06 1): -8.8557805381521e-06 1.0048355870716e-06 Y
Jump 4 ( -sys JBO.DFB.1400 2.6024951703333e-05 1): 2.6023514817031e-05 1.4820421300475e-06 Y
Interpolated function
49400.00 -2.271280746e-07 5.444259494e-07 0.027
49582.62 -1.620766185e-06 5.5864125e-07 0.027
49765.25 -8.501197955e-07 3.920520416e-07 0.027
49947.88 3.898638086e-07 3.498597457e-07 0.027
50130.50 6.041523978e-07 3.495294735e-07 0.027
50313.12 1.000226456e-06 3.027404732e-07 0.027
50495.75 4.558242494e-07 3.180954399e-07 0.027
50678.38 8.273517762e-07 3.138493681e-07 0.027
50861.00 2.685807489e-07 2.681458582e-07 0.027
51043.62 3.399581279e-07 2.517565294e-07 0.027
51226.25 2.103350356e-07 2.395883405e-07 0.027
51408.88 1.643744267e-07 2.436415035e-07 0.027
51591.50 1.467384711e-07 2.244695918e-07 0.027
51774.12 -1.770967649e-07 2.221286287e-07 0.027
51956.75 -1.230134092e-07 2.185448028e-07 0.027
52139.38 -3.125113111e-07 2.126050251e-07 0.027
52322.00 9.141745837e-08 2.097768893e-07 0.027
52504.62 -2.16281827e-07 2.141438674e-07 0.027
52687.25 -1.863891149e-07 2.087564508e-07 0.027
52869.88 -1.221215706e-07 1.987990673e-07 0.027
53052.50 -1.846317838e-07 1.937270993e-07 0.027
53235.12 -6.909049794e-08 1.793113091e-07 0.027
53417.75 -1.502744078e-08 1.717568483e-07 0.027
53600.38 -3.33994302e-07 1.62214035e-07 0.027
53783.00 -2.398791562e-07 1.614891199e-07 0.027
53965.62 -7.0385228e-08 1.55751466e-07 0.027
54148.25 -1.916437676e-07 1.524279789e-07 0.027
54330.88 -1.427436603e-07 1.430649174e-07 0.027
54513.50 -1.05457185e-07 1.348833844e-07 0.027
54696.12 -1.676328547e-07 1.254348894e-07 0.027
54878.75 -5.57294531e-08 1.15593942e-07 0.027
55061.38 4.665775295e-08 1.025713685e-07 0.027
55244.00 8.567570844e-08 9.999583412e-08 0.027
55426.62 1.537033884e-07 1.093437011e-07 0.027
55609.25 2.950729242e-07 1.361144743e-07 0.027
55791.88 3.104884647e-07 1.77192498e-07 0.027
55974.50 2.122218678e-08 1.930313109e-07 0.027

Derived parameters:

P0 (s)      = 0.00522327109721964       3.8747e-17   
P1          = 4.82561121059631e-21      1.5254e-24   
tau_c (Myr) = 17161
bs (G)      = 1.6066e+08

Total proper motion = 6.5017 +/- 0 mas/yr
Total time span = 1830.918 days = 5.013 years

Tempo2 usage
Units:                 TCB (tempo2)
Time ephemeris:        IF99 (tempo2)
Troposphere corr.?     Yes (tempo2)
Dilate freq?           Yes (tempo2)
Electron density (1AU) 4
Solar system ephem     DE421
Time scale             TT(TAI)
Binary model           NONE


Results for PSR J2019+2425


RMS pre-fit residual = 14.394 (us), RMS post-fit residual = 14.395 (us)
Fit Chisq = 3.191e+04	Chisqr/nfree = 31913.25/29061 = 1.09815	pre/post = 0.999911
Number of fit parameters: 42

Global fit:

Number of fit parameters in total, nt: 635

Number of points in fit (including constraint points) = 80
Number of constraints in fit = 9
Number of observations in fit = 71
Constraint EFACTOR = 1e+15
Offset: -1.01895e-06 4.08983e-06 offset_e*sqrt(n) = 3.44615e-05 n = 71


PARAMETER       Pre-fit                   Post-fit                  Uncertainty   Difference   Fit
---------------------------------------------------------------------------------------------------
RAJ (rad)       5.32121370247791          5.32121370247791          0             0             N
RAJ (hms)       20:19:31.9408894          20:19:31.9408894          0             0            
DECJ (rad)      0.426224000010363         0.426224000010363         0             0             N
DECJ (dms)      +24:25:15.01078           +24:25:15.01078           0             0            
F0 (s^-1)       254.160341455718          254.160341455719          1.5891e-11    3.4106e-13    Y
F1 (s^-2)       -4.53655370143632e-16     -4.53662013086863e-16     4.1287e-19    -6.6429e-21   Y
PEPOCH (MJD)    55000                     55000                     0             0             N
POSEPOCH (MJD)  55000                     55000                     0             0             N
DMEPOCH (MJD)   55000                     55000                     0             0             N
DM (cm^-3 pc)   17.0971341414041          17.0971341414041          0             0             N
PMRA (mas/yr)   -7.87410194131735         -7.87410194131735         0             0             N
PMDEC (mas/yr)  -18.7013812069158         -18.7013812069158         0             0             N
PB (d)          76.5116362158254          76.5116362158254          0             0             N
T0 (MJD)        50054.6804576701          50054.6804576701          0             0             N
A1 (lt-s)       38.767647013702           38.767647013702           0             0             N
OM (deg)        159.201570976757          159.201570976757          0             0             N
ECC             0.000110991491185041      0.000110991491185041      0             0             N
START (MJD)     53445.3625276928          53446.365785792           0             1.0033        N
FINISH (MJD)    55921.8477288647          55920.8488888906          0             -0.99884      N
TZRMJD          54688.9514481115          54688.9514481115          0             7.276e-12     N
TZRFRQ (MHz)    1397.012                  1397.012                  0             0             N
TZRSITE         ncy                      
TRES            14.392                    14.3949538573706          0             0.0029539     N
EPHVER          TEMPO2                    TEMPO2                    0             0             N
IFUNC           2                         2                         0             0             G
NE_SW (cm^-3)   4                         4                         0             0             N
---------------------------------------------------------------------------------------------------
[textOutput.C:273] Notice: Parameter uncertainties multiplied by sqrt(red. chisq)


CONSTRAINTS:
IFUNC mean(C) = 0
IFUNC linear(C) = 0
IFUNC quadratic(C) = 0
IFUNC_YEAR C.sin(t) = 0
IFUNC_YEAR C.cos(t) = 0
IFUNC_YEAR C.t.sin(t) = 0
IFUNC_YEAR C.t.cos(t) = 0
IFUNC_YEAR C.sin(2t) = 0
IFUNC_YEAR C.cos(2t) = 0

Jump 1 ( -sys JBO.DFB.1520 0.00032442282004692 1): 0.00032442708170061 5.9092376836844e-06 Y
Jump 2 ( -sys JBO.DFB.1400 0.00032353425245353 1): 0.00032353506189222 1.3863030382618e-05 Y
Interpolated function
49400.00 -2.271280746e-07 5.444259494e-07 0.027
49582.62 -1.620766185e-06 5.5864125e-07 0.027
49765.25 -8.501197955e-07 3.920520416e-07 0.027
49947.88 3.898638086e-07 3.498597457e-07 0.027
50130.50 6.041523978e-07 3.495294735e-07 0.027
50313.12 1.000226456e-06 3.027404732e-07 0.027
50495.75 4.558242494e-07 3.180954399e-07 0.027
50678.38 8.273517762e-07 3.138493681e-07 0.027
50861.00 2.685807489e-07 2.681458582e-07 0.027
51043.62 3.399581279e-07 2.517565294e-07 0.027
51226.25 2.103350356e-07 2.395883405e-07 0.027
51408.88 1.643744267e-07 2.436415035e-07 0.027
51591.50 1.467384711e-07 2.244695918e-07 0.027
51774.12 -1.770967649e-07 2.221286287e-07 0.027
51956.75 -1.230134092e-07 2.185448028e-07 0.027
52139.38 -3.125113111e-07 2.126050251e-07 0.027
52322.00 9.141745837e-08 2.097768893e-07 0.027
52504.62 -2.16281827e-07 2.141438674e-07 0.027
52687.25 -1.863891149e-07 2.087564508e-07 0.027
52869.88 -1.221215706e-07 1.987990673e-07 0.027
53052.50 -1.846317838e-07 1.937270993e-07 0.027
53235.12 -6.909049794e-08 1.793113091e-07 0.027
53417.75 -1.502744078e-08 1.717568483e-07 0.027
53600.38 -3.33994302e-07 1.62214035e-07 0.027
53783.00 -2.398791562e-07 1.614891199e-07 0.027
53965.62 -7.0385228e-08 1.55751466e-07 0.027
54148.25 -1.916437676e-07 1.524279789e-07 0.027
54330.88 -1.427436603e-07 1.430649174e-07 0.027
54513.50 -1.05457185e-07 1.348833844e-07 0.027
54696.12 -1.676328547e-07 1.254348894e-07 0.027
54878.75 -5.57294531e-08 1.15593942e-07 0.027
55061.38 4.665775295e-08 1.025713685e-07 0.027
55244.00 8.567570844e-08 9.999583412e-08 0.027
55426.62 1.537033884e-07 1.093437011e-07 0.027
55609.25 2.950729242e-07 1.361144743e-07 0.027
55791.88 3.104884647e-07 1.77192498e-07 0.027
55974.50 2.122218678e-08 1.930313109e-07 0.027

Derived parameters:

P0 (s)      = 0.00393452414437453       2.46e-16     
P1          = 7.02290583043931e-21      6.3914e-24   
tau_c (Myr) = 8882.6
bs (G)      = 1.6821e+08

Binary model: T2
Mass function                  = 0.010686514391 
Minimum, median and maximum companion mass: 0.3086 < 0.3643 < 0.8564 solar masses
Total proper motion = 20.291 +/- 0 mas/yr
Total time span = 2474.481 days = 6.775 years

Tempo2 usage
Units:                 TCB (tempo2)
Time ephemeris:        IF99 (tempo2)
Troposphere corr.?     Yes (tempo2)
Dilate freq?           Yes (tempo2)
Electron density (1AU) 4
Solar system ephem     DE421
Time scale             TT(TAI)
Binary model           T2


Results for PSR J2033+1734


RMS pre-fit residual = 14.104 (us), RMS post-fit residual = 14.118 (us)
Fit Chisq = 3.191e+04	Chisqr/nfree = 31913.25/29061 = 1.09815	pre/post = 0.999068
Number of fit parameters: 42

Global fit:

Number of fit parameters in total, nt: 635

Number of points in fit (including constraint points) = 130
Number of constraints in fit = 9
Number of observations in fit = 121
Constraint EFACTOR = 1e+15
Offset: 8.31852e-07 6.17913e-06 offset_e*sqrt(n) = 6.79704e-05 n = 121


PARAMETER       Pre-fit                   Post-fit                  Uncertainty   Difference   Fit
---------------------------------------------------------------------------------------------------
RAJ (rad)       5.38197830715305          5.38197830715305          0             0             N
RAJ (hms)       20:33:27.5141834          20:33:27.5141834          0             0            
DECJ (rad)      0.306879904631773         0.306879904631773         0             0             N
DECJ (dms)      +17:34:58.52407           +17:34:58.52407           0             0            
F0 (s^-1)       168.096675431067          168.096675431067          1.4196e-11    3.4106e-13    Y
F1 (s^-2)       -3.14737344384342e-16     -3.14736227934122e-16     4.9967e-19    1.1165e-21    Y
PEPOCH (MJD)    55000                     55000                     0             0             N
POSEPOCH (MJD)  55000                     55000                     0             0             N
DMEPOCH (MJD)   55000                     55000                     0             0             N
DM (cm^-3 pc)   24.9993183807235          24.9993183807235          0             0             N
PMRA (mas/yr)   -5.92491720438372         -5.92491720438372         0             0             N
PMDEC (mas/yr)  -7.97836369141119         -7.97836369141119         0             0             N
PB (d)          56.3077963612885          56.3077963612885          0             0             N
T0 (MJD)        49878.1234686568          49878.1234686568          0             0             N
A1 (lt-s)       20.1631163381175          20.1631163381175          0             0             N
OM (deg)        78.0789774904802          78.0789774904802          0             0             N
ECC             0.00012864275805967       0.00012864275805967       0             0             N
START (MJD)     53893.1443769315          53894.1410113385          0             0.99663       N
FINISH (MJD)    55918.7331689237          55917.7354298256          0             -0.99774      N
TZRMJD          54910.3430794051          54910.3430794051          0             0             N
TZRFRQ (MHz)    1400                      1400                      0             0             N
TZRSITE         jb                       
TRES            14.115                    14.1175791124888          0             0.0025791     N
EPHVER          TEMPO2                    TEMPO2                    0             0             N
IFUNC           2                         2                         0             0             G
NE_SW (cm^-3)   4                         4                         0             0             N
---------------------------------------------------------------------------------------------------
[textOutput.C:273] Notice: Parameter uncertainties multiplied by sqrt(red. chisq)


CONSTRAINTS:
IFUNC mean(C) = 0
IFUNC linear(C) = 0
IFUNC quadratic(C) = 0
IFUNC_YEAR C.sin(t) = 0
IFUNC_YEAR C.cos(t) = 0
IFUNC_YEAR C.t.sin(t) = 0
IFUNC_YEAR C.t.cos(t) = 0
IFUNC_YEAR C.sin(2t) = 0
IFUNC_YEAR C.cos(2t) = 0

Jump 1 ( -sys JBO.DFB.1520 -0.0028704282907795 1): -0.0028704290761645 3.2331825717591e-06 Y
Jump 2 ( -sys JBO.DFB.1400 0.0030677754874544 1): 0.0030677761268338 1.0831241504013e-05 Y
Interpolated function
49400.00 -2.271280746e-07 5.444259494e-07 0.027
49582.62 -1.620766185e-06 5.5864125e-07 0.027
49765.25 -8.501197955e-07 3.920520416e-07 0.027
49947.88 3.898638086e-07 3.498597457e-07 0.027
50130.50 6.041523978e-07 3.495294735e-07 0.027
50313.12 1.000226456e-06 3.027404732e-07 0.027
50495.75 4.558242494e-07 3.180954399e-07 0.027
50678.38 8.273517762e-07 3.138493681e-07 0.027
50861.00 2.685807489e-07 2.681458582e-07 0.027
51043.62 3.399581279e-07 2.517565294e-07 0.027
51226.25 2.103350356e-07 2.395883405e-07 0.027
51408.88 1.643744267e-07 2.436415035e-07 0.027
51591.50 1.467384711e-07 2.244695918e-07 0.027
51774.12 -1.770967649e-07 2.221286287e-07 0.027
51956.75 -1.230134092e-07 2.185448028e-07 0.027
52139.38 -3.125113111e-07 2.126050251e-07 0.027
52322.00 9.141745837e-08 2.097768893e-07 0.027
52504.62 -2.16281827e-07 2.141438674e-07 0.027
52687.25 -1.863891149e-07 2.087564508e-07 0.027
52869.88 -1.221215706e-07 1.987990673e-07 0.027
53052.50 -1.846317838e-07 1.937270993e-07 0.027
53235.12 -6.909049794e-08 1.793113091e-07 0.027
53417.75 -1.502744078e-08 1.717568483e-07 0.027
53600.38 -3.33994302e-07 1.62214035e-07 0.027
53783.00 -2.398791562e-07 1.614891199e-07 0.027
53965.62 -7.0385228e-08 1.55751466e-07 0.027
54148.25 -1.916437676e-07 1.524279789e-07 0.027
54330.88 -1.427436603e-07 1.430649174e-07 0.027
54513.50 -1.05457185e-07 1.348833844e-07 0.027
54696.12 -1.676328547e-07 1.254348894e-07 0.027
54878.75 -5.57294531e-08 1.15593942e-07 0.027
55061.38 4.665775295e-08 1.025713685e-07 0.027
55244.00 8.567570844e-08 9.999583412e-08 0.027
55426.62 1.537033884e-07 1.093437011e-07 0.027
55609.25 2.950729242e-07 1.361144743e-07 0.027
55791.88 3.104884647e-07 1.77192498e-07 0.027
55974.50 2.122218678e-08 1.930313109e-07 0.027

Derived parameters:

P0 (s)      = 0.00594895763069436       5.024e-16    
P1          = 1.11385456019472e-20      1.7683e-23   
tau_c (Myr) = 8467.9
bs (G)      = 2.6049e+08

Binary model: T2
Mass function                  = 0.002775994695 
Minimum, median and maximum companion mass: 0.1872 < 0.2191 < 0.4829 solar masses
Total proper motion = 9.9378 +/- 0 mas/yr
Total time span = 2023.592 days = 5.540 years

Tempo2 usage
Units:                 TCB (tempo2)
Time ephemeris:        IF99 (tempo2)
Troposphere corr.?     Yes (tempo2)
Dilate freq?           Yes (tempo2)
Electron density (1AU) 4
Solar system ephem     DE421
Time scale             TT(TAI)
Binary model           T2


Results for PSR J2124-3358


RMS pre-fit residual = 3.457 (us), RMS post-fit residual = 3.620 (us)
Fit Chisq = 3.191e+04	Chisqr/nfree = 31913.25/29061 = 1.09815	pre/post = 0.954774
Number of fit parameters: 63

Global fit:

Number of fit parameters in total, nt: 635

Number of points in fit (including constraint points) = 1028
Number of constraints in fit = 19
Number of observations in fit = 1009
Constraint EFACTOR = 1e+15
Offset: -1.84702e-07 4.53194e-06 offset_e*sqrt(n) = 0.000143956 n = 1009


PARAMETER       Pre-fit                   Post-fit                  Uncertainty   Difference   Fit
---------------------------------------------------------------------------------------------------
RAJ (rad)       5.60569571503804          5.60569571503804          0             0             N
RAJ (hms)       21:24:43.8493695          21:24:43.8493695          0             0            
DECJ (rad)      -0.593047608584569        -0.593047608584569        0             0             N
DECJ (dms)      -33:58:44.85008           -33:58:44.85008           0             0            
F0 (s^-1)       202.793893782577          202.793893782578          6.3402e-12    9.3792e-13    Y
F1 (s^-2)       -8.45955607437703e-16     -8.45957788369639e-16     3.5797e-20    -2.1809e-21   Y
PEPOCH (MJD)    54500                     54500                     0             0             N
POSEPOCH (MJD)  54500                     54500                     0             0             N
DMEPOCH (MJD)   54500                     54500                     0             0             N
DM (cm^-3 pc)   4.59873279526822          4.59873279526822          0             0             N
DM1 (cm^-3 pc y 9.87224168651772e-05      9.87224168651772e-05      0             0             N
PMRA (mas/yr)   -14.1418706896313         -14.1418706896313         0             0             N
PMDEC (mas/yr)  -50.0958229796803         -50.0958229796803         0             0             N
PX (mas)        2.4263085154909           2.4263085154909           0             0             N
START (MJD)     49488.8928377911          49489.8916331669          0             0.9988        N
FINISH (MJD)    55925.6111932599          55924.6137269486          0             -0.99747      N
TZRMJD          52741.9047383766          52741.9047383766          0             0             N
TZRFRQ (MHz)    1404.75                   1404.75                   0             0             N
TZRSITE         PKS                      
TRES            3.534                     3.62044843865578          0             0.086448      N
EPHVER          TEMPO2                    TEMPO2                    0             0             N
IFUNC           2                         2                         0             0             G
DMMODEL         4.59873279526822          4.59873279526822          0             0             N
NE_SW (cm^-3)   4                         4                         0             0             N
---------------------------------------------------------------------------------------------------
[textOutput.C:273] Notice: Parameter uncertainties multiplied by sqrt(red. chisq)


CONSTRAINTS:
DMMODEL mean(DM) = 0
DMMODEL mean(C) = 0
DMMODEL linear(C) = 0
DMMODEL quadratic(C) = 0
DMMODEL_YEAR C.sin(t) = 0
DMMODEL_YEAR C.cos(t) = 0
DMMODEL_YEAR C.t.sin(t) = 0
DMMODEL_YEAR C.t.cos(t) = 0
DMMODEL_YEAR C.cos(2t) = 0
DMMODEL_YEAR C.sin(2t) = 0
IFUNC mean(C) = 0
IFUNC linear(C) = 0
IFUNC quadratic(C) = 0
IFUNC_YEAR C.sin(t) = 0
IFUNC_YEAR C.cos(t) = 0
IFUNC_YEAR C.t.sin(t) = 0
IFUNC_YEAR C.t.cos(t) = 0
IFUNC_YEAR C.sin(2t) = 0
IFUNC_YEAR C.cos(2t) = 0

Jump 1 ( -sys PKS.MULTI.PDFB2.20CM -0.00050286954192355 1): -0.00050287734542794 1.3142224901797e-06 Y
Jump 2 ( -sys PKS.MULTI.PDFB1.20CM -0.00050556712534473 1): -0.00050556192511492 5.362938535501e-07 Y
Jump 3 ( -sys PKS.MULTI.CPSR2m.20CM -0.00050670960850536 1): -0.00050669092120094 6.9561879952681e-07 Y
Jump 4 ( -sys PKS.MULTI.cpsr2m.20cm_legacy -0.0013127024303534 1): -0.0013127472448828 1.3104846213923e-06 Y
Jump 5 ( -sys PKS.MULTI.cpsr2n.20cm_legacy -0.0013115146328524 1): -0.0013115603426817 1.188888726988e-06 Y
Jump 6 ( -sys PKS.H-OH.cpsr2n.20cm_legacy -0.0013085029152365 1): -0.0013085032087922 1.617726944671e-06 Y
Jump 7 ( -sys PKS.H-OH.cpsr2m.20cm_legacy -0.0013112018986879 1): -0.0013112022183615 1.7501666343309e-06 Y
Jump 8 ( -sys PKS.MULTI.WBCORR.20CM -0.0005059906623521 1): -0.00050600054653719 1.4513814454621e-06 Y
Jump 9 ( -sys PKS.MULTI.AFB.20cm_legacy -0.0013393888912058 1): -0.0013394712045436 1.9145570729913e-06 Y
Jump 10 ( -sys PKS.MULTI.fptm.20cm_legacy -0.0013174519987883 1): -0.00131756589973 2.912615743224e-06 Y
Jump 11 ( -sys PKS.H-OH.fptm.20cm_legacy -0.0013217547728128 1): -0.0013218182274918 3.820568281163e-06 Y
Jump 12 ( -sys JBO.DFB.1400 2.350340738783e-05 1): 2.3504214081224e-05 7.9675033747005e-06 Y
Jump 13 ( -sys JBO.DFB.1520 2.0990880193155e-05 1): 2.0999567668183e-05 4.8329607701077e-06 Y
Jump 14 ( -sys PKS.H-OH.PDFB1.20CM -0.00050504342888346 1): -0.00050503319545944 9.5745289014495e-07 Y
Jump 15 ( -sys PKS.MULTI.CPSR2n.20CM -0.00050610693604303 1): -0.00050609195014027 9.7634238577422e-07 Y
Jump 16 ( -sys PKS.MULTI.PDFB3.20CM -0.00050421606581716 1): -0.00050421712040451 3.6687500505109e-07 Y
Jump 17 ( -sys PKS.MULTI.PDFB4.20CM -0.00050421035397878 1): -0.00050421022614925 3.1007718163682e-07 Y
Jump 18 ( -sys NRT.BON.1600 -4.7391039851644e-06 1): -4.7216023529609e-06 8.8796628976788e-07 Y
Jump 19 ( -sys NRT.BON.2000 -6.3856447993259e-05 1): -6.3854546176874e-05 1.3180215338691e-06 Y
Jump 20 ( -sys PKS.10CM.PDFB1.10CM -0.00051029765251447 1): -0.00051028310930879 2.7933391807239e-06 Y
Jump 21 ( -sys PKS.10CM.PDFB2.10CM -0.00050621778649718 1): -0.00050622486000306 1.656690537138e-06 Y
Jump 22 ( -sys PKS.10CM.PDFB4.10CM -0.00050532525526029 1): -0.0005053255300976 1.075818295877e-06 Y
Jump 23 ( -sys PKS.10CM.WBCORR.10CM -0.00051104073435587 1): -0.0005110283750153 2.4192821333192e-06 Y
Jump 24 ( -nband b3 1.4365518325765e-05 0): 1.4365518325765e-05 0 N
Jump 25 ( -nband b4 1.5543646103327e-05 0): 1.5543646103327e-05 0 N
Jump 26 ( -nband b5 1.7470560785486e-05 0): 1.7470560785486e-05 0 N
Jump 27 ( -nband b7 1.8679566525142e-05 0): 1.8679566525142e-05 0 N

Dispersion measure values:
_DM	  53430.0  -0.000263          0  0.04
_DM	  53530.0  -0.000568          0  0.04
_DM	  53630.0   0.000537          0  0.04
_DM	  53730.0    0.00133          0  0.04
_DM	  53830.0    0.00044          0  0.04
_DM	  53930.0   0.000405          0  0.04
_DM	  54030.0  -0.000579          0  0.04
_DM	  54130.0   0.000592          0  0.04
_DM	  54230.0   8.13e-05          0  0.04
_DM	  54330.0    -0.0002          0  0.04
_DM	  54430.0  -0.000809          0  0.04
_DM	  54530.0  -0.000127          0  0.04
_DM	  54630.0   0.000192          0  0.04
_DM	  54730.0   0.000176          0  0.04
_DM	  54830.0   -0.00026          0  0.04
_DM	  54930.0   0.000201          0  0.04
_DM	  55030.0  -0.000357          0  0.04
_DM	  55130.0  -0.000897          0  0.04
_DM	  55230.0  -0.000497          0  0.04
_DM	  55330.0  -0.000623          0  0.04
_DM	  55430.0  -0.000531          0  0.04
_DM	  55530.0  -0.000846          0  0.04
_DM	  55630.0  -0.000531          0  0.04
_DM	  55730.0   -0.00103          0  0.04
_DM	  55830.0   0.000827          0  0.04
_DM	  55930.0    0.00334          0  0.04
Mean DMOFF = 0
_CM	  53430.0          0          0  0.04
_CM	  53530.0          0          0  0.04
_CM	  53630.0          0          0  0.04
_CM	  53730.0          0          0  0.04
_CM	  53830.0          0          0  0.04
_CM	  53930.0          0          0  0.04
_CM	  54030.0          0          0  0.04
_CM	  54130.0          0          0  0.04
_CM	  54230.0          0          0  0.04
_CM	  54330.0          0          0  0.04
_CM	  54430.0          0          0  0.04
_CM	  54530.0          0          0  0.04
_CM	  54630.0          0          0  0.04
_CM	  54730.0          0          0  0.04
_CM	  54830.0          0          0  0.04
_CM	  54930.0          0          0  0.04
_CM	  55030.0          0          0  0.04
_CM	  55130.0          0          0  0.04
_CM	  55230.0          0          0  0.04
_CM	  55330.0          0          0  0.04
_CM	  55430.0          0          0  0.04
_CM	  55530.0          0          0  0.04
_CM	  55630.0          0          0  0.04
_CM	  55730.0          0          0  0.04
_CM	  55830.0          0          0  0.04
_CM	  55930.0          0          0  0.04
CM white PSD estimate: 0
Interpolated function
49400.00 -2.271280746e-07 5.444259494e-07 0.027
49582.62 -1.620766185e-06 5.5864125e-07 0.027
49765.25 -8.501197955e-07 3.920520416e-07 0.027
49947.88 3.898638086e-07 3.498597457e-07 0.027
50130.50 6.041523978e-07 3.495294735e-07 0.027
50313.12 1.000226456e-06 3.027404732e-07 0.027
50495.75 4.558242494e-07 3.180954399e-07 0.027
50678.38 8.273517762e-07 3.138493681e-07 0.027
50861.00 2.685807489e-07 2.681458582e-07 0.027
51043.62 3.399581279e-07 2.517565294e-07 0.027
51226.25 2.103350356e-07 2.395883405e-07 0.027
51408.88 1.643744267e-07 2.436415035e-07 0.027
51591.50 1.467384711e-07 2.244695918e-07 0.027
51774.12 -1.770967649e-07 2.221286287e-07 0.027
51956.75 -1.230134092e-07 2.185448028e-07 0.027
52139.38 -3.125113111e-07 2.126050251e-07 0.027
52322.00 9.141745837e-08 2.097768893e-07 0.027
52504.62 -2.16281827e-07 2.141438674e-07 0.027
52687.25 -1.863891149e-07 2.087564508e-07 0.027
52869.88 -1.221215706e-07 1.987990673e-07 0.027
53052.50 -1.846317838e-07 1.937270993e-07 0.027
53235.12 -6.909049794e-08 1.793113091e-07 0.027
53417.75 -1.502744078e-08 1.717568483e-07 0.027
53600.38 -3.33994302e-07 1.62214035e-07 0.027
53783.00 -2.398791562e-07 1.614891199e-07 0.027
53965.62 -7.0385228e-08 1.55751466e-07 0.027
54148.25 -1.916437676e-07 1.524279789e-07 0.027
54330.88 -1.427436603e-07 1.430649174e-07 0.027
54513.50 -1.05457185e-07 1.348833844e-07 0.027
54696.12 -1.676328547e-07 1.254348894e-07 0.027
54878.75 -5.57294531e-08 1.15593942e-07 0.027
55061.38 4.665775295e-08 1.025713685e-07 0.027
55244.00 8.567570844e-08 9.999583412e-08 0.027
55426.62 1.537033884e-07 1.093437011e-07 0.027
55609.25 2.950729242e-07 1.361144743e-07 0.027
55791.88 3.104884647e-07 1.77192498e-07 0.027
55974.50 2.122218678e-08 1.930313109e-07 0.027

Derived parameters:

P0 (s)      = 0.00493111494309653       1.5417e-16   
P1          = 2.05702204028433e-20      8.7043e-25   
tau_c (Myr) = 3800.8
bs (G)      = 3.2229e+08

Total proper motion = 52.054 +/- 0 mas/yr
Total time span = 6434.720 days = 17.617 years

Tempo2 usage
Units:                 TCB (tempo2)
Time ephemeris:        IF99 (tempo2)
Troposphere corr.?     Yes (tempo2)
Dilate freq?           Yes (tempo2)
Electron density (1AU) 4
Solar system ephem     DE421
Time scale             TT(TAI)
Binary model           NONE


Results for PSR J2129-5721


RMS pre-fit residual = 1.391 (us), RMS post-fit residual = 1.325 (us)
Fit Chisq = 3.191e+04	Chisqr/nfree = 31913.25/29061 = 1.09815	pre/post = 1.04986
Number of fit parameters: 47

Global fit:

Number of fit parameters in total, nt: 635

Number of points in fit (including constraint points) = 343
Number of constraints in fit = 9
Number of observations in fit = 334
Constraint EFACTOR = 1e+15
Offset: -1.19604e-06 4.8903e-07 offset_e*sqrt(n) = 8.93734e-06 n = 334


PARAMETER       Pre-fit                   Post-fit                  Uncertainty   Difference   Fit
---------------------------------------------------------------------------------------------------
RAJ (rad)       5.62597917414637          5.62597917414637          0             0             N
RAJ (hms)       21:29:22.7669537          21:29:22.7669537          0             0            
DECJ (rad)      -1.00101522686644         -1.00101522686644         0             0             N
DECJ (dms)      -57:21:14.21182           -57:21:14.21182           0             0            
F0 (s^-1)       268.359227358734          268.359227358734          1.8728e-12    4.5475e-13    Y
F1 (s^-2)       -1.50178055170244e-15     -1.50179066686462e-15     1.6011e-20    -1.0115e-20   Y
PEPOCH (MJD)    54500                     54500                     0             0             N
POSEPOCH (MJD)  54500                     54500                     0             0             N
DMEPOCH (MJD)   54500                     54500                     0             0             N
DM (cm^-3 pc)   31.8509395580051          31.8509395580051          0             0             N
DM1 (cm^-3 pc y -0.000157899953680057     -0.000157899953680057     0             0             N
PMRA (mas/yr)   9.24118817244372          9.24118817244372          0             0             N
PMDEC (mas/yr)  -9.57806387286651         -9.57806387286651         0             0             N
PB (d)          6.62549309100854          6.62549309100854          0             0             N
A1 (lt-s)       3.50056662099331          3.50056662099331          0             0             N
PBDOT           1.18227528464574e-12      1.18227528464574e-12      0             0             N
TASC (MJD)      50442.6431241403          50442.6431241403          0             0             N
EPS1            -3.64399006350879e-06     -3.64399006350879e-06     0             0             N
EPS2            -1.1668737205051e-05      -1.1668737205051e-05      0             0             N
START (MJD)     49987.3880582463          49987.3910582463          0             0.003         N
FINISH (MJD)    55618.2677705693          55618.2645415802          0             -0.003229     N
TZRMJD          52795.8544267214          52795.8544267214          0             0             N
TZRFRQ (MHz)    1404.75                   1404.75                   0             0             N
TZRSITE         PKS                      
TRES            1.334                     1.32498391661824          0             -0.0090161    N
EPHVER          TEMPO2                    TEMPO2                    0             0             N
IFUNC           2                         2                         0             0             G
NE_SW (cm^-3)   4                         4                         0             0             N
---------------------------------------------------------------------------------------------------
[textOutput.C:273] Notice: Parameter uncertainties multiplied by sqrt(red. chisq)


CONSTRAINTS:
IFUNC mean(C) = 0
IFUNC linear(C) = 0
IFUNC quadratic(C) = 0
IFUNC_YEAR C.sin(t) = 0
IFUNC_YEAR C.cos(t) = 0
IFUNC_YEAR C.t.sin(t) = 0
IFUNC_YEAR C.t.cos(t) = 0
IFUNC_YEAR C.sin(2t) = 0
IFUNC_YEAR C.cos(2t) = 0

Jump 1 ( -B 20CM -9.6614239415285e-06 0): -9.6614239415285e-06 0 N
Jump 2 ( -B 40CM -4.5251740366058e-06 0): -4.5251740366058e-06 0 N
Jump 3 ( -B 50CM -1.256113211818e-07 0): -1.256113211818e-07 0 N
Jump 4 ( -sys MULTI_cpsr2n -0.0012031655425236 1): -0.0012031532270624 1.5544611301274e-06 Y
Jump 5 ( -sys MULTI_cpsr2m -0.0012030931297163 1): -0.0012030769684293 1.6002398181375e-06 Y
Jump 6 ( -sys H-OH_cpsr2n -0.0012034133328894 1): -0.0012033355554106 1.9568025027547e-06 Y
Jump 7 ( -sys H-OH_cpsr2m -0.0012047015229437 1): -0.0012046451968146 1.9283674880376e-06 Y
Jump 8 ( -sys MULTI_AFB -0.0025152175109825 1): -0.0025152403198515 1.6499691255936e-06 Y
Jump 9 ( -sys MULTI_fptm -0.0012082932340215 1): -0.0012082999409842 2.1839585848847e-06 Y
Jump 10 ( -sys H-OH_fptm -0.0012070339713704 1): -0.0012074528562656 3.7437237010921e-06 Y
Interpolated function
49400.00 -2.271280746e-07 5.444259494e-07 0.027
49582.62 -1.620766185e-06 5.5864125e-07 0.027
49765.25 -8.501197955e-07 3.920520416e-07 0.027
49947.88 3.898638086e-07 3.498597457e-07 0.027
50130.50 6.041523978e-07 3.495294735e-07 0.027
50313.12 1.000226456e-06 3.027404732e-07 0.027
50495.75 4.558242494e-07 3.180954399e-07 0.027
50678.38 8.273517762e-07 3.138493681e-07 0.027
50861.00 2.685807489e-07 2.681458582e-07 0.027
51043.62 3.399581279e-07 2.517565294e-07 0.027
51226.25 2.103350356e-07 2.395883405e-07 0.027
51408.88 1.643744267e-07 2.436415035e-07 0.027
51591.50 1.467384711e-07 2.244695918e-07 0.027
51774.12 -1.770967649e-07 2.221286287e-07 0.027
51956.75 -1.230134092e-07 2.185448028e-07 0.027
52139.38 -3.125113111e-07 2.126050251e-07 0.027
52322.00 9.141745837e-08 2.097768893e-07 0.027
52504.62 -2.16281827e-07 2.141438674e-07 0.027
52687.25 -1.863891149e-07 2.087564508e-07 0.027
52869.88 -1.221215706e-07 1.987990673e-07 0.027
53052.50 -1.846317838e-07 1.937270993e-07 0.027
53235.12 -6.909049794e-08 1.793113091e-07 0.027
53417.75 -1.502744078e-08 1.717568483e-07 0.027
53600.38 -3.33994302e-07 1.62214035e-07 0.027
53783.00 -2.398791562e-07 1.614891199e-07 0.027
53965.62 -7.0385228e-08 1.55751466e-07 0.027
54148.25 -1.916437676e-07 1.524279789e-07 0.027
54330.88 -1.427436603e-07 1.430649174e-07 0.027
54513.50 -1.05457185e-07 1.348833844e-07 0.027
54696.12 -1.676328547e-07 1.254348894e-07 0.027
54878.75 -5.57294531e-08 1.15593942e-07 0.027
55061.38 4.665775295e-08 1.025713685e-07 0.027
55244.00 8.567570844e-08 9.999583412e-08 0.027
55426.62 1.537033884e-07 1.093437011e-07 0.027
55609.25 2.950729242e-07 1.361144743e-07 0.027
55791.88 3.104884647e-07 1.77192498e-07 0.027
55974.50 2.122218678e-08 1.930313109e-07 0.027

Derived parameters:

P0 (s)      = 0.00372634848386723       2.6006e-17   
P1          = 2.0853374149405e-20       2.2232e-25   
tau_c (Myr) = 2833.2
bs (G)      = 2.8208e+08

Binary model: T2
Mass function                  = 0.001049207431 
Minimum, median and maximum companion mass: 0.1321 < 0.1540 < 0.3294 solar masses
Pbdot distance is 4799.55 (+/- 0) pc.

Conversion from ELL1 parameters: 
------------------------------------
ECC = 1.22244873734441e-05 +/- 0
OM  = 197.34288392934 +/- 0 degrees
T0  = 50446.2750516793 +/- 0
------------------------------------
Total proper motion = 13.309 +/- 0 mas/yr
Total time span = 5630.871 days = 15.416 years

Tempo2 usage
Units:                 TCB (tempo2)
Time ephemeris:        IF99 (tempo2)
Troposphere corr.?     Yes (tempo2)
Dilate freq?           Yes (tempo2)
Electron density (1AU) 4
Solar system ephem     DE421
Time scale             TT(TAI)
Binary model           T2


Results for PSR J2145-0750


RMS pre-fit residual = 1.977 (us), RMS post-fit residual = 1.823 (us)
Fit Chisq = 3.191e+04	Chisqr/nfree = 31913.25/29061 = 1.09815	pre/post = 1.08456
Number of fit parameters: 68

Global fit:

Number of fit parameters in total, nt: 635

Number of points in fit (including constraint points) = 1476
Number of constraints in fit = 19
Number of observations in fit = 1457
Constraint EFACTOR = 1e+15
Offset: -3.60288e-07 3.92604e-06 offset_e*sqrt(n) = 0.00014986 n = 1457


PARAMETER       Pre-fit                   Post-fit                  Uncertainty   Difference   Fit
---------------------------------------------------------------------------------------------------
RAJ (rad)       5.6978063476015           5.6978063476015           0             0             N
RAJ (hms)       21:45:50.4614881          21:45:50.4614881          0             0            
DECJ (rad)      -0.136807032394055        -0.136807032394055        0             0             N
DECJ (dms)      -07:50:18.47603           -07:50:18.47603           0             0            
F0 (s^-1)       62.2958878423836          62.295887842384           1.5293e-12    3.908e-13     Y
F1 (s^-2)       -1.15604643549976e-16     -1.15604722290611e-16     8.4265e-21    -7.8741e-23   Y
PEPOCH (MJD)    54500                     54500                     0             0             N
POSEPOCH (MJD)  54500                     54500                     0             0             N
DMEPOCH (MJD)   54500                     54500                     0             0             N
DM (cm^-3 pc)   8.9975121499014           8.9975121499014           0             0             N
DM1 (cm^-3 pc y 0.000205771080462606      0.000205771080462606      0             0             N
PMRA (mas/yr)   -9.53822377967032         -9.53822377967032         0             0             N
PMDEC (mas/yr)  -9.00042523028607         -9.00042523028607         0             0             N
PX (mas)        1.84019147515335          1.84019147515335          0             0             N
PB (d)          6.83890261536194          6.83890261536194          0             0             N
A1 (lt-s)       10.1641059324821          10.1641059324821          0             0             N
XDOT            7.99976878851057e-15      7.99976878851057e-15      0             0             N
TASC (MJD)      50802.2982294474          50802.2982294474          0             0             N
EPS1            -6.858432436555e-06       -6.858432436555e-06       0             0             N
EPS2            -1.80508796442191e-05     -1.80508796442191e-05     0             0             N
START (MJD)     49516.8509332317          49517.8474837337          0             0.99655       N
FINISH (MJD)    55923.6361363567          55922.638736505           0             -0.9974       N
TZRMJD          52728.2915163499          52728.2915163499          0             7.276e-12     N
TZRFRQ (MHz)    1409.999                  1409.999                  0             0             N
TZRSITE         eff                      
TRES            1.915                     1.82254915798385          0             -0.092451     N
EPHVER          TEMPO2                    TEMPO2                    0             0             N
IFUNC           2                         2                         0             0             G
DMMODEL         8.9975121499014           8.9975121499014           0             0             N
NE_SW (cm^-3)   4                         4                         0             0             N
---------------------------------------------------------------------------------------------------
[textOutput.C:273] Notice: Parameter uncertainties multiplied by sqrt(red. chisq)


CONSTRAINTS:
DMMODEL mean(DM) = 0
DMMODEL mean(C) = 0
DMMODEL linear(C) = 0
DMMODEL quadratic(C) = 0
DMMODEL_YEAR C.sin(t) = 0
DMMODEL_YEAR C.cos(t) = 0
DMMODEL_YEAR C.t.sin(t) = 0
DMMODEL_YEAR C.t.cos(t) = 0
DMMODEL_YEAR C.cos(2t) = 0
DMMODEL_YEAR C.sin(2t) = 0
IFUNC mean(C) = 0
IFUNC linear(C) = 0
IFUNC quadratic(C) = 0
IFUNC_YEAR C.sin(t) = 0
IFUNC_YEAR C.cos(t) = 0
IFUNC_YEAR C.t.sin(t) = 0
IFUNC_YEAR C.t.cos(t) = 0
IFUNC_YEAR C.sin(2t) = 0
IFUNC_YEAR C.cos(2t) = 0

Jump 1 ( -sys NRT.BON.1400 2.7148996455472e-05 1): 2.7147311127944e-05 2.8832462276498e-07 Y
Jump 2 ( -sys PKS.H-OH.fptm.20cm_legacy -0.00011558175004591 1): -0.00011557617841864 5.0074105227788e-07 Y
Jump 3 ( -sys PKS.MULTI.CPSR2m.20CM -0.006306237350356 1): -0.0063062392851717 2.7350861514654e-07 Y
Jump 4 ( -sys PKS.MULTI.CPSR2n.20CM -0.0063059360121679 1): -0.0063059379714801 2.8132471501192e-07 Y
Jump 5 ( -sys PKS.MULTI.fptm.20cm_legacy -0.00011545245128508 1): -0.0001154684237132 3.4019789600137e-07 Y
Jump 6 ( -sys NRT.BON.2000 2.3403265726487e-05 1): 2.3405728547911e-05 5.4929822367487e-07 Y
Jump 7 ( -sys EFF.EBPP.2639 -5.1830202894455e-06 1): -5.1792314705177e-06 5.5391615442577e-07 Y
Jump 8 ( -sys WSRT.P1.1380.C -0.0063321858968749 1): -0.0063321878025266 4.2293876488927e-07 Y
Jump 9 ( -sys PKS.MULTI.PDFB2.20CM -0.0063056147626564 1): -0.0063056164934158 2.7981164365698e-07 Y
Jump 10 ( -sys PKS.10CM.PDFB2.10CM -0.0063266505031432 1): -0.0063266525430213 3.5583862393509e-07 Y
Jump 11 ( -sys PKS.MULTI.PDFB1.20CM -0.0063062971719817 1): -0.0063062953222685 3.1567063267984e-07 Y
Jump 12 ( -sys JBO.DFB.1520 7.5449977212008e-05 1): 7.5447951303436e-05 5.856473349171e-07 Y
Jump 13 ( -sys EFF.EBPP.1360 -0.00010315052370057 1): -0.00010315241709065 5.4845905257886e-07 Y
Jump 14 ( -sys PKS.10CM.PDFB4.10CM -0.0063270514699583 1): -0.0063270520382425 3.7836841413833e-07 Y
Jump 15 ( -sys PKS.MULTI.PDFB3.20CM -0.0063054653263858 1): -0.006305466982952 2.9295365031238e-07 Y
Jump 16 ( -sys PKS.MULTI.PDFB4.20CM -0.0063054744165328 1): -0.0063054762629089 2.9055158653537e-07 Y
Jump 17 ( -sys PKS.MULTI.AFB.20cm_legacy -0.00015094575103699 1): -0.00015095986133225 6.5744151555568e-07 Y
Jump 18 ( -sys PKS.MULTI.cpsr2n.20cm_legacy -0.00011108957584628 1): -0.00011110076521082 4.6535321160834e-07 Y
Jump 19 ( -sys PKS.MULTI.cpsr2m.20cm_legacy -0.00011146576408757 1): -0.0001114780137373 3.8397578496986e-07 Y
Jump 20 ( -sys PKS.10CM.WBCORR.10CM -0.0063273960491207 1): -0.0063273960622601 6.4131392388647e-07 Y
Jump 21 ( -sys PKS.10CM.PDFB1.10CM -0.0063292740407644 1): -0.0063292676473428 5.3056360594831e-07 Y
Jump 22 ( -sys NRT.BON.1600 2.6024535929127e-05 1): 2.6030593834228e-05 3.9603222150636e-07 Y
Jump 23 ( -sys PKS.H-OH.cpsr2m.20cm_legacy -0.00011126411735628 1): -0.00011124673175153 5.6556163162208e-07 Y
Jump 24 ( -sys PKS.H-OH.cpsr2n.20cm_legacy -0.00011152515354535 1): -0.00011150446284502 6.7810506104337e-07 Y
Jump 25 ( -sys PKS.MULTI.WBCORR.20CM -0.0063058311903497 1): -0.006305846363492 4.055006964995e-07 Y
Jump 26 ( -sys WSRT.P1.2273.C -0.0063192237190624 1): -0.0063192125234008 5.3715648585513e-06 Y
Jump 27 ( -sys PKS.H-OH.PDFB1.20CM -0.0063068265190893 1): -0.0063068082420017 5.9380131100289e-07 Y
Jump 28 ( -sys JBO.DFB.1400 8.0252688115903e-05 1): 8.0249958487474e-05 1.7082575683202e-06 Y
Jump 29 ( -nband b2 8.0249021073271e-06 0): 8.0249021073271e-06 0 N
Jump 30 ( -nband b3 9.3593091334608e-06 0): 9.3593091334608e-06 0 N
Jump 31 ( -nband b4 9.1741745888321e-06 0): 9.1741745888321e-06 0 N
Jump 32 ( -nband b5 9.4125017576535e-06 0): 9.4125017576535e-06 0 N
Jump 33 ( -nband b6 9.4628404487838e-06 0): 9.4628404487838e-06 0 N
Jump 34 ( -nband b7 9.9509019469294e-06 0): 9.9509019469294e-06 0 N

Dispersion measure values:
_DM	  53350.0   0.000973          0  0.04
_DM	  53450.0  -0.000648          0  0.04
_DM	  53550.0    0.00025          0  0.04
_DM	  53650.0   0.000899          0  0.04
_DM	  53750.0  -0.000106          0  0.04
_DM	  53850.0   0.000494          0  0.04
_DM	  53950.0  -0.000343          0  0.04
_DM	  54050.0   8.44e-05          0  0.04
_DM	  54150.0  -0.000181          0  0.04
_DM	  54250.0   -0.00012          0  0.04
_DM	  54350.0  -0.000301          0  0.04
_DM	  54450.0  -0.000173          0  0.04
_DM	  54550.0  -5.46e-05          0  0.04
_DM	  54650.0  -0.000676          0  0.04
_DM	  54750.0  -0.000238          0  0.04
_DM	  54850.0   -0.00016          0  0.04
_DM	  54950.0  -0.000289          0  0.04
_DM	  55050.0   -0.00024          0  0.04
_DM	  55150.0  -0.000282          0  0.04
_DM	  55250.0  -0.000358          0  0.04
_DM	  55350.0  -0.000252          0  0.04
_DM	  55450.0  -0.000527          0  0.04
_DM	  55550.0  -0.000376          0  0.04
_DM	  55650.0  -0.000213          0  0.04
_DM	  55750.0    0.00178          0  0.04
_DM	  55850.0   0.000868          0  0.04
_DM	  55950.0   0.000193          0  0.04
Mean DMOFF = 1.07416e-19
_CM	  53350.0          0          0  0.04
_CM	  53450.0          0          0  0.04
_CM	  53550.0          0          0  0.04
_CM	  53650.0          0          0  0.04
_CM	  53750.0          0          0  0.04
_CM	  53850.0          0          0  0.04
_CM	  53950.0          0          0  0.04
_CM	  54050.0          0          0  0.04
_CM	  54150.0          0          0  0.04
_CM	  54250.0          0          0  0.04
_CM	  54350.0          0          0  0.04
_CM	  54450.0          0          0  0.04
_CM	  54550.0          0          0  0.04
_CM	  54650.0          0          0  0.04
_CM	  54750.0          0          0  0.04
_CM	  54850.0          0          0  0.04
_CM	  54950.0          0          0  0.04
_CM	  55050.0          0          0  0.04
_CM	  55150.0          0          0  0.04
_CM	  55250.0          0          0  0.04
_CM	  55350.0          0          0  0.04
_CM	  55450.0          0          0  0.04
_CM	  55550.0          0          0  0.04
_CM	  55650.0          0          0  0.04
_CM	  55750.0          0          0  0.04
_CM	  55850.0          0          0  0.04
_CM	  55950.0          0          0  0.04
CM white PSD estimate: 0
Interpolated function
49400.00 -2.271280746e-07 5.444259494e-07 0.027
49582.62 -1.620766185e-06 5.5864125e-07 0.027
49765.25 -8.501197955e-07 3.920520416e-07 0.027
49947.88 3.898638086e-07 3.498597457e-07 0.027
50130.50 6.041523978e-07 3.495294735e-07 0.027
50313.12 1.000226456e-06 3.027404732e-07 0.027
50495.75 4.558242494e-07 3.180954399e-07 0.027
50678.38 8.273517762e-07 3.138493681e-07 0.027
50861.00 2.685807489e-07 2.681458582e-07 0.027
51043.62 3.399581279e-07 2.517565294e-07 0.027
51226.25 2.103350356e-07 2.395883405e-07 0.027
51408.88 1.643744267e-07 2.436415035e-07 0.027
51591.50 1.467384711e-07 2.244695918e-07 0.027
51774.12 -1.770967649e-07 2.221286287e-07 0.027
51956.75 -1.230134092e-07 2.185448028e-07 0.027
52139.38 -3.125113111e-07 2.126050251e-07 0.027
52322.00 9.141745837e-08 2.097768893e-07 0.027
52504.62 -2.16281827e-07 2.141438674e-07 0.027
52687.25 -1.863891149e-07 2.087564508e-07 0.027
52869.88 -1.221215706e-07 1.987990673e-07 0.027
53052.50 -1.846317838e-07 1.937270993e-07 0.027
53235.12 -6.909049794e-08 1.793113091e-07 0.027
53417.75 -1.502744078e-08 1.717568483e-07 0.027
53600.38 -3.33994302e-07 1.62214035e-07 0.027
53783.00 -2.398791562e-07 1.614891199e-07 0.027
53965.62 -7.0385228e-08 1.55751466e-07 0.027
54148.25 -1.916437676e-07 1.524279789e-07 0.027
54330.88 -1.427436603e-07 1.430649174e-07 0.027
54513.50 -1.05457185e-07 1.348833844e-07 0.027
54696.12 -1.676328547e-07 1.254348894e-07 0.027
54878.75 -5.57294531e-08 1.15593942e-07 0.027
55061.38 4.665775295e-08 1.025713685e-07 0.027
55244.00 8.567570844e-08 9.999583412e-08 0.027
55426.62 1.537033884e-07 1.093437011e-07 0.027
55609.25 2.950729242e-07 1.361144743e-07 0.027
55791.88 3.104884647e-07 1.77192498e-07 0.027
55974.50 2.122218678e-08 1.930313109e-07 0.027

Derived parameters:

P0 (s)      = 0.0160524239180942        3.9407e-16   
P1          = 2.97890610988268e-20      2.1713e-24   
tau_c (Myr) = 8543.7
bs (G)      = 6.9976e+08

Binary model: T2
Mass function                  = 0.024105571688 
Minimum, median and maximum companion mass: 0.4232 < 0.5033 < 1.2545 solar masses

Parallax distance is 543.422 (+/- 0) pc.

Conversion from ELL1 parameters: 
------------------------------------
ECC = 1.93099029364954e-05 +/- 0
OM  = 200.804289645504 +/- 0 degrees
T0  = 50806.1128988408 +/- 0
------------------------------------
Total proper motion = 13.114 +/- 0 mas/yr
Total time span = 6404.789 days = 17.535 years

Tempo2 usage
Units:                 TCB (tempo2)
Time ephemeris:        IF99 (tempo2)
Troposphere corr.?     Yes (tempo2)
Dilate freq?           Yes (tempo2)
Electron density (1AU) 4
Solar system ephem     DE421
Time scale             TT(TAI)
Binary model           T2


Results for PSR J2229+2643


RMS pre-fit residual = 4.263 (us), RMS post-fit residual = 4.259 (us)
Fit Chisq = 3.191e+04	Chisqr/nfree = 31913.25/29061 = 1.09815	pre/post = 1.00095
Number of fit parameters: 45

Global fit:

Number of fit parameters in total, nt: 635

Number of points in fit (including constraint points) = 234
Number of constraints in fit = 9
Number of observations in fit = 225
Constraint EFACTOR = 1e+15
Offset: -1.71116e-06 1.43029e-06 offset_e*sqrt(n) = 2.14544e-05 n = 225


PARAMETER       Pre-fit                   Post-fit                  Uncertainty   Difference   Fit
---------------------------------------------------------------------------------------------------
RAJ (rad)       5.88982339432228          5.88982339432228          0             0             N
RAJ (hms)       22:29:50.8854173          22:29:50.8854173          0             0            
DECJ (rad)      0.466573444258403         0.466573444258403         0             0             N
DECJ (dms)      +26:43:57.68108           +26:43:57.68108           0             0            
F0 (s^-1)       335.816208196849          335.816208196849          7.1896e-12    5.6843e-13    Y
F1 (s^-2)       -1.71736772551024e-16     -1.71735640653716e-16     2.4895e-19    1.1319e-21    Y
PEPOCH (MJD)    55000                     55000                     0             0             N
POSEPOCH (MJD)  55000                     55000                     0             0             N
DMEPOCH (MJD)   55000                     55000                     0             0             N
DM (cm^-3 pc)   22.6806269878546          22.6806269878546          0             0             N
DM1 (cm^-3 pc y 0.000445977571118216      0.000445977571118216      0             0             N
PMRA (mas/yr)   -1.71152126191755         -1.71152126191755         0             0             N
PMDEC (mas/yr)  -5.93144459830002         -5.93144459830002         0             0             N
PB (d)          93.0158938859126          93.0158938859126          0             0             N
T0 (MJD)        49419.707646388           49419.707646388           0             0             N
A1 (lt-s)       18.9125221305825          18.9125221305825          0             0             N
OM (deg)        14.333472998002           14.333472998002           0             0             N
ECC             0.000255249051306616      0.000255249051306616      0             0             N
START (MJD)     53789.485847817           53790.4894755618          0             1.0036        N
FINISH (MJD)    55921.905816567           55920.905978156           0             -0.99984      N
TZRMJD          54849.8326316055          54849.8326316055          0             0             N
TZRFRQ (MHz)    1400                      1400                      0             0             N
TZRSITE         jb                       
TRES            4.255                     4.25902293328868          0             0.0040229     N
EPHVER          TEMPO2                    TEMPO2                    0             0             N
IFUNC           2                         2                         0             0             G
NE_SW (cm^-3)   4                         4                         0             0             N
---------------------------------------------------------------------------------------------------
[textOutput.C:273] Notice: Parameter uncertainties multiplied by sqrt(red. chisq)


CONSTRAINTS:
IFUNC mean(C) = 0
IFUNC linear(C) = 0
IFUNC quadratic(C) = 0
IFUNC_YEAR C.sin(t) = 0
IFUNC_YEAR C.cos(t) = 0
IFUNC_YEAR C.t.sin(t) = 0
IFUNC_YEAR C.t.cos(t) = 0
IFUNC_YEAR C.sin(2t) = 0
IFUNC_YEAR C.cos(2t) = 0

Jump 1 ( -sys EFF.EBPP.2639 6.3614068001497e-05 1): 6.3614156969923e-05 2.7195893544575e-06 Y
Jump 2 ( -sys JBO.DFB.1520 7.583861790612e-05 1): 7.5827013398484e-05 1.741207591929e-06 Y
Jump 3 ( -sys EFF.EBPP.1360 -0.0001423888796865 1): -0.00014241380073522 2.6827017888958e-06 Y
Jump 4 ( -sys NRT.BON.1600 2.5384668024228e-05 1): 2.5374697977095e-05 1.7081838600476e-06 Y
Jump 5 ( -sys JBO.DFB.1400 3.3828516151488e-05 1): 3.3831648058976e-05 1.4342685433866e-05 Y
Interpolated function
49400.00 -2.271280746e-07 5.444259494e-07 0.027
49582.62 -1.620766185e-06 5.5864125e-07 0.027
49765.25 -8.501197955e-07 3.920520416e-07 0.027
49947.88 3.898638086e-07 3.498597457e-07 0.027
50130.50 6.041523978e-07 3.495294735e-07 0.027
50313.12 1.000226456e-06 3.027404732e-07 0.027
50495.75 4.558242494e-07 3.180954399e-07 0.027
50678.38 8.273517762e-07 3.138493681e-07 0.027
50861.00 2.685807489e-07 2.681458582e-07 0.027
51043.62 3.399581279e-07 2.517565294e-07 0.027
51226.25 2.103350356e-07 2.395883405e-07 0.027
51408.88 1.643744267e-07 2.436415035e-07 0.027
51591.50 1.467384711e-07 2.244695918e-07 0.027
51774.12 -1.770967649e-07 2.221286287e-07 0.027
51956.75 -1.230134092e-07 2.185448028e-07 0.027
52139.38 -3.125113111e-07 2.126050251e-07 0.027
52322.00 9.141745837e-08 2.097768893e-07 0.027
52504.62 -2.16281827e-07 2.141438674e-07 0.027
52687.25 -1.863891149e-07 2.087564508e-07 0.027
52869.88 -1.221215706e-07 1.987990673e-07 0.027
53052.50 -1.846317838e-07 1.937270993e-07 0.027
53235.12 -6.909049794e-08 1.793113091e-07 0.027
53417.75 -1.502744078e-08 1.717568483e-07 0.027
53600.38 -3.33994302e-07 1.62214035e-07 0.027
53783.00 -2.398791562e-07 1.614891199e-07 0.027
53965.62 -7.0385228e-08 1.55751466e-07 0.027
54148.25 -1.916437676e-07 1.524279789e-07 0.027
54330.88 -1.427436603e-07 1.430649174e-07 0.027
54513.50 -1.05457185e-07 1.348833844e-07 0.027
54696.12 -1.676328547e-07 1.254348894e-07 0.027
54878.75 -5.57294531e-08 1.15593942e-07 0.027
55061.38 4.665775295e-08 1.025713685e-07 0.027
55244.00 8.567570844e-08 9.999583412e-08 0.027
55426.62 1.537033884e-07 1.093437011e-07 0.027
55609.25 2.950729242e-07 1.361144743e-07 0.027
55791.88 3.104884647e-07 1.77192498e-07 0.027
55974.50 2.122218678e-08 1.930313109e-07 0.027

Derived parameters:

P0 (s)      = 0.00297781934162576       6.3753e-17   
P1          = 1.5228499992036e-21       2.2075e-24   
tau_c (Myr) = 31003
bs (G)      = 6.8144e+07

Binary model: T2
Mass function                  = 0.000839492356 
Minimum, median and maximum companion mass: 0.1221 < 0.1422 < 0.3025 solar masses
Total proper motion = 6.1734 +/- 0 mas/yr
Total time span = 2130.415 days = 5.833 years

Tempo2 usage
Units:                 TCB (tempo2)
Time ephemeris:        IF99 (tempo2)
Troposphere corr.?     Yes (tempo2)
Dilate freq?           Yes (tempo2)
Electron density (1AU) 4
Solar system ephem     DE421
Time scale             TT(TAI)
Binary model           T2


Results for PSR J2317+1439


RMS pre-fit residual = 3.336 (us), RMS post-fit residual = 3.346 (us)
Fit Chisq = 3.191e+04	Chisqr/nfree = 31913.25/29061 = 1.09815	pre/post = 0.997123
Number of fit parameters: 47

Global fit:

Number of fit parameters in total, nt: 635

Number of points in fit (including constraint points) = 409
Number of constraints in fit = 19
Number of observations in fit = 390
Constraint EFACTOR = 1e+15
Offset: -4.55569e-06 1.37183e-05 offset_e*sqrt(n) = 0.000270914 n = 390


PARAMETER       Pre-fit                   Post-fit                  Uncertainty   Difference   Fit
---------------------------------------------------------------------------------------------------
RAJ (rad)       6.09623411674817          6.09623411674817          0             0             N
RAJ (hms)       23:17:09.2365952          23:17:09.2365952          0             0            
DECJ (rad)      0.255842269460076         0.255842269460076         0             0             N
DECJ (dms)      +14:39:31.25614           +14:39:31.25614           0             0            
F0 (s^-1)       290.254603664868          290.254603664869          3.357e-11     9.0949e-13    Y
F1 (s^-2)       -2.04758037961008e-16     -2.04765497208091e-16     1.9128e-19    -7.4592e-21   Y
PEPOCH (MJD)    55000                     55000                     0             0             N
POSEPOCH (MJD)  55000                     55000                     0             0             N
DMEPOCH (MJD)   55000                     55000                     0             0             N
DM (cm^-3 pc)   21.902357620714           21.902357620714           0             0             N
DM1 (cm^-3 pc y -0.000549567522353771     -0.000549567522353771     0             0             N
PMRA (mas/yr)   -1.35661628241916         -1.35661628241916         0             0             N
PMDEC (mas/yr)  3.58945945571566          3.58945945571566          0             0             N
PB (d)          2.45933150351517          2.45933150351517          0             0             N
T0 (MJD)        49300.8545068371          49300.8545068371          0             0             N
A1 (lt-s)       2.31394862420214          2.31394862420214          0             0             N
OM (deg)        55.928561092049           55.928561092049           0             0             N
ECC             5.84683866714521e-07      5.84683866714521e-07      0             0             N
START (MJD)     50457.7668162643          50458.7681844929          0             1.0014        N
FINISH (MJD)    55918.7146170455          55917.7141450497          0             -1.0005       N
TZRMJD          53332.7839733472          53332.7839733472          0             7.276e-12     N
TZRFRQ (MHz)    1396.956                  1396.956                  0             0             N
TZRSITE         ncy                      
TRES            3.341                     3.34580428175558          0             0.0048043     N
EPHVER          TEMPO2                    TEMPO2                    0             0             N
IFUNC           2                         2                         0             0             G
DMMODEL         21.902357620714           21.902357620714           0             0             N
NE_SW (cm^-3)   4                         4                         0             0             N
---------------------------------------------------------------------------------------------------
[textOutput.C:273] Notice: Parameter uncertainties multiplied by sqrt(red. chisq)


CONSTRAINTS:
DMMODEL mean(DM) = 0
DMMODEL mean(C) = 0
DMMODEL linear(C) = 0
DMMODEL quadratic(C) = 0
DMMODEL_YEAR C.sin(t) = 0
DMMODEL_YEAR C.cos(t) = 0
DMMODEL_YEAR C.t.sin(t) = 0
DMMODEL_YEAR C.t.cos(t) = 0
DMMODEL_YEAR C.cos(2t) = 0
DMMODEL_YEAR C.sin(2t) = 0
IFUNC mean(C) = 0
IFUNC linear(C) = 0
IFUNC quadratic(C) = 0
IFUNC_YEAR C.sin(t) = 0
IFUNC_YEAR C.cos(t) = 0
IFUNC_YEAR C.t.sin(t) = 0
IFUNC_YEAR C.t.cos(t) = 0
IFUNC_YEAR C.sin(2t) = 0
IFUNC_YEAR C.cos(2t) = 0

Jump 1 ( -sys NRT.BON.1400 0.00013448372546334 1): 0.00013448063033684 2.2302006130093e-06 Y
Jump 2 ( -sys EFF.EBPP.2639 0.00011295277624252 1): 0.00011295014084898 2.5673363479383e-06 Y
Jump 3 ( -sys WSRT.P1.1380.C -0.00011965250392486 1): -0.00011966485230577 3.0249776852904e-06 Y
Jump 4 ( -sys NRT.BON.1600 0.00013601731442647 1): 0.00013604335902484 2.8296012015693e-06 Y
Jump 5 ( -sys EFF.EBPP.1360 6.6912393856718e-08 1): 6.4418906335055e-08 3.3920549950604e-06 Y
Jump 6 ( -sys JBO.DFB.1520 0.00020388494038202 1): 0.00020388266360337 2.4435638989602e-06 Y
Jump 7 ( -sys JBO.DFB.1400 0.00018099801730913 1): 0.00018099465732687 7.9411901842562e-06 Y
Jump 8 ( -nband b3 1.71639833233e-07 0): 1.71639833233e-07 0 N
Jump 9 ( -nband b4 1.6091495898311e-07 0): 1.6091495898311e-07 0 N
Jump 10 ( -nband b6 -5.1897148247169e-07 0): -5.1897148247169e-07 0 N

Dispersion measure values:
_DM	  53350.0   9.99e-05          0  0.04
_DM	  53450.0  -0.000208          0  0.04
_DM	  53550.0   -0.00057          0  0.04
_DM	  53650.0  -0.000481          0  0.04
_DM	  53750.0  -0.000443          0  0.04
_DM	  53850.0   -0.00034          0  0.04
_DM	  53950.0  -0.000239          0  0.04
_DM	  54050.0   7.99e-05          0  0.04
_DM	  54150.0   0.000152          0  0.04
_DM	  54250.0    0.00419          0  0.04
_DM	  54350.0    0.00102          0  0.04
_DM	  54450.0  -1.76e-06          0  0.04
_DM	  54550.0  -0.000269          0  0.04
_DM	  54650.0  -0.000255          0  0.04
_DM	  54750.0   9.65e-05          0  0.04
_DM	  54850.0  -0.000142          0  0.04
_DM	  54950.0  -0.000237          0  0.04
_DM	  55050.0  -0.000299          0  0.04
_DM	  55150.0    -0.0006          0  0.04
_DM	  55250.0   -0.00319          0  0.04
_DM	  55350.0  -0.000133          0  0.04
_DM	  55450.0    0.00155          0  0.04
_DM	  55550.0  -0.000818          0  0.04
_DM	  55650.0  -0.000438          0  0.04
_DM	  55750.0   -0.00128          0  0.04
_DM	  55850.0   -0.00293          0  0.04
_DM	  55950.0    0.00568          0  0.04
Mean DMOFF = -1.28498e-19
_CM	  53350.0          0          0  0.04
_CM	  53450.0          0          0  0.04
_CM	  53550.0          0          0  0.04
_CM	  53650.0          0          0  0.04
_CM	  53750.0          0          0  0.04
_CM	  53850.0          0          0  0.04
_CM	  53950.0          0          0  0.04
_CM	  54050.0          0          0  0.04
_CM	  54150.0          0          0  0.04
_CM	  54250.0          0          0  0.04
_CM	  54350.0          0          0  0.04
_CM	  54450.0          0          0  0.04
_CM	  54550.0          0          0  0.04
_CM	  54650.0          0          0  0.04
_CM	  54750.0          0          0  0.04
_CM	  54850.0          0          0  0.04
_CM	  54950.0          0          0  0.04
_CM	  55050.0          0          0  0.04
_CM	  55150.0          0          0  0.04
_CM	  55250.0          0          0  0.04
_CM	  55350.0          0          0  0.04
_CM	  55450.0          0          0  0.04
_CM	  55550.0          0          0  0.04
_CM	  55650.0          0          0  0.04
_CM	  55750.0          0          0  0.04
_CM	  55850.0          0          0  0.04
_CM	  55950.0          0          0  0.04
CM white PSD estimate: 0
Interpolated function
49400.00 -2.271280746e-07 5.444259494e-07 0.027
49582.62 -1.620766185e-06 5.5864125e-07 0.027
49765.25 -8.501197955e-07 3.920520416e-07 0.027
49947.88 3.898638086e-07 3.498597457e-07 0.027
50130.50 6.041523978e-07 3.495294735e-07 0.027
50313.12 1.000226456e-06 3.027404732e-07 0.027
50495.75 4.558242494e-07 3.180954399e-07 0.027
50678.38 8.273517762e-07 3.138493681e-07 0.027
50861.00 2.685807489e-07 2.681458582e-07 0.027
51043.62 3.399581279e-07 2.517565294e-07 0.027
51226.25 2.103350356e-07 2.395883405e-07 0.027
51408.88 1.643744267e-07 2.436415035e-07 0.027
51591.50 1.467384711e-07 2.244695918e-07 0.027
51774.12 -1.770967649e-07 2.221286287e-07 0.027
51956.75 -1.230134092e-07 2.185448028e-07 0.027
52139.38 -3.125113111e-07 2.126050251e-07 0.027
52322.00 9.141745837e-08 2.097768893e-07 0.027
52504.62 -2.16281827e-07 2.141438674e-07 0.027
52687.25 -1.863891149e-07 2.087564508e-07 0.027
52869.88 -1.221215706e-07 1.987990673e-07 0.027
53052.50 -1.846317838e-07 1.937270993e-07 0.027
53235.12 -6.909049794e-08 1.793113091e-07 0.027
53417.75 -1.502744078e-08 1.717568483e-07 0.027
53600.38 -3.33994302e-07 1.62214035e-07 0.027
53783.00 -2.398791562e-07 1.614891199e-07 0.027
53965.62 -7.0385228e-08 1.55751466e-07 0.027
54148.25 -1.916437676e-07 1.524279789e-07 0.027
54330.88 -1.427436603e-07 1.430649174e-07 0.027
54513.50 -1.05457185e-07 1.348833844e-07 0.027
54696.12 -1.676328547e-07 1.254348894e-07 0.027
54878.75 -5.57294531e-08 1.15593942e-07 0.027
55061.38 4.665775295e-08 1.025713685e-07 0.027
55244.00 8.567570844e-08 9.999583412e-08 0.027
55426.62 1.537033884e-07 1.093437011e-07 0.027
55609.25 2.950729242e-07 1.361144743e-07 0.027
55791.88 3.104884647e-07 1.77192498e-07 0.027
55974.50 2.122218678e-08 1.930313109e-07 0.027

Derived parameters:

P0 (s)      = 0.00344525112564489       3.9847e-16   
P1          = 2.43051634958373e-21      2.2704e-24   
tau_c (Myr) = 22474
bs (G)      = 9.26e+07

Binary model: T2
Mass function                  = 0.002199427836 
Minimum, median and maximum companion mass: 0.1721 < 0.2012 < 0.4398 solar masses
Total proper motion = 3.8373 +/- 0 mas/yr
Total time span = 5458.944 days = 14.946 years

Tempo2 usage
Units:                 TCB (tempo2)
Time ephemeris:        IF99 (tempo2)
Troposphere corr.?     Yes (tempo2)
Dilate freq?           Yes (tempo2)
Electron density (1AU) 4
Solar system ephem     DE421
Time scale             TT(TAI)
Binary model           T2


Results for PSR J2322+2057


RMS pre-fit residual = 11.218 (us), RMS post-fit residual = 11.107 (us)
Fit Chisq = 3.191e+04	Chisqr/nfree = 31913.25/29061 = 1.09815	pre/post = 1.00994
Number of fit parameters: 43

Global fit:

Number of fit parameters in total, nt: 635

Number of points in fit (including constraint points) = 199
Number of constraints in fit = 9
Number of observations in fit = 190
Constraint EFACTOR = 1e+15
Offset: -3.03598e-06 7.43143e-06 offset_e*sqrt(n) = 0.000102435 n = 190


PARAMETER       Pre-fit                   Post-fit                  Uncertainty   Difference   Fit
---------------------------------------------------------------------------------------------------
RAJ (rad)       6.11900330196426          6.11900330196426          0             0             N
RAJ (hms)       23:22:22.3353670          23:22:22.3353670          0             0            
DECJ (rad)      0.365659434405145         0.365659434405145         0             0             N
DECJ (dms)      +20:57:02.67239           +20:57:02.67239           0             0            
F0 (s^-1)       207.968163359119          207.96816335912           1.9e-11       4.5475e-13    Y
F1 (s^-2)       -4.19515961773465e-16     -4.19512630740564e-16     6.7224e-19    3.331e-21     Y
PEPOCH (MJD)    55000                     55000                     0             0             N
POSEPOCH (MJD)  55000                     55000                     0             0             N
DMEPOCH (MJD)   55000                     55000                     0             0             N
DM (cm^-3 pc)   13.5624016141969          13.5624016141969          0             0             N
DM1 (cm^-3 pc y 0.0575359193644038        0.0575359193644038        0             0             N
PMRA (mas/yr)   -18.8540626673789         -18.8540626673789         0             0             N
PMDEC (mas/yr)  -16.525119214329          -16.525119214329          0             0             N
PX (mas)        2.66790509866157          2.66790509866157          0             0             N
START (MJD)     53915.1981572065          53916.1984569536          0             1.0003        N
FINISH (MJD)    55921.9718574018          55920.9692342808          0             -1.0026       N
TZRMJD          54907.4367025351          54907.4367025351          0             0             N
TZRFRQ (MHz)    1400                      1400                      0             0             N
TZRSITE         jb                       
TRES            11.144                    11.1074680259045          0             -0.036532     N
EPHVER          TEMPO2                    TEMPO2                    0             0             N
IFUNC           2                         2                         0             0             G
NE_SW (cm^-3)   4                         4                         0             0             N
---------------------------------------------------------------------------------------------------
[textOutput.C:273] Notice: Parameter uncertainties multiplied by sqrt(red. chisq)


CONSTRAINTS:
IFUNC mean(C) = 0
IFUNC linear(C) = 0
IFUNC quadratic(C) = 0
IFUNC_YEAR C.sin(t) = 0
IFUNC_YEAR C.cos(t) = 0
IFUNC_YEAR C.t.sin(t) = 0
IFUNC_YEAR C.t.cos(t) = 0
IFUNC_YEAR C.sin(2t) = 0
IFUNC_YEAR C.cos(2t) = 0

Jump 1 ( -sys NRT.BON.1600 -0.00013503616046874 1): -0.00013501736817187 3.0822717182657e-06 Y
Jump 2 ( -sys JBO.DFB.1520 -5.7644767454869e-05 1): -5.7644997750171e-05 2.1922103528899e-06 Y
Jump 3 ( -sys JBO.DFB.1400 2.4709039945427e-05 1): 2.4711932547824e-05 3.5644184645531e-06 Y
Interpolated function
49400.00 -2.271280746e-07 5.444259494e-07 0.027
49582.62 -1.620766185e-06 5.5864125e-07 0.027
49765.25 -8.501197955e-07 3.920520416e-07 0.027
49947.88 3.898638086e-07 3.498597457e-07 0.027
50130.50 6.041523978e-07 3.495294735e-07 0.027
50313.12 1.000226456e-06 3.027404732e-07 0.027
50495.75 4.558242494e-07 3.180954399e-07 0.027
50678.38 8.273517762e-07 3.138493681e-07 0.027
50861.00 2.685807489e-07 2.681458582e-07 0.027
51043.62 3.399581279e-07 2.517565294e-07 0.027
51226.25 2.103350356e-07 2.395883405e-07 0.027
51408.88 1.643744267e-07 2.436415035e-07 0.027
51591.50 1.467384711e-07 2.244695918e-07 0.027
51774.12 -1.770967649e-07 2.221286287e-07 0.027
51956.75 -1.230134092e-07 2.185448028e-07 0.027
52139.38 -3.125113111e-07 2.126050251e-07 0.027
52322.00 9.141745837e-08 2.097768893e-07 0.027
52504.62 -2.16281827e-07 2.141438674e-07 0.027
52687.25 -1.863891149e-07 2.087564508e-07 0.027
52869.88 -1.221215706e-07 1.987990673e-07 0.027
53052.50 -1.846317838e-07 1.937270993e-07 0.027
53235.12 -6.909049794e-08 1.793113091e-07 0.027
53417.75 -1.502744078e-08 1.717568483e-07 0.027
53600.38 -3.33994302e-07 1.62214035e-07 0.027
53783.00 -2.398791562e-07 1.614891199e-07 0.027
53965.62 -7.0385228e-08 1.55751466e-07 0.027
54148.25 -1.916437676e-07 1.524279789e-07 0.027
54330.88 -1.427436603e-07 1.430649174e-07 0.027
54513.50 -1.05457185e-07 1.348833844e-07 0.027
54696.12 -1.676328547e-07 1.254348894e-07 0.027
54878.75 -5.57294531e-08 1.15593942e-07 0.027
55061.38 4.665775295e-08 1.025713685e-07 0.027
55244.00 8.567570844e-08 9.999583412e-08 0.027
55426.62 1.537033884e-07 1.093437011e-07 0.027
55609.25 2.950729242e-07 1.361144743e-07 0.027
55791.88 3.104884647e-07 1.77192498e-07 0.027
55974.50 2.122218678e-08 1.930313109e-07 0.027

Derived parameters:

P0 (s)      = 0.00480842828944543       4.393e-16    
P1          = 9.69954424201605e-21      1.5543e-23   
tau_c (Myr) = 7859.9
bs (G)      = 2.1854e+08

Total proper motion = 25.071 +/- 0 mas/yr
Total time span = 2004.769 days = 5.489 years

Tempo2 usage
Units:                 TCB (tempo2)
Time ephemeris:        IF99 (tempo2)
Troposphere corr.?     Yes (tempo2)
Dilate freq?           Yes (tempo2)
Electron density (1AU) 4
Solar system ephem     DE421
Time scale             TT(TAI)
Binary model           NONE
Notice: There were 1 warnings. Summaries are shown below, check logs for full details.
Warning #1: [DUP1] duplicated warnings have been suppressed.
clock_plug.C: Complete processing again
Step 2:
2.69909e-13 1.6213e-13 -9.96887e-14 -5.8796e-14 -1.16035e-13 -8.9843e-14 -9.07206e-14 -6.62697e-14 -5.87987e-14 -4.16607e-14 -3.19456e-14 -1.84504e-14 -9.89989e-15 2.32557e-16 8.86274e-15 1.57433e-14 2.32059e-14 2.67823e-14 3.31487e-14 3.25741e-14 3.50698e-14 3.17439e-14 3.24811e-14 2.96055e-14 2.84368e-14 2.41586e-14 2.16293e-14 1.59114e-14 1.20521e-14 4.80589e-15 5.03786e-16 -7.67739e-15 -1.32279e-14 -2.20206e-14 -2.68483e-14 -3.89694e-14 -1.8134e-14 
1.6213e-13 2.84188e-13 -3.37793e-15 -1.13836e-13 -8.64838e-14 -1.08991e-13 -9.10884e-14 -9.91228e-14 -7.18434e-14 -6.21611e-14 -4.17633e-14 -3.69296e-14 -1.64175e-14 -1.0219e-14 5.36484e-15 9.5455e-15 2.23122e-14 2.43451e-14 3.58406e-14 3.5637e-14 4.10106e-14 3.86936e-14 4.08471e-14 3.85217e-14 3.74606e-14 3.36149e-14 3.04837e-14 2.48593e-14 1.97017e-14 1.23006e-14 5.53591e-15 -3.54822e-15 -1.21696e-14 -2.25324e-14 -3.20754e-14 -4.43653e-14 -4.54677e-14 
-9.96887e-14 -3.37793e-15 1.39967e-13 3.13767e-14 3.40439e-15 -1.96318e-15 -1.46282e-14 -1.38586e-14 -1.55961e-14 -1.21234e-14 -1.2124e-14 -9.07067e-15 -8.94329e-15 -5.93711e-15 -4.97553e-15 -2.05343e-15 -9.79387e-16 1.38308e-15 2.12298e-15 3.51002e-15 3.75115e-15 4.39797e-15 4.12681e-15 4.14098e-15 3.95217e-15 3.79165e-15 3.39661e-15 2.97324e-15 2.38256e-15 1.7534e-15 1.01167e-15 2.05713e-16 -6.28294e-16 -1.52175e-15 -2.30304e-15 -3.62667e-15 -4.24918e-15 
-5.8796e-14 -1.13836e-13 3.13767e-14 1.11462e-13 3.3265e-14 2.63088e-14 1.66304e-14 5.57329e-15 4.44649e-15 1.2526e-15 -2.22321e-16 -3.31301e-15 -3.65419e-15 -5.1075e-15 -5.22238e-15 -5.87417e-15 -5.59057e-15 -5.89167e-15 -5.21155e-15 -5.19853e-15 -4.85604e-15 -4.84948e-15 -4.75604e-15 -4.62609e-15 -4.28329e-15 -3.80672e-15 -3.29038e-15 -2.60149e-15 -1.88376e-15 -9.5312e-16 -2.10617e-17 1.18953e-15 2.36131e-15 3.79641e-15 5.1416e-15 6.47525e-15 4.5661e-15 
-1.16035e-13 -8.64838e-14 3.40439e-15 3.3265e-14 1.11252e-13 6.27464e-14 4.11479e-14 2.83803e-14 1.79381e-14 1.14602e-14 4.4475e-15 6.12601e-16 -4.35205e-15 -6.00916e-15 -9.42313e-15 -9.57668e-15 -1.20792e-14 -1.14503e-14 -1.32907e-14 -1.19124e-14 -1.27703e-14 -1.08552e-14 -1.1342e-14 -1.05018e-14 -1.02717e-14 -8.70516e-15 -7.86543e-15 -5.7921e-15 -4.42207e-15 -1.79677e-15 -1.68279e-16 2.88393e-15 5.14459e-15 8.66234e-15 1.12695e-14 1.50725e-14 7.4165e-15 
-8.9843e-14 -1.08991e-13 -1.96318e-15 2.63088e-14 6.27464e-14 8.34604e-14 5.80958e-14 4.12846e-14 2.77347e-14 1.59145e-14 7.91297e-15 2.39403e-15 -2.56309e-15 -5.62072e-15 -9.04512e-15 -1.03096e-14 -1.27497e-14 -1.30666e-14 -1.48495e-14 -1.41774e-14 -1.47647e-14 -1.33958e-14 -1.33692e-14 -1.23392e-14 -1.16918e-14 -1.00857e-14 -8.89394e-15 -6.76984e-15 -5.04236e-15 -2.36477e-15 -2.85855e-16 2.86518e-15 5.49045e-15 9.01513e-15 1.17791e-14 1.58777e-14 1.13021e-14 
-9.07206e-14 -9.10884e-14 -1.46282e-14 1.66304e-14 4.11479e-14 5.80958e-14 9.21413e-14 5.57579e-14 3.70491e-14 2.05676e-14 1.01255e-14 4.57234e-15 -2.1742e-15 -5.46925e-15 -1.01116e-14 -1.119e-14 -1.47959e-14 -1.46854e-14 -1.78328e-14 -1.65083e-14 -1.74852e-14 -1.52845e-14 -1.53289e-14 -1.35587e-14 -1.27262e-14 -1.06066e-14 -9.29784e-15 -6.70545e-15 -4.87187e-15 -1.72454e-15 3.38189e-16 3.84931e-15 6.40793e-15 1.0094e-14 1.23043e-14 1.7254e-14 1.0459e-14 
-6.62697e-14 -9.91228e-14 -1.38586e-14 5.57329e-15 2.83803e-14 4.12846e-14 5.57579e-14 8.96979e-14 5.25415e-14 2.91177e-14 1.5494e-14 6.39857e-15 -6.7823e-16 -5.35677e-15 -9.6091e-15 -1.16961e-14 -1.47143e-14 -1.55663e-14 -1.75757e-14 -1.71921e-14 -1.76554e-14 -1.62609e-14 -1.56299e-14 -1.42906e-14 -1.33088e-14 -1.15344e-14 -1.00141e-14 -7.7042e-15 -5.64089e-15 -2.78623e-15 -3.42563e-16 2.97886e-15 5.90923e-15 9.54348e-15 1.25067e-14 1.69162e-14 1.47077e-14 
-5.87987e-14 -7.18434e-14 -1.55961e-14 4.44649e-15 1.79381e-14 2.77347e-14 3.70491e-14 5.25415e-14 6.54759e-14 4.10057e-14 2.34437e-14 1.17977e-14 2.22602e-15 -3.56433e-15 -9.23864e-15 -1.12524e-14 -1.47252e-14 -1.50576e-14 -1.78442e-14 -1.68342e-14 -1.74633e-14 -1.53836e-14 -1.49308e-14 -1.32251e-14 -1.2296e-14 -1.03052e-14 -8.93983e-15 -6.5213e-15 -4.69317e-15 -1.80742e-15 2.12654e-16 3.3956e-15 5.8166e-15 9.14741e-15 1.12955e-14 1.57255e-14 1.10684e-14 
-4.16607e-14 -6.21611e-14 -1.21234e-14 1.2526e-15 1.14602e-14 1.59145e-14 2.05676e-14 2.91177e-14 4.10057e-14 5.77166e-14 3.81354e-14 2.1416e-14 8.70076e-15 3.08058e-17 -6.75566e-15 -1.0044e-14 -1.35366e-14 -1.45286e-14 -1.66363e-14 -1.61788e-14 -1.65702e-14 -1.49362e-14 -1.41279e-14 -1.29043e-14 -1.2082e-14 -1.04379e-14 -9.09047e-15 -6.96885e-15 -5.14796e-15 -2.57201e-15 -4.80231e-16 2.44913e-15 4.96142e-15 8.17462e-15 1.07796e-14 1.46598e-14 1.26007e-14 
-3.19456e-14 -4.17633e-14 -1.2124e-14 -2.22321e-16 4.4475e-15 7.91297e-15 1.01255e-14 1.5494e-14 2.34437e-14 3.81354e-14 5.22722e-14 3.23963e-14 1.66836e-14 5.18173e-15 -4.00832e-15 -8.27044e-15 -1.28366e-14 -1.37219e-14 -1.65051e-14 -1.56115e-14 -1.62079e-14 -1.4102e-14 -1.34018e-14 -1.18638e-14 -1.10643e-14 -9.28742e-15 -8.06884e-15 -5.91754e-15 -4.31658e-15 -1.78954e-15 -7.51561e-17 2.65537e-15 4.70191e-15 7.56402e-15 9.4306e-15 1.321e-14 9.44926e-15 
-1.84504e-14 -3.69296e-14 -9.07067e-15 -3.31301e-15 6.12601e-16 2.39403e-15 4.57234e-15 6.39857e-15 1.17977e-14 2.1416e-14 3.23963e-14 5.40558e-14 3.03965e-14 1.4802e-14 3.01616e-15 -4.47975e-15 -9.96435e-15 -1.26254e-14 -1.51266e-14 -1.53119e-14 -1.57315e-14 -1.45776e-14 -1.35921e-14 -1.24134e-14 -1.15077e-14 -1.00802e-14 -8.74177e-15 -6.90105e-15 -5.16367e-15 -2.9515e-15 -9.54728e-16 1.55989e-15 3.87735e-15 6.60593e-15 8.96526e-15 1.23511e-14 1.26693e-14 
-9.89989e-15 -1.64175e-14 -8.94329e-15 -3.65419e-15 -4.35205e-15 -2.56309e-15 -2.1742e-15 -6.7823e-16 2.22602e-15 8.70076e-15 1.66836e-14 3.03965e-14 4.58833e-14 2.8491e-14 1.24137e-14 1.65119e-15 -6.65071e-15 -1.0194e-14 -1.42041e-14 -1.39489e-14 -1.47943e-14 -1.3026e-14 -1.2443e-14 -1.09654e-14 -1.0216e-14 -8.61467e-15 -7.52068e-15 -5.60859e-15 -4.20068e-15 -1.98934e-15 -5.29379e-16 1.8055e-15 3.51426e-15 5.90176e-15 7.33963e-15 1.07132e-14 7.86777e-15 
2.32557e-16 -1.0219e-14 -5.93711e-15 -5.1075e-15 -6.00916e-15 -5.62072e-15 -5.46925e-15 -5.35677e-15 -3.56433e-15 3.08058e-17 5.18173e-15 1.4802e-14 2.8491e-14 4.49313e-14 2.82023e-14 1.23298e-14 9.00317e-16 -6.07001e-15 -1.09955e-14 -1.21779e-14 -1.32067e-14 -1.24987e-14 -1.19368e-14 -1.09849e-14 -1.0306e-14 -9.12624e-15 -8.0397e-15 -6.48466e-15 -5.04573e-15 -3.17962e-15 -1.55248e-15 5.36277e-16 2.42572e-15 4.67068e-15 6.54131e-15 9.5251e-15 1.00878e-14 
8.86274e-15 5.36484e-15 -4.97553e-15 -5.22238e-15 -9.42313e-15 -9.04512e-15 -1.01116e-14 -9.6091e-15 -9.23864e-15 -6.75566e-15 -4.00832e-15 3.01616e-15 1.24137e-14 2.82023e-14 4.34931e-14 2.59064e-14 1.06789e-14 8.06164e-16 -7.0188e-15 -8.73825e-15 -1.07408e-14 -1.00807e-14 -1.02847e-14 -9.35404e-15 -8.98887e-15 -7.85276e-15 -7.09195e-15 -5.61142e-15 -4.52491e-15 -2.75426e-15 -1.60209e-15 2.89199e-16 1.67941e-15 3.63407e-15 4.79865e-15 7.80458e-15 6.08281e-15 
1.57433e-14 9.5455e-15 -2.05343e-15 -5.87417e-15 -9.57668e-15 -1.03096e-14 -1.119e-14 -1.16961e-14 -1.12524e-14 -1.0044e-14 -8.27044e-15 -4.47975e-15 1.65119e-15 1.23298e-14 2.59064e-14 4.11611e-14 2.51348e-14 1.10459e-14 7.01945e-16 -3.6082e-15 -6.51558e-15 -7.73352e-15 -8.49535e-15 -8.42967e-15 -8.34831e-15 -7.9123e-15 -7.32256e-15 -6.42241e-15 -5.41907e-15 -4.17697e-15 -2.90159e-15 -1.38029e-15 1.74338e-16 1.90109e-15 3.53305e-15 6.08364e-15 8.50045e-15 
2.32059e-14 2.23122e-14 -9.79387e-16 -5.59057e-15 -1.20792e-14 -1.27497e-14 -1.47959e-14 -1.47143e-14 -1.47252e-14 -1.35366e-14 -1.28366e-14 -9.96435e-15 -6.65071e-15 9.00317e-16 1.06789e-14 2.51348e-14 4.00733e-14 2.59269e-14 1.0276e-14 4.09419e-15 -8.678e-16 -3.08007e-15 -5.44614e-15 -5.78823e-15 -6.32797e-15 -6.19278e-15 -6.14094e-15 -5.48977e-15 -4.97808e-15 -3.94228e-15 -3.21738e-15 -1.94243e-15 -9.15812e-16 5.1216e-16 1.43577e-15 4.11046e-15 4.29129e-15 
2.67823e-14 2.43451e-14 1.38308e-15 -5.89167e-15 -1.14503e-14 -1.30666e-14 -1.46854e-14 -1.55663e-14 -1.50576e-14 -1.45286e-14 -1.37219e-14 -1.26254e-14 -1.0194e-14 -6.07001e-15 8.06164e-16 1.10459e-14 2.59269e-14 4.17591e-14 2.31874e-14 1.36363e-14 6.6817e-15 1.45614e-15 -2.3804e-15 -3.9994e-15 -5.08599e-15 -5.89982e-15 -6.17794e-15 -6.26824e-15 -5.92319e-15 -5.51635e-15 -4.67524e-15 -3.80338e-15 -2.58274e-15 -1.37596e-15 8.60066e-17 2.36919e-15 7.0811e-15 
3.31487e-14 3.58406e-14 2.12298e-15 -5.21155e-15 -1.32907e-14 -1.48495e-14 -1.78328e-14 -1.75757e-14 -1.78442e-14 -1.66363e-14 -1.65051e-14 -1.51266e-14 -1.42041e-14 -1.09955e-14 -7.0188e-15 7.01945e-16 1.0276e-14 2.31874e-14 3.96844e-14 2.73255e-14 1.70015e-14 9.97462e-15 3.62387e-15 1.20048e-15 -9.00927e-16 -2.19939e-15 -3.31892e-15 -3.81445e-15 -4.25787e-15 -4.21933e-15 -4.29029e-15 -3.89229e-15 -3.60793e-15 -3.00051e-15 -2.7624e-15 -7.09503e-16 -2.3331e-17 
3.25741e-14 3.5637e-14 3.51002e-15 -5.19853e-15 -1.19124e-14 -1.41774e-14 -1.65083e-14 -1.71921e-14 -1.68342e-14 -1.61788e-14 -1.56115e-14 -1.53119e-14 -1.39489e-14 -1.21779e-14 -8.73825e-15 -3.6082e-15 4.09419e-15 1.36363e-14 2.73255e-14 3.59889e-14 2.44711e-14 1.43126e-14 7.06345e-15 3.72491e-15 1.45041e-15 -4.78698e-16 -1.67747e-15 -2.77055e-15 -3.32321e-15 -3.95839e-15 -4.06425e-15 -4.3445e-15 -4.24022e-15 -4.33172e-15 -4.07752e-15 -3.571e-15 4.47524e-16 
3.50698e-14 4.10106e-14 3.75115e-15 -4.85604e-15 -1.27703e-14 -1.47647e-14 -1.74852e-14 -1.76554e-14 -1.74633e-14 -1.65702e-14 -1.62079e-14 -1.57315e-14 -1.47943e-14 -1.32067e-14 -1.07408e-14 -6.51558e-15 -8.678e-16 6.6817e-15 1.70015e-14 2.44711e-14 3.41759e-14 2.22036e-14 1.24019e-14 8.51045e-15 5.6741e-15 3.45346e-15 1.84218e-15 4.05301e-16 -6.89886e-16 -1.73943e-15 -2.57692e-15 -3.49667e-15 -4.31934e-15 -5.28488e-15 -6.23882e-15 -6.91505e-15 -5.76215e-15 
3.17439e-14 3.86936e-14 4.39797e-15 -4.84948e-15 -1.08552e-14 -1.33958e-14 -1.52845e-14 -1.62609e-14 -1.53836e-14 -1.49362e-14 -1.4102e-14 -1.45776e-14 -1.3026e-14 -1.24987e-14 -1.00807e-14 -7.73352e-15 -3.08007e-15 1.45614e-15 9.97462e-15 1.43126e-14 2.22036e-14 2.92789e-14 1.83955e-14 1.29996e-14 9.44693e-15 6.19525e-15 4.20247e-15 1.99361e-15 6.58354e-16 -1.14191e-15 -2.0725e-15 -3.69226e-15 -4.71804e-15 -6.38482e-15 -7.35123e-15 -9.45857e-15 -5.06955e-15 
3.24811e-14 4.08471e-14 4.12681e-15 -4.75604e-15 -1.1342e-14 -1.33692e-14 -1.53289e-14 -1.56299e-14 -1.49308e-14 -1.41279e-14 -1.34018e-14 -1.35921e-14 -1.2443e-14 -1.19368e-14 -1.02847e-14 -8.49535e-15 -5.44614e-15 -2.3804e-15 3.62387e-15 7.06345e-15 1.24019e-14 1.83955e-14 2.68638e-14 2.07711e-14 1.60001e-14 1.18187e-14 8.86121e-15 6.02671e-15 3.93239e-15 1.54754e-15 -2.22206e-16 -2.55233e-15 -4.56235e-15 -7.13733e-15 -9.36805e-15 -1.24927e-14 -1.09613e-14 
2.96055e-14 3.85217e-14 4.14098e-15 -4.62609e-15 -1.05018e-14 -1.23392e-14 -1.35587e-14 -1.42906e-14 -1.32251e-14 -1.29043e-14 -1.18638e-14 -1.24134e-14 -1.09654e-14 -1.09849e-14 -9.35404e-15 -8.42967e-15 -5.78823e-15 -3.9994e-15 1.20048e-15 3.72491e-15 8.51045e-15 1.29996e-14 2.07711e-14 2.39616e-14 1.97169e-14 1.47553e-14 1.11402e-14 7.54306e-15 5.03561e-15 2.0981e-15 1.56506e-16 -2.55819e-15 -4.68555e-15 -7.54754e-15 -9.6732e-15 -1.35111e-14 -1.06619e-14 
2.84368e-14 3.74606e-14 3.95217e-15 -4.28329e-15 -1.02717e-14 -1.16918e-14 -1.27262e-14 -1.33088e-14 -1.2296e-14 -1.2082e-14 -1.10643e-14 -1.15077e-14 -1.0216e-14 -1.0306e-14 -8.98887e-15 -8.34831e-15 -6.32797e-15 -5.08599e-15 -9.00927e-16 1.45041e-15 5.6741e-15 9.44693e-15 1.60001e-14 1.97169e-14 2.37479e-14 1.90665e-14 1.4657e-14 1.02642e-14 7.01281e-15 3.5206e-15 1.06727e-15 -2.02334e-15 -4.56734e-15 -7.7535e-15 -1.02558e-14 -1.45354e-14 -1.29331e-14 
2.41586e-14 3.36149e-14 3.79165e-15 -3.80672e-15 -8.70516e-15 -1.00857e-14 -1.06066e-14 -1.15344e-14 -1.03052e-14 -1.04379e-14 -9.28742e-15 -1.00802e-14 -8.61467e-15 -9.12624e-15 -7.85276e-15 -7.9123e-15 -6.19278e-15 -5.89982e-15 -2.19939e-15 -4.78698e-16 3.45346e-15 6.19525e-15 1.18187e-14 1.47553e-14 1.90665e-14 2.20904e-14 1.79586e-14 1.27164e-14 8.74313e-15 4.4923e-15 1.70939e-15 -1.77328e-15 -4.44163e-15 -7.83004e-15 -1.0211e-14 -1.48992e-14 -1.22834e-14 
2.16293e-14 3.04837e-14 3.39661e-15 -3.29038e-15 -7.86543e-15 -8.89394e-15 -9.29784e-15 -1.00141e-14 -8.93983e-15 -9.09047e-15 -8.06884e-15 -8.74177e-15 -7.52068e-15 -8.0397e-15 -7.09195e-15 -7.32256e-15 -6.14094e-15 -6.17794e-15 -3.31892e-15 -1.67747e-15 1.84218e-15 4.20247e-15 8.86121e-15 1.11402e-14 1.4657e-14 1.79586e-14 2.11577e-14 1.63235e-14 1.15458e-14 6.54311e-15 3.06451e-15 -8.28776e-16 -3.91118e-15 -7.52781e-15 -1.02134e-14 -1.50467e-14 -1.37853e-14 
1.59114e-14 2.48593e-14 2.97324e-15 -2.60149e-15 -5.7921e-15 -6.76984e-15 -6.70545e-15 -7.7042e-15 -6.5213e-15 -6.96885e-15 -5.91754e-15 -6.90105e-15 -5.60859e-15 -6.48466e-15 -5.61142e-15 -6.42241e-15 -5.48977e-15 -6.26824e-15 -3.81445e-15 -2.77055e-15 4.05301e-16 1.99361e-15 6.02671e-15 7.54306e-15 1.02642e-14 1.27164e-14 1.63235e-14 1.86383e-14 1.41533e-14 8.45719e-15 4.4426e-15 8.35072e-17 -3.16669e-15 -6.92368e-15 -9.4514e-15 -1.44764e-14 -1.24215e-14 
1.20521e-14 1.97017e-14 2.38256e-15 -1.88376e-15 -4.42207e-15 -5.04236e-15 -4.87187e-15 -5.64089e-15 -4.69317e-15 -5.14796e-15 -4.31658e-15 -5.16367e-15 -4.20068e-15 -5.04573e-15 -4.52491e-15 -5.41907e-15 -4.97808e-15 -5.92319e-15 -4.25787e-15 -3.32321e-15 -6.89886e-16 6.58354e-16 3.93239e-15 5.03561e-15 7.01281e-15 8.74313e-15 1.15458e-14 1.41533e-14 1.65675e-14 1.16599e-14 6.86449e-15 1.97103e-15 -1.79939e-15 -5.77755e-15 -8.58428e-15 -1.35556e-14 -1.30188e-14 
4.80589e-15 1.23006e-14 1.7534e-15 -9.5312e-16 -1.79677e-15 -2.36477e-15 -1.72454e-15 -2.78623e-15 -1.80742e-15 -2.57201e-15 -1.78954e-15 -2.9515e-15 -1.98934e-15 -3.17962e-15 -2.75426e-15 -4.17697e-15 -3.94228e-15 -5.51635e-15 -4.21933e-15 -3.95839e-15 -1.73943e-15 -1.14191e-15 1.54754e-15 2.0981e-15 3.5206e-15 4.4923e-15 6.54311e-15 8.45719e-15 1.16599e-14 1.43277e-14 9.36848e-15 3.95704e-15 -1.06889e-16 -4.25007e-15 -6.85146e-15 -1.1782e-14 -1.04777e-14 
5.03786e-16 5.53591e-15 1.01167e-15 -2.10617e-17 -1.68279e-16 -2.85855e-16 3.38189e-16 -3.42563e-16 2.12654e-16 -4.80231e-16 -7.51561e-17 -9.54728e-16 -5.29379e-16 -1.55248e-15 -1.60209e-15 -2.90159e-15 -3.21738e-15 -4.67524e-15 -4.29029e-15 -4.06425e-15 -2.57692e-15 -2.0725e-15 -2.22206e-16 1.56506e-16 1.06727e-15 1.70939e-15 3.06451e-15 4.4426e-15 6.86449e-15 9.36848e-15 1.21677e-14 7.29226e-15 2.68507e-15 -1.74456e-15 -4.77181e-15 -9.41009e-15 -1.04619e-14 
-7.67739e-15 -3.54822e-15 2.05713e-16 1.18953e-15 2.88393e-15 2.86518e-15 3.84931e-15 2.97886e-15 3.3956e-15 2.44913e-15 2.65537e-15 1.55989e-15 1.8055e-15 5.36277e-16 2.89199e-16 -1.38029e-15 -1.94243e-15 -3.80338e-15 -3.89229e-15 -4.3445e-15 -3.49667e-15 -3.69226e-15 -2.55233e-15 -2.55819e-15 -2.02334e-15 -1.77328e-15 -8.28776e-16 8.35072e-17 1.97103e-15 3.95704e-15 7.29226e-15 9.58058e-15 5.98459e-15 1.63347e-15 -1.24367e-15 -5.73335e-15 -6.67562e-15 
-1.32279e-14 -1.21696e-14 -6.28294e-16 2.36131e-15 5.14459e-15 5.49045e-15 6.40793e-15 5.90923e-15 5.8166e-15 4.96142e-15 4.70191e-15 3.87735e-15 3.51426e-15 2.42572e-15 1.67941e-15 1.74338e-16 -9.15812e-16 -2.58274e-15 -3.60793e-15 -4.24022e-15 -4.31934e-15 -4.71804e-15 -4.56235e-15 -4.68555e-15 -4.56734e-15 -4.44163e-15 -3.91118e-15 -3.16669e-15 -1.79939e-15 -1.06889e-16 2.68507e-15 5.98459e-15 9.10549e-15 6.09502e-15 3.16086e-15 -1.16812e-15 -4.67659e-15 
-2.20206e-14 -2.25324e-14 -1.52175e-15 3.79641e-15 8.66234e-15 9.01513e-15 1.0094e-14 9.54348e-15 9.14741e-15 8.17462e-15 7.56402e-15 6.60593e-15 5.90176e-15 4.67068e-15 3.63407e-15 1.90109e-15 5.1216e-16 -1.37596e-15 -3.00051e-15 -4.33172e-15 -5.28488e-15 -6.38482e-15 -7.13733e-15 -7.54754e-15 -7.7535e-15 -7.83004e-15 -7.52781e-15 -6.92368e-15 -5.77755e-15 -4.25007e-15 -1.74456e-15 1.63347e-15 6.09502e-15 1.08875e-14 9.47873e-15 4.94794e-15 6.78994e-16 
-2.68483e-14 -3.20754e-14 -2.30304e-15 5.1416e-15 1.12695e-14 1.17791e-14 1.23043e-14 1.25067e-14 1.12955e-14 1.07796e-14 9.4306e-15 8.96526e-15 7.33963e-15 6.54131e-15 4.79865e-15 3.53305e-15 1.43577e-15 8.60066e-17 -2.7624e-15 -4.07752e-15 -6.23882e-15 -7.35123e-15 -9.36805e-15 -9.6732e-15 -1.02558e-14 -1.0211e-14 -1.02134e-14 -9.4514e-15 -8.58428e-15 -6.85146e-15 -4.77181e-15 -1.24367e-15 3.16086e-15 9.47873e-15 1.68713e-14 1.21235e-14 3.4397e-15 
-3.89694e-14 -4.43653e-14 -3.62667e-15 6.47525e-15 1.50725e-14 1.58777e-14 1.7254e-14 1.69162e-14 1.57255e-14 1.46598e-14 1.321e-14 1.23511e-14 1.07132e-14 9.5251e-15 7.80458e-15 6.08364e-15 4.11046e-15 2.36919e-15 -7.09503e-16 -3.571e-15 -6.91505e-15 -9.45857e-15 -1.24927e-14 -1.35111e-14 -1.45354e-14 -1.48992e-14 -1.50467e-14 -1.44764e-14 -1.35556e-14 -1.1782e-14 -9.41009e-15 -5.73335e-15 -1.16812e-15 4.94794e-15 1.21235e-14 2.85911e-14 2.04156e-14 
-1.8134e-14 -4.54677e-14 -4.24918e-15 4.5661e-15 7.4165e-15 1.13021e-14 1.0459e-14 1.47077e-14 1.10684e-14 1.26007e-14 9.44926e-15 1.26693e-14 7.86777e-15 1.00878e-14 6.08281e-15 8.50045e-15 4.29129e-15 7.0811e-15 -2.3331e-17 4.47524e-16 -5.76215e-15 -5.06955e-15 -1.09613e-14 -1.06619e-14 -1.29331e-14 -1.22834e-14 -1.37853e-14 -1.24215e-14 -1.30188e-14 -1.04777e-14 -1.04619e-14 -6.67562e-15 -4.67659e-15 6.78994e-16 3.4397e-15 2.04156e-14 3.39309e-14 
Earliest and latest times = 49405.5 55926.9
In here - GEORGE
Using: 1994.13 -0.227128 0.544426
Using: 1994.63 -1.62077 0.558641
Using: 1995.13 -0.85012 0.392052
Using: 1995.63 0.389864 0.34986
Using: 1996.13 0.604152 0.349529
Using: 1996.63 1.00023 0.30274
Using: 1997.13 0.455824 0.318095
Using: 1997.63 0.827352 0.313849
Using: 1998.13 0.268581 0.268146
Using: 1998.63 0.339958 0.251757
Using: 1999.13 0.210335 0.239588
Using: 1999.63 0.164374 0.243642
Using: 2000.13 0.146738 0.22447
Using: 2000.63 -0.177097 0.222129
Using: 2001.13 -0.123013 0.218545
Using: 2001.63 -0.312511 0.212605
Using: 2002.13 0.0914175 0.209777
Using: 2002.63 -0.216282 0.214144
Using: 2003.13 -0.186389 0.208756
Using: 2003.63 -0.122122 0.198799
Using: 2004.13 -0.184632 0.193727
Using: 2004.63 -0.0690905 0.179311
Using: 2005.13 -0.0150274 0.171757
Using: 2005.63 -0.333994 0.162214
Using: 2006.13 -0.239879 0.161489
Using: 2006.63 -0.0703852 0.155751
Using: 2007.13 -0.191644 0.152428
Using: 2007.63 -0.142744 0.143065
Using: 2008.13 -0.105457 0.134883
Using: 2008.63 -0.167633 0.125435
Using: 2009.13 -0.0557295 0.115594
Using: 2009.63 0.0466578 0.102571
Using: 2010.13 0.0856757 0.0999958
Using: 2010.63 0.153703 0.109344
Using: 2011.13 0.295073 0.136114
Using: 2011.63 0.310488 0.177192
Using: 2012.13 0.0212222 0.193031
[TKfit.C:327] SVD nparams=3 nconst=0 ndata=37
SVD: parameters before 1.38655e+08 after 1.38655e+08
SVD: parameters before 0.000162976 after 0
SVD: parameters before 147.523 after 147.523
SVD: w-parameters
SVD: wmax = 1.38655e+08
SVD: sensible wmax = 2.59615e+33
SVD: tol * wmax = 0.0138655
SVD: Number of zeroes are 1
SVD: nparams = 3
SVD: smallest non Zero value is 147.523
ifunc output: 1994.13 -0.227128 -0.233712 0.544426
ifunc output: 1994.63 -1.62077 -1.62708 0.558641
ifunc output: 1995.13 -0.85012 -0.856163 0.392052
ifunc output: 1995.63 0.389864 0.384091 0.34986
ifunc output: 1996.13 0.604152 0.598651 0.349529
ifunc output: 1996.63 1.00023 0.994996 0.30274
ifunc output: 1997.13 0.455824 0.450863 0.318095
ifunc output: 1997.63 0.827352 0.822662 0.313849
ifunc output: 1998.13 0.268581 0.264163 0.268146
ifunc output: 1998.63 0.339958 0.335811 0.251757
ifunc output: 1999.13 0.210335 0.20646 0.239588
ifunc output: 1999.63 0.164374 0.160771 0.243642
ifunc output: 2000.13 0.146738 0.143407 0.22447
ifunc output: 2000.63 -0.177097 -0.180156 0.222129
ifunc output: 2001.13 -0.123013 -0.125802 0.218545
ifunc output: 2001.63 -0.312511 -0.315028 0.212605
ifunc output: 2002.13 0.0914175 0.0891736 0.209777
ifunc output: 2002.63 -0.216282 -0.218253 0.214144
ifunc output: 2003.13 -0.186389 -0.188088 0.208756
ifunc output: 2003.63 -0.122122 -0.123547 0.198799
ifunc output: 2004.13 -0.184632 -0.185784 0.193727
ifunc output: 2004.63 -0.0690905 -0.0699702 0.179311
ifunc output: 2005.13 -0.0150274 -0.0156352 0.171757
ifunc output: 2005.63 -0.333994 -0.334329 0.162214
ifunc output: 2006.13 -0.239879 -0.23994 0.161489
ifunc output: 2006.63 -0.0703852 -0.0701725 0.155751
ifunc output: 2007.13 -0.191644 -0.191157 0.152428
ifunc output: 2007.63 -0.142744 -0.141983 0.143065
ifunc output: 2008.13 -0.105457 -0.104422 0.134883
ifunc output: 2008.63 -0.167633 -0.166324 0.125435
ifunc output: 2009.13 -0.0557295 -0.0541475 0.115594
ifunc output: 2009.63 0.0466578 0.048514 0.102571
ifunc output: 2010.13 0.0856757 0.0878068 0.0999958
ifunc output: 2010.63 0.153703 0.156109 0.109344
ifunc output: 2011.13 0.295073 0.297754 0.136114
ifunc output: 2011.63 0.310488 0.313444 0.177192
ifunc output: 2012.13 0.0212222 0.0244532 0.193031
Error has size 0.544426 value = -0.233712
Error has size 0.558641 value = -1.62708
Error has size 0.392052 value = -0.856163
Error has size 0.34986 value = 0.384091
Error has size 0.349529 value = 0.598651
Error has size 0.30274 value = 0.994996
Error has size 0.318095 value = 0.450863
Error has size 0.313849 value = 0.822662
Error has size 0.268146 value = 0.264163
Error has size 0.251757 value = 0.335811
Error has size 0.239588 value = 0.20646
Error has size 0.243642 value = 0.160771
Error has size 0.22447 value = 0.143407
Error has size 0.222129 value = -0.180156
Error has size 0.218545 value = -0.125802
Error has size 0.212605 value = -0.315028
Error has size 0.209777 value = 0.0891736
Error has size 0.214144 value = -0.218253
Error has size 0.208756 value = -0.188088
Error has size 0.198799 value = -0.123547
Error has size 0.193727 value = -0.185784
Error has size 0.179311 value = -0.0699702
Error has size 0.171757 value = -0.0156352
Error has size 0.162214 value = -0.334329
Error has size 0.161489 value = -0.23994
Error has size 0.155751 value = -0.0701725
Error has size 0.152428 value = -0.191157
Error has size 0.143065 value = -0.141983
Error has size 0.134883 value = -0.104422
Error has size 0.125435 value = -0.166324
Error has size 0.115594 value = -0.0541475
Error has size 0.102571 value = 0.048514
Error has size 0.0999958 value = 0.0878068
Error has size 0.109344 value = 0.156109
Error has size 0.136114 value = 0.297754
Error has size 0.177192 value = 0.313444
Error has size 0.193031 value = 0.0244532
GOT HERE
Have read 1518 lines from the clock file
overlay: -5600 32184022.64600000530481338501
overlay: -5417.38 32184022.96499999985098838806
overlay: -5234.75 32184023.31699999794363975525
overlay: -5052.12 32184023.68100000172853469849
overlay: -4869.5 32184024.03599999845027923584
overlay: -4686.88 32184024.39999999850988388062
overlay: -4504.25 32184024.78200000151991844177
overlay: -4321.62 32184025.11000000312924385071
overlay: -4139 32184025.29699999839067459106
overlay: -3956.38 32184025.33300000429153442383
overlay: -3773.75 32184025.35200000181794166565
overlay: -3591.12 32184025.41500000283122062683
overlay: -3408.5 32184025.49700000137090682983
overlay: -3225.88 32184025.59500000253319740295
overlay: -3043.25 32184025.69799999892711639404
overlay: -2860.62 32184025.81200000271201133728
overlay: -2678 32184025.96899999678134918213
overlay: -2495.38 32184026.12500000372529029846
overlay: -2312.75 32184026.27600000053644180298
overlay: -2130.12 32184026.40859999880194664001
overlay: -1947.5 32184026.55730000138282775879
overlay: -1764.88 32184026.63520000129938125610
overlay: -1582.25 32184026.69900000095367431641
overlay: -1399.62 32184026.79410000145435333252
overlay: -1217 32184026.86350000277161598206
overlay: -1034.38 32184026.90749999880790710449
overlay: -851.75 32184026.93950000032782554626
overlay: -669.125 32184026.98170000314712524414
overlay: -486.5 32184027.03620000183582305908
overlay: -303.875 32184027.09349999949336051941
overlay: -121.25 32184027.16239999979734420776
overlay: 61.375 32184027.24830000102519989014
overlay: 244 32184027.31720000132918357849
overlay: 426.625 32184027.40280000120401382446
overlay: 609.25 32184027.50220000371336936951
overlay: 791.875 32184027.59910000115633010864
overlay: 974.5 32184027.66260000318288803101
[TKfit.C:327] SVD nparams=3 nconst=0 ndata=37
SVD: parameters before 8.08404e+07 after 8.08404e+07
SVD: parameters before 3.76217 after 3.76217
SVD: parameters before 4901.64 after 4901.64
SVD: w-parameters
SVD: wmax = 8.08404e+07
SVD: sensible wmax = 2.59615e+33
SVD: tol * wmax = 0.00808404
SVD: Number of zeroes are 0
SVD: nparams = 3
SVD: smallest non Zero value is 3.76217
sxsy_val: -5600.000000000000000 32184022.646000005304813 0 -0.227128 3.2184e+07 -0.443378 0.544426
sxsy_val: -5417.375000000000000 32184022.964999999850988 0.157774 -1.62077 3.2184e+07 -0.362155 0.558641
sxsy_val: -5234.750000000000000 32184023.316999997943640 5.23372 -0.85012 3.2184e+07 -0.241163 0.392052
sxsy_val: -5052.125000000000000 32184023.681000001728535 7.64632 0.389864 3.2184e+07 -0.1014 0.34986
sxsy_val: -4869.500000000000000 32184024.035999998450279 9.61803 0.604152 3.2184e+07 0.0361314 0.349529
sxsy_val: -4686.875000000000000 32184024.399999998509884 12.259 1.00023 3.2184e+07 0.189433 0.30274
sxsy_val: -4504.250000000000000 32184024.782000001519918 19.4316 0.455824 3.2184e+07 0.367504 0.318095
sxsy_val: -4321.625000000000000 32184025.110000003129244 19.5087 0.827352 3.2184e+07 0.498344 0.313849
sxsy_val: -4139.000000000000000 32184025.296999998390675 20.6077 0.268581 3.2184e+07 0.494954 0.268146
sxsy_val: -3956.375000000000000 32184025.333000004291534 21.3204 0.339958 3.2184e+07 0.347334 0.251757
sxsy_val: -3773.750000000000000 32184025.352000001817942 21.3212 0.210335 3.2184e+07 0.189483 0.239588
sxsy_val: -3591.125000000000000 32184025.415000002831221 21.3288 0.164374 3.2184e+07 0.0824017 0.243642
sxsy_val: -3408.500000000000000 32184025.497000001370907 21.442 0.146738 3.2184e+07 0.00109005 0.22447
sxsy_val: -3225.875000000000000 32184025.595000002533197 21.863 -0.177097 3.2184e+07 -0.057452 0.222129
sxsy_val: -3043.250000000000000 32184025.697999998927116 22.1531 -0.123013 3.2184e+07 -0.104225 0.218545
sxsy_val: -2860.625000000000000 32184025.812000002712011 22.1605 -0.312511 3.2184e+07 -0.133228 0.212605
sxsy_val: -2678.000000000000000 32184025.968999996781349 22.8716 0.0914175 3.2184e+07 -0.112461 0.209777
sxsy_val: -2495.375000000000000 32184026.125000003725290 23.8162 -0.216282 3.2184e+07 -0.0859247 0.214144
sxsy_val: -2312.750000000000000 32184026.276000000536442 24.1867 -0.186389 3.2184e+07 -0.0576189 0.208756
sxsy_val: -2130.125000000000000 32184026.408599998801947 24.5672 -0.122122 3.2184e+07 -0.0409436 0.198799
sxsy_val: -1947.500000000000000 32184026.557300001382828 24.734 -0.184632 3.2184e+07 -0.0013987 0.193727
sxsy_val: -1764.875000000000000 32184026.635200001299381 25.6286 -0.0690905 3.2184e+07 -0.0258842 0.179311
sxsy_val: -1582.250000000000000 32184026.699000000953674 25.6866 -0.0150274 3.2184e+07 -0.0577002 0.171757
sxsy_val: -1399.625000000000000 32184026.794100001454353 25.7484 -0.333994 3.2184e+07 -0.0514466 0.162214
sxsy_val: -1217.000000000000000 32184026.863500002771616 28.7823 -0.239879 3.2184e+07 -0.0641234 0.161489
sxsy_val: -1034.375000000000000 32184026.907499998807907 29.9668 -0.0703852 3.2184e+07 -0.0954306 0.155751
sxsy_val: -851.750000000000000 32184026.939500000327826 29.9927 -0.191644 3.2184e+07 -0.131968 0.152428
sxsy_val: -669.125000000000000 32184026.981700003147125 30.1459 -0.142744 3.2184e+07 -0.151536 0.143065
sxsy_val: -486.500000000000000 32184027.036200001835823 30.1497 -0.105457 3.2184e+07 -0.152035 0.134883
sxsy_val: -303.875000000000000 32184027.093499999493361 30.2689 -0.167633 3.2184e+07 -0.142964 0.125435
sxsy_val: -121.250000000000000 32184027.162399999797344 30.3076 -0.0557295 3.2184e+07 -0.115523 0.115594
sxsy_val: 61.375000000000000 32184027.248300001025200 30.5752 0.0466578 3.2184e+07 -0.0643131 0.102571
sxsy_val: 244.000000000000000 32184027.317200001329184 31.7457 0.0856757 3.2184e+07 -0.0233333 0.0999958
sxsy_val: 426.625000000000000 32184027.402800001204014 32.9341 0.153703 3.2184e+07 0.041116 0.109344
sxsy_val: 609.250000000000000 32184027.502200003713369 33.9943 0.295073 3.2184e+07 0.126135 0.136114
sxsy_val: 791.875000000000000 32184027.599100001156330 35.5347 0.310488 3.2184e+07 0.215423 0.177192
sxsy_val: 974.500000000000000 32184027.662600003182888 35.8226 0.0212222 3.2184e+07 0.278081 0.193031
plotVals: 1975.484599589322443 -12411.000000000000000 36.870706316083670
plotVals: 1975.511978097193605 -12401.000000000000000 36.024686593562365
plotVals: 1975.539356605064995 -12391.000000000000000 35.175687171518803
plotVals: 1975.566735112936385 -12381.000000000000000 34.324708055704832
plotVals: 1975.594113620807775 -12371.000000000000000 33.469749230891466
plotVals: 1975.621492128678938 -12361.000000000000000 32.610810700803995
plotVals: 1975.648870636550328 -12351.000000000000000 31.748892463743687
plotVals: 1975.676249144421718 -12341.000000000000000 30.882994540035725
plotVals: 1975.703627652292880 -12331.000000000000000 30.012116909027100
plotVals: 1975.731006160164270 -12321.000000000000000 29.136259566992521
plotVals: 1975.758384668035660 -12311.000000000000000 28.256422523409128
plotVals: 1975.785763175906823 -12301.000000000000000 27.370605781674385
plotVals: 1975.813141683778213 -12291.000000000000000 26.478809338063002
plotVals: 1975.840520191649603 -12281.000000000000000 25.574033197015524
plotVals: 1975.867898699520765 -12271.000000000000000 24.665277339518070
plotVals: 1975.895277207392155 -12261.000000000000000 23.751541789621115
plotVals: 1975.922655715263545 -12251.000000000000000 22.834826532751322
plotVals: 1975.950034223134935 -12241.000000000000000 21.916131578385830
plotVals: 1975.977412731006098 -12231.000000000000000 20.995456915348768
plotVals: 1976.005475701574369 -12221.000000000000000 20.073802549391985
plotVals: 1976.032854209445532 -12211.000000000000000 19.152168486267328
plotVals: 1976.060232717316921 -12201.000000000000000 18.232554718852043
plotVals: 1976.087611225188311 -12191.000000000000000 17.316961247473955
plotVals: 1976.114989733059474 -12181.000000000000000 16.404388073831797
plotVals: 1976.142368240930864 -12171.000000000000000 15.497835192829370
plotVals: 1976.169746748802254 -12161.000000000000000 14.602302618324757
plotVals: 1976.197125256673417 -12151.000000000000000 13.713790338486433
plotVals: 1976.224503764544806 -12141.000000000000000 12.832298349589109
plotVals: 1976.251882272416196 -12131.000000000000000 11.958826668560505
plotVals: 1976.279260780287586 -12121.000000000000000 11.095375273376703
plotVals: 1976.306639288158749 -12111.000000000000000 10.239944182336330
plotVals: 1976.334017796030139 -12101.000000000000000 9.402533389627934
plotVals: 1976.361396303901529 -12091.000000000000000 8.578142888844013
plotVals: 1976.388774811772691 -12081.000000000000000 7.760772693902254
plotVals: 1976.416153319644081 -12071.000000000000000 6.950422789901495
plotVals: 1976.443531827515471 -12061.000000000000000 6.146093182265759
plotVals: 1976.470910335386634 -12051.000000000000000 5.345783878117800
plotVals: 1976.498288843258024 -12041.000000000000000 4.549494866281748
plotVals: 1976.525667351129414 -12031.000000000000000 3.756226159632206
plotVals: 1976.553045859000576 -12021.000000000000000 2.963977735489607
plotVals: 1976.580424366871966 -12011.000000000000000 2.170749623328447
plotVals: 1976.607802874743356 -12001.000000000000000 1.375541802495718
plotVals: 1976.635181382614746 -11991.000000000000000 0.577354274690151
plotVals: 1976.662559890485909 -11981.000000000000000 -0.225812941789627
plotVals: 1976.689938398357299 -11971.000000000000000 -1.041959874331951
plotVals: 1976.717316906228689 -11961.000000000000000 -1.865086503326893
plotVals: 1976.744695414099851 -11951.000000000000000 -2.694192834198475
plotVals: 1976.772073921971241 -11941.000000000000000 -3.528278876096010
plotVals: 1976.799452429842631 -11931.000000000000000 -4.369344614446163
plotVals: 1976.826830937713794 -11921.000000000000000 -5.215390052646399
plotVals: 1976.854209445585184 -11911.000000000000000 -6.077415198087692
plotVals: 1976.881587953456574 -11901.000000000000000 -6.943420041352510
plotVals: 1976.908966461327964 -11891.000000000000000 -7.813404589891434
plotVals: 1976.936344969199126 -11881.000000000000000 -8.684368841350079
plotVals: 1976.963723477070516 -11871.000000000000000 -9.554312799125910
plotVals: 1976.991101984941906 -11861.000000000000000 -10.423236455768347
plotVals: 1977.016427104722879 -11851.000000000000000 -10.857139814645052
plotVals: 1977.043805612594042 -11841.000000000000000 -10.854022879153490
plotVals: 1977.071184120465432 -11831.000000000000000 -10.844885639846325
plotVals: 1977.098562628336822 -11821.000000000000000 -10.827728107571602
plotVals: 1977.125941136207985 -11811.000000000000000 -10.800550274550915
plotVals: 1977.153319644079374 -11801.000000000000000 -10.763352144509554
plotVals: 1977.180698151950764 -11791.000000000000000 -10.704133719205856
plotVals: 1977.208076659821927 -11781.000000000000000 -10.631894998252392
plotVals: 1977.235455167693317 -11771.000000000000000 -10.548635978251696
plotVals: 1977.262833675564707 -11761.000000000000000 -10.453356657177210
plotVals: 1977.290212183436097 -11751.000000000000000 -10.347057040780783
plotVals: 1977.317590691307259 -11741.000000000000000 -10.229737132787704
plotVals: 1977.344969199178649 -11731.000000000000000 -10.113396923989058
plotVals: 1977.372347707050039 -11721.000000000000000 -9.988036416471004
plotVals: 1977.399726214921202 -11711.000000000000000 -9.854655608534813
plotVals: 1977.427104722792592 -11701.000000000000000 -9.713254507631063
plotVals: 1977.454483230663982 -11691.000000000000000 -9.565833106637001
plotVals: 1977.481861738535144 -11681.000000000000000 -9.414391409605742
plotVals: 1977.509240246406534 -11671.000000000000000 -9.275929421186447
plotVals: 1977.536618754277924 -11661.000000000000000 -9.135447125881910
plotVals: 1977.563997262149314 -11651.000000000000000 -8.992944531142712
plotVals: 1977.591375770020477 -11641.000000000000000 -8.851421650499105
plotVals: 1977.618754277891867 -11631.000000000000000 -8.709878463298082
plotVals: 1977.646132785763257 -11621.000000000000000 -8.570314988493919
plotVals: 1977.673511293634419 -11611.000000000000000 -8.455731201916933
plotVals: 1977.700889801505809 -11601.000000000000000 -8.344127129763365
plotVals: 1977.728268309377199 -11591.000000000000000 -8.237502757459879
plotVals: 1977.755646817248362 -11581.000000000000000 -8.133858080953360
plotVals: 1977.783025325119752 -11571.000000000000000 -8.035193111747503
plotVals: 1977.810403832991142 -11561.000000000000000 -7.940507847815752
plotVals: 1977.837782340862532 -11551.000000000000000 -7.871802285313606
plotVals: 1977.865160848733694 -11541.000000000000000 -7.807076424360275
plotVals: 1977.892539356605084 -11531.000000000000000 -7.747330270707607
plotVals: 1977.919917864476474 -11521.000000000000000 -7.692563809454441
plotVals: 1977.947296372347637 -11511.000000000000000 -7.641777053475380
plotVals: 1977.974674880219027 -11501.000000000000000 -7.595970008522272
plotVals: 1978.002737850787071 -11491.000000000000000 -7.557142656296492
plotVals: 1978.030116358658461 -11481.000000000000000 -7.522295013070107
plotVals: 1978.057494866529851 -11471.000000000000000 -7.490427069365978
plotVals: 1978.084873374401013 -11461.000000000000000 -7.460538826882839
plotVals: 1978.112251882272403 -11451.000000000000000 -7.431630291044712
plotVals: 1978.139630390143793 -11441.000000000000000 -7.403701458126307
plotVals: 1978.167008898014956 -11431.000000000000000 -7.377752322703600
plotVals: 1978.194387405886346 -11421.000000000000000 -7.349782895296812
plotVals: 1978.221765913757736 -11411.000000000000000 -7.319793172180653
plotVals: 1978.249144421629126 -11401.000000000000000 -7.286783143877983
plotVals: 1978.276522929500288 -11391.000000000000000 -7.248752821236849
plotVals: 1978.303901437371678 -11381.000000000000000 -7.205702200531960
plotVals: 1978.331279945243068 -11371.000000000000000 -7.151631291955709
plotVals: 1978.358658453114231 -11361.000000000000000 -7.088540073484182
plotVals: 1978.386036960985621 -11351.000000000000000 -7.018428556621075
plotVals: 1978.413415468857011 -11341.000000000000000 -6.942296750843525
plotVals: 1978.440793976728173 -11331.000000000000000 -6.858144648373127
plotVals: 1978.468172484599563 -11321.000000000000000 -6.766972240060568
plotVals: 1978.495550992470953 -11311.000000000000000 -6.666779540479183
plotVals: 1978.522929500342343 -11301.000000000000000 -6.554566539824009
plotVals: 1978.550308008213506 -11291.000000000000000 -6.435333244502544
plotVals: 1978.577686516084896 -11281.000000000000000 -6.312079656869173
plotVals: 1978.605065023956286 -11271.000000000000000 -6.184805762022734
plotVals: 1978.632443531827448 -11261.000000000000000 -6.053511571139097
plotVals: 1978.659822039698838 -11251.000000000000000 -5.920197084546089
plotVals: 1978.687200547570228 -11241.000000000000000 -5.784862305969000
plotVals: 1978.714579055441391 -11231.000000000000000 -5.648507218807936
plotVals: 1978.741957563312781 -11221.000000000000000 -5.514131847769022
plotVals: 1978.769336071184171 -11211.000000000000000 -5.381736170500517
plotVals: 1978.796714579055333 -11201.000000000000000 -5.253320194780827
plotVals: 1978.824093086926723 -11191.000000000000000 -5.129883930087090
plotVals: 1978.851471594798113 -11181.000000000000000 -5.037427362054586
plotVals: 1978.878850102669503 -11171.000000000000000 -4.949950493872166
plotVals: 1978.906228610540666 -11161.000000000000000 -4.869453333318233
plotVals: 1978.933607118412056 -11151.000000000000000 -4.794935863465071
plotVals: 1978.960985626283446 -11141.000000000000000 -4.727398108690977
plotVals: 1978.988364134154608 -11131.000000000000000 -4.664840057492256
plotVals: 1979.016427104722879 -11121.000000000000000 -4.614261701703072
plotVals: 1979.043805612594042 -11111.000000000000000 -4.569663058966398
plotVals: 1979.071184120465432 -11101.000000000000000 -4.530044104903936
plotVals: 1979.098562628336822 -11091.000000000000000 -4.493404865264893
plotVals: 1979.125941136207985 -11081.000000000000000 -4.461745321750641
plotVals: 1979.153319644079374 -11071.000000000000000 -4.431065481156111
plotVals: 1979.180698151950764 -11061.000000000000000 -4.405365347862244
plotVals: 1979.208076659821927 -11051.000000000000000 -4.379644915461540
plotVals: 1979.235455167693317 -11041.000000000000000 -4.352904185652733
plotVals: 1979.262833675564707 -11031.000000000000000 -4.326143153011799
plotVals: 1979.290212183436097 -11021.000000000000000 -4.297361828386784
plotVals: 1979.317590691307259 -11011.000000000000000 -4.264560203999281
plotVals: 1979.344969199178649 -11001.000000000000000 -4.224738281220198
plotVals: 1979.372347707050039 -10991.000000000000000 -4.179896064102650
plotVals: 1979.399726214921202 -10981.000000000000000 -4.131033543497324
plotVals: 1979.427104722792592 -10971.000000000000000 -4.075150731950998
plotVals: 1979.454483230663982 -10961.000000000000000 -4.013247620314360
plotVals: 1979.481861738535144 -10951.000000000000000 -3.945324208587408
plotVals: 1979.509240246406534 -10941.000000000000000 -3.879380512982607
plotVals: 1979.536618754277924 -10931.000000000000000 -3.808416504412889
plotVals: 1979.563997262149314 -10921.000000000000000 -3.730432204902172
plotVals: 1979.591375770020477 -10911.000000000000000 -3.646427612751722
plotVals: 1979.618754277891867 -10901.000000000000000 -3.558402709662914
plotVals: 1979.646132785763257 -10891.000000000000000 -3.466357521712780
plotVals: 1979.673511293634419 -10881.000000000000000 -3.383292026817799
plotVals: 1979.700889801505809 -10871.000000000000000 -3.298206243664026
plotVals: 1979.728268309377199 -10861.000000000000000 -3.211100161075592
plotVals: 1979.755646817248362 -10851.000000000000000 -3.125973772257566
plotVals: 1979.783025325119752 -10841.000000000000000 -3.041827097535133
plotVals: 1979.810403832991142 -10831.000000000000000 -2.960660114884377
plotVals: 1979.837782340862532 -10821.000000000000000 -2.902472842484713
plotVals: 1979.865160848733694 -10811.000000000000000 -2.850265271961689
plotVals: 1979.892539356605084 -10801.000000000000000 -2.805037397891283
plotVals: 1979.919917864476474 -10791.000000000000000 -2.766789235174656
plotVals: 1979.947296372347637 -10781.000000000000000 -2.736520770937204
plotVals: 1979.974674880219027 -10771.000000000000000 -2.716232009232044
plotVals: 1980.002737850787071 -10761.000000000000000 -2.716922949999571
plotVals: 1980.030116358658461 -10751.000000000000000 -2.727593593299389
plotVals: 1980.057494866529851 -10741.000000000000000 -2.747243940830231
plotVals: 1980.084873374401013 -10731.000000000000000 -2.776873990893364
plotVals: 1980.112251882272403 -10721.000000000000000 -2.814483743160963
plotVals: 1980.139630390143793 -10711.000000000000000 -2.861073195934296
plotVals: 1980.167008898014956 -10701.000000000000000 -2.919642347842455
plotVals: 1980.194387405886346 -10691.000000000000000 -2.987191203981638
plotVals: 1980.221765913757736 -10681.000000000000000 -3.059719767421484
plotVals: 1980.249144421629126 -10671.000000000000000 -3.134228032082319
plotVals: 1980.276522929500288 -10661.000000000000000 -3.210716001689434
plotVals: 1980.303901437371678 -10651.000000000000000 -3.286183666437864
plotVals: 1980.331279945243068 -10641.000000000000000 -3.357631046324968
plotVals: 1980.358658453114231 -10631.000000000000000 -3.422058116644621
plotVals: 1980.386036960985621 -10621.000000000000000 -3.481464892625809
plotVals: 1980.413415468857011 -10611.000000000000000 -3.535851374268532
plotVals: 1980.440793976728173 -10601.000000000000000 -3.583217553794384
plotVals: 1980.468172484599563 -10591.000000000000000 -3.624563444405794
plotVals: 1980.495550992470953 -10581.000000000000000 -3.656889032572508
plotVals: 1980.522929500342343 -10571.000000000000000 -3.671194322407246
plotVals: 1980.550308008213506 -10561.000000000000000 -3.677479311823845
plotVals: 1980.577686516084896 -10551.000000000000000 -3.675744008272886
plotVals: 1980.605065023956286 -10541.000000000000000 -3.667988404631615
plotVals: 1980.632443531827448 -10531.000000000000000 -3.653212502598763
plotVals: 1980.659822039698838 -10521.000000000000000 -3.632416304200888
plotVals: 1980.687200547570228 -10511.000000000000000 -3.600599817931652
plotVals: 1980.714579055441391 -10501.000000000000000 -3.565763019025326
plotVals: 1980.741957563312781 -10491.000000000000000 -3.527905929833651
plotVals: 1980.769336071184171 -10481.000000000000000 -3.490028548985720
plotVals: 1980.796714579055333 -10471.000000000000000 -3.453130859881639
plotVals: 1980.824093086926723 -10461.000000000000000 -3.418212879449129
plotVals: 1980.851471594798113 -10451.000000000000000 -3.392274599522352
plotVals: 1980.878850102669503 -10441.000000000000000 -3.371316026896238
plotVals: 1980.906228610540666 -10431.000000000000000 -3.355337154120207
plotVals: 1980.933607118412056 -10421.000000000000000 -3.345337979495525
plotVals: 1980.960985626283446 -10411.000000000000000 -3.342318516224623
plotVals: 1980.988364134154608 -10401.000000000000000 -3.347278743982315
plotVals: 1981.013689253935581 -10391.000000000000000 -3.369218681007624
plotVals: 1981.041067761806971 -10381.000000000000000 -3.399138320237398
plotVals: 1981.068446269678361 -10371.000000000000000 -3.435037661343813
plotVals: 1981.095824777549524 -10361.000000000000000 -3.476916711777449
plotVals: 1981.123203285420914 -10351.000000000000000 -3.523775450885296
plotVals: 1981.150581793292304 -10341.000000000000000 -3.574613906443119
plotVals: 1981.177960301163694 -10331.000000000000000 -3.632432054728270
plotVals: 1981.205338809034856 -10321.000000000000000 -3.692229911684990
plotVals: 1981.232717316906246 -10311.000000000000000 -3.751007471233606
plotVals: 1981.260095824777636 -10301.000000000000000 -3.808764729648829
plotVals: 1981.287474332648799 -10291.000000000000000 -3.864501692354679
plotVals: 1981.314852840520189 -10281.000000000000000 -3.914218351244926
plotVals: 1981.342231348391579 -10271.000000000000000 -3.952914725989103
plotVals: 1981.369609856262741 -10261.000000000000000 -3.984590791165829
plotVals: 1981.396988364134131 -10251.000000000000000 -4.008246567100286
plotVals: 1981.424366872005521 -10241.000000000000000 -4.024882044643164
plotVals: 1981.451745379876684 -10231.000000000000000 -4.033497218042612
plotVals: 1981.479123887748074 -10221.000000000000000 -4.033092103898525
plotVals: 1981.506502395619464 -10211.000000000000000 -4.014666687697172
plotVals: 1981.533880903490854 -10201.000000000000000 -3.987220965325832
plotVals: 1981.561259411362016 -10191.000000000000000 -3.952754952013493
plotVals: 1981.588637919233406 -10181.000000000000000 -3.913268648087978
plotVals: 1981.616016427104796 -10171.000000000000000 -3.868762042373419
plotVals: 1981.643394934975959 -10161.000000000000000 -3.820235136896372
plotVals: 1981.670773442847349 -10151.000000000000000 -3.768687937408686
plotVals: 1981.698151950718739 -10141.000000000000000 -3.716120436787605
plotVals: 1981.725530458589901 -10131.000000000000000 -3.664532642811537
plotVals: 1981.752908966461291 -10121.000000000000000 -3.613924548029900
plotVals: 1981.780287474332681 -10111.000000000000000 -3.566296156495810
plotVals: 1981.807665982204071 -10101.000000000000000 -3.523647464811802
plotVals: 1981.835044490075234 -10091.000000000000000 -3.491978485137224
plotVals: 1981.862422997946624 -10081.000000000000000 -3.469289198517799
plotVals: 1981.889801505818014 -10071.000000000000000 -3.452579621225595
plotVals: 1981.917180013689176 -10061.000000000000000 -3.442849736660719
plotVals: 1981.944558521560566 -10051.000000000000000 -3.438099563121796
plotVals: 1981.971937029431956 -10041.000000000000000 -3.439329091459513
plotVals: 1981.999315537303119 -10031.000000000000000 -3.451538324356079
plotVals: 1982.027378507871390 -10021.000000000000000 -3.472727254033089
plotVals: 1982.054757015742553 -10011.000000000000000 -3.497895892709494
plotVals: 1982.082135523613942 -10001.000000000000000 -3.526044223457575
plotVals: 1982.109514031485332 -9991.000000000000000 -3.556172270327806
plotVals: 1982.136892539356495 -9981.000000000000000 -3.587280008941889
plotVals: 1982.164271047227885 -9971.000000000000000 -3.616367459297180
plotVals: 1982.191649555099275 -9961.000000000000000 -3.643434602767229
plotVals: 1982.219028062970665 -9951.000000000000000 -3.667481452226639
plotVals: 1982.246406570841827 -9941.000000000000000 -3.687508005648851
plotVals: 1982.273785078713217 -9931.000000000000000 -3.702514264732599
plotVals: 1982.301163586584607 -9921.000000000000000 -3.711500220000744
plotVals: 1982.328542094455770 -9911.000000000000000 -3.710465881973505
plotVals: 1982.355920602327160 -9901.000000000000000 -3.712411239743233
plotVals: 1982.383299110198550 -9891.000000000000000 -3.706336315721273
plotVals: 1982.410677618069712 -9881.000000000000000 -3.692241076380014
plotVals: 1982.438056125941102 -9871.000000000000000 -3.672125551849604
plotVals: 1982.465434633812492 -9861.000000000000000 -3.645989723503590
plotVals: 1982.492813141683882 -9851.000000000000000 -3.612833596765995
plotVals: 1982.520191649555045 -9841.000000000000000 -3.588657181710005
plotVals: 1982.547570157426435 -9831.000000000000000 -3.558460455387831
plotVals: 1982.574948665297825 -9821.000000000000000 -3.526243444532156
plotVals: 1982.602327173168987 -9811.000000000000000 -3.491006128489971
plotVals: 1982.629705681040377 -9801.000000000000000 -3.454748518764973
plotVals: 1982.657084188911767 -9791.000000000000000 -3.418470613658428
plotVals: 1982.684462696782930 -9781.000000000000000 -3.402172405272722
plotVals: 1982.711841204654320 -9771.000000000000000 -3.386853903532028
plotVals: 1982.739219712525710 -9761.000000000000000 -3.373515103012323
plotVals: 1982.766598220397100 -9751.000000000000000 -3.364156007766724
plotVals: 1982.793976728268262 -9741.000000000000000 -3.358776606619358
plotVals: 1982.821355236139652 -9731.000000000000000 -3.358376916497946
plotVals: 1982.848733744011042 -9721.000000000000000 -3.368956927210093
plotVals: 1982.876112251882205 -9711.000000000000000 -3.385516639798880
plotVals: 1982.903490759753595 -9701.000000000000000 -3.408056050539017
plotVals: 1982.930869267624985 -9691.000000000000000 -3.434575174003839
plotVals: 1982.958247775496147 -9681.000000000000000 -3.465073991566896
plotVals: 1982.985626283367537 -9671.000000000000000 -3.500552508980036
plotVals: 1983.013689253935581 -9661.000000000000000 -3.542010743170977
plotVals: 1983.041067761806971 -9651.000000000000000 -3.587448667734861
plotVals: 1983.068446269678361 -9641.000000000000000 -3.634866297245026
plotVals: 1983.095824777549524 -9631.000000000000000 -3.683263629674911
plotVals: 1983.123203285420914 -9621.000000000000000 -3.732640665024519
plotVals: 1983.150581793292304 -9611.000000000000000 -3.782997403293848
plotVals: 1983.177960301163694 -9601.000000000000000 -3.830333847552538
plotVals: 1983.205338809034856 -9591.000000000000000 -3.876649990677834
plotVals: 1983.232717316906246 -9581.000000000000000 -3.920945834368467
plotVals: 1983.260095824777636 -9571.000000000000000 -3.962221380323172
plotVals: 1983.287474332648799 -9561.000000000000000 -3.999476637691259
plotVals: 1983.314852840520189 -9551.000000000000000 -4.033711586147547
plotVals: 1983.342231348391579 -9541.000000000000000 -4.058926243335009
plotVals: 1983.369609856262741 -9531.000000000000000 -4.079120606184006
plotVals: 1983.396988364134131 -9521.000000000000000 -4.095294661819935
plotVals: 1983.424366872005521 -9511.000000000000000 -4.105448432266712
plotVals: 1983.451745379876684 -9501.000000000000000 -4.112581893801689
plotVals: 1983.479123887748074 -9491.000000000000000 -4.113695066422224
plotVals: 1983.506502395619464 -9481.000000000000000 -4.106787938624620
plotVals: 1983.533880903490854 -9471.000000000000000 -4.094860512763262
plotVals: 1983.561259411362016 -9461.000000000000000 -4.079912789165974
plotVals: 1983.588637919233406 -9451.000000000000000 -4.062944766134024
plotVals: 1983.616016427104796 -9441.000000000000000 -4.043956454843283
plotVals: 1983.643394934975959 -9431.000000000000000 -4.023947838693857
plotVals: 1983.670773442847349 -9421.000000000000000 -4.004918921738863
plotVals: 1983.698151950718739 -9411.000000000000000 -3.984869711101055
plotVals: 1983.725530458589901 -9401.000000000000000 -3.966800205409527
plotVals: 1983.752908966461291 -9391.000000000000000 -3.948710404336452
plotVals: 1983.780287474332681 -9381.000000000000000 -3.933600302785635
plotVals: 1983.807665982204071 -9371.000000000000000 -3.919469904154539
plotVals: 1983.835044490075234 -9361.000000000000000 -3.912319205701351
plotVals: 1983.862422997946624 -9351.000000000000000 -3.908148210495710
plotVals: 1983.889801505818014 -9341.000000000000000 -3.907956913113594
plotVals: 1983.917180013689176 -9331.000000000000000 -3.910745330154896
plotVals: 1983.944558521560566 -9321.000000000000000 -3.915513440966606
plotVals: 1983.971937029431956 -9311.000000000000000 -3.924261257052422
plotVals: 1983.999315537303119 -9301.000000000000000 -3.936988774687052
plotVals: 1984.027378507871390 -9291.000000000000000 -3.955696001648903
plotVals: 1984.054757015742553 -9281.000000000000000 -3.975382924079895
plotVals: 1984.082135523613942 -9271.000000000000000 -3.998049549758434
plotVals: 1984.109514031485332 -9261.000000000000000 -4.021695874631405
plotVals: 1984.136892539356495 -9251.000000000000000 -4.047321904450655
plotVals: 1984.164271047227885 -9241.000000000000000 -4.071927640587091
plotVals: 1984.191649555099275 -9231.000000000000000 -4.079513080418110
plotVals: 1984.219028062970665 -9221.000000000000000 -4.087078217417002
plotVals: 1984.246406570841827 -9211.000000000000000 -4.093623060733080
plotVals: 1984.273785078713217 -9201.000000000000000 -4.099147602915764
plotVals: 1984.301163586584607 -9191.000000000000000 -4.102651849389076
plotVals: 1984.328542094455770 -9181.000000000000000 -4.104135800153017
plotVals: 1984.355920602327160 -9171.000000000000000 -4.101599451154470
plotVals: 1984.383299110198550 -9161.000000000000000 -4.096042808145285
plotVals: 1984.410677618069712 -9151.000000000000000 -4.088465858250856
plotVals: 1984.438056125941102 -9141.000000000000000 -4.078868627548218
plotVals: 1984.465434633812492 -9131.000000000000000 -4.067251086235046
plotVals: 1984.492813141683882 -9121.000000000000000 -4.053613252937794
plotVals: 1984.520191649555045 -9111.000000000000000 -4.035955119878054
plotVals: 1984.547570157426435 -9101.000000000000000 -4.017276689410210
plotVals: 1984.574948665297825 -9091.000000000000000 -3.996577966958284
plotVals: 1984.602327173168987 -9081.000000000000000 -3.974858935922384
plotVals: 1984.629705681040377 -9071.000000000000000 -3.952119611203671
plotVals: 1984.657084188911767 -9061.000000000000000 -3.929359991103411
plotVals: 1984.684462696782930 -9051.000000000000000 -3.905580077320337
plotVals: 1984.711841204654320 -9041.000000000000000 -3.881779864430428
plotVals: 1984.739219712525710 -9031.000000000000000 -3.858959350734949
plotVals: 1984.766598220397100 -9021.000000000000000 -3.836118541657925
plotVals: 1984.793976728268262 -9011.000000000000000 -3.814257439225912
plotVals: 1984.821355236139652 -9001.000000000000000 -3.794376030564308
plotVals: 1984.848733744011042 -8991.000000000000000 -3.777474332600832
plotVals: 1984.876112251882205 -8981.000000000000000 -3.762552332133055
plotVals: 1984.903490759753595 -8971.000000000000000 -3.749610032886267
plotVals: 1984.930869267624985 -8961.000000000000000 -3.737647440284491
plotVals: 1984.958247775496147 -8951.000000000000000 -3.727664556354284
plotVals: 1984.985626283367537 -8941.000000000000000 -3.719661366194487
plotVals: 1985.010951403148511 -8931.000000000000000 -3.715637877583504
plotVals: 1985.038329911019900 -8921.000000000000000 -3.712594095617533
plotVals: 1985.065708418891063 -8911.000000000000000 -3.710530012845993
plotVals: 1985.093086926762453 -8901.000000000000000 -3.710445635020733
plotVals: 1985.120465434633843 -8891.000000000000000 -3.710340965539217
plotVals: 1985.147843942505233 -8881.000000000000000 -3.711215991526842
plotVals: 1985.175222450376395 -8871.000000000000000 -3.712070714682341
plotVals: 1985.202600958247785 -8861.000000000000000 -3.712905153632164
plotVals: 1985.229979466119175 -8851.000000000000000 -3.713719286024570
plotVals: 1985.257357973990338 -8841.000000000000000 -3.713513124734163
plotVals: 1985.284736481861728 -8831.000000000000000 -3.713286660611629
plotVals: 1985.312114989733118 -8821.000000000000000 -3.713039901107550
plotVals: 1985.339493497604280 -8811.000000000000000 -3.709772851318121
plotVals: 1985.366872005475670 -8801.000000000000000 -3.705485500395298
plotVals: 1985.394250513347060 -8791.000000000000000 -3.701177854090929
plotVals: 1985.421629021218450 -8781.000000000000000 -3.694849900901318
plotVals: 1985.449007529089613 -8771.000000000000000 -3.688501652330160
plotVals: 1985.476386036961003 -8761.000000000000000 -3.681133113801479
plotVals: 1985.503764544832393 -8751.000000000000000 -3.671744275838137
plotVals: 1985.531143052703555 -8741.000000000000000 -3.662335142493248
plotVals: 1985.558521560574945 -8731.000000000000000 -3.651905704289675
plotVals: 1985.585900068446335 -8721.000000000000000 -3.642455972731113
plotVals: 1985.613278576317498 -8711.000000000000000 -3.631985940039158
plotVals: 1985.640657084188888 -8701.000000000000000 -3.623495619744062
plotVals: 1985.668035592060278 -8691.000000000000000 -3.614984996616840
plotVals: 1985.695414099931440 -8681.000000000000000 -3.608454070985317
plotVals: 1985.722792607802830 -8671.000000000000000 -3.602902851998806
plotVals: 1985.750171115674220 -8661.000000000000000 -3.598331339657307
plotVals: 1985.777549623545610 -8651.000000000000000 -3.595739528536797
plotVals: 1985.804928131416773 -8641.000000000000000 -3.595127414911985
plotVals: 1985.832306639288163 -8631.000000000000000 -3.596495006233454
plotVals: 1985.859685147159553 -8621.000000000000000 -3.602842301130295
plotVals: 1985.887063655030715 -8611.000000000000000 -3.610169298946857
plotVals: 1985.914442162902105 -8601.000000000000000 -3.619475997984409
plotVals: 1985.941820670773495 -8591.000000000000000 -3.630762398242950
plotVals: 1985.969199178644658 -8581.000000000000000 -3.644028503447771
plotVals: 1985.996577686516048 -8571.000000000000000 -3.659274306148291
plotVals: 1986.024640657084092 -8561.000000000000000 -3.676499817520380
plotVals: 1986.052019164955482 -8551.000000000000000 -3.695705030113459
plotVals: 1986.079397672826872 -8541.000000000000000 -3.715889953076839
plotVals: 1986.106776180698262 -8531.000000000000000 -3.736054562032223
plotVals: 1986.134154688569424 -8521.000000000000000 -3.757198881357908
plotVals: 1986.161533196440814 -8511.000000000000000 -3.778322909027338
plotVals: 1986.188911704312204 -8501.000000000000000 -3.799426630139351
plotVals: 1986.216290212183367 -8491.000000000000000 -3.819510068744421
plotVals: 1986.243668720054757 -8481.000000000000000 -3.839573193341494
plotVals: 1986.271047227926147 -8471.000000000000000 -3.857616029679775
plotVals: 1986.298425735797309 -8461.000000000000000 -3.874638564884663
plotVals: 1986.325804243668699 -8451.000000000000000 -3.889640804380178
plotVals: 1986.353182751540089 -8441.000000000000000 -3.901622742414474
plotVals: 1986.380561259411252 -8431.000000000000000 -3.911584384739399
plotVals: 1986.407939767282642 -8421.000000000000000 -3.919525735080242
plotVals: 1986.435318275154032 -8411.000000000000000 -3.924446780234575
plotVals: 1986.462696783025422 -8401.000000000000000 -3.928347527980804
plotVals: 1986.490075290896584 -8391.000000000000000 -3.929227989166975
plotVals: 1986.517453798767974 -8381.000000000000000 -3.927088137716055
plotVals: 1986.544832306639364 -8371.000000000000000 -3.921928003430367
plotVals: 1986.572210814510527 -8361.000000000000000 -3.914747562259436
plotVals: 1986.599589322381917 -8351.000000000000000 -3.907546825706959
plotVals: 1986.626967830253307 -8341.000000000000000 -3.898325797170401
plotVals: 1986.654346338124469 -8331.000000000000000 -3.889084462076426
plotVals: 1986.681724845995859 -8321.000000000000000 -3.877822831273079
plotVals: 1986.709103353867249 -8311.000000000000000 -3.867540910840034
plotVals: 1986.736481861738639 -8301.000000000000000 -3.857238687574863
plotVals: 1986.763860369609802 -8291.000000000000000 -3.846916168928146
plotVals: 1986.791238877481192 -8281.000000000000000 -3.837573349475861
plotVals: 1986.818617385352582 -8271.000000000000000 -3.830210227519274
plotVals: 1986.845995893223744 -8261.000000000000000 -3.825826819986105
plotVals: 1986.873374401095134 -8251.000000000000000 -3.823423109948635
plotVals: 1986.900752908966524 -8241.000000000000000 -3.822999108582735
plotVals: 1986.928131416837687 -8231.000000000000000 -3.823554798960686
plotVals: 1986.955509924709077 -8221.000000000000000 -3.827090196311474
plotVals: 1986.982888432580467 -8211.000000000000000 -3.830605294555426
plotVals: 1987.010951403148511 -8201.000000000000000 -3.839100096374750
plotVals: 1987.038329911019900 -8191.000000000000000 -3.848574608564377
plotVals: 1987.065708418891063 -8181.000000000000000 -3.860028814524412
plotVals: 1987.093086926762453 -8171.000000000000000 -3.870462726801634
plotVals: 1987.120465434633843 -8161.000000000000000 -3.882876340299845
plotVals: 1987.147843942505233 -8151.000000000000000 -3.894269648939371
plotVals: 1987.175222450376395 -8141.000000000000000 -3.905642673373222
plotVals: 1987.202600958247785 -8131.000000000000000 -3.916995391249657
plotVals: 1987.229979466119175 -8121.000000000000000 -3.927327819168568
plotVals: 1987.257357973990338 -8111.000000000000000 -3.935639947652817
plotVals: 1987.284736481861728 -8101.000000000000000 -3.942931771278381
plotVals: 1987.312114989733118 -8091.000000000000000 -3.949203301221132
plotVals: 1987.339493497604280 -8081.000000000000000 -3.949454538524151
plotVals: 1987.366872005475670 -8071.000000000000000 -3.947685472667217
plotVals: 1987.394250513347060 -8061.000000000000000 -3.943896111100912
plotVals: 1987.421629021218450 -8051.000000000000000 -3.938086453825235
plotVals: 1987.449007529089613 -8041.000000000000000 -3.930256500840187
plotVals: 1987.476386036961003 -8031.000000000000000 -3.921406239271164
plotVals: 1987.503764544832393 -8021.000000000000000 -3.909535694867373
plotVals: 1987.531143052703555 -8011.000000000000000 -3.896644849330187
plotVals: 1987.558521560574945 -8001.000000000000000 -3.881733704358339
plotVals: 1987.585900068446335 -7991.000000000000000 -3.865802261978388
plotVals: 1987.613278576317498 -7981.000000000000000 -3.849850516766310
plotVals: 1987.640657084188888 -7971.000000000000000 -3.832878477871418
plotVals: 1987.668035592060278 -7961.000000000000000 -3.816886153072119
plotVals: 1987.695414099931440 -7951.000000000000000 -3.800873510539532
plotVals: 1987.722792607802830 -7941.000000000000000 -3.784840583801270
plotVals: 1987.750171115674220 -7931.000000000000000 -3.768787357956171
plotVals: 1987.777549623545610 -7921.000000000000000 -3.753713835030794
plotVals: 1987.804928131416773 -7911.000000000000000 -3.739620011299849
plotVals: 1987.832306639288163 -7901.000000000000000 -3.726505890488625
plotVals: 1987.859685147159553 -7891.000000000000000 -3.715371478348970
plotVals: 1987.887063655030715 -7881.000000000000000 -3.706216763705015
plotVals: 1987.914442162902105 -7871.000000000000000 -3.697041742503643
plotVals: 1987.941820670773495 -7861.000000000000000 -3.688846442848444
plotVals: 1987.969199178644658 -7851.000000000000000 -3.681630838662386
plotVals: 1987.996577686516048 -7841.000000000000000 -3.675394933670759
plotVals: 1988.024640657084092 -7831.000000000000000 -3.671138729900122
plotVals: 1988.052019164955482 -7821.000000000000000 -3.666862227022648
plotVals: 1988.079397672826872 -7811.000000000000000 -3.663565434515476
plotVals: 1988.106776180698262 -7801.000000000000000 -3.661248333752155
plotVals: 1988.134154688569424 -7791.000000000000000 -3.657910950481892
plotVals: 1988.161533196440814 -7781.000000000000000 -3.654553260654211
plotVals: 1988.188911704312204 -7771.000000000000000 -3.651175275444984
plotVals: 1988.216290212183367 -7761.000000000000000 -3.647776991128922
plotVals: 1988.243668720054757 -7751.000000000000000 -3.642358411103487
plotVals: 1988.271047227926147 -7741.000000000000000 -3.636919535696507
plotVals: 1988.298425735797309 -7731.000000000000000 -3.631460361182690
plotVals: 1988.325804243668699 -7721.000000000000000 -3.622980885207653
plotVals: 1988.353182751540089 -7711.000000000000000 -3.613481119275093
plotVals: 1988.380561259411252 -7701.000000000000000 -3.602961044758558
plotVals: 1988.407939767282642 -7691.000000000000000 -3.590420681983232
plotVals: 1988.435318275154032 -7681.000000000000000 -3.575860019773245
plotVals: 1988.462696783025422 -7671.000000000000000 -3.560279060155153
plotVals: 1988.490075290896584 -7661.000000000000000 -3.542677804827690
plotVals: 1988.517453798767974 -7651.000000000000000 -3.523056242614985
plotVals: 1988.544832306639364 -7641.000000000000000 -3.501414392143488
plotVals: 1988.572210814510527 -7631.000000000000000 -3.478752244263887
plotVals: 1988.599589322381917 -7621.000000000000000 -3.454069793224335
plotVals: 1988.626967830253307 -7611.000000000000000 -3.429367054253817
plotVals: 1988.654346338124469 -7601.000000000000000 -3.404644008725882
plotVals: 1988.681724845995859 -7591.000000000000000 -3.377900674939156
plotVals: 1988.709103353867249 -7581.000000000000000 -3.352137036621571
plotVals: 1988.736481861738639 -7571.000000000000000 -3.325353097170591
plotVals: 1988.763860369609802 -7561.000000000000000 -3.299548864364624
plotVals: 1988.791238877481192 -7551.000000000000000 -3.273724336177111
plotVals: 1988.818617385352582 -7541.000000000000000 -3.249879512935877
plotVals: 1988.845995893223744 -7531.000000000000000 -3.227014392614365
plotVals: 1988.873374401095134 -7521.000000000000000 -3.206128966063261
plotVals: 1988.900752908966524 -7511.000000000000000 -3.186223249882460
plotVals: 1988.928131416837687 -7501.000000000000000 -3.167297236621380
plotVals: 1988.955509924709077 -7491.000000000000000 -3.149350926280022
plotVals: 1988.982888432580467 -7481.000000000000000 -3.132384311407804
plotVals: 1989.008213552361440 -7471.000000000000000 -3.119397398084402
plotVals: 1989.035592060232830 -7461.000000000000000 -3.106390200555325
plotVals: 1989.062970568103992 -7451.000000000000000 -3.094362691044807
plotVals: 1989.090349075975382 -7441.000000000000000 -3.083314899355173
plotVals: 1989.117727583846772 -7431.000000000000000 -3.071246799081564
plotVals: 1989.145106091717935 -7421.000000000000000 -3.059158395975828
plotVals: 1989.172484599589325 -7411.000000000000000 -3.046049706637859
plotVals: 1989.199863107460715 -7401.000000000000000 -3.031920719891787
plotVals: 1989.227241615331877 -7391.000000000000000 -3.016771428287029
plotVals: 1989.254620123203267 -7381.000000000000000 -2.999601840972900
plotVals: 1989.281998631074657 -7371.000000000000000 -2.981411956250668
plotVals: 1989.309377138945820 -7361.000000000000000 -2.961201783269644
plotVals: 1989.336755646817210 -7351.000000000000000 -2.936971303075552
plotVals: 1989.364134154688600 -7341.000000000000000 -2.910720530897379
plotVals: 1989.391512662559990 -7331.000000000000000 -2.882449459284544
plotVals: 1989.418891170431152 -7321.000000000000000 -2.853158090263605
plotVals: 1989.446269678302542 -7311.000000000000000 -2.820846423506737
plotVals: 1989.473648186173932 -7301.000000000000000 -2.787514451891184
plotVals: 1989.501026694045095 -7291.000000000000000 -2.756162196397781
plotVals: 1989.528405201916485 -7281.000000000000000 -2.722789637744427
plotVals: 1989.555783709787875 -7271.000000000000000 -2.689396776258945
plotVals: 1989.583162217659037 -7261.000000000000000 -2.653983626514673
plotVals: 1989.610540725530427 -7251.000000000000000 -2.618550170212984
plotVals: 1989.637919233401817 -7241.000000000000000 -2.584096431732178
plotVals: 1989.665297741273207 -7231.000000000000000 -2.548622380942106
plotVals: 1989.692676249144370 -7221.000000000000000 -2.516128037124872
plotVals: 1989.720054757015760 -7211.000000000000000 -2.483613394200802
plotVals: 1989.747433264887150 -7201.000000000000000 -2.452078457921743
plotVals: 1989.774811772758312 -7191.000000000000000 -2.420523218810558
plotVals: 1989.802190280629702 -7181.000000000000000 -2.389947686344385
plotVals: 1989.829568788501092 -7171.000000000000000 -2.359351854771376
plotVals: 1989.856947296372255 -7161.000000000000000 -2.331735730171204
plotVals: 1989.884325804243645 -7151.000000000000000 -2.304099302738905
plotVals: 1989.911704312115035 -7141.000000000000000 -2.277442578226328
plotVals: 1989.939082819986197 -7131.000000000000000 -2.250765558332205
plotVals: 1989.966461327857587 -7121.000000000000000 -2.224068239331245
plotVals: 1989.993839835728977 -7111.000000000000000 -2.198350630700588
plotVals: 1990.021902806297021 -7101.000000000000000 -2.175612714141607
plotVals: 1990.049281314168411 -7091.000000000000000 -2.151854503899813
plotVals: 1990.076659822039801 -7081.000000000000000 -2.129075996577740
plotVals: 1990.104038329910964 -7071.000000000000000 -2.105277191847563
plotVals: 1990.131416837782353 -7061.000000000000000 -2.080458093434572
plotVals: 1990.158795345653743 -7051.000000000000000 -2.055618692189455
plotVals: 1990.186173853524906 -7041.000000000000000 -2.032758995890617
plotVals: 1990.213552361396296 -7031.000000000000000 -2.009879000484943
plotVals: 1990.240930869267686 -7021.000000000000000 -1.986978709697723
plotVals: 1990.268309377138849 -7011.000000000000000 -1.962058123201132
plotVals: 1990.295687885010238 -7001.000000000000000 -1.938117232173681
plotVals: 1990.323066392881628 -6991.000000000000000 -1.913156043738127
plotVals: 1990.350444900753018 -6981.000000000000000 -1.893174562603235
plotVals: 1990.377823408624181 -6971.000000000000000 -1.872172784060240
plotVals: 1990.405201916495571 -6961.000000000000000 -1.851150710135698
plotVals: 1990.432580424366961 -6951.000000000000000 -1.830108337104321
plotVals: 1990.459958932238123 -6941.000000000000000 -1.809045661240816
plotVals: 1990.487337440109513 -6931.000000000000000 -1.787962697446346
plotVals: 1990.514715947980903 -6921.000000000000000 -1.771859433501959
plotVals: 1990.542094455852066 -6911.000000000000000 -1.755735870450735
plotVals: 1990.569472963723456 -6901.000000000000000 -1.738592009991407
plotVals: 1990.596851471594846 -6891.000000000000000 -1.722427848726511
plotVals: 1990.624229979466008 -6881.000000000000000 -1.706243395805359
plotVals: 1990.651608487337398 -6871.000000000000000 -1.689038634300232
plotVals: 1990.678986995208788 -6861.000000000000000 -1.676813594996929
plotVals: 1990.706365503080178 -6851.000000000000000 -1.663568247109652
plotVals: 1990.733744010951341 -6841.000000000000000 -1.649302598088980
plotVals: 1990.761122518822731 -6831.000000000000000 -1.636016659438610
plotVals: 1990.788501026694121 -6821.000000000000000 -1.620710417628288
plotVals: 1990.815879534565283 -6811.000000000000000 -1.605383872985840
plotVals: 1990.843258042436673 -6801.000000000000000 -1.589037042111158
plotVals: 1990.870636550308063 -6791.000000000000000 -1.571669910103083
plotVals: 1990.898015058179226 -6781.000000000000000 -1.554282482713461
plotVals: 1990.925393566050616 -6771.000000000000000 -1.534874752163887
plotVals: 1990.952772073922006 -6761.000000000000000 -1.515446726232767
plotVals: 1990.980150581793396 -6751.000000000000000 -1.494998406618834
plotVals: 1991.008213552361440 -6741.000000000000000 -1.472529783844948
plotVals: 1991.035592060232830 -6731.000000000000000 -1.450040873140097
plotVals: 1991.062970568103992 -6721.000000000000000 -1.425531655550003
plotVals: 1991.090349075975382 -6711.000000000000000 -1.401002146303654
plotVals: 1991.117727583846772 -6701.000000000000000 -1.375452335923910
plotVals: 1991.145106091717935 -6691.000000000000000 -1.348882224410772
plotVals: 1991.172484599589325 -6681.000000000000000 -1.328291825950146
plotVals: 1991.199863107460715 -6671.000000000000000 -1.306681118905544
plotVals: 1991.227241615331877 -6661.000000000000000 -1.285050123929977
plotVals: 1991.254620123203267 -6651.000000000000000 -1.262398827821016
plotVals: 1991.281998631074657 -6641.000000000000000 -1.238727234303951
plotVals: 1991.309377138945820 -6631.000000000000000 -1.215035345405340
plotVals: 1991.336755646817210 -6621.000000000000000 -1.196323152631521
plotVals: 1991.364134154688600 -6611.000000000000000 -1.177590675652027
plotVals: 1991.391512662559990 -6601.000000000000000 -1.157837882637978
plotVals: 1991.418891170431152 -6591.000000000000000 -1.137064803391695
plotVals: 1991.446269678302542 -6581.000000000000000 -1.117271430790424
plotVals: 1991.473648186173932 -6571.000000000000000 -1.096457749605179
plotVals: 1991.501026694045095 -6561.000000000000000 -1.074623778462410
plotVals: 1991.528405201916485 -6551.000000000000000 -1.052769508212805
plotVals: 1991.555783709787875 -6541.000000000000000 -1.030894938856363
plotVals: 1991.583162217659037 -6531.000000000000000 -1.010000072419643
plotVals: 1991.610540725530427 -6521.000000000000000 -0.988084912300110
plotVals: 1991.637919233401817 -6511.000000000000000 -0.966149453073740
plotVals: 1991.665297741273207 -6501.000000000000000 -0.944193694740534
plotVals: 1991.692676249144370 -6491.000000000000000 -0.928217638283968
plotVals: 1991.720054757015760 -6481.000000000000000 -0.911221284419298
plotVals: 1991.747433264887150 -6471.000000000000000 -0.895204637199640
plotVals: 1991.774811772758312 -6461.000000000000000 -0.880167696624994
plotVals: 1991.802190280629702 -6451.000000000000000 -0.865110445767641
plotVals: 1991.829568788501092 -6441.000000000000000 -0.851032905280590
plotVals: 1991.856947296372255 -6431.000000000000000 -0.841935064643621
plotVals: 1991.884325804243645 -6421.000000000000000 -0.834816925227642
plotVals: 1991.911704312115035 -6411.000000000000000 -0.827678501605988
plotVals: 1991.939082819986197 -6401.000000000000000 -0.820519763976336
plotVals: 1991.966461327857587 -6391.000000000000000 -0.815340735018253
plotVals: 1991.993839835728977 -6381.000000000000000 -0.810141406953335
plotVals: 1992.021902806297021 -6371.000000000000000 -0.805921781808138
plotVals: 1992.049281314168411 -6361.000000000000000 -0.801681868731976
plotVals: 1992.076659822039801 -6351.000000000000000 -0.798421643674374
plotVals: 1992.104038329910964 -6341.000000000000000 -0.795141126960516
plotVals: 1992.131416837782353 -6331.000000000000000 -0.790840320289135
plotVals: 1992.158795345653743 -6321.000000000000000 -0.786519203335047
plotVals: 1992.186173853524906 -6311.000000000000000 -0.781177800148726
plotVals: 1992.213552361396296 -6301.000000000000000 -0.774816095829010
plotVals: 1992.240930869267686 -6291.000000000000000 -0.768434084951878
plotVals: 1992.268309377138849 -6281.000000000000000 -0.760031789541245
plotVals: 1992.295687885010238 -6271.000000000000000 -0.750609185546637
plotVals: 1992.323066392881628 -6261.000000000000000 -0.740166291594505
plotVals: 1992.350444900753018 -6251.000000000000000 -0.731703102588654
plotVals: 1992.377823408624181 -6241.000000000000000 -0.722219608724117
plotVals: 1992.405201916495571 -6231.000000000000000 -0.711715824902058
plotVals: 1992.432580424366961 -6221.000000000000000 -0.700191736221313
plotVals: 1992.459958932238123 -6211.000000000000000 -0.688647359609604
plotVals: 1992.487337440109513 -6201.000000000000000 -0.675082676112652
plotVals: 1992.514715947980903 -6191.000000000000000 -0.665497697889805
plotVals: 1992.542094455852066 -6181.000000000000000 -0.654892425984144
plotVals: 1992.569472963723456 -6171.000000000000000 -0.644266854971647
plotVals: 1992.596851471594846 -6161.000000000000000 -0.632620982825756
plotVals: 1992.624229979466008 -6151.000000000000000 -0.621954813599586
plotVals: 1992.651608487337398 -6141.000000000000000 -0.612268351018429
plotVals: 1992.678986995208788 -6131.000000000000000 -0.602561593055725
plotVals: 1992.706365503080178 -6121.000000000000000 -0.593834526836872
plotVals: 1992.733744010951341 -6111.000000000000000 -0.586087182164192
plotVals: 1992.761122518822731 -6101.000000000000000 -0.579319518059492
plotVals: 1992.788501026694121 -6091.000000000000000 -0.572531569749117
plotVals: 1992.815879534565283 -6081.000000000000000 -0.566723320633173
plotVals: 1992.843258042436673 -6071.000000000000000 -0.561894774436951
plotVals: 1992.870636550308063 -6061.000000000000000 -0.559045936912298
plotVals: 1992.898015058179226 -6051.000000000000000 -0.556176789104939
plotVals: 1992.925393566050616 -6041.000000000000000 -0.554287351667881
plotVals: 1992.952772073922006 -6031.000000000000000 -0.552377618849277
plotVals: 1992.980150581793396 -6021.000000000000000 -0.551447577774525
plotVals: 1993.005475701574369 -6011.000000000000000 -0.551497254520655
plotVals: 1993.032854209445532 -6001.000000000000000 -0.550526622682810
plotVals: 1993.060232717316921 -5991.000000000000000 -0.549535695463419
plotVals: 1993.087611225188311 -5981.000000000000000 -0.548524480313063
plotVals: 1993.114989733059474 -5971.000000000000000 -0.548492956906557
plotVals: 1993.142368240930864 -5961.000000000000000 -0.547441136091948
plotVals: 1993.169746748802254 -5951.000000000000000 -0.547369025647640
plotVals: 1993.197125256673417 -5941.000000000000000 -0.546276606619358
plotVals: 1993.224503764544806 -5931.000000000000000 -0.546163894236088
plotVals: 1993.251882272416196 -5921.000000000000000 -0.546030897647142
plotVals: 1993.279260780287586 -5911.000000000000000 -0.544877588748932
plotVals: 1993.306639288158749 -5901.000000000000000 -0.543703984469175
plotVals: 1993.334017796030139 -5891.000000000000000 -0.541510086506605
plotVals: 1993.361396303901529 -5881.000000000000000 -0.537295885384083
plotVals: 1993.388774811772691 -5871.000000000000000 -0.533061396330595
plotVals: 1993.416153319644081 -5861.000000000000000 -0.528806608170271
plotVals: 1993.443531827515471 -5851.000000000000000 -0.524531513452530
plotVals: 1993.470910335386634 -5841.000000000000000 -0.520236127078533
plotVals: 1993.498288843258024 -5831.000000000000000 -0.516920443624258
plotVals: 1993.525667351129414 -5821.000000000000000 -0.512584459036589
plotVals: 1993.553045859000576 -5811.000000000000000 -0.509228184819221
plotVals: 1993.580424366871966 -5801.000000000000000 -0.504851605743170
plotVals: 1993.607802874743356 -5791.000000000000000 -0.501454733312130
plotVals: 1993.635181382614746 -5781.000000000000000 -0.498037558048964
plotVals: 1993.662559890485909 -5771.000000000000000 -0.493600092828274
plotVals: 1993.689938398357299 -5761.000000000000000 -0.490142326802015
plotVals: 1993.717316906228689 -5751.000000000000000 -0.486664265394211
plotVals: 1993.744695414099851 -5741.000000000000000 -0.484165899455547
plotVals: 1993.772073921971241 -5731.000000000000000 -0.480647247284651
plotVals: 1993.799452429842631 -5721.000000000000000 -0.477108292281628
plotVals: 1993.826830937713794 -5711.000000000000000 -0.474549036473036
plotVals: 1993.854209445585184 -5701.000000000000000 -0.470969479531050
plotVals: 1993.881587953456574 -5691.000000000000000 -0.468369636684656
plotVals: 1993.908966461327964 -5681.000000000000000 -0.464749488979578
plotVals: 1993.936344969199126 -5671.000000000000000 -0.462109047919512
plotVals: 1993.963723477070516 -5661.000000000000000 -0.459448311477900
plotVals: 1993.991101984941906 -5651.000000000000000 -0.456767272204161
plotVals: 1994.019164955509950 -5641.000000000000000 -0.454065930098295
plotVals: 1994.046543463381340 -5631.000000000000000 -0.450344305485487
plotVals: 1994.073921971252503 -5621.000000000000000 -0.447602372616529
plotVals: 1994.101300479123893 -5611.000000000000000 -0.444840148091316
plotVals: 1994.128678986995283 -5601.000000000000000 -0.442057617008686
plotVals: 1994.156057494866445 -5591.000000000000000 -0.438254795968533
plotVals: 1994.183436002737835 -5581.000000000000000 -0.434431683272123
plotVals: 1994.210814510609225 -5571.000000000000000 -0.431588262319565
plotVals: 1994.238193018480388 -5561.000000000000000 -0.427724551409483
plotVals: 1994.265571526351778 -5551.000000000000000 -0.423840533941984
plotVals: 1994.292950034223168 -5541.000000000000000 -0.419936228543520
plotVals: 1994.320328542094558 -5531.000000000000000 -0.415011618286371
plotVals: 1994.347707049965720 -5521.000000000000000 -0.411066718399525
plotVals: 1994.375085557837110 -5511.000000000000000 -0.406101517379284
plotVals: 1994.402464065708500 -5501.000000000000000 -0.401116017252207
plotVals: 1994.429842573579663 -5491.000000000000000 -0.396110221743584
plotVals: 1994.457221081451053 -5481.000000000000000 -0.391084130853415
plotVals: 1994.484599589322443 -5471.000000000000000 -0.386037737131119
plotVals: 1994.511978097193605 -5461.000000000000000 -0.380971048027277
plotVals: 1994.539356605064995 -5451.000000000000000 -0.374884061515331
plotVals: 1994.566735112936385 -5441.000000000000000 -0.369776777923107
plotVals: 1994.594113620807775 -5431.000000000000000 -0.363649204373360
plotVals: 1994.621492128678938 -5421.000000000000000 -0.357501320540905
plotVals: 1994.648870636550328 -5411.000000000000000 -0.351333145052195
plotVals: 1994.676249144421718 -5401.000000000000000 -0.345144670456648
plotVals: 1994.703627652292880 -5391.000000000000000 -0.338935904204845
plotVals: 1994.731006160164270 -5381.000000000000000 -0.332706831395626
plotVals: 1994.758384668035660 -5371.000000000000000 -0.326457466930151
plotVals: 1994.785763175906823 -5361.000000000000000 -0.320187810808420
plotVals: 1994.813141683778213 -5351.000000000000000 -0.313897851854563
plotVals: 1994.840520191649603 -5341.000000000000000 -0.307587586343288
plotVals: 1994.867898699520765 -5331.000000000000000 -0.300257038325071
plotVals: 1994.895277207392155 -5321.000000000000000 -0.293906178325415
plotVals: 1994.922655715263545 -5311.000000000000000 -0.286535035818815
plotVals: 1994.950034223134935 -5301.000000000000000 -0.280143585056067
plotVals: 1994.977412731006098 -5291.000000000000000 -0.272731836885214
plotVals: 1995.005475701574369 -5281.000000000000000 -0.265299800783396
plotVals: 1995.032854209445532 -5271.000000000000000 -0.257847458124161
plotVals: 1995.060232717316921 -5261.000000000000000 -0.249374825507402
plotVals: 1995.087611225188311 -5251.000000000000000 -0.241881892085075
plotVals: 1995.114989733059474 -5241.000000000000000 -0.233368661254644
plotVals: 1995.142368240930864 -5231.000000000000000 -0.225835129618645
plotVals: 1995.169746748802254 -5221.000000000000000 -0.217281304299831
plotVals: 1995.197125256673417 -5211.000000000000000 -0.209707178175449
plotVals: 1995.224503764544806 -5201.000000000000000 -0.202112756669521
plotVals: 1995.251882272416196 -5191.000000000000000 -0.193498037755489
plotVals: 1995.279260780287586 -5181.000000000000000 -0.184863027185202
plotVals: 1995.306639288158749 -5171.000000000000000 -0.177207708358765
plotVals: 1995.334017796030139 -5161.000000000000000 -0.168532103300095
plotVals: 1995.361396303901529 -5151.000000000000000 -0.160836193710566
plotVals: 1995.388774811772691 -5141.000000000000000 -0.153119985014200
plotVals: 1995.416153319644081 -5131.000000000000000 -0.144383486360312
plotVals: 1995.443531827515471 -5121.000000000000000 -0.136626679450274
plotVals: 1995.470910335386634 -5111.000000000000000 -0.128849584609270
plotVals: 1995.498288843258024 -5101.000000000000000 -0.121052183210850
plotVals: 1995.525667351129414 -5091.000000000000000 -0.113234497606754
plotVals: 1995.553045859000576 -5081.000000000000000 -0.105396505445242
plotVals: 1995.580424366871966 -5071.000000000000000 -0.097538214176893
plotVals: 1995.607802874743356 -5061.000000000000000 -0.090659633278847
plotVals: 1995.635181382614746 -5051.000000000000000 -0.082760751247406
plotVals: 1995.662559890485909 -5041.000000000000000 -0.074841566383839
plotVals: 1995.689938398357299 -5031.000000000000000 -0.068902093917131
plotVals: 1995.717316906228689 -5021.000000000000000 -0.061942312866449
plotVals: 1995.744695414099851 -5011.000000000000000 -0.054962247610092
plotVals: 1995.772073921971241 -5001.000000000000000 -0.047961879521608
plotVals: 1995.799452429842631 -4991.000000000000000 -0.041941210627556
plotVals: 1995.826830937713794 -4981.000000000000000 -0.034900248050690
plotVals: 1995.854209445585184 -4971.000000000000000 -0.028838984668255
plotVals: 1995.881587953456574 -4961.000000000000000 -0.022757425904274
plotVals: 1995.908966461327964 -4951.000000000000000 -0.015655569732189
plotVals: 1995.936344969199126 -4941.000000000000000 -0.009533412754536
plotVals: 1995.963723477070516 -4931.000000000000000 -0.002390965819359
plotVals: 1995.991101984941906 -4921.000000000000000 0.003771785646677
plotVals: 1996.019164955509950 -4911.000000000000000 0.009954832494259
plotVals: 1996.046543463381340 -4901.000000000000000 0.017158173024654
plotVals: 1996.073921971252503 -4891.000000000000000 0.023381818085909
plotVals: 1996.101300479123893 -4881.000000000000000 0.030625753104687
plotVals: 1996.128678986995283 -4871.000000000000000 0.037889987230301
plotVals: 1996.156057494866445 -4861.000000000000000 0.045174524188042
plotVals: 1996.183436002737835 -4851.000000000000000 0.052479352802038
plotVals: 1996.210814510609225 -4841.000000000000000 0.059804480522871
plotVals: 1996.238193018480388 -4831.000000000000000 0.067149907350540
plotVals: 1996.265571526351778 -4821.000000000000000 0.075515627861023
plotVals: 1996.292950034223168 -4811.000000000000000 0.082901652902365
plotVals: 1996.320328542094558 -4801.000000000000000 0.092307969927788
plotVals: 1996.347707049965720 -4791.000000000000000 0.099734582006931
plotVals: 1996.375085557837110 -4781.000000000000000 0.108181495219469
plotVals: 1996.402464065708500 -4771.000000000000000 0.116648707538843
plotVals: 1996.429842573579663 -4761.000000000000000 0.126136209815741
plotVals: 1996.457221081451053 -4751.000000000000000 0.135644014924765
plotVals: 1996.484599589322443 -4741.000000000000000 0.145172119140625
plotVals: 1996.511978097193605 -4731.000000000000000 0.154720522463322
plotVals: 1996.539356605064995 -4721.000000000000000 0.164289221167564
plotVals: 1996.566735112936385 -4711.000000000000000 0.173878207802773
plotVals: 1996.594113620807775 -4701.000000000000000 0.183487500995398
plotVals: 1996.621492128678938 -4691.000000000000000 0.194117091596127
plotVals: 1996.648870636550328 -4681.000000000000000 0.204766981303692
plotVals: 1996.676249144421718 -4671.000000000000000 0.215437166392803
plotVals: 1996.703627652292880 -4661.000000000000000 0.225127641111612
plotVals: 1996.731006160164270 -4651.000000000000000 0.234838422387838
plotVals: 1996.758384668035660 -4641.000000000000000 0.244569499045610
plotVals: 1996.785763175906823 -4631.000000000000000 0.255320873111486
plotVals: 1996.813141683778213 -4621.000000000000000 0.266092546284199
plotVals: 1996.840520191649603 -4611.000000000000000 0.275884512811899
plotVals: 1996.867898699520765 -4601.000000000000000 0.285696778446436
plotVals: 1996.895277207392155 -4591.000000000000000 0.295529346913099
plotVals: 1996.922655715263545 -4581.000000000000000 0.305382203310728
plotVals: 1996.950034223134935 -4571.000000000000000 0.316255364567041
plotVals: 1996.977412731006098 -4561.000000000000000 0.326148819178343
plotVals: 1997.002737850787071 -4551.000000000000000 0.336062569171190
plotVals: 1997.030116358658461 -4541.000000000000000 0.345996621996164
plotVals: 1997.057494866529851 -4531.000000000000000 0.354950964450836
plotVals: 1997.084873374401013 -4521.000000000000000 0.364925619214773
plotVals: 1997.112251882272403 -4511.000000000000000 0.374920554459095
plotVals: 1997.139630390143793 -4501.000000000000000 0.384935799986124
plotVals: 1997.167008898014956 -4491.000000000000000 0.393971338868141
plotVals: 1997.194387405886346 -4481.000000000000000 0.403027173131704
plotVals: 1997.221765913757736 -4471.000000000000000 0.412103299051523
plotVals: 1997.249144421629126 -4461.000000000000000 0.420199733227491
plotVals: 1997.276522929500288 -4451.000000000000000 0.429316457360983
plotVals: 1997.303901437371678 -4441.000000000000000 0.438453488051891
plotVals: 1997.331279945243068 -4431.000000000000000 0.446610804647207
plotVals: 1997.358658453114231 -4421.000000000000000 0.453788425773382
plotVals: 1997.386036960985621 -4411.000000000000000 0.460986346006393
plotVals: 1997.413415468857011 -4401.000000000000000 0.468204561620951
plotVals: 1997.440793976728173 -4391.000000000000000 0.475443072617054
plotVals: 1997.468172484599563 -4381.000000000000000 0.482701875269413
plotVals: 1997.495550992470953 -4371.000000000000000 0.488980986177921
plotVals: 1997.522929500342343 -4361.000000000000000 0.494280386716127
plotVals: 1997.550308008213506 -4351.000000000000000 0.499600086361170
plotVals: 1997.577686516084896 -4341.000000000000000 0.503940090537071
plotVals: 1997.605065023956286 -4331.000000000000000 0.508300386369228
plotVals: 1997.632443531827448 -4321.000000000000000 0.512680977582932
plotVals: 1997.659822039698838 -4311.000000000000000 0.517081875354052
plotVals: 1997.687200547570228 -4301.000000000000000 0.519503057003021
plotVals: 1997.714579055441391 -4291.000000000000000 0.520944546908140
plotVals: 1997.741957563312781 -4281.000000000000000 0.522406328469515
plotVals: 1997.769336071184171 -4271.000000000000000 0.523888409137726
plotVals: 1997.796714579055333 -4261.000000000000000 0.525390785187483
plotVals: 1997.824093086926723 -4251.000000000000000 0.526913460344076
plotVals: 1997.851471594798113 -4241.000000000000000 0.525456435978413
plotVals: 1997.878850102669503 -4231.000000000000000 0.524019703269005
plotVals: 1997.906228610540666 -4221.000000000000000 0.522603269666433
plotVals: 1997.933607118412056 -4211.000000000000000 0.521207138895988
plotVals: 1997.960985626283446 -4201.000000000000000 0.518831301480532
plotVals: 1997.988364134154608 -4191.000000000000000 0.516475763171911
plotVals: 1998.016427104722879 -4181.000000000000000 0.513140514492989
plotVals: 1998.043805612594042 -4171.000000000000000 0.509825568646193
plotVals: 1998.071184120465432 -4161.000000000000000 0.506530925631523
plotVals: 1998.098562628336822 -4151.000000000000000 0.502256575971842
plotVals: 1998.125941136207985 -4141.000000000000000 0.497002519667149
plotVals: 1998.153319644079374 -4131.000000000000000 0.491768766194582
plotVals: 1998.180698151950764 -4121.000000000000000 0.485555313527584
plotVals: 1998.208076659821927 -4111.000000000000000 0.478362146764994
plotVals: 1998.235455167693317 -4101.000000000000000 0.472189281135798
plotVals: 1998.262833675564707 -4091.000000000000000 0.465036720037460
plotVals: 1998.290212183436097 -4081.000000000000000 0.456904448568821
plotVals: 1998.317590691307259 -4071.000000000000000 0.448792479932308
plotVals: 1998.344969199178649 -4061.000000000000000 0.440700802952051
plotVals: 1998.372347707050039 -4051.000000000000000 0.432629425078630
plotVals: 1998.399726214921202 -4041.000000000000000 0.423578351736069
plotVals: 1998.427104722792592 -4031.000000000000000 0.415547568351030
plotVals: 1998.454483230663982 -4021.000000000000000 0.406537082046270
plotVals: 1998.481861738535144 -4011.000000000000000 0.397546902298927
plotVals: 1998.509240246406534 -4001.000000000000000 0.388577003031969
plotVals: 1998.536618754277924 -3991.000000000000000 0.379627421498299
plotVals: 1998.563997262149314 -3981.000000000000000 0.370698116719723
plotVals: 1998.591375770020477 -3971.000000000000000 0.361789129674435
plotVals: 1998.618754277891867 -3961.000000000000000 0.351900428533554
plotVals: 1998.646132785763257 -3951.000000000000000 0.343032021075487
plotVals: 1998.673511293634419 -3941.000000000000000 0.334183920174837
plotVals: 1998.700889801505809 -3931.000000000000000 0.324356108903885
plotVals: 1998.728268309377199 -3921.000000000000000 0.315548598766327
plotVals: 1998.755646817248362 -3911.000000000000000 0.306761391460896
plotVals: 1998.783025325119752 -3901.000000000000000 0.296994473785162
plotVals: 1998.810403832991142 -3891.000000000000000 0.288247857242823
plotVals: 1998.837782340862532 -3881.000000000000000 0.279521536082029
plotVals: 1998.865160848733694 -3871.000000000000000 0.270815514028072
plotVals: 1998.892539356605084 -3861.000000000000000 0.262129791080952
plotVals: 1998.919917864476474 -3851.000000000000000 0.253464359790087
plotVals: 1998.947296372347637 -3841.000000000000000 0.244819231331348
plotVals: 1998.974674880219027 -3831.000000000000000 0.236194394528866
plotVals: 1999.002737850787071 -3821.000000000000000 0.227589860558510
plotVals: 1999.030116358658461 -3811.000000000000000 0.220005627721548
plotVals: 1999.057494866529851 -3801.000000000000000 0.211441680788994
plotVals: 1999.084873374401013 -3791.000000000000000 0.203898038715124
plotVals: 1999.112251882272403 -3781.000000000000000 0.196374692022800
plotVals: 1999.139630390143793 -3771.000000000000000 0.188871644437313
plotVals: 1999.167008898014956 -3761.000000000000000 0.181388895958662
plotVals: 1999.194387405886346 -3751.000000000000000 0.174926441162825
plotVals: 1999.221765913757736 -3741.000000000000000 0.168484281748533
plotVals: 1999.249144421629126 -3731.000000000000000 0.162062417715788
plotVals: 1999.276522929500288 -3721.000000000000000 0.155660860240459
plotVals: 1999.303901437371678 -3711.000000000000000 0.150279600173235
plotVals: 1999.331279945243068 -3701.000000000000000 0.143918629735708
plotVals: 1999.358658453114231 -3691.000000000000000 0.138577960431576
plotVals: 1999.386036960985621 -3681.000000000000000 0.132257588207722
plotVals: 1999.413415468857011 -3671.000000000000000 0.126957517117262
plotVals: 1999.440793976728173 -3661.000000000000000 0.121677741408348
plotVals: 1999.468172484599563 -3651.000000000000000 0.116418261080980
plotVals: 1999.495550992470953 -3641.000000000000000 0.111179079860449
plotVals: 1999.522929500342343 -3631.000000000000000 0.105960194021463
plotVals: 1999.550308008213506 -3621.000000000000000 0.100761607289314
plotVals: 1999.577686516084896 -3611.000000000000000 0.096583314239979
plotVals: 1999.605065023956286 -3601.000000000000000 0.091425321996212
plotVals: 1999.632443531827448 -3591.000000000000000 0.086287628859282
plotVals: 1999.659822039698838 -3581.000000000000000 0.082170225679874
plotVals: 1999.687200547570228 -3571.000000000000000 0.077073127031326
plotVals: 1999.714579055441391 -3561.000000000000000 0.071996323764324
plotVals: 1999.741957563312781 -3551.000000000000000 0.067939821630716
plotVals: 1999.769336071184171 -3541.000000000000000 0.062903612852097
plotVals: 1999.796714579055333 -3531.000000000000000 0.058887701481581
plotVals: 1999.824093086926723 -3521.000000000000000 0.053892087191343
plotVals: 1999.851471594798113 -3511.000000000000000 0.049916770309210
plotVals: 1999.878850102669503 -3501.000000000000000 0.044961750507355
plotVals: 1999.906228610540666 -3491.000000000000000 0.041027031838894
plotVals: 1999.933607118412056 -3481.000000000000000 0.036112606525421
plotVals: 1999.960985626283446 -3471.000000000000000 0.032218482345343
plotVals: 1999.988364134154608 -3461.000000000000000 0.027344655245543
plotVals: 2000.016427104722879 -3451.000000000000000 0.022491119801998
plotVals: 2000.043805612594042 -3441.000000000000000 0.017657887190580
plotVals: 2000.071184120465432 -3431.000000000000000 0.012844949960709
plotVals: 2000.098562628336822 -3421.000000000000000 0.008052311837673
plotVals: 2000.125941136207985 -3411.000000000000000 0.003279972821474
plotVals: 2000.153319644079374 -3401.000000000000000 -0.000472076237202
plotVals: 2000.180698151950764 -3391.000000000000000 -0.005203824490309
plotVals: 2000.208076659821927 -3381.000000000000000 -0.008915267884731
plotVals: 2000.235455167693317 -3371.000000000000000 -0.012606423348188
plotVals: 2000.262833675564707 -3361.000000000000000 -0.016277272254229
plotVals: 2000.290212183436097 -3351.000000000000000 -0.019927836954594
plotVals: 2000.317590691307259 -3341.000000000000000 -0.023558091372252
plotVals: 2000.344969199178649 -3331.000000000000000 -0.026168063282967
plotVals: 2000.372347707050039 -3321.000000000000000 -0.028757724910975
plotVals: 2000.399726214921202 -3311.000000000000000 -0.031327091157436
plotVals: 2000.427104722792592 -3301.000000000000000 -0.034876160323620
plotVals: 2000.454483230663982 -3291.000000000000000 -0.037404932081699
plotVals: 2000.481861738535144 -3281.000000000000000 -0.040913410484791
plotVals: 2000.509240246406534 -3271.000000000000000 -0.043401584029198
plotVals: 2000.536618754277924 -3261.000000000000000 -0.046869460493326
plotVals: 2000.563997262149314 -3251.000000000000000 -0.049317054450512
plotVals: 2000.591375770020477 -3241.000000000000000 -0.051744334399700
plotVals: 2000.618754277891867 -3231.000000000000000 -0.053151324391365
plotVals: 2000.646132785763257 -3221.000000000000000 -0.055538013577461
plotVals: 2000.673511293634419 -3211.000000000000000 -0.057904403656721
plotVals: 2000.700889801505809 -3201.000000000000000 -0.059250507503748
plotVals: 2000.728268309377199 -3191.000000000000000 -0.061576303094625
plotVals: 2000.755646817248362 -3181.000000000000000 -0.063881803303957
plotVals: 2000.783025325119752 -3171.000000000000000 -0.066167004406452
plotVals: 2000.810403832991142 -3161.000000000000000 -0.068431910127401
plotVals: 2000.837782340862532 -3151.000000000000000 -0.070676520466805
plotVals: 2000.865160848733694 -3141.000000000000000 -0.072900831699371
plotVals: 2000.892539356605084 -3131.000000000000000 -0.076104849576950
plotVals: 2000.919917864476474 -3121.000000000000000 -0.078288566321135
plotVals: 2000.947296372347637 -3111.000000000000000 -0.081451985985041
plotVals: 2000.974674880219027 -3101.000000000000000 -0.084595106542110
plotVals: 2001.002053388090417 -3091.000000000000000 -0.086717929691076
plotVals: 2001.027378507871390 -3081.000000000000000 -0.089820459485054
plotVals: 2001.054757015742553 -3071.000000000000000 -0.091902688145638
plotVals: 2001.082135523613942 -3061.000000000000000 -0.094964616000652
plotVals: 2001.109514031485332 -3051.000000000000000 -0.098006259649992
plotVals: 2001.136892539356495 -3041.000000000000000 -0.101027589291334
plotVals: 2001.164271047227885 -3031.000000000000000 -0.104028634727001
plotVals: 2001.191649555099275 -3021.000000000000000 -0.107009377330542
plotVals: 2001.219028062970665 -3011.000000000000000 -0.108969818800688
plotVals: 2001.246406570841827 -3001.000000000000000 -0.110909972339869
plotVals: 2001.273785078713217 -2991.000000000000000 -0.112829819321632
plotVals: 2001.301163586584607 -2981.000000000000000 -0.114729374647141
plotVals: 2001.328542094455770 -2971.000000000000000 -0.116608627140522
plotVals: 2001.355920602327160 -2961.000000000000000 -0.118467584252357
plotVals: 2001.383299110198550 -2951.000000000000000 -0.120306245982647
plotVals: 2001.410677618069712 -2941.000000000000000 -0.122124604880810
plotVals: 2001.438056125941102 -2931.000000000000000 -0.122922677546740
plotVals: 2001.465434633812492 -2921.000000000000000 -0.123700443655252
plotVals: 2001.492813141683882 -2911.000000000000000 -0.124457914382219
plotVals: 2001.520191649555045 -2901.000000000000000 -0.125195086002350
plotVals: 2001.547570157426435 -2891.000000000000000 -0.124911967664957
plotVals: 2001.574948665297825 -2881.000000000000000 -0.124608546495438
plotVals: 2001.602327173168987 -2871.000000000000000 -0.125284824520350
plotVals: 2001.629705681040377 -2861.000000000000000 -0.125940810889006
plotVals: 2001.657084188911767 -2851.000000000000000 -0.125576496124268
plotVals: 2001.684462696782930 -2841.000000000000000 -0.125191882252693
plotVals: 2001.711841204654320 -2831.000000000000000 -0.124786976724863
plotVals: 2001.739219712525710 -2821.000000000000000 -0.124361768364906
plotVals: 2001.766598220397100 -2811.000000000000000 -0.123916260898113
plotVals: 2001.793976728268262 -2801.000000000000000 -0.123450465500355
plotVals: 2001.821355236139652 -2791.000000000000000 -0.122964367270470
plotVals: 2001.848733744011042 -2781.000000000000000 -0.122457977384329
plotVals: 2001.876112251882205 -2771.000000000000000 -0.120931282639503
plotVals: 2001.903490759753595 -2761.000000000000000 -0.119384288787842
plotVals: 2001.930869267624985 -2751.000000000000000 -0.118817001581192
plotVals: 2001.958247775496147 -2741.000000000000000 -0.118229418992996
plotVals: 2001.985626283367537 -2731.000000000000000 -0.117621537297964
plotVals: 2002.013689253935581 -2721.000000000000000 -0.115993358194828
plotVals: 2002.041067761806971 -2711.000000000000000 -0.114344876259565
plotVals: 2002.068446269678361 -2701.000000000000000 -0.112676106393337
plotVals: 2002.095824777549524 -2691.000000000000000 -0.110987029969692
plotVals: 2002.123203285420914 -2681.000000000000000 -0.110277667641640
plotVals: 2002.150581793292304 -2671.000000000000000 -0.108547993004322
plotVals: 2002.177960301163694 -2661.000000000000000 -0.107798028737307
plotVals: 2002.205338809034856 -2651.000000000000000 -0.106027770787477
plotVals: 2002.232717316906246 -2641.000000000000000 -0.103237207978964
plotVals: 2002.260095824777636 -2631.000000000000000 -0.102426357567310
plotVals: 2002.287474332648799 -2621.000000000000000 -0.100595202296972
plotVals: 2002.314852840520189 -2611.000000000000000 -0.099743746221066
plotVals: 2002.342231348391579 -2601.000000000000000 -0.097871996462345
plotVals: 2002.369609856262741 -2591.000000000000000 -0.095979955047369
plotVals: 2002.396988364134131 -2581.000000000000000 -0.094067614525557
plotVals: 2002.424366872005521 -2571.000000000000000 -0.092134967446327
plotVals: 2002.451745379876684 -2561.000000000000000 -0.091182027012110
plotVals: 2002.479123887748074 -2551.000000000000000 -0.089208796620369
plotVals: 2002.506502395619464 -2541.000000000000000 -0.088215261697769
plotVals: 2002.533880903490854 -2531.000000000000000 -0.086201436817646
plotVals: 2002.561259411362016 -2521.000000000000000 -0.084167301654816
plotVals: 2002.588637919233406 -2511.000000000000000 -0.083112873136997
plotVals: 2002.616016427104796 -2501.000000000000000 -0.082038152962923
plotVals: 2002.643394934975959 -2491.000000000000000 -0.079943135380745
plotVals: 2002.670773442847349 -2481.000000000000000 -0.078827816992998
plotVals: 2002.698151950718739 -2471.000000000000000 -0.076692201197147
plotVals: 2002.725530458589901 -2461.000000000000000 -0.075536292046309
plotVals: 2002.752908966461291 -2451.000000000000000 -0.073360074311495
plotVals: 2002.780287474332681 -2441.000000000000000 -0.072163566946983
plotVals: 2002.807665982204071 -2431.000000000000000 -0.070946771651506
plotVals: 2002.835044490075234 -2421.000000000000000 -0.069709666073322
plotVals: 2002.862422997946624 -2411.000000000000000 -0.067452259361744
plotVals: 2002.889801505818014 -2401.000000000000000 -0.065174568444490
plotVals: 2002.917180013689176 -2391.000000000000000 -0.063876572996378
plotVals: 2002.944558521560566 -2381.000000000000000 -0.062558282166719
plotVals: 2002.971937029431956 -2371.000000000000000 -0.061219692230225
plotVals: 2002.999315537303119 -2361.000000000000000 -0.058860804885626
plotVals: 2003.027378507871390 -2351.000000000000000 -0.057481620460749
plotVals: 2003.054757015742553 -2341.000000000000000 -0.055082134902477
plotVals: 2003.082135523613942 -2331.000000000000000 -0.053662363439798
plotVals: 2003.109514031485332 -2321.000000000000000 -0.052222285419703
plotVals: 2003.136892539356495 -2311.000000000000000 -0.050761912018061
plotVals: 2003.164271047227885 -2301.000000000000000 -0.050281237810850
plotVals: 2003.191649555099275 -2291.000000000000000 -0.048780269920826
plotVals: 2003.219028062970665 -2281.000000000000000 -0.047259002923965
plotVals: 2003.246406570841827 -2271.000000000000000 -0.045817438513041
plotVals: 2003.273785078713217 -2261.000000000000000 -0.045155577361584
plotVals: 2003.301163586584607 -2251.000000000000000 -0.044473420828581
plotVals: 2003.328542094455770 -2241.000000000000000 -0.043770968914032
plotVals: 2003.355920602327160 -2231.000000000000000 -0.042848214507103
plotVals: 2003.383299110198550 -2221.000000000000000 -0.041905160993338
plotVals: 2003.410677618069712 -2211.000000000000000 -0.040841814130545
plotVals: 2003.438056125941102 -2201.000000000000000 -0.040558174252510
plotVals: 2003.465434633812492 -2191.000000000000000 -0.039954226464033
plotVals: 2003.492813141683882 -2181.000000000000000 -0.039329983294010
plotVals: 2003.520191649555045 -2171.000000000000000 -0.038385447114706
plotVals: 2003.547570157426435 -2161.000000000000000 -0.037220612168312
plotVals: 2003.574948665297825 -2151.000000000000000 -0.035835482180119
plotVals: 2003.602327173168987 -2141.000000000000000 -0.034230053424835
plotVals: 2003.629705681040377 -2131.000000000000000 -0.032404325902462
plotVals: 2003.657084188911767 -2121.000000000000000 -0.030258301645517
plotVals: 2003.684462696782930 -2111.000000000000000 -0.027991976588964
plotVals: 2003.711841204654320 -2101.000000000000000 -0.025405362248421
plotVals: 2003.739219712525710 -2091.000000000000000 -0.022698443382978
plotVals: 2003.766598220397100 -2081.000000000000000 -0.020671229809523
plotVals: 2003.793976728268262 -2071.000000000000000 -0.018523719161749
plotVals: 2003.821355236139652 -2061.000000000000000 -0.016255900263786
plotVals: 2003.848733744011042 -2051.000000000000000 -0.013867802917957
plotVals: 2003.876112251882205 -2041.000000000000000 -0.011459399014711
plotVals: 2003.903490759753595 -2031.000000000000000 -0.009030699729919
plotVals: 2003.930869267624985 -2021.000000000000000 -0.007381696254015
plotVals: 2003.958247775496147 -2011.000000000000000 -0.005812402814627
plotVals: 2003.985626283367537 -2001.000000000000000 -0.004322804510593
plotVals: 2004.013689253935581 -1991.000000000000000 -0.002812918275595
plotVals: 2004.041067761806971 -1981.000000000000000 -0.001482728868723
plotVals: 2004.068446269678361 -1971.000000000000000 -0.000232242047787
plotVals: 2004.095824777549524 -1961.000000000000000 0.000438541173935
plotVals: 2004.123203285420914 -1951.000000000000000 0.000629622489214
plotVals: 2004.150581793292304 -1941.000000000000000 0.000741001218557
plotVals: 2004.177960301163694 -1931.000000000000000 0.000672679394484
plotVals: 2004.205338809034856 -1921.000000000000000 0.000524654984474
plotVals: 2004.232717316906246 -1911.000000000000000 0.000396922230721
plotVals: 2004.260095824777636 -1901.000000000000000 -0.000310510396957
plotVals: 2004.287474332648799 -1891.000000000000000 -0.001397650688887
plotVals: 2004.314852840520189 -1881.000000000000000 -0.002564486116171
plotVals: 2004.342231348391579 -1871.000000000000000 -0.003711022436619
plotVals: 2004.369609856262741 -1861.000000000000000 -0.004837263375521
plotVals: 2004.396988364134131 -1851.000000000000000 -0.005943216383457
plotVals: 2004.424366872005521 -1841.000000000000000 -0.007428862154484
plotVals: 2004.451745379876684 -1831.000000000000000 -0.009294211864471
plotVals: 2004.479123887748074 -1821.000000000000000 -0.011139266192913
plotVals: 2004.506502395619464 -1811.000000000000000 -0.013164013624191
plotVals: 2004.533880903490854 -1801.000000000000000 -0.015468474477530
plotVals: 2004.561259411362016 -1791.000000000000000 -0.017652638256550
plotVals: 2004.588637919233406 -1781.000000000000000 -0.020016502588987
plotVals: 2004.616016427104796 -1771.000000000000000 -0.022560067474842
plotVals: 2004.643394934975959 -1761.000000000000000 -0.025083333253860
plotVals: 2004.670773442847349 -1751.000000000000000 -0.027486309409142
plotVals: 2004.698151950718739 -1741.000000000000000 -0.029868979007006
plotVals: 2004.725530458589901 -1731.000000000000000 -0.032231356948614
plotVals: 2004.752908966461291 -1721.000000000000000 -0.034473430365324
plotVals: 2004.780287474332681 -1711.000000000000000 -0.036595221608877
plotVals: 2004.807665982204071 -1701.000000000000000 -0.038596700876951
plotVals: 2004.835044490075234 -1691.000000000000000 -0.040577884763479
plotVals: 2004.862422997946624 -1681.000000000000000 -0.042438779026270
plotVals: 2004.889801505818014 -1671.000000000000000 -0.044079370796680
plotVals: 2004.917180013689176 -1661.000000000000000 -0.045699659734964
plotVals: 2004.944558521560566 -1651.000000000000000 -0.047099661082029
plotVals: 2004.971937029431956 -1641.000000000000000 -0.048379357904196
plotVals: 2004.999315537303119 -1631.000000000000000 -0.049438755959272
plotVals: 2005.024640657084092 -1621.000000000000000 -0.050677865743637
plotVals: 2005.052019164955482 -1611.000000000000000 -0.051696669310331
plotVals: 2005.079397672826872 -1601.000000000000000 -0.052595183253288
plotVals: 2005.106776180698262 -1591.000000000000000 -0.053273394703865
plotVals: 2005.134154688569424 -1581.000000000000000 -0.053731311112642
plotVals: 2005.161533196440814 -1571.000000000000000 -0.053968928754330
plotVals: 2005.188911704312204 -1561.000000000000000 -0.054386243224144
plotVals: 2005.216290212183367 -1551.000000000000000 -0.054683271795511
plotVals: 2005.243668720054757 -1541.000000000000000 -0.054759990423918
plotVals: 2005.271047227926147 -1531.000000000000000 -0.054916419088840
plotVals: 2005.298425735797309 -1521.000000000000000 -0.054852556437254
plotVals: 2005.325804243668699 -1511.000000000000000 -0.054668385535479
plotVals: 2005.353182751540089 -1501.000000000000000 -0.054463926702738
plotVals: 2005.380561259411252 -1491.000000000000000 -0.054139163345098
plotVals: 2005.407939767282642 -1481.000000000000000 -0.053694102913141
plotVals: 2005.435318275154032 -1471.000000000000000 -0.053328745067120
plotVals: 2005.462696783025422 -1461.000000000000000 -0.052843090146780
plotVals: 2005.490075290896584 -1451.000000000000000 -0.052137140184641
plotVals: 2005.517453798767974 -1441.000000000000000 -0.052010890096426
plotVals: 2005.544832306639364 -1431.000000000000000 -0.051664341241121
plotVals: 2005.572210814510527 -1421.000000000000000 -0.051297500729561
plotVals: 2005.599589322381917 -1411.000000000000000 -0.051110357046127
plotVals: 2005.626967830253307 -1401.000000000000000 -0.050802923738956
plotVals: 2005.654346338124469 -1391.000000000000000 -0.050475183874369
plotVals: 2005.681724845995859 -1381.000000000000000 -0.050627153366804
plotVals: 2005.709103353867249 -1371.000000000000000 -0.050658818334341
plotVals: 2005.736481861738639 -1361.000000000000000 -0.050770193338394
plotVals: 2005.763860369609802 -1351.000000000000000 -0.050961270928383
plotVals: 2005.791238877481192 -1341.000000000000000 -0.051132045686245
plotVals: 2005.818617385352582 -1331.000000000000000 -0.051282525062561
plotVals: 2005.845995893223744 -1321.000000000000000 -0.051712706685066
plotVals: 2005.873374401095134 -1311.000000000000000 -0.052322592586279
plotVals: 2005.900752908966524 -1301.000000000000000 -0.052812181413174
plotVals: 2005.928131416837687 -1291.000000000000000 -0.053681466728449
plotVals: 2005.955509924709077 -1281.000000000000000 -0.054630462080240
plotVals: 2005.982888432580467 -1271.000000000000000 -0.055559162050486
plotVals: 2006.010951403148511 -1261.000000000000000 -0.056767560541630
plotVals: 2006.038329911019900 -1251.000000000000000 -0.058055654168129
plotVals: 2006.065708418891063 -1241.000000000000000 -0.059323459863663
plotVals: 2006.093086926762453 -1231.000000000000000 -0.060770958662033
plotVals: 2006.120465434633843 -1221.000000000000000 -0.062398172914982
plotVals: 2006.147843942505233 -1211.000000000000000 -0.063905082643032
plotVals: 2006.175222450376395 -1201.000000000000000 -0.065491694957018
plotVals: 2006.202600958247785 -1191.000000000000000 -0.067258007824421
plotVals: 2006.229979466119175 -1181.000000000000000 -0.068904031068087
plotVals: 2006.257357973990338 -1171.000000000000000 -0.070629753172398
plotVals: 2006.284736481861728 -1161.000000000000000 -0.072535175830126
plotVals: 2006.312114989733118 -1151.000000000000000 -0.074220299720764
plotVals: 2006.339493497604280 -1141.000000000000000 -0.076085127890110
plotVals: 2006.366872005475670 -1131.000000000000000 -0.078029654920101
plotVals: 2006.394250513347060 -1121.000000000000000 -0.079753898084164
plotVals: 2006.421629021218450 -1111.000000000000000 -0.081557828933001
plotVals: 2006.449007529089613 -1101.000000000000000 -0.083441473543644
plotVals: 2006.476386036961003 -1091.000000000000000 -0.085104815661907
plotVals: 2006.503764544832393 -1081.000000000000000 -0.086747858673334
plotVals: 2006.531143052703555 -1071.000000000000000 -0.088170599192381
plotVals: 2006.558521560574945 -1061.000000000000000 -0.089673053473234
plotVals: 2006.585900068446335 -1051.000000000000000 -0.091155208647251
plotVals: 2006.613278576317498 -1041.000000000000000 -0.092817064374685
plotVals: 2006.640657084188888 -1031.000000000000000 -0.094358619302511
plotVals: 2006.668035592060278 -1021.000000000000000 -0.095979884266853
plotVals: 2006.695414099931440 -1011.000000000000000 -0.097480840981007
plotVals: 2006.722792607802830 -1001.000000000000000 -0.099061504006386
plotVals: 2006.750171115674220 -991.000000000000000 -0.100821875035763
plotVals: 2006.777549623545610 -981.000000000000000 -0.102661941200495
plotVals: 2006.804928131416773 -971.000000000000000 -0.104481715708971
plotVals: 2006.832306639288163 -961.000000000000000 -0.106381189078093
plotVals: 2006.859685147159553 -951.000000000000000 -0.108260370790958
plotVals: 2006.887063655030715 -941.000000000000000 -0.110119249671698
plotVals: 2006.914442162902105 -931.000000000000000 -0.111957833170891
plotVals: 2006.941820670773495 -921.000000000000000 -0.114276114851236
plotVals: 2006.969199178644658 -911.000000000000000 -0.116474103182554
plotVals: 2006.996577686516048 -901.000000000000000 -0.118651799857616
plotVals: 2007.024640657084092 -891.000000000000000 -0.121209193021059
plotVals: 2007.052019164955482 -881.000000000000000 -0.123746283352375
plotVals: 2007.079397672826872 -871.000000000000000 -0.126063089817762
plotVals: 2007.106776180698262 -861.000000000000000 -0.128659587353468
plotVals: 2007.134154688569424 -851.000000000000000 -0.131135791540146
plotVals: 2007.161533196440814 -841.000000000000000 -0.133491694927216
plotVals: 2007.188911704312204 -831.000000000000000 -0.135627303272486
plotVals: 2007.216290212183367 -821.000000000000000 -0.137542616575956
plotVals: 2007.243668720054757 -811.000000000000000 -0.139337632805109
plotVals: 2007.271047227926147 -801.000000000000000 -0.141012348234653
plotVals: 2007.298425735797309 -791.000000000000000 -0.142466764897108
plotVals: 2007.325804243668699 -781.000000000000000 -0.143700890243053
plotVals: 2007.353182751540089 -771.000000000000000 -0.144814718514681
plotVals: 2007.380561259411252 -761.000000000000000 -0.145808242261410
plotVals: 2007.407939767282642 -751.000000000000000 -0.146581470966339
plotVals: 2007.435318275154032 -741.000000000000000 -0.147434402257204
plotVals: 2007.462696783025422 -731.000000000000000 -0.148167036473751
plotVals: 2007.490075290896584 -721.000000000000000 -0.148679375648499
plotVals: 2007.517453798767974 -711.000000000000000 -0.149371411651373
plotVals: 2007.544832306639364 -701.000000000000000 -0.149843152612448
plotVals: 2007.572210814510527 -691.000000000000000 -0.150194603949785
plotVals: 2007.599589322381917 -681.000000000000000 -0.150625750422478
plotVals: 2007.626967830253307 -671.000000000000000 -0.150936599820852
plotVals: 2007.654346338124469 -661.000000000000000 -0.151127155870199
plotVals: 2007.681724845995859 -651.000000000000000 -0.151397410780191
plotVals: 2007.709103353867249 -641.000000000000000 -0.151547364890575
plotVals: 2007.736481861738639 -631.000000000000000 -0.151577025651932
plotVals: 2007.763860369609802 -621.000000000000000 -0.151786394417286
plotVals: 2007.791238877481192 -611.000000000000000 -0.151775456964970
plotVals: 2007.818617385352582 -601.000000000000000 -0.151744227856398
plotVals: 2007.845995893223744 -591.000000000000000 -0.151692699640989
plotVals: 2007.873374401095134 -581.000000000000000 -0.151620872318745
plotVals: 2007.900752908966524 -571.000000000000000 -0.151528745889664
plotVals: 2007.928131416837687 -561.000000000000000 -0.151416320353746
plotVals: 2007.955509924709077 -551.000000000000000 -0.151483613997698
plotVals: 2007.982888432580467 -541.000000000000000 -0.151430588215590
plotVals: 2008.010951403148511 -531.000000000000000 -0.151357278227806
plotVals: 2008.038329911019900 -521.000000000000000 -0.151263669133186
plotVals: 2008.065708418891063 -511.000000000000000 -0.151049759238958
plotVals: 2008.093086926762453 -501.000000000000000 -0.150915551930666
plotVals: 2008.120465434633843 -491.000000000000000 -0.150761049240828
plotVals: 2008.147843942505233 -481.000000000000000 -0.150486249476671
plotVals: 2008.175222450376395 -471.000000000000000 -0.150291148573160
plotVals: 2008.202600958247785 -461.000000000000000 -0.149975754320621
plotVals: 2008.229979466119175 -451.000000000000000 -0.149540062993765
plotVals: 2008.257357973990338 -441.000000000000000 -0.149084072560072
plotVals: 2008.284736481861728 -431.000000000000000 -0.148707784712315
plotVals: 2008.312114989733118 -421.000000000000000 -0.148111201822758
plotVals: 2008.339493497604280 -411.000000000000000 -0.147494319826365
plotVals: 2008.366872005475670 -401.000000000000000 -0.146857138723135
plotVals: 2008.394250513347060 -391.000000000000000 -0.146199662238359
plotVals: 2008.421629021218450 -381.000000000000000 -0.145521879196167
plotVals: 2008.449007529089613 -371.000000000000000 -0.144923813641071
plotVals: 2008.476386036961003 -361.000000000000000 -0.144305437803268
plotVals: 2008.503764544832393 -351.000000000000000 -0.143666777759790
plotVals: 2008.531143052703555 -341.000000000000000 -0.143207810819149
plotVals: 2008.558521560574945 -331.000000000000000 -0.142528552561998
plotVals: 2008.585900068446335 -321.000000000000000 -0.141928993165493
plotVals: 2008.613278576317498 -311.000000000000000 -0.141209136694670
plotVals: 2008.640657084188888 -301.000000000000000 -0.140368983149529
plotVals: 2008.668035592060278 -291.000000000000000 -0.139408532530069
plotVals: 2008.695414099931440 -281.000000000000000 -0.138627782464027
plotVals: 2008.722792607802830 -271.000000000000000 -0.137526739388704
plotVals: 2008.750171115674220 -261.000000000000000 -0.136305395513773
plotVals: 2008.777549623545610 -251.000000000000000 -0.135363753885031
plotVals: 2008.804928131416773 -241.000000000000000 -0.134101811796427
plotVals: 2008.832306639288163 -231.000000000000000 -0.132719572633505
plotVals: 2008.859685147159553 -221.000000000000000 -0.131417043507099
plotVals: 2008.887063655030715 -211.000000000000000 -0.129794213920832
plotVals: 2008.914442162902105 -201.000000000000000 -0.128051087260246
plotVals: 2008.941820670773495 -191.000000000000000 -0.126287657767534
plotVals: 2008.969199178644658 -181.000000000000000 -0.124303936958313
plotVals: 2008.996577686516048 -171.000000000000000 -0.122099917382002
plotVals: 2009.021902806297021 -161.000000000000000 -0.120175596326590
plotVals: 2009.049281314168411 -151.000000000000000 -0.118030987679958
plotVals: 2009.076659822039801 -141.000000000000000 -0.115666069090366
plotVals: 2009.104038329910964 -131.000000000000000 -0.113480862230062
plotVals: 2009.131416837782353 -121.000000000000000 -0.111175354570150
plotVals: 2009.158795345653743 -111.000000000000000 -0.108649548143148
plotVals: 2009.186173853524906 -101.000000000000000 -0.106403443962336
plotVals: 2009.213552361396296 -91.000000000000000 -0.103937048465014
plotVals: 2009.240930869267686 -81.000000000000000 -0.101250343024731
plotVals: 2009.268309377138849 -71.000000000000000 -0.098843358457088
plotVals: 2009.295687885010238 -61.000000000000000 -0.096316065639257
plotVals: 2009.323066392881628 -51.000000000000000 -0.093468476086855
plotVals: 2009.350444900753018 -41.000000000000000 -0.091000586748123
plotVals: 2009.377823408624181 -31.000000000000000 -0.088312398642302
plotVals: 2009.405201916495571 -21.000000000000000 -0.085403926670551
plotVals: 2009.432580424366961 -11.000000000000000 -0.082875147461891
plotVals: 2009.459958932238123 -1.000000000000000 -0.080126065760851
plotVals: 2009.487337440109513 9.000000000000000 -0.077156689018011
plotVals: 2009.514715947980903 19.000000000000000 -0.074567016214132
plotVals: 2009.542094455852066 29.000000000000000 -0.071857057511806
plotVals: 2009.569472963723456 39.000000000000000 -0.069026786834002
plotVals: 2009.596851471594846 49.000000000000000 -0.066476225852966
plotVals: 2009.624229979466008 59.000000000000000 -0.063905362039804
plotVals: 2009.651608487337398 69.000000000000000 -0.061214201152325
plotVals: 2009.678986995208788 79.000000000000000 -0.058702744543552
plotVals: 2009.706365503080178 89.000000000000000 -0.056370988488197
plotVals: 2009.733744010951341 99.000000000000000 -0.053918946534395
plotVals: 2009.761122518822731 109.000000000000000 -0.051646593958139
plotVals: 2009.788501026694121 119.000000000000000 -0.049453951418400
plotVals: 2009.815879534565283 129.000000000000000 -0.047141011804342
plotVals: 2009.843258042436673 139.000000000000000 -0.045007765293121
plotVals: 2009.870636550308063 149.000000000000000 -0.043054230511189
plotVals: 2009.898015058179226 159.000000000000000 -0.040880396962166
plotVals: 2009.925393566050616 169.000000000000000 -0.038686256855726
plotVals: 2009.952772073922006 179.000000000000000 -0.036671832203865
plotVals: 2009.980150581793396 189.000000000000000 -0.034437108784914
plotVals: 2010.008213552361440 199.000000000000000 -0.032182086259127
plotVals: 2010.035592060232830 209.000000000000000 -0.030006758868694
plotVals: 2010.062970568103992 219.000000000000000 -0.027511142194271
plotVals: 2010.090349075975382 229.000000000000000 -0.025095220655203
plotVals: 2010.117727583846772 239.000000000000000 -0.022659007459879
plotVals: 2010.145106091717935 249.000000000000000 -0.019902501255274
plotVals: 2010.172484599589325 259.000000000000000 -0.017125688493252
plotVals: 2010.199863107460715 269.000000000000000 -0.014328584074974
plotVals: 2010.227241615331877 279.000000000000000 -0.011211179196835
plotVals: 2010.254620123203267 289.000000000000000 -0.008073475211859
plotVals: 2010.281998631074657 299.000000000000000 -0.004915479570627
plotVals: 2010.309377138945820 309.000000000000000 -0.001437183469534
plotVals: 2010.336755646817210 319.000000000000000 0.002061415463686
plotVals: 2010.364134154688600 329.000000000000000 0.005580302327871
plotVals: 2010.391512662559990 339.000000000000000 0.009419493377209
plotVals: 2010.418891170431152 349.000000000000000 0.013178974390030
plotVals: 2010.446269678302542 359.000000000000000 0.016958765685558
plotVals: 2010.473648186173932 369.000000000000000 0.021058846265078
plotVals: 2010.501026694045095 379.000000000000000 0.025079224258661
plotVals: 2010.528405201916485 389.000000000000000 0.029119897633791
plotVals: 2010.555783709787875 399.000000000000000 0.033380866050720
plotVals: 2010.583162217659037 409.000000000000000 0.037662137299776
plotVals: 2010.610540725530427 419.000000000000000 0.041863709688187
plotVals: 2010.637919233401817 429.000000000000000 0.046285573393106
plotVals: 2010.665297741273207 439.000000000000000 0.051027733832598
plotVals: 2010.692676249144370 449.000000000000000 0.055390190333128
plotVals: 2010.720054757015760 459.000000000000000 0.059972949326038
plotVals: 2010.747433264887150 469.000000000000000 0.064776010811329
plotVals: 2010.774811772758312 479.000000000000000 0.069199360907078
plotVals: 2010.802190280629702 489.000000000000000 0.073843009769917
plotVals: 2010.829568788501092 499.000000000000000 0.078806951642036
plotVals: 2010.856947296372255 509.000000000000000 0.083291199058294
plotVals: 2010.884325804243645 519.000000000000000 0.087995741516352
plotVals: 2010.911704312115035 529.000000000000000 0.092920582741499
plotVals: 2010.939082819986197 539.000000000000000 0.097565714269876
plotVals: 2010.966461327857587 549.000000000000000 0.102331146597862
plotVals: 2010.993839835728977 559.000000000000000 0.107216883450747
plotVals: 2011.021902806297021 569.000000000000000 0.112122911959887
plotVals: 2011.049281314168411 579.000000000000000 0.117049235850573
plotVals: 2011.076659822039801 589.000000000000000 0.122195865958929
plotVals: 2011.104038329910964 599.000000000000000 0.126762785017490
plotVals: 2011.131416837782353 609.000000000000000 0.131550002843142
plotVals: 2011.158795345653743 619.000000000000000 0.136357516050339
plotVals: 2011.186173853524906 629.000000000000000 0.140785332769156
plotVals: 2011.213552361396296 639.000000000000000 0.145333442837000
plotVals: 2011.240930869267686 649.000000000000000 0.150101851671934
plotVals: 2011.268309377138849 659.000000000000000 0.154390558600426
plotVals: 2011.295687885010238 669.000000000000000 0.158999558538198
plotVals: 2011.323066392881628 679.000000000000000 0.163828860968351
plotVals: 2011.350444900753018 689.000000000000000 0.168178461492062
plotVals: 2011.377823408624181 699.000000000000000 0.172848355025053
plotVals: 2011.405201916495571 709.000000000000000 0.177838545292616
plotVals: 2011.432580424366961 719.000000000000000 0.182449042797089
plotVals: 2011.459958932238123 729.000000000000000 0.187279824167490
plotVals: 2011.487337440109513 739.000000000000000 0.192330911755562
plotVals: 2011.514715947980903 749.000000000000000 0.196902289986610
plotVals: 2011.542094455852066 759.000000000000000 0.201693974435329
plotVals: 2011.569472963723456 769.000000000000000 0.206505950540304
plotVals: 2011.596851471594846 779.000000000000000 0.210938218981028
plotVals: 2011.624229979466008 789.000000000000000 0.215490795671940
plotVals: 2011.651608487337398 799.000000000000000 0.219963666051626
plotVals: 2011.678986995208788 809.000000000000000 0.224356833845377
plotVals: 2011.706365503080178 819.000000000000000 0.228570297360420
plotVals: 2011.733744010951341 829.000000000000000 0.232804056257010
plotVals: 2011.761122518822731 839.000000000000000 0.236758112907410
plotVals: 2011.788501026694121 849.000000000000000 0.240532476454973
plotVals: 2011.815879534565283 859.000000000000000 0.244327127933502
plotVals: 2011.843258042436673 869.000000000000000 0.247942082583904
plotVals: 2011.870636550308063 879.000000000000000 0.251177322119474
plotVals: 2011.898015058179226 889.000000000000000 0.254432875663042
plotVals: 2011.925393566050616 899.000000000000000 0.257408715784550
plotVals: 2011.952772073922006 909.000000000000000 0.260204855352640
plotVals: 2011.980150581793396 919.000000000000000 0.263121295720339
plotVals: 2012.008213552361440 929.000000000000000 0.265958029776812
plotVals: 2012.035592060232830 939.000000000000000 0.268915068358183
plotVals: 2012.062970568103992 949.000000000000000 0.271992396563292
plotVals: 2012.090349075975382 959.000000000000000 0.274990025907755
plotVals: 2012.117727583846772 969.000000000000000 0.278007954359055
plotVals: 2012.145106091717935 979.000000000000000 0.281246174126863
plotVals: 2012.172484599589325 989.000000000000000 0.284404691308737
plotVals: 2012.199863107460715 999.000000000000000 0.287483509629965
plotVals: 2012.227241615331877 1009.000000000000000 0.290682628750801
plotVals: 2012.254620123203267 1019.000000000000000 0.293702043592930
plotVals: 2012.281998631074657 1029.000000000000000 0.296441745012999
plotVals: 2012.309377138945820 1039.000000000000000 0.299301762133837
plotVals: 2012.336755646817210 1049.000000000000000 0.301882065832615
plotVals: 2012.364134154688600 1059.000000000000000 0.304382663220167
plotVals: 2012.391512662559990 1069.000000000000000 0.307003568857908
plotVals: 2012.418891170431152 1079.000000000000000 0.309444759041071
plotVals: 2012.446269678302542 1089.000000000000000 0.311806254088879
plotVals: 2012.473648186173932 1099.000000000000000 0.314188048243523
plotVals: 2012.501026694045095 1109.000000000000000 0.316290136426687
plotVals: 2012.528405201916485 1119.000000000000000 0.318112526088953
plotVals: 2012.555783709787875 1129.000000000000000 0.319955207407475
plotVals: 2012.583162217659037 1139.000000000000000 0.321618191897869
plotVals: 2012.610540725530427 1149.000000000000000 0.322901468724012
plotVals: 2012.637919233401817 1159.000000000000000 0.324105042964220
plotVals: 2012.665297741273207 1169.000000000000000 0.325228922069073
plotVals: 2012.692676249144370 1179.000000000000000 0.325973086059093
plotVals: 2012.720054757015760 1189.000000000000000 0.326737560331821
plotVals: 2012.747433264887150 1199.000000000000000 0.327422332018614
plotVals: 2012.774811772758312 1209.000000000000000 0.327927388250828
plotVals: 2012.802190280629702 1219.000000000000000 0.328352749347687
plotVals: 2012.829568788501092 1229.000000000000000 0.328798409551382
plotVals: 2012.856947296372255 1239.000000000000000 0.329264357686043
plotVals: 2012.884325804243645 1249.000000000000000 0.329650614410639
plotVals: 2012.911704312115035 1259.000000000000000 0.330057166516781
plotVals: 2012.939082819986197 1269.000000000000000 0.330584011971951
plotVals: 2012.966461327857587 1279.000000000000000 0.331031158566475
plotVals: 2012.993839835728977 1289.000000000000000 0.331598605960608
plotVals: 2013.019164955509950 1299.000000000000000 0.332286346703768
plotVals: 2013.046543463381340 1309.000000000000000 0.333094380795956
plotVals: 2013.073921971252503 1319.000000000000000 0.333922717720270
plotVals: 2013.101300479123893 1329.000000000000000 0.334871351718903
plotVals: 2013.128678986995283 1339.000000000000000 0.335940279066563
plotVals: 2013.156057494866445 1349.000000000000000 0.337029509246349
plotVals: 2013.183436002737835 1359.000000000000000 0.338239029049873
plotVals: 2013.210814510609225 1369.000000000000000 0.339468851685524
plotVals: 2013.238193018480388 1379.000000000000000 0.340718965977430
plotVals: 2013.265571526351778 1389.000000000000000 0.341789387166500
plotVals: 2013.292950034223168 1399.000000000000000 0.342880107462406
plotVals: 2013.320328542094558 1409.000000000000000 0.343791112303734
plotVals: 2013.347707049965720 1419.000000000000000 0.344722419977188
plotVals: 2013.375085557837110 1429.000000000000000 0.345674030482769
plotVals: 2013.402464065708500 1439.000000000000000 0.346645932644606
plotVals: 2013.429842573579663 1449.000000000000000 0.347538132220507
plotVals: 2013.457221081451053 1459.000000000000000 0.348550636321306
plotVals: 2013.484599589322443 1469.000000000000000 0.349483430385590
plotVals: 2013.511978097193605 1479.000000000000000 0.350436527282000
plotVals: 2013.539356605064995 1489.000000000000000 0.351309914141893
plotVals: 2013.566735112936385 1499.000000000000000 0.352103602141142
plotVals: 2013.594113620807775 1509.000000000000000 0.353017590939999
plotVals: 2013.621492128678938 1519.000000000000000 0.353851869702339
plotVals: 2013.648870636550328 1529.000000000000000 0.354906454682350
plotVals: 2013.676249144421718 1539.000000000000000 0.355981331318617
plotVals: 2013.703627652292880 1549.000000000000000 0.357376508414745
plotVals: 2013.731006160164270 1559.000000000000000 0.358791980892420
plotVals: 2013.758384668035660 1569.000000000000000 0.360427752137184
plotVals: 2013.785763175906823 1579.000000000000000 0.361983817070723
plotVals: 2013.813141683778213 1589.000000000000000 0.363660186529160
plotVals: 2013.840520191649603 1599.000000000000000 0.365356847643852
plotVals: 2013.867898699520765 1609.000000000000000 0.366973802447319
plotVals: 2013.895277207392155 1619.000000000000000 0.368611063808203
plotVals: 2013.922655715263545 1629.000000000000000 0.370168618857861
plotVals: 2013.950034223134935 1639.000000000000000 0.371646475046873
plotVals: 2013.977412731006098 1649.000000000000000 0.373144622892141
plotVals: 2014.005475701574369 1659.000000000000000 0.374663069844246
plotVals: 2014.032854209445532 1669.000000000000000 0.376201815903187
plotVals: 2014.060232717316921 1679.000000000000000 0.377760853618383
plotVals: 2014.087611225188311 1689.000000000000000 0.379240192472935
plotVals: 2014.114989733059474 1699.000000000000000 0.380739830434322
plotVals: 2014.142368240930864 1709.000000000000000 0.382059764117002
plotVals: 2014.169746748802254 1719.000000000000000 0.383400000631809
plotVals: 2014.197125256673417 1729.000000000000000 0.384660523384809
plotVals: 2014.224503764544806 1739.000000000000000 0.385841351002455
plotVals: 2014.251882272416196 1749.000000000000000 0.387042474001646
plotVals: 2014.279260780287586 1759.000000000000000 0.388263892382383
plotVals: 2014.306639288158749 1769.000000000000000 0.389405615627766
plotVals: 2014.334017796030139 1779.000000000000000 0.390567626804113
plotVals: 2014.361396303901529 1789.000000000000000 0.391749944537878
plotVals: 2014.388774811772691 1799.000000000000000 0.392852555960417
plotVals: 2014.416153319644081 1809.000000000000000 0.393975459039211
plotVals: 2014.443531827515471 1819.000000000000000 0.395218670368195
plotVals: 2014.470910335386634 1829.000000000000000 0.396482169628143
plotVals: 2014.498288843258024 1839.000000000000000 0.397865973412991
plotVals: 2014.525667351129414 1849.000000000000000 0.399470068514347
plotVals: 2014.553045859000576 1859.000000000000000 0.401194464415312
plotVals: 2014.580424366871966 1869.000000000000000 0.403139159083366
plotVals: 2014.607802874743356 1879.000000000000000 0.405204147100449
plotVals: 2014.635181382614746 1889.000000000000000 0.407389432191849
plotVals: 2014.662559890485909 1899.000000000000000 0.409595023840666
plotVals: 2014.689938398357299 1909.000000000000000 0.411920901387930
plotVals: 2014.717316906228689 1919.000000000000000 0.414267085492611
plotVals: 2014.744695414099851 1929.000000000000000 0.416633557528257
plotVals: 2014.772073921971241 1939.000000000000000 0.419120330363512
plotVals: 2014.799452429842631 1949.000000000000000 0.421627406030893
plotVals: 2014.826830937713794 1959.000000000000000 0.424254775047302
plotVals: 2014.854209445585184 1969.000000000000000 0.426902446895838
plotVals: 2014.881587953456574 1979.000000000000000 0.429570410400629
plotVals: 2014.908966461327964 1989.000000000000000 0.432358667254448
plotVals: 2014.936344969199126 1999.000000000000000 0.435067228972912
plotVals: 2014.963723477070516 2009.000000000000000 0.437696088105440
plotVals: 2014.991101984941906 2019.000000000000000 0.440245240926743
plotVals: 2015.019164955509950 2029.000000000000000 0.442714691162109
plotVals: 2015.046543463381340 2039.000000000000000 0.445104438811541
plotVals: 2015.073921971252503 2049.000000000000000 0.447414483875036
plotVals: 2015.101300479123893 2059.000000000000000 0.449544832110405
plotVals: 2015.128678986995283 2069.000000000000000 0.451695468276739
plotVals: 2015.156057494866445 2079.000000000000000 0.453766409307718
plotVals: 2015.183436002737835 2089.000000000000000 0.455957647413015
plotVals: 2015.210814510609225 2099.000000000000000 0.458169177174568
plotVals: 2015.238193018480388 2109.000000000000000 0.460401009768248
plotVals: 2015.265571526351778 2119.000000000000000 0.462753135710955
plotVals: 2015.292950034223168 2129.000000000000000 0.465225562453270
plotVals: 2015.320328542094558 2139.000000000000000 0.467818286269903
plotVals: 2015.347707049965720 2149.000000000000000 0.470531303435564
plotVals: 2015.375085557837110 2159.000000000000000 0.473364621400833
plotVals: 2015.402464065708500 2169.000000000000000 0.476418238133192
plotVals: 2015.429842573579663 2179.000000000000000 0.479492150247097
plotVals: 2015.457221081451053 2189.000000000000000 0.482686355710030
plotVals: 2015.484599589322443 2199.000000000000000 0.486000873148441
plotVals: 2015.511978097193605 2209.000000000000000 0.489235673099756
plotVals: 2015.539356605064995 2219.000000000000000 0.492390777915716
plotVals: 2015.566735112936385 2229.000000000000000 0.495566174387932
plotVals: 2015.594113620807775 2239.000000000000000 0.498661875724792
plotVals: 2015.621492128678938 2249.000000000000000 0.501677870750427
plotVals: 2015.648870636550328 2259.000000000000000 0.504714157432318
plotVals: 2015.676249144421718 2269.000000000000000 0.507670745253563
plotVals: 2015.703627652292880 2279.000000000000000 0.510647632181644
plotVals: 2015.731006160164270 2289.000000000000000 0.513544820249081
plotVals: 2015.758384668035660 2299.000000000000000 0.516562297940254
plotVals: 2015.785763175906823 2309.000000000000000 0.519500076770782
plotVals: 2015.813141683778213 2319.000000000000000 0.522558152675629
plotVals: 2015.840520191649603 2329.000000000000000 0.525536525994539
plotVals: 2015.867898699520765 2339.000000000000000 0.528535198420286
plotVals: 2015.895277207392155 2349.000000000000000 0.531554169952869
plotVals: 2015.922655715263545 2359.000000000000000 0.534493435174227
plotVals: 2015.950034223134935 2369.000000000000000 0.537352997809649
plotVals: 2015.977412731006098 2379.000000000000000 0.540232855826616
plotVals: 2016.005475701574369 2389.000000000000000 0.543033018708229
plotVals: 2016.032854209445532 2399.000000000000000 0.545853473246098
plotVals: 2016.060232717316921 2409.000000000000000 0.548694226890802
plotVals: 2016.087611225188311 2419.000000000000000 0.551455274224281
plotVals: 2016.114989733059474 2429.000000000000000 0.554136626422405
plotVals: 2016.142368240930864 2439.000000000000000 0.556838274002075
plotVals: 2016.169746748802254 2449.000000000000000 0.559360213577747
plotVals: 2016.197125256673417 2459.000000000000000 0.561902455985546
plotVals: 2016.224503764544806 2469.000000000000000 0.564364992082119
plotVals: 2016.251882272416196 2479.000000000000000 0.566847823560238
plotVals: 2016.279260780287586 2489.000000000000000 0.569150958210230
plotVals: 2016.306639288158749 2499.000000000000000 0.571574389934540
plotVals: 2016.334017796030139 2509.000000000000000 0.574018113315105
plotVals: 2016.361396303901529 2519.000000000000000 0.576482139527798
plotVals: 2016.388774811772691 2529.000000000000000 0.579066459089518
plotVals: 2016.416153319644081 2539.000000000000000 0.581771083176136
plotVals: 2016.443531827515471 2549.000000000000000 0.584495998919010
plotVals: 2016.470910335386634 2559.000000000000000 0.587341211736202
plotVals: 2016.498288843258024 2569.000000000000000 0.590306721627712
plotVals: 2016.525667351129414 2579.000000000000000 0.593192532658577
plotVals: 2016.553045859000576 2589.000000000000000 0.596198644489050
plotVals: 2016.580424366871966 2599.000000000000000 0.599125046283007
plotVals: 2016.607802874743356 2609.000000000000000 0.602071747183800
plotVals: 2016.635181382614746 2619.000000000000000 0.604938745498657
plotVals: 2016.662559890485909 2629.000000000000000 0.607826039195061
plotVals: 2016.689938398357299 2639.000000000000000 0.610533636063337
plotVals: 2016.717316906228689 2649.000000000000000 0.613361526280642
plotVals: 2016.744695414099851 2659.000000000000000 0.616009712219238
plotVals: 2016.772073921971241 2669.000000000000000 0.618578203022480
plotVals: 2016.799452429842631 2679.000000000000000 0.621066980063915
plotVals: 2016.826830937713794 2689.000000000000000 0.623576059937477
plotVals: 2016.854209445585184 2699.000000000000000 0.626005444675684
plotVals: 2016.881587953456574 2709.000000000000000 0.628355111926794
plotVals: 2016.908966461327964 2719.000000000000000 0.630725089460611
plotVals: 2016.936344969199126 2729.000000000000000 0.633315362036228
plotVals: 2016.963723477070516 2739.000000000000000 0.635925926268101
plotVals: 2016.991101984941906 2749.000000000000000 0.638656798750162
plotVals: 2023.153319644079374 5000.000000000000000 1.994994103908539
Params 32184027.301710043102503 0.000183874517394 -0.000000101487069
Chisq of match between data and overlay = 37.5932
Chisq/(npts) = 1.01603
plotting 465 points
